CustomerID,ProductID,Action
KH01861,373,Click
KH00006,457,Purchase
KH00815,466,AddCart
KH00933,393,AddCart
KH00491,137,AddCart
KH00991,246,Click
KH00832,427,AddCart
KH01341,448,Click
KH00012,393,Click
KH01056,322,AddCart
KH00641,330,Click
KH00380,401,Click
KH01128,343,View
KH00630,138,Click
KH00548,202,Purchase
KH00772,369,AddCart
KH01627,385,View
KH01097,389,AddCart
KH01160,207,Purchase
KH01242,450,AddCart
KH01420,101,Purchase
KH01913,409,AddCart
KH00309,431,Click
KH01429,129,Purchase
KH01319,171,Purchase
KH01675,120,Purchase
KH00489,469,View
KH00737,144,View
KH00861,357,AddCart
KH01384,402,AddCart
KH00341,365,Purchase
KH00754,330,Purchase
KH00422,274,Click
KH00129,237,AddCart
KH00521,453,View
KH01932,278,View
KH01427,432,AddCart
KH01591,413,Purchase
KH01272,237,View
KH00840,123,Click
KH00763,94,AddCart
KH01800,166,View
KH01736,407,View
KH00731,307,AddCart
KH00471,464,View
KH00559,381,AddCart
KH01838,394,View
KH00355,32,Click
KH01584,144,View
KH01137,70,Purchase
KH01003,34,AddCart
KH01677,354,View
KH01258,436,View
KH00320,127,Click
KH00622,156,View
KH01394,148,View
KH00562,397,AddCart
KH01583,492,AddCart
KH00891,46,Click
KH00733,356,Click
KH00809,220,View
KH01836,241,Purchase
KH01825,155,Purchase
KH01899,238,Click
KH01818,350,View
KH00837,345,Click
KH01299,21,Purchase
KH00535,107,View
KH00956,40,View
KH00216,354,AddCart
KH01764,47,Purchase
KH01855,422,View
KH00369,377,Purchase
KH01449,127,Purchase
KH00647,50,Purchase
KH01805,105,Purchase
KH01917,97,Purchase
KH01833,232,Click
KH01025,131,Purchase
KH00880,233,Click
KH00764,86,View
KH01333,375,View
KH00478,14,Click
KH00445,35,Click
KH01541,296,View
KH00801,120,Click
KH01407,341,Purchase
KH01399,232,Click
KH01997,428,View
KH01219,478,AddCart
KH00169,34,View
KH01601,164,Click
KH00039,89,AddCart
KH00305,367,Purchase
KH01008,140,View
KH01226,474,Purchase
KH01319,349,Click
KH01684,41,AddCart
KH01466,453,Click
KH00422,497,View
KH00164,326,Purchase
KH01303,267,Click
KH01077,387,Click
KH01267,308,View
KH01251,244,Click
KH00501,128,Click
KH01359,113,AddCart
KH00484,77,AddCart
KH00807,61,Purchase
KH01379,490,View
KH01489,295,Purchase
KH00728,413,Purchase
KH01140,35,Click
KH01900,116,AddCart
KH00050,254,Click
KH01705,170,AddCart
KH01946,27,Click
KH01984,43,View
KH01577,400,View
KH00831,13,AddCart
KH01785,319,AddCart
KH01054,370,Purchase
KH01777,123,Click
KH01097,209,View
KH01974,61,AddCart
KH00188,350,View
KH01616,405,Purchase
KH00801,185,AddCart
KH01919,372,AddCart
KH01110,352,Click
KH00222,406,Purchase
KH00261,221,Purchase
KH00602,78,Purchase
KH00291,57,View
KH01609,195,Purchase
KH01191,95,View
KH00763,226,Purchase
KH00202,327,Click
KH00166,371,Click
KH01165,129,AddCart
KH01964,64,Purchase
KH01586,22,Purchase
KH00401,432,Click
KH01028,374,View
KH00626,103,Click
KH01757,253,View
KH01785,368,View
KH01303,162,View
KH01076,108,AddCart
KH00196,123,View
KH01547,411,Click
KH01365,251,Click
KH00050,242,AddCart
KH01387,18,AddCart
KH01932,127,Purchase
KH00569,393,View
KH00434,185,View
KH00220,84,View
KH00542,104,Purchase
KH00303,88,Purchase
KH01699,251,View
KH00587,365,AddCart
KH01593,153,AddCart
KH00327,299,AddCart
KH00134,449,Click
KH00991,133,Purchase
KH01939,20,View
KH01198,456,AddCart
KH01320,331,AddCart
KH01478,108,AddCart
KH01961,414,Click
KH01480,382,Purchase
KH01415,243,Click
KH00867,434,Purchase
KH00882,161,Purchase
KH01761,157,Purchase
KH01804,107,Purchase
KH00598,287,View
KH01726,299,Click
KH00675,239,Click
KH01302,335,View
KH01525,10,Click
KH00790,342,Click
KH01755,441,View
KH00505,172,Purchase
KH00738,445,AddCart
KH00899,165,View
KH01924,209,View
KH00297,346,AddCart
KH00194,99,Click
KH00602,371,Click
KH01242,140,AddCart
KH00526,368,View
KH01315,250,View
KH00582,393,View
KH00204,452,Purchase
KH01880,392,View
KH01847,317,View
KH01102,83,AddCart
KH00614,161,Purchase
KH00093,469,View
KH00909,135,AddCart
KH00694,164,Click
KH01008,252,Click
KH00726,348,AddCart
KH00119,305,Click
KH01707,427,AddCart
KH00582,117,Click
KH00024,487,Click
KH01173,254,AddCart
KH00323,300,AddCart
KH01971,185,Click
KH00089,145,Purchase
KH00761,290,View
KH01768,482,View
KH01573,155,View
KH01315,382,AddCart
KH00459,206,AddCart
KH00275,379,View
KH01066,393,Click
KH01369,3,AddCart
KH01484,26,Click
KH00961,288,AddCart
KH00394,378,Purchase
KH00912,486,Click
KH00687,278,AddCart
KH01979,456,Click
KH00086,477,Click
KH00848,186,Click
KH00461,339,Purchase
KH01085,412,Purchase
KH00179,444,AddCart
KH01566,96,Purchase
KH00617,242,AddCart
KH01739,53,Click
KH00523,128,View
KH01229,294,Purchase
KH00272,353,View
KH01054,458,Purchase
KH01105,344,Purchase
KH00027,312,Purchase
KH01949,257,AddCart
KH00547,343,Purchase
KH01086,263,AddCart
KH00793,55,View
KH00158,268,Purchase
KH00690,185,Purchase
KH01092,392,AddCart
KH01208,178,View
KH00376,351,View
KH00494,75,View
KH00847,114,AddCart
KH00045,471,View
KH00045,338,Purchase
KH00693,475,View
KH01313,428,Click
KH01113,168,View
KH01010,285,View
KH00321,224,Click
KH00675,232,Purchase
KH01462,114,Click
KH00207,101,Click
KH00389,489,AddCart
KH01677,43,Purchase
KH00735,276,Click
KH01065,267,Click
KH00398,412,Purchase
KH00106,291,Purchase
KH01039,337,AddCart
KH00788,326,Purchase
KH00559,155,AddCart
KH01614,226,Click
KH01851,170,AddCart
KH01691,384,AddCart
KH00191,459,AddCart
KH01742,154,Purchase
KH01072,419,View
KH01888,151,AddCart
KH00213,24,AddCart
KH01717,397,Click
KH00025,271,View
KH00380,388,View
KH00239,385,AddCart
KH01485,363,View
KH00244,467,View
KH01244,421,Purchase
KH01181,450,Purchase
KH00522,180,Purchase
KH01056,301,Purchase
KH00731,147,AddCart
KH01848,278,AddCart
KH01806,168,View
KH01984,101,Purchase
KH00379,236,Purchase
KH01967,343,AddCart
KH00566,291,View
KH00173,190,Click
KH00418,215,Purchase
KH00252,415,Purchase
KH01091,265,Purchase
KH01601,233,AddCart
KH01834,234,Purchase
KH01059,147,Purchase
KH01527,157,Click
KH00526,105,AddCart
KH01010,476,AddCart
KH00718,36,AddCart
KH00989,38,AddCart
KH00964,15,Click
KH01756,455,Purchase
KH00948,426,View
KH01574,403,AddCart
KH01127,407,View
KH00506,214,Purchase
KH00381,494,Purchase
KH00331,235,AddCart
KH00565,119,Purchase
KH00209,298,Purchase
KH00531,494,View
KH00525,387,Purchase
KH00939,256,Click
KH00313,116,AddCart
KH01069,112,Purchase
KH01246,395,Purchase
KH00277,226,Click
KH00101,419,AddCart
KH01412,281,Purchase
KH00161,288,AddCart
KH01232,29,AddCart
KH01779,194,AddCart
KH00943,259,Purchase
KH01352,473,Click
KH00544,210,Purchase
KH01845,23,View
KH00515,406,Purchase
KH01287,125,Click
KH01258,468,Click
KH00055,351,Click
KH00455,454,Click
KH01632,328,Purchase
KH01039,382,Click
KH01707,195,Purchase
KH01938,341,Purchase
KH01397,316,Click
KH01081,115,AddCart
KH01855,402,AddCart
KH01960,396,AddCart
KH00969,388,Click
KH00957,120,View
KH01847,266,Click
KH00569,338,Purchase
KH00940,98,Purchase
KH00387,475,Purchase
KH01390,302,AddCart
KH01023,135,Click
KH01003,73,AddCart
KH00615,20,Purchase
KH00994,158,Purchase
KH00897,479,View
KH01690,197,Purchase
KH01828,172,AddCart
KH01372,230,AddCart
KH01922,40,View
KH01215,422,View
KH00267,98,Purchase
KH01647,471,AddCart
KH01773,103,AddCart
KH00083,142,Purchase
KH01322,317,Click
KH00615,309,Purchase
KH01947,17,AddCart
KH00886,268,AddCart
KH01095,173,Purchase
KH01147,236,Purchase
KH01649,186,Click
KH01800,48,Click
KH01039,484,AddCart
KH01645,339,AddCart
KH00555,174,AddCart
KH00355,284,Click
KH01179,225,Purchase
KH00949,231,Purchase
KH00276,155,Purchase
KH00267,127,Purchase
KH00942,453,View
KH01623,334,View
KH01551,4,Purchase
KH00498,498,Purchase
KH01204,183,Purchase
KH01492,194,AddCart
KH01943,420,Purchase
KH01032,25,Purchase
KH00462,75,Click
KH01933,311,Click
KH00259,291,View
KH01254,299,Purchase
KH00263,14,View
KH01922,500,Purchase
KH01467,380,Purchase
KH00093,270,Click
KH01242,4,AddCart
KH00805,89,AddCart
KH01781,230,Purchase
KH00394,432,AddCart
KH00876,147,AddCart
KH00311,120,View
KH00116,72,AddCart
KH01234,458,AddCart
KH00755,225,AddCart
KH01147,436,Click
KH00286,383,Click
KH00575,255,Click
KH00532,381,Click
KH00204,88,AddCart
KH00859,350,Purchase
KH00783,282,AddCart
KH01728,439,View
KH01916,275,Click
KH00512,489,Purchase
KH01913,263,View
KH01564,260,Click
KH01369,433,View
KH01024,198,View
KH00281,439,Purchase
KH01550,142,Purchase
KH00696,375,Purchase
KH01390,210,AddCart
KH01455,451,Click
KH00212,78,AddCart
KH01537,431,View
KH00175,181,View
KH01632,15,AddCart
KH01406,339,Purchase
KH01190,121,AddCart
KH01074,315,View
KH01288,40,AddCart
KH00273,285,AddCart
KH01831,261,Purchase
KH00887,112,Click
KH00573,228,Purchase
KH01965,201,AddCart
KH00857,162,Click
KH01921,322,Click
KH01819,438,Purchase
KH00068,79,AddCart
KH01463,157,AddCart
KH01930,403,Click
KH00664,439,Purchase
KH00806,472,AddCart
KH01221,410,AddCart
KH00535,283,Click
KH01932,305,Purchase
KH00008,385,Purchase
KH00738,409,Purchase
KH01645,383,View
KH00590,472,View
KH00869,395,View
KH01716,423,View
KH00231,111,Purchase
KH00880,253,Click
KH00312,458,View
KH01147,199,Click
KH00800,468,View
KH01299,41,View
KH01754,384,View
KH01845,478,View
KH00604,382,View
KH00138,36,View
KH01551,434,AddCart
KH00136,77,View
KH00752,255,AddCart
KH01044,441,View
KH00138,181,Purchase
KH00617,296,Click
KH01280,364,Purchase
KH01482,170,AddCart
KH01466,125,Click
KH01869,46,AddCart
KH00792,423,AddCart
KH01099,197,Click
KH01284,291,View
KH00766,136,Purchase
KH00089,122,AddCart
KH01864,42,AddCart
KH00212,129,AddCart
KH01831,13,AddCart
KH01022,171,Click
KH01817,181,View
KH01666,358,View
KH00676,181,Click
KH00900,86,View
KH01770,274,AddCart
KH01839,84,View
KH01116,356,Click
KH00974,12,Click
KH01243,316,View
KH00014,325,AddCart
KH00792,456,AddCart
KH01973,190,Click
KH01926,493,Click
KH00584,135,Click
KH01528,48,View
KH01131,229,AddCart
KH01376,468,Click
KH01196,435,Click
KH00472,134,View
KH00566,3,View
KH00005,434,AddCart
KH01617,229,View
KH00731,258,View
KH00940,339,Purchase
KH01059,397,Click
KH01167,205,Click
KH00337,457,Click
KH01179,200,AddCart
KH00833,399,View
KH01819,63,Click
KH00807,68,AddCart
KH00317,88,AddCart
KH01159,305,View
KH00212,455,Click
KH01089,330,Purchase
KH00692,58,View
KH01204,137,Click
KH00790,198,AddCart
KH00464,251,Click
KH01670,463,Click
KH01279,45,Purchase
KH01697,492,Purchase
KH01995,130,Purchase
KH01305,254,AddCart
KH00361,385,Click
KH00683,491,AddCart
KH01288,16,Purchase
KH01340,197,View
KH01666,263,AddCart
KH01564,112,View
KH00569,217,AddCart
KH00149,176,Purchase
KH00948,236,Click
KH00019,302,Purchase
KH01526,282,Purchase
KH00467,460,AddCart
KH01792,214,Click
KH01962,187,View
KH00458,313,Purchase
KH01261,180,Purchase
KH00763,465,View
KH00110,500,AddCart
KH01437,15,AddCart
KH00791,414,Purchase
KH01808,346,Click
KH00559,376,View
KH01270,189,AddCart
KH01865,6,View
KH01598,222,View
KH00299,476,Click
KH00593,263,View
KH01549,386,View
KH00360,172,View
KH00380,208,AddCart
KH01617,352,View
KH00364,500,Purchase
KH00120,144,Purchase
KH01573,54,View
KH01925,384,AddCart
KH00192,227,Purchase
KH01334,266,AddCart
KH01074,386,View
KH00111,279,AddCart
KH00884,254,AddCart
KH00804,213,Purchase
KH01480,484,Purchase
KH00117,431,Click
KH01214,215,AddCart
KH00377,90,Click
KH00745,401,View
KH00891,404,Purchase
KH00609,234,Purchase
KH01458,181,Purchase
KH00984,247,View
KH01193,418,Click
KH01869,413,Click
KH01073,489,Purchase
KH01162,457,Click
KH01730,446,Purchase
KH00327,473,Purchase
KH00374,66,Purchase
KH00628,197,Purchase
KH01084,188,Click
KH00967,54,Click
KH01195,221,AddCart
KH00993,42,Purchase
KH00586,428,Purchase
KH00503,325,AddCart
KH00915,299,AddCart
KH00068,13,View
KH01600,318,View
KH01091,307,Purchase
KH00540,220,AddCart
KH00616,277,Click
KH01742,83,AddCart
KH00174,241,Click
KH00265,413,AddCart
KH01354,386,Click
KH00168,171,Purchase
KH00866,157,Purchase
KH01290,37,AddCart
KH01400,466,Click
KH01931,67,Click
KH01132,107,AddCart
KH00244,284,View
KH01425,138,Click
KH01643,378,Click
KH00644,398,AddCart
KH01286,345,Purchase
KH00808,427,View
KH00805,185,Purchase
KH00764,487,View
KH00079,262,Click
KH01749,347,Purchase
KH01848,366,AddCart
KH00871,413,AddCart
KH01195,209,Click
KH01535,273,Click
KH01357,318,AddCart
KH00098,356,Purchase
KH01381,105,View
KH00489,178,AddCart
KH00557,150,View
KH01421,250,AddCart
KH00830,44,Click
KH01980,33,AddCart
KH00692,42,AddCart
KH01619,490,View
KH01671,427,Click
KH01256,117,AddCart
KH01941,34,View
KH01635,111,Click
KH00335,249,View
KH01364,493,Click
KH01429,32,View
KH00528,109,Click
KH01679,157,Click
KH01606,404,Click
KH00154,284,View
KH01258,238,AddCart
KH00165,391,View
KH01589,96,AddCart
KH01414,209,AddCart
KH00468,229,View
KH01599,28,Click
KH01145,161,AddCart
KH00716,302,Purchase
KH01607,107,Purchase
KH01052,442,Click
KH00935,274,Purchase
KH00557,413,AddCart
KH01925,417,AddCart
KH00126,23,Click
KH01172,238,Purchase
KH01653,280,Click
KH01968,51,View
KH01284,181,View
KH01850,70,Click
KH00638,458,AddCart
KH01982,496,AddCart
KH01755,468,Purchase
KH00113,76,AddCart
KH00107,104,Click
KH01694,41,Click
KH00998,219,AddCart
KH00322,374,Purchase
KH00764,227,Purchase
KH00641,304,Purchase
KH01857,128,Click
KH00897,200,Click
KH01265,484,Click
KH01822,346,View
KH01753,97,Click
KH01285,310,AddCart
KH01489,477,Click
KH01829,105,View
KH00847,104,Purchase
KH01454,328,Purchase
KH00508,98,Click
KH01626,468,Click
KH00595,279,View
KH00230,108,AddCart
KH01941,25,Purchase
KH00769,463,AddCart
KH01516,55,AddCart
KH00291,251,AddCart
KH01664,293,AddCart
KH00086,15,Click
KH00372,8,Click
KH01192,111,AddCart
KH00622,281,View
KH01078,331,AddCart
KH01007,239,Purchase
KH01303,457,View
KH01237,216,AddCart
KH01770,346,AddCart
KH00191,410,View
KH00721,44,View
KH00773,5,View
KH01057,443,View
KH01113,244,AddCart
KH01860,295,Purchase
KH01262,200,Click
KH01646,141,Click
KH01103,429,View
KH01101,275,Click
KH01519,211,Purchase
KH00808,328,View
KH01382,51,AddCart
KH01122,470,Purchase
KH00394,255,View
KH01192,162,Purchase
KH01037,66,AddCart
KH01083,117,View
KH01209,465,Purchase
KH01854,319,AddCart
KH01159,395,View
KH00242,425,Click
KH01736,301,Purchase
KH01467,313,AddCart
KH01167,471,AddCart
KH01230,113,Click
KH00395,82,View
KH01802,163,AddCart
KH00693,58,AddCart
KH00693,446,Purchase
KH01657,195,Purchase
KH00706,23,AddCart
KH01551,437,Purchase
KH00435,456,AddCart
KH00453,383,AddCart
KH00746,67,Purchase
KH01778,273,View
KH01897,81,Purchase
KH01388,267,AddCart
KH01382,225,Click
KH00968,435,View
KH01470,448,Click
KH01337,397,Click
KH00342,238,Click
KH00847,369,AddCart
KH01056,38,View
KH01314,152,View
KH01727,384,AddCart
KH00687,196,AddCart
KH00836,334,Purchase
KH00814,66,Purchase
KH01449,308,Purchase
KH01714,75,Click
KH01555,152,View
KH01285,3,AddCart
KH00062,108,AddCart
KH00226,273,AddCart
KH01998,52,Click
KH01102,349,AddCart
KH01076,46,View
KH01808,426,View
KH00838,230,View
KH01897,87,View
KH01625,367,View
KH00367,498,View
KH01157,100,AddCart
KH00458,261,Click
KH00549,183,AddCart
KH00364,35,AddCart
KH00921,36,AddCart
KH00757,457,View
KH01604,186,Click
KH00169,126,Purchase
KH01799,26,Purchase
KH00616,381,AddCart
KH00654,400,Purchase
KH01877,113,Click
KH01284,402,Purchase
KH01542,294,AddCart
KH00919,189,Purchase
KH01160,429,Purchase
KH00939,44,AddCart
KH00506,236,Purchase
KH01860,435,Click
KH01518,151,View
KH00642,109,View
KH00306,110,Click
KH01273,131,Click
KH00368,276,AddCart
KH00238,68,View
KH01505,441,Click
KH01785,22,Click
KH01962,141,Click
KH01526,324,Purchase
KH00662,303,Click
KH01884,150,AddCart
KH01638,162,AddCart
KH01647,427,Purchase
KH01634,249,AddCart
KH01719,252,View
KH01867,94,Purchase
KH00607,252,AddCart
KH00813,385,Click
KH00736,397,View
KH00818,264,View
KH01510,327,Purchase
KH00265,268,AddCart
KH01664,55,AddCart
KH01704,174,Click
KH00953,257,AddCart
KH01710,99,Click
KH00819,159,AddCart
KH01675,476,View
KH00719,281,View
KH00743,419,Purchase
KH01717,450,AddCart
KH00622,339,Purchase
KH01659,147,AddCart
KH01728,252,View
KH00015,20,View
KH01989,290,Click
KH00639,368,Purchase
KH00385,475,Click
KH00732,74,Click
KH00912,53,Click
KH00601,437,Purchase
KH00360,218,View
KH00565,238,AddCart
KH00586,330,AddCart
KH01401,51,Purchase
KH00803,222,AddCart
KH00671,272,View
KH00201,373,Purchase
KH00286,486,Purchase
KH00411,488,View
KH00645,464,AddCart
KH01631,76,View
KH01358,115,AddCart
KH00064,169,AddCart
KH00733,109,Click
KH01996,192,AddCart
KH00099,482,AddCart
KH01610,261,View
KH00139,47,Click
KH00507,90,Click
KH01807,304,View
KH01290,128,AddCart
KH01948,348,View
KH00484,467,Click
KH01900,74,Purchase
KH00560,181,Click
KH00594,13,Purchase
KH00236,50,AddCart
KH00614,12,AddCart
KH01328,293,Click
KH00162,183,View
KH01818,214,Purchase
KH01989,159,AddCart
KH00289,424,View
KH00067,375,Purchase
KH00237,412,Purchase
KH01860,89,AddCart
KH01528,282,AddCart
KH00404,14,AddCart
KH00163,157,Purchase
KH01005,208,Purchase
KH00110,37,Purchase
KH00584,485,Click
KH00569,286,Purchase
KH00515,328,AddCart
KH00113,455,View
KH01619,491,Purchase
KH00481,448,View
KH01076,194,View
KH00567,194,AddCart
KH01116,361,Purchase
KH00956,396,View
KH00003,495,Purchase
KH00673,123,AddCart
KH01263,110,Purchase
KH00775,361,Click
KH00703,84,AddCart
KH00099,128,Purchase
KH01559,227,AddCart
KH00450,66,Click
KH00464,8,Purchase
KH00708,189,Click
KH01444,342,Click
KH00376,400,Purchase
KH00651,219,Purchase
KH01444,356,View
KH00641,454,Click
KH01199,29,View
KH00862,96,Click
KH00862,108,AddCart
KH00083,347,View
KH01177,469,Purchase
KH00976,273,Click
KH01924,349,Click
KH00670,303,Purchase
KH01774,474,Click
KH01392,424,AddCart
KH00890,205,View
KH00843,152,View
KH00671,487,AddCart
KH01661,149,Click
KH01865,323,AddCart
KH00448,365,View
KH00165,454,Purchase
KH00560,483,Click
KH01495,361,Purchase
KH01490,218,View
KH00118,96,Purchase
KH01269,414,View
KH01256,153,View
KH00022,65,Click
KH00799,358,AddCart
KH01081,471,View
KH01515,197,Click
KH00482,463,Purchase
KH01971,142,View
KH00352,403,AddCart
KH00312,148,Click
KH00453,314,View
KH01879,189,AddCart
KH01780,263,View
KH00174,54,Purchase
KH01104,65,AddCart
KH01470,64,Click
KH01877,71,View
KH01793,373,Click
KH00463,201,Click
KH01055,278,View
KH01502,109,View
KH01773,387,Purchase
KH00656,14,Click
KH00486,79,AddCart
KH00514,425,Purchase
KH00562,222,Click
KH00589,190,View
KH01872,397,Click
KH01749,220,Purchase
KH01722,15,View
KH01823,169,Purchase
KH00919,46,Purchase
KH01827,171,View
KH01397,186,Click
KH01073,481,AddCart
KH00525,50,Click
KH00605,128,AddCart
KH01612,16,View
KH00374,441,Click
KH01145,105,AddCart
KH00317,294,Click
KH00357,162,View
KH01495,291,Click
KH01345,231,Click
KH01165,413,Purchase
KH00417,390,View
KH01280,46,View
KH00809,424,View
KH00420,321,AddCart
KH01739,88,AddCart
KH00351,381,View
KH00802,255,Purchase
KH00091,5,AddCart
KH01825,148,AddCart
KH01127,197,View
KH00977,141,Click
KH01815,56,Purchase
KH01538,7,Click
KH01869,339,View
KH01494,327,View
KH01776,124,AddCart
KH01996,452,AddCart
KH00315,174,Purchase
KH01164,47,AddCart
KH01193,25,Click
KH01806,25,View
KH01601,146,AddCart
KH00025,121,Purchase
KH01241,198,Click
KH01562,297,Click
KH00686,258,View
KH01000,211,View
KH00347,213,Purchase
KH01079,488,AddCart
KH01108,231,Click
KH01194,359,Click
KH00711,246,Purchase
KH01518,14,Click
KH01536,65,AddCart
KH01931,337,Click
KH00744,162,Purchase
KH00964,367,AddCart
KH01072,200,AddCart
KH01805,23,Click
KH00395,273,Purchase
KH01911,417,View
KH00362,376,View
KH00084,374,Purchase
KH01160,129,Click
KH00984,231,View
KH01597,320,AddCart
KH01933,255,Click
KH01357,319,Click
KH00887,441,View
KH00783,414,AddCart
KH00195,77,View
KH00645,469,Purchase
KH00260,61,Purchase
KH01238,138,View
KH00233,124,View
KH01110,191,Purchase
KH01074,327,View
KH01961,434,Click
KH01410,382,Click
KH01747,56,View
KH00367,397,View
KH00148,125,View
KH01335,211,AddCart
KH00854,214,Purchase
KH01441,98,Purchase
KH01246,382,View
KH00866,54,View
KH00142,444,AddCart
KH00795,134,View
KH00614,395,Click
KH01595,224,AddCart
KH00033,484,View
KH00174,441,AddCart
KH00263,415,View
KH00442,142,Click
KH01837,236,Click
KH00365,133,Click
KH01716,305,Purchase
KH00339,13,Click
KH01111,282,Purchase
KH00919,128,AddCart
KH00098,47,Click
KH01553,20,AddCart
KH00231,82,Click
KH00167,143,AddCart
KH01698,385,View
KH00843,177,Click
KH01977,452,Purchase
KH01882,108,AddCart
KH01555,209,Click
KH01784,236,View
KH00465,342,Click
KH01144,308,View
KH00322,302,Purchase
KH00017,414,Click
KH00013,231,View
KH00207,83,Purchase
KH00366,87,Click
KH01285,66,Purchase
KH00647,362,Purchase
KH00565,196,AddCart
KH01458,352,Click
KH00420,84,View
KH01117,28,AddCart
KH00456,295,Purchase
KH01641,37,Click
KH01341,445,View
KH00454,364,AddCart
KH01382,417,View
KH01861,273,View
KH01548,487,AddCart
KH01907,231,Purchase
KH01641,443,AddCart
KH00078,461,Purchase
KH01437,414,View
KH01078,416,Purchase
KH01178,422,Purchase
KH00113,284,Click
KH01450,208,View
KH01290,443,View
KH01894,347,Purchase
KH00168,120,View
KH01537,368,View
KH00356,311,AddCart
KH00133,132,View
KH01292,208,View
KH00719,312,Purchase
KH01340,110,View
KH00739,466,AddCart
KH01442,97,AddCart
KH00719,339,Purchase
KH01109,227,View
KH00886,384,Click
KH01380,365,AddCart
KH00269,280,View
KH01798,47,AddCart
KH01803,242,AddCart
KH01918,217,AddCart
KH01541,460,View
KH00564,339,Purchase
KH00530,141,Click
KH00062,353,Purchase
KH00821,120,View
KH01124,215,Purchase
KH00223,359,Purchase
KH00446,61,AddCart
KH01341,340,Purchase
KH01612,187,View
KH01036,201,Click
KH01341,325,View
KH00694,71,Purchase
KH00734,411,Click
KH00286,183,Purchase
KH00998,283,Purchase
KH00287,172,AddCart
KH01282,70,Purchase
KH00678,104,View
KH00256,91,Purchase
KH01887,201,Click
KH01619,361,AddCart
KH01214,211,Click
KH01555,384,View
KH01916,203,Click
KH01404,359,View
KH00506,35,Purchase
KH01367,191,Purchase
KH00992,261,View
KH01491,118,AddCart
KH00633,16,View
KH01210,294,Click
KH00250,8,AddCart
KH00837,20,Click
KH00526,144,Click
KH00664,267,View
KH01665,315,Click
KH01995,462,View
KH01724,426,View
KH01986,47,Purchase
KH00149,13,Click
KH01902,314,Purchase
KH01953,105,Click
KH01339,246,Click
KH01244,41,Click
KH01696,452,AddCart
KH01603,356,Purchase
KH00576,133,View
KH01337,202,Click
KH01756,172,Click
KH00831,104,Purchase
KH00771,461,View
KH00169,35,AddCart
KH00085,71,AddCart
KH01061,88,Purchase
KH01692,466,AddCart
KH01166,35,AddCart
KH00300,305,Purchase
KH00750,467,View
KH00751,208,View
KH00866,498,AddCart
KH01593,402,View
KH01583,500,View
KH01425,243,Click
KH01128,111,View
KH01022,480,View
KH00824,332,Purchase
KH01420,125,View
KH01042,175,Purchase
KH00926,4,Click
KH01045,158,Purchase
KH01016,481,View
KH01566,432,Purchase
KH01158,387,Click
KH01872,51,View
KH00277,278,AddCart
KH01166,314,Click
KH01692,375,Click
KH00060,110,View
KH01535,247,View
KH01821,305,Purchase
KH01762,315,AddCart
KH01338,182,View
KH01773,304,View
KH00445,116,View
KH00594,335,AddCart
KH00544,49,AddCart
KH01124,403,Click
KH01437,305,Click
KH01631,494,View
KH00601,303,Click
KH00214,208,Click
KH00293,133,View
KH00005,427,View
KH00682,495,AddCart
KH00268,429,AddCart
KH00892,354,AddCart
KH01096,20,Purchase
KH00442,315,Purchase
KH01153,373,View
KH01102,112,View
KH01368,393,View
KH01065,65,Click
KH01728,337,Purchase
KH01617,430,Click
KH01272,333,Purchase
KH00201,7,AddCart
KH00868,138,AddCart
KH01665,437,Click
KH00963,326,View
KH01063,318,Purchase
KH01934,66,AddCart
KH00792,402,AddCart
KH01622,301,Purchase
KH00342,309,AddCart
KH01068,256,Purchase
KH01892,276,Purchase
KH01784,46,Click
KH01428,301,View
KH01225,368,Purchase
KH00476,78,AddCart
KH01732,381,Purchase
KH01963,149,View
KH00603,15,View
KH01860,260,Purchase
KH01565,193,View
KH01886,125,View
KH01933,430,AddCart
KH00271,408,Purchase
KH01851,324,AddCart
KH01518,234,Click
KH01546,153,Click
KH00819,476,Click
KH01963,436,AddCart
KH01269,457,Click
KH00651,353,View
KH01704,6,Purchase
KH01126,214,View
KH01286,26,Click
KH00359,162,Click
KH00424,26,AddCart
KH01227,223,View
KH00683,142,Click
KH00892,303,View
KH01259,4,View
KH00135,265,AddCart
KH00766,417,Click
KH00040,236,AddCart
KH00026,359,View
KH01092,437,Click
KH01495,33,View
KH01511,300,AddCart
KH01563,199,View
KH01886,70,Click
KH00847,325,Purchase
KH00004,67,View
KH01457,257,View
KH01202,451,Purchase
KH00679,126,AddCart
KH01551,53,AddCart
KH01299,233,Click
KH00473,328,Click
KH00865,110,Click
KH00922,310,View
KH01367,396,Click
KH01382,335,AddCart
KH00407,40,Purchase
KH00448,304,Click
KH01531,478,View
KH00221,172,Click
KH00988,214,AddCart
KH01147,246,Click
KH01839,396,View
KH00137,331,View
KH01831,152,View
KH01943,324,Click
KH00838,483,View
KH00647,219,View
KH00830,495,AddCart
KH01090,337,Click
KH00697,71,Purchase
KH00348,98,Purchase
KH01670,315,View
KH01676,79,AddCart
KH00499,326,Click
KH00262,253,Purchase
KH00048,384,Click
KH01230,445,Click
KH01511,314,AddCart
KH01285,264,Click
KH00908,487,View
KH01418,370,View
KH00735,31,Purchase
KH01804,252,View
KH00857,47,Purchase
KH00157,204,Click
KH00830,282,View
KH00745,111,View
KH01945,387,View
KH00495,261,AddCart
KH00301,420,Purchase
KH01531,256,View
KH01104,450,AddCart
KH01679,264,AddCart
KH00845,184,AddCart
KH01019,455,Purchase
KH01227,126,View
KH00156,442,AddCart
KH01144,164,Click
KH01468,16,Purchase
KH01316,290,Click
KH00178,60,View
KH00650,88,View
KH01497,342,AddCart
KH01632,232,View
KH01846,361,Purchase
KH00068,372,View
KH00504,204,View
KH00710,336,Purchase
KH01917,306,AddCart
KH00983,228,AddCart
KH01454,444,AddCart
KH01173,456,Click
KH01516,275,Purchase
KH01337,179,AddCart
KH01398,312,View
KH01771,137,AddCart
KH01012,491,Purchase
KH01756,113,View
KH00524,341,AddCart
KH00104,177,Purchase
KH01857,410,AddCart
KH00457,300,View
KH00516,383,AddCart
KH00753,270,View
KH00990,138,Click
KH01804,408,AddCart
KH00178,138,Purchase
KH00566,192,Purchase
KH00303,56,Click
KH00409,276,Purchase
KH00721,312,Purchase
KH00046,2,View
KH00515,301,Purchase
KH00526,422,Click
KH01875,236,Purchase
KH01635,86,Click
KH00562,394,Click
KH00680,468,View
KH00781,228,Purchase
KH01453,416,Click
KH01964,68,Purchase
KH01602,337,Click
KH00272,220,View
KH00156,197,View
KH01551,47,View
KH01937,96,View
KH00801,81,View
KH01677,484,Click
KH01892,241,AddCart
KH01005,186,View
KH00392,76,Purchase
KH00251,341,Click
KH00918,79,Click
KH00400,473,View
KH01453,485,AddCart
KH01696,356,AddCart
KH00684,327,Click
KH01258,170,Click
KH00347,350,View
KH00892,394,View
KH00659,447,Click
KH01570,385,Purchase
KH00951,185,View
KH00800,450,Click
KH01462,207,Purchase
KH00129,100,View
KH00478,49,Click
KH01668,99,Purchase
KH01809,201,Click
KH01922,70,View
KH00234,66,Purchase
KH00906,370,AddCart
KH00074,308,AddCart
KH00581,316,AddCart
KH01470,489,Click
KH01813,32,Purchase
KH00762,269,View
KH00031,212,AddCart
KH01914,372,Click
KH00792,473,Click
KH00811,217,View
KH01353,399,View
KH01726,233,AddCart
KH01614,415,Click
KH01384,392,Purchase
KH00702,171,Purchase
KH00536,371,Purchase
KH00593,403,AddCart
KH00368,166,Click
KH00514,77,AddCart
KH00054,81,View
KH00432,130,Click
KH01368,140,AddCart
KH00953,439,View
KH01459,309,Purchase
KH01356,348,AddCart
KH00121,132,Click
KH01248,495,AddCart
KH01438,89,Purchase
KH01557,126,Click
KH00188,107,Purchase
KH01420,480,Click
KH00575,414,View
KH00344,279,Click
KH00245,313,Purchase
KH00594,497,Purchase
KH00528,220,View
KH01566,184,Click
KH01190,177,Click
KH01648,110,View
KH00809,425,AddCart
KH00391,328,AddCart
KH01543,208,AddCart
KH01155,473,Click
KH00442,127,Click
KH00445,426,AddCart
KH01929,453,AddCart
KH00609,182,Click
KH01092,197,AddCart
KH00639,354,Purchase
KH00449,291,View
KH01115,500,AddCart
KH01835,81,Click
KH01844,335,Click
KH01741,206,View
KH00499,39,AddCart
KH01801,255,Click
KH00907,313,AddCart
KH01596,34,View
KH01169,318,Purchase
KH00991,217,Click
KH00650,134,AddCart
KH01595,142,Purchase
KH00998,184,Purchase
KH00248,71,Purchase
KH01445,54,Click
KH01506,213,Purchase
KH01182,219,AddCart
KH00526,68,Click
KH01802,114,Click
KH01177,228,Click
KH00258,321,View
KH01711,186,View
KH01723,46,Click
KH01972,96,Purchase
KH01207,86,View
KH00083,94,View
KH00992,179,View
KH00521,441,Click
KH01318,308,Purchase
KH00772,298,View
KH00536,450,View
KH01554,435,View
KH01005,448,AddCart
KH00033,51,View
KH00544,319,AddCart
KH00820,58,View
KH00803,331,AddCart
KH01219,346,Click
KH00683,309,AddCart
KH01362,87,Click
KH01237,255,Click
KH01369,200,AddCart
KH00961,211,View
KH00485,430,Purchase
KH01862,413,Purchase
KH00460,367,View
KH00261,226,Click
KH00230,219,Click
KH01172,342,AddCart
KH01712,258,View
KH00518,225,Click
KH00236,382,AddCart
KH00987,264,Click
KH00719,243,AddCart
KH00203,76,View
KH01985,264,Purchase
KH01192,85,Click
KH01351,471,View
KH00849,453,AddCart
KH01014,22,AddCart
KH01654,475,View
KH00714,439,AddCart
KH00068,376,Purchase
KH01608,257,Click
KH00610,24,Purchase
KH00212,497,AddCart
KH00163,99,View
KH00144,445,View
KH01925,52,View
KH00974,240,Purchase
KH01997,485,AddCart
KH01655,328,AddCart
KH01607,247,View
KH00493,393,Click
KH01226,50,AddCart
KH01943,269,Click
KH00768,65,Purchase
KH00344,187,Click
KH00684,351,Purchase
KH00798,425,Click
KH01422,445,View
KH00773,6,View
KH00295,243,Click
KH00693,178,View
KH00744,294,Purchase
KH01651,9,Click
KH00382,5,Purchase
KH01969,128,View
KH00094,444,AddCart
KH00268,488,Click
KH01379,389,Click
KH01974,327,AddCart
KH01802,277,Purchase
KH00753,493,AddCart
KH01047,134,AddCart
KH00071,203,Click
KH01595,11,AddCart
KH00685,30,Click
KH00892,253,Click
KH01865,337,View
KH00169,431,AddCart
KH00493,96,AddCart
KH01244,105,Click
KH01605,377,AddCart
KH01836,154,Purchase
KH00334,402,View
KH00329,3,View
KH01218,66,Click
KH00776,497,AddCart
KH01881,393,View
KH00171,305,AddCart
KH00519,293,AddCart
KH00284,188,Click
KH00060,332,View
KH00739,465,View
KH01257,5,AddCart
KH00271,379,View
KH01644,282,Purchase
KH00007,161,Click
KH01120,345,Purchase
KH00847,270,AddCart
KH00140,298,View
KH00845,155,Click
KH01187,328,AddCart
KH00144,473,Purchase
KH00362,6,Purchase
KH00333,157,Purchase
KH01194,257,View
KH00286,99,Click
KH01813,174,AddCart
KH01011,13,Click
KH00242,353,Purchase
KH00896,4,Click
KH00250,470,View
KH01652,378,Purchase
KH01044,134,Purchase
KH01822,304,View
KH00476,147,Click
KH01238,134,Purchase
KH01095,432,Click
KH01861,211,View
KH01530,411,AddCart
KH00400,107,View
KH00179,16,Purchase
KH01503,468,Purchase
KH00425,289,Purchase
KH01454,89,Click
KH01848,77,AddCart
KH00385,329,Purchase
KH01148,203,Click
KH00987,46,View
KH00324,384,Click
KH01856,279,AddCart
KH01889,47,Click
KH01900,256,View
KH00624,297,Click
KH00102,190,AddCart
KH00954,62,View
KH01891,363,Click
KH00708,295,View
KH00243,201,Click
KH00726,148,View
KH01334,399,AddCart
KH01776,282,AddCart
KH01677,466,View
KH01851,90,Click
KH00744,444,Purchase
KH00234,455,View
KH00151,76,AddCart
KH01668,444,AddCart
KH00223,287,Click
KH00947,121,Purchase
KH01728,366,Click
KH01249,104,View
KH01005,377,View
KH00973,87,AddCart
KH01911,178,Purchase
KH00756,317,AddCart
KH01629,398,AddCart
KH01528,228,Purchase
KH01268,363,Purchase
KH00698,357,Click
KH01049,204,AddCart
KH01819,7,AddCart
KH00692,317,Click
KH00265,359,AddCart
KH01172,259,AddCart
KH01540,208,View
KH00671,18,Click
KH01898,484,AddCart
KH00755,46,Purchase
KH00867,82,Click
KH01940,446,Purchase
KH01833,103,AddCart
KH00520,427,View
KH00606,215,View
KH00478,438,Purchase
KH00559,114,Purchase
KH00105,53,AddCart
KH01701,350,Purchase
KH01435,65,View
KH00810,97,AddCart
KH00963,474,Purchase
KH01456,324,Purchase
KH00220,202,AddCart
KH01735,257,AddCart
KH00362,76,Purchase
KH00691,367,AddCart
KH01309,34,Click
KH01998,270,Click
KH00362,335,View
KH01305,184,Click
KH00594,431,Click
KH00074,75,View
KH00625,308,AddCart
KH00130,22,Click
KH00924,222,AddCart
KH01812,178,Click
KH00078,481,Click
KH01641,8,Purchase
KH01901,277,View
KH00450,377,Purchase
KH01986,85,AddCart
KH00571,306,AddCart
KH01240,243,View
KH01243,311,Purchase
KH00889,163,AddCart
KH01498,138,View
KH01498,212,Click
KH00608,174,View
KH01436,274,AddCart
KH00437,424,Purchase
KH01595,256,View
KH01177,66,View
KH00734,451,Purchase
KH00942,208,View
KH01446,341,AddCart
KH00052,396,AddCart
KH01857,408,View
KH01591,51,Click
KH00885,336,Purchase
KH01011,1,AddCart
KH00472,196,AddCart
KH00835,8,Click
KH00031,9,View
KH00417,334,View
KH00640,380,Purchase
KH01000,491,Click
KH01865,260,Click
KH01542,480,Purchase
KH01303,39,AddCart
KH01447,171,AddCart
KH00628,190,View
KH01131,474,AddCart
KH00463,148,Purchase
KH00505,370,Purchase
KH01655,335,View
KH00924,168,AddCart
KH01435,86,View
KH01537,196,Click
KH01852,434,View
KH01443,445,Purchase
KH01891,166,View
KH01711,366,Purchase
KH01850,227,View
KH01695,53,Purchase
KH00930,229,Click
KH01044,183,Purchase
KH00879,13,Click
KH01673,149,AddCart
KH00776,75,Click
KH00735,183,Click
KH00196,268,Purchase
KH00999,180,Purchase
KH00521,269,AddCart
KH01148,262,View
KH01796,248,AddCart
KH01557,125,AddCart
KH01279,41,Purchase
KH01248,109,Purchase
KH00567,410,View
KH01744,11,View
KH01302,187,View
KH01949,418,Purchase
KH01190,416,Click
KH00514,178,View
KH01312,116,AddCart
KH01174,266,Purchase
KH00775,335,AddCart
KH01949,262,AddCart
KH00247,16,View
KH01844,439,View
KH00871,50,Purchase
KH00517,96,Purchase
KH00073,403,Purchase
KH01164,139,View
KH00202,207,AddCart
KH00565,22,View
KH00682,223,Click
KH00619,340,AddCart
KH00283,4,Click
KH01798,81,Click
KH01089,341,Click
KH01477,471,Click
KH01578,486,Click
KH00639,284,Click
KH00313,209,Purchase
KH00501,471,Purchase
KH01618,434,Purchase
KH01219,332,View
KH00237,466,View
KH00464,49,Click
KH00093,479,AddCart
KH01533,235,Purchase
KH00727,173,AddCart
KH01731,475,View
KH00968,69,Click
KH01414,116,Click
KH01777,484,Click
KH01001,370,AddCart
KH01146,425,View
KH01637,354,View
KH01591,401,Click
KH01215,266,Purchase
KH01445,355,View
KH00834,137,Click
KH01537,139,AddCart
KH01413,142,Purchase
KH01279,426,Click
KH00571,296,Click
KH00680,412,Purchase
KH00817,41,Purchase
KH00830,27,View
KH01759,171,View
KH01129,466,Click
KH01949,156,AddCart
KH00053,471,AddCart
KH00597,28,View
KH01685,379,Purchase
KH00931,172,View
KH00538,243,View
KH01606,440,Click
KH01978,73,AddCart
KH00596,492,AddCart
KH00289,477,View
KH00324,234,Click
KH01451,130,View
KH00962,26,Click
KH00460,313,View
KH01709,332,Click
KH00772,190,Purchase
KH01477,169,Click
KH01251,364,Click
KH01626,488,View
KH00757,128,Click
KH01647,353,View
KH01998,372,AddCart
KH01421,426,AddCart
KH00994,87,View
KH00796,141,Click
KH01452,285,View
KH00433,234,Purchase
KH01769,482,AddCart
KH01237,189,Purchase
KH01789,225,Purchase
KH00902,193,Purchase
KH01262,386,AddCart
KH01332,83,View
KH00767,17,View
KH01362,487,Purchase
KH01004,449,View
KH00063,410,Purchase
KH00429,212,Purchase
KH00299,405,Purchase
KH00734,32,AddCart
KH01539,347,Click
KH01023,367,View
KH00549,236,Click
KH01800,417,Click
KH01484,245,AddCart
KH00247,416,View
KH01924,329,Click
KH01224,435,AddCart
KH00728,258,AddCart
KH00943,61,Purchase
KH00602,108,AddCart
KH00193,61,Click
KH01564,396,AddCart
KH01879,113,Purchase
KH00953,381,Purchase
KH00031,93,View
KH00016,141,Click
KH01880,59,Purchase
KH01102,325,View
KH00969,250,View
KH00848,132,View
KH01542,62,AddCart
KH01191,407,View
KH00155,459,Click
KH01512,358,View
KH00420,52,Purchase
KH01829,76,Click
KH01982,326,Purchase
KH00050,211,View
KH00284,406,AddCart
KH01669,498,View
KH01389,86,Purchase
KH00561,18,Purchase
KH01847,37,View
KH00539,431,Click
KH00544,345,Purchase
KH00850,495,Click
KH00679,375,Click
KH01997,134,Purchase
KH01373,127,Purchase
KH00935,239,Purchase
KH01758,154,AddCart
KH00544,460,AddCart
KH01483,267,Purchase
KH00555,380,Purchase
KH00022,277,Purchase
KH01154,485,Click
KH01542,366,View
KH01981,204,Click
KH00608,87,AddCart
KH01923,454,Click
KH01753,421,View
KH01853,109,Purchase
KH01569,284,Purchase
KH00017,162,View
KH00998,39,Purchase
KH00203,51,View
KH00050,139,Click
KH00033,160,Purchase
KH01705,382,Purchase
KH01880,367,View
KH01315,360,Click
KH01132,368,Purchase
KH01910,480,AddCart
KH01180,235,AddCart
KH01971,416,Purchase
KH01063,56,Purchase
KH01758,255,View
KH01693,287,View
KH01324,56,Click
KH01200,343,View
KH00312,145,Purchase
KH01730,160,View
KH00403,171,AddCart
KH01419,396,AddCart
KH00623,116,View
KH01591,58,View
KH00401,117,Click
KH01320,165,AddCart
KH01151,26,Click
KH00217,497,Click
KH00759,5,View
KH01541,256,View
KH01795,12,AddCart
KH01060,356,View
KH01544,318,Purchase
KH01732,126,AddCart
KH01815,341,Purchase
KH00125,138,AddCart
KH00890,387,Purchase
KH00638,2,View
KH01182,393,Purchase
KH00541,446,AddCart
KH00363,250,Purchase
KH01690,262,View
KH01552,377,Purchase
KH00316,198,Click
KH01223,418,AddCart
KH00156,456,View
KH00801,176,AddCart
KH01322,106,Purchase
KH00099,379,Click
KH01457,153,Purchase
KH01968,452,View
KH00357,123,Click
KH01564,288,AddCart
KH01211,477,AddCart
KH00273,366,Purchase
KH01758,458,AddCart
KH01389,466,AddCart
KH00199,395,View
KH01614,154,View
KH01150,102,AddCart
KH00356,364,View
KH00498,237,View
KH00400,146,AddCart
KH00436,470,View
KH01643,223,Click
KH01707,46,Click
KH00650,20,Click
KH00279,43,View
KH00380,203,Click
KH01317,284,Purchase
KH00778,499,Click
KH01683,74,Click
KH01259,399,Purchase
KH01902,482,Click
KH00320,329,AddCart
KH00599,184,Click
KH00663,460,Purchase
KH00522,413,View
KH00549,206,AddCart
KH01403,133,AddCart
KH00364,117,Click
KH01402,404,Click
KH00127,375,View
KH00409,319,Purchase
KH00555,252,View
KH01521,116,Purchase
KH01111,92,AddCart
KH01484,92,AddCart
KH00019,499,View
KH01264,246,Purchase
KH01103,175,Purchase
KH01875,293,Purchase
KH00213,438,Purchase
KH01924,240,View
KH00937,452,AddCart
KH01583,54,Purchase
KH01827,252,AddCart
KH01078,122,View
KH00462,255,Click
KH00237,341,Purchase
KH00654,400,View
KH01905,52,AddCart
KH01391,235,Click
KH00297,485,AddCart
KH01608,6,View
KH01923,104,View
KH01531,427,AddCart
KH01840,423,AddCart
KH01955,322,AddCart
KH01278,433,Purchase
KH01165,236,View
KH00380,497,Click
KH01379,386,View
KH01947,220,View
KH01431,399,AddCart
KH01500,413,Purchase
KH00398,197,Purchase
KH01388,275,Click
KH00325,497,Click
KH01719,28,AddCart
KH01448,2,Click
KH00403,273,Purchase
KH00533,481,Click
KH01924,90,View
KH00803,229,Purchase
KH00529,247,AddCart
KH01321,372,AddCart
KH00067,16,Click
KH01000,481,View
KH00802,449,Click
KH01016,9,View
KH00071,126,AddCart
KH01673,232,Click
KH00187,470,View
KH01400,228,Purchase
KH01037,144,AddCart
KH00493,73,Click
KH00381,177,Click
KH00499,199,Purchase
KH00259,98,View
KH00911,250,Purchase
KH00774,177,Click
KH00940,42,Purchase
KH01544,438,Purchase
KH00543,151,Click
KH00387,116,Click
KH01171,449,View
KH01876,11,Purchase
KH01761,378,View
KH00454,380,Purchase
KH01833,459,Purchase
KH01290,366,Click
KH00560,377,Purchase
KH01397,385,View
KH00958,345,Click
KH00399,389,Click
KH00210,86,Purchase
KH01488,104,View
KH01668,431,Purchase
KH01087,158,View
KH01782,429,View
KH01318,359,Purchase
KH00196,205,Purchase
KH01110,487,AddCart
KH01027,220,Purchase
KH01622,67,View
KH01660,159,Purchase
KH00355,315,Purchase
KH01087,82,AddCart
KH01606,233,AddCart
KH00917,311,View
KH00725,263,AddCart
KH01181,282,Purchase
KH01760,414,AddCart
KH00196,18,Click
KH00503,361,AddCart
KH01828,48,Click
KH00355,190,Purchase
KH00509,382,Click
KH00832,147,AddCart
KH00369,160,Purchase
KH00033,132,View
KH01991,29,Purchase
KH00975,196,Purchase
KH00986,108,AddCart
KH01306,241,View
KH00836,281,Purchase
KH00808,228,Purchase
KH00704,47,AddCart
KH01528,335,Purchase
KH00188,405,View
KH00470,457,View
KH01425,412,View
KH00949,427,Purchase
KH00303,369,AddCart
KH00536,101,Purchase
KH00782,357,View
KH00924,428,View
KH01202,254,AddCart
KH01316,204,Click
KH00147,237,Purchase
KH01627,252,AddCart
KH00128,207,View
KH00075,5,Purchase
KH01358,315,Click
KH00589,54,Click
KH00029,204,AddCart
KH00690,226,AddCart
KH00033,89,View
KH01803,327,AddCart
KH01386,183,AddCart
KH01468,62,Click
KH01216,431,View
KH01627,66,Click
KH01241,239,AddCart
KH01372,164,Click
KH01721,292,View
KH01161,260,Purchase
KH00981,23,Click
KH01946,171,Purchase
KH01729,91,View
KH00581,396,Click
KH00593,200,AddCart
KH01364,365,Click
KH01843,214,Click
KH01702,417,AddCart
KH00929,401,Purchase
KH00204,252,Click
KH00550,38,Purchase
KH01358,420,View
KH00072,443,Purchase
KH01689,109,Purchase
KH01922,366,View
KH01734,376,View
KH01241,189,Click
KH01040,43,Click
KH00548,313,AddCart
KH00507,76,Click
KH00096,345,Click
KH01133,138,View
KH00596,472,View
KH01245,378,Click
KH00962,175,AddCart
KH01408,215,AddCart
KH00440,390,Click
KH00387,129,Purchase
KH00441,202,Purchase
KH00697,283,Click
KH00317,454,AddCart
KH01052,396,AddCart
KH00175,52,Purchase
KH00715,491,Click
KH00736,15,Click
KH01311,331,AddCart
KH01457,128,AddCart
KH01038,177,View
KH00043,406,View
KH01148,408,View
KH00321,249,View
KH00049,335,View
KH01698,484,View
KH00400,376,AddCart
KH01742,82,Click
KH00624,56,View
KH00227,474,View
KH00359,198,View
KH01561,299,View
KH00287,28,Purchase
KH00019,119,AddCart
KH01364,101,Click
KH00564,319,Click
KH01766,463,Click
KH00393,176,Purchase
KH01385,131,Click
KH00716,474,Click
KH01693,231,Purchase
KH00732,389,Click
KH00923,234,AddCart
KH01519,336,AddCart
KH01125,415,View
KH01742,475,Click
KH01269,263,Click
KH01488,425,Purchase
KH01789,68,View
KH01008,49,View
KH01586,272,Purchase
KH01424,4,Click
KH01627,344,View
KH00565,407,Click
KH01947,199,AddCart
KH00192,418,Purchase
KH01779,184,AddCart
KH01709,448,View
KH00744,210,View
KH01968,135,AddCart
KH00824,347,Click
KH00608,183,Click
KH01398,465,View
KH01603,99,Click
KH00716,272,View
KH01025,382,Purchase
KH01816,42,Click
KH00746,275,AddCart
KH01008,199,Purchase
KH01491,205,Click
KH01610,206,Purchase
KH01469,462,Purchase
KH01953,188,Purchase
KH01992,129,AddCart
KH01308,46,View
KH01098,428,AddCart
KH00883,114,Purchase
KH01546,267,View
KH00144,409,Purchase
KH00682,496,Click
KH01595,112,Click
KH01810,115,View
KH00005,407,View
KH00130,73,Click
KH00825,172,Purchase
KH01985,496,AddCart
KH01123,323,Click
KH01342,486,Click
KH00117,295,View
KH01237,348,AddCart
KH00789,54,View
KH01960,332,Purchase
KH01178,359,Purchase
KH00777,476,View
KH00328,149,Purchase
KH01995,261,Click
KH00261,265,View
KH01845,491,Purchase
KH00042,231,Purchase
KH01590,398,Purchase
KH00844,119,View
KH01737,304,View
KH01692,61,Click
KH00242,444,AddCart
KH01998,229,Purchase
KH01329,294,AddCart
KH00282,324,AddCart
KH01843,500,Click
KH00298,401,View
KH01477,343,Click
KH00726,344,View
KH00367,196,AddCart
KH00152,202,View
KH00099,226,View
KH00228,390,Click
KH00433,198,Purchase
KH00174,156,Purchase
KH01821,199,Click
KH00726,387,Purchase
KH01749,314,View
KH01247,204,View
KH01461,95,View
KH00687,406,AddCart
KH01799,240,AddCart
KH01332,484,View
KH00376,69,View
KH00648,175,Purchase
KH01235,207,Click
KH01992,397,View
KH00981,15,AddCart
KH01370,369,AddCart
KH01467,216,AddCart
KH01924,218,View
KH00058,423,AddCart
KH00655,230,AddCart
KH01196,388,AddCart
KH00919,72,Purchase
KH00803,90,AddCart
KH00592,386,Purchase
KH01481,50,Click
KH01567,370,View
KH00129,5,Click
KH01174,155,Click
KH01599,207,Purchase
KH00665,23,Purchase
KH00220,177,Click
KH01547,353,AddCart
KH01949,211,Purchase
KH00670,228,AddCart
KH01372,220,View
KH01964,34,Click
KH01547,250,Purchase
KH00330,477,AddCart
KH00087,390,Purchase
KH01364,286,Purchase
KH00023,156,Purchase
KH00304,287,Purchase
KH00880,346,Click
KH00978,347,Click
KH00285,338,View
KH00814,45,Click
KH01266,408,AddCart
KH00350,216,View
KH00357,15,AddCart
KH00319,410,AddCart
KH00599,139,View
KH01489,167,Click
KH01535,420,Purchase
KH00416,29,Click
KH01613,431,AddCart
KH00814,81,AddCart
KH01189,487,AddCart
KH00757,195,Click
KH01762,26,View
KH00635,219,View
KH00143,372,Click
KH01542,255,View
KH01071,37,Click
KH00177,485,View
KH01102,11,View
KH00819,180,Click
KH01158,192,View
KH00127,48,View
KH00784,345,Purchase
KH01413,99,View
KH00689,277,Click
KH00652,234,Purchase
KH01790,123,Click
KH00715,232,Purchase
KH00547,235,AddCart
KH01127,48,Click
KH00584,245,AddCart
KH01267,61,View
KH00600,344,AddCart
KH00106,86,View
KH00368,275,Purchase
KH00499,415,View
KH00400,10,View
KH00775,191,AddCart
KH00044,162,AddCart
KH01300,67,Click
KH00063,102,AddCart
KH01716,460,View
KH00860,244,View
KH00228,266,Click
KH01705,420,Purchase
KH01716,171,View
KH01628,91,View
KH00144,31,Click
KH01392,97,Purchase
KH00769,196,Click
KH01776,222,View
KH00616,317,Purchase
KH01590,310,AddCart
KH01721,240,Purchase
KH00244,385,Purchase
KH00939,234,AddCart
KH01276,55,Click
KH00908,489,AddCart
KH01506,23,Click
KH00478,163,Click
KH01814,104,AddCart
KH00200,284,View
KH00761,38,AddCart
KH00850,401,View
KH01165,84,Purchase
KH00038,393,Click
KH01121,462,AddCart
KH00710,230,AddCart
KH01236,46,View
KH01003,469,Purchase
KH01462,68,AddCart
KH01788,34,AddCart
KH00444,174,View
KH00036,476,Purchase
KH01078,262,AddCart
KH01456,53,View
KH01701,492,Click
KH00165,384,AddCart
KH01332,33,Purchase
KH00913,207,Click
KH01278,28,Purchase
KH00866,393,View
KH01375,481,Purchase
KH01948,154,Purchase
KH00063,271,AddCart
KH00174,212,Click
KH01234,433,Click
KH00328,246,Purchase
KH01395,294,AddCart
KH00761,45,AddCart
KH01345,495,Purchase
KH00246,269,AddCart
KH01872,381,AddCart
KH01266,456,View
KH00593,425,Click
KH01634,300,Click
KH00759,330,Purchase
KH00724,34,Purchase
KH01460,175,Click
KH00059,288,View
KH01693,53,Click
KH00159,254,Purchase
KH00614,473,Click
KH01058,401,Click
KH00314,443,Purchase
KH01718,258,AddCart
KH00693,293,Purchase
KH00237,167,AddCart
KH01083,489,Purchase
KH00632,162,View
KH00544,285,Click
KH00690,321,AddCart
KH01003,154,AddCart
KH01010,437,Click
KH01766,327,View
KH00808,489,Click
KH00333,14,View
KH01713,394,View
KH00821,241,View
KH00148,132,Purchase
KH01123,282,AddCart
KH00460,336,AddCart
KH01311,467,View
KH01483,161,Purchase
KH00574,117,View
KH01594,182,Click
KH00194,85,View
KH00521,49,Click
KH01178,500,Purchase
KH01774,257,View
KH01198,366,Click
KH01077,99,AddCart
KH01966,473,Click
KH01071,235,Purchase
KH00951,218,Purchase
KH00565,276,Purchase
KH00274,409,AddCart
KH01279,309,Purchase
KH01686,85,Purchase
KH00841,163,AddCart
KH00123,72,Purchase
KH01315,117,Purchase
KH00709,96,Click
KH01545,266,View
KH01272,371,Purchase
KH00373,340,Click
KH01070,439,AddCart
KH01804,427,AddCart
KH00155,486,Purchase
KH00017,334,Purchase
KH01824,425,View
KH00728,401,View
KH01455,211,View
KH01136,213,View
KH00385,483,Click
KH01830,474,AddCart
KH01554,300,Click
KH00532,376,View
KH00316,452,AddCart
KH00842,167,Purchase
KH00879,49,Purchase
KH00842,180,Click
KH00910,76,Purchase
KH01264,267,View
KH00969,352,View
KH01333,357,Click
KH01916,349,View
KH01577,178,View
KH01645,109,Purchase
KH01933,486,AddCart
KH01125,152,AddCart
KH01786,295,Purchase
KH01775,370,Click
KH00908,138,Click
KH00108,10,Click
KH01713,144,AddCart
KH00397,149,View
KH00739,19,AddCart
KH00195,44,Click
KH01546,495,AddCart
KH01065,325,AddCart
KH01647,18,Purchase
KH00290,161,Click
KH01599,184,Purchase
KH01571,12,View
KH00199,223,Purchase
KH00097,21,AddCart
KH01291,471,AddCart
KH00580,176,AddCart
KH00175,469,Purchase
KH00495,489,AddCart
KH01241,322,AddCart
KH01266,485,View
KH01004,116,AddCart
KH00362,472,Click
KH00861,408,AddCart
KH01253,429,View
KH00045,132,Purchase
KH00172,185,Purchase
KH01506,120,Click
KH00035,384,View
KH01154,488,AddCart
KH01361,4,View
KH00639,309,Click
KH00941,260,Purchase
KH00519,13,Click
KH00960,123,Purchase
KH00328,391,View
KH01527,5,View
KH00402,470,AddCart
KH00565,485,Purchase
KH00371,430,Click
KH01192,254,Purchase
KH01508,273,AddCart
KH01477,321,View
KH00889,186,Click
KH01506,213,View
KH01798,32,Purchase
KH00916,272,AddCart
KH01913,370,AddCart
KH00518,192,Click
KH00060,358,View
KH00240,407,AddCart
KH01332,412,Purchase
KH01014,417,Click
KH01658,261,Click
KH01277,121,Purchase
KH01883,376,Click
KH01021,227,View
KH01344,207,View
KH00235,193,Click
KH00825,285,AddCart
KH01088,426,View
KH00345,333,Click
KH00517,17,Purchase
KH01299,268,AddCart
KH01276,78,Purchase
KH00614,488,Purchase
KH00339,260,AddCart
KH01905,462,Purchase
KH01843,244,Click
KH01107,499,AddCart
KH00676,476,AddCart
KH00340,50,Purchase
KH01731,492,View
KH01882,489,Click
KH01918,234,Click
KH01702,445,Purchase
KH01889,371,Purchase
KH01944,379,AddCart
KH01850,330,View
KH01277,149,Purchase
KH01950,394,AddCart
KH00399,416,Click
KH01947,398,AddCart
KH01623,20,AddCart
KH01349,163,AddCart
KH00542,115,View
KH01244,22,AddCart
KH01043,393,AddCart
KH00749,330,Purchase
KH01027,192,Purchase
KH00024,278,Click
KH00972,143,Purchase
KH01154,2,Click
KH00286,171,View
KH01251,396,Purchase
KH00486,287,AddCart
KH01661,200,View
KH00721,399,View
KH00084,456,View
KH01443,409,AddCart
KH01530,75,Click
KH01706,89,Purchase
KH00792,423,Click
KH00100,218,Purchase
KH01785,81,AddCart
KH00211,363,View
KH01623,167,Purchase
KH00919,453,View
KH01399,115,Click
KH00371,263,AddCart
KH01727,335,AddCart
KH01190,79,View
KH01994,459,AddCart
KH01039,34,View
KH01035,102,View
KH00093,198,Purchase
KH00221,473,Click
KH00857,62,Purchase
KH01409,391,View
KH00282,472,View
KH01990,189,Click
KH01842,311,Purchase
KH00960,36,Purchase
KH00484,186,Click
KH01352,31,Click
KH00725,195,AddCart
KH01231,339,View
KH00275,345,View
KH00169,309,View
KH00776,451,View
KH00265,127,Click
KH01461,10,View
KH01723,359,Click
KH01813,435,Purchase
KH01410,112,Purchase
KH00021,149,Purchase
KH00255,332,Click
KH01166,94,AddCart
KH01571,330,Click
KH00286,5,Purchase
KH00491,440,Purchase
KH01039,353,View
KH01160,68,View
KH01249,286,AddCart
KH01379,259,Click
KH00023,50,Purchase
KH00254,421,Click
KH01025,148,Purchase
KH01836,444,Purchase
KH01909,99,Purchase
KH00726,350,Purchase
KH01018,337,Click
KH01151,323,Purchase
KH00880,169,Purchase
KH01583,128,AddCart
KH00295,143,Purchase
KH00224,88,View
KH00919,117,Click
KH00832,85,Purchase
KH00060,419,View
KH01001,500,Purchase
KH01739,365,Click
KH01447,50,AddCart
KH01001,422,Purchase
KH00684,493,View
KH00337,215,View
KH01913,256,View
KH00530,159,AddCart
KH00392,376,View
KH01860,359,AddCart
KH00166,317,Purchase
KH01584,97,Purchase
KH00530,190,View
KH00373,270,Purchase
KH01741,424,AddCart
KH01209,347,Click
KH01055,457,Purchase
KH01993,6,Purchase
KH00549,434,Click
KH00806,149,AddCart
KH00392,302,Click
KH00491,242,AddCart
KH00254,152,View
KH01800,490,Purchase
KH00519,492,View
KH00147,362,View
KH01936,184,AddCart
KH01581,186,Purchase
KH01536,194,View
KH00772,140,Click
KH00254,377,Purchase
KH00318,240,View
KH01399,375,Purchase
KH01288,196,AddCart
KH00217,23,AddCart
KH01316,463,AddCart
KH01075,444,Click
KH01026,229,View
KH01114,414,Click
KH01812,94,Purchase
KH00915,112,View
KH01381,481,Click
KH01434,89,AddCart
KH01644,300,View
KH01094,487,Purchase
KH01186,249,Click
KH00858,161,Click
KH00398,483,View
KH00096,27,Click
KH00057,382,Click
KH00018,121,Purchase
KH01870,279,View
KH01435,235,Click
KH01687,118,AddCart
KH01621,84,AddCart
KH01689,488,Click
KH01733,394,AddCart
KH00101,436,AddCart
KH01794,249,Click
KH01648,293,View
KH00413,392,Click
KH00881,42,View
KH01693,386,AddCart
KH00759,24,Purchase
KH01106,497,Purchase
KH00530,228,AddCart
KH01566,318,Purchase
KH01960,219,Purchase
KH00649,474,Purchase
KH01447,151,View
KH00940,141,Purchase
KH00739,282,Purchase
KH00226,195,View
KH01587,424,AddCart
KH01581,74,AddCart
KH01046,119,Purchase
KH01402,453,View
KH01167,93,View
KH01831,230,Click
KH01088,205,AddCart
KH01647,319,Purchase
KH00848,356,View
KH01215,205,View
KH01467,383,AddCart
KH00840,154,Purchase
KH01262,317,AddCart
KH00510,229,View
KH01814,388,Purchase
KH01770,265,Purchase
KH01172,407,Purchase
KH01864,94,Click
KH00627,228,View
KH00704,137,AddCart
KH01196,485,Purchase
KH01692,459,AddCart
KH00885,339,View
KH01416,64,Click
KH00790,470,AddCart
KH01917,115,View
KH01792,445,AddCart
KH01109,375,AddCart
KH01890,115,Purchase
KH01700,99,Purchase
KH00979,19,Purchase
KH01552,62,AddCart
KH00769,373,View
KH01218,273,Click
KH00639,36,AddCart
KH01349,63,AddCart
KH00511,330,AddCart
KH01172,84,AddCart
KH01797,295,AddCart
KH00946,389,AddCart
KH01118,450,AddCart
KH00214,261,View
KH00491,55,AddCart
KH00384,381,Purchase
KH00900,429,Click
KH00926,172,Click
KH00376,354,View
KH00218,184,Click
KH01863,195,Purchase
KH01934,206,Purchase
KH01937,460,Purchase
KH00826,307,View
KH01328,412,Click
KH01347,33,Click
KH00937,306,AddCart
KH00754,282,View
KH01281,164,View
KH01709,137,Click
KH00417,465,View
KH00612,58,Click
KH00879,157,Click
KH00344,41,View
KH00840,259,Click
KH01826,158,Click
KH00204,146,AddCart
KH00353,71,Click
KH01731,76,AddCart
KH00082,187,Click
KH01064,343,Purchase
KH01513,248,Purchase
KH01790,192,Click
KH00764,491,Click
KH00324,317,View
KH00749,33,Purchase
KH01690,386,View
KH00044,307,AddCart
KH01194,76,Click
KH00677,162,Click
KH01716,248,View
KH00786,494,AddCart
KH01296,177,AddCart
KH00868,290,Purchase
KH01381,29,Purchase
KH01317,243,Purchase
KH01072,261,AddCart
KH00229,81,View
KH00963,47,Click
KH00052,134,Purchase
KH01442,447,View
KH01162,232,Purchase
KH01507,123,AddCart
KH00435,100,AddCart
KH00339,28,Click
KH01362,72,Purchase
KH00312,421,View
KH01740,474,View
KH00611,416,AddCart
KH01006,22,Purchase
KH01339,333,AddCart
KH00383,144,Purchase
KH00656,363,View
KH00292,438,View
KH01991,462,View
KH01380,176,Purchase
KH00873,342,View
KH00860,390,View
KH00916,117,Purchase
KH00269,171,Click
KH00628,432,Click
KH00971,485,Click
KH00730,476,View
KH01738,459,Click
KH01478,495,Click
KH00028,128,Click
KH00285,431,AddCart
KH00558,195,Purchase
KH00090,415,Purchase
KH01203,391,Purchase
KH01847,211,Click
KH01675,260,Purchase
KH01841,246,View
KH00919,115,View
KH01770,39,View
KH00787,301,AddCart
KH00686,493,View
KH01023,315,AddCart
KH01094,221,Click
KH00025,233,Purchase
KH01346,284,Purchase
KH01197,285,Click
KH00355,326,View
KH00727,344,Purchase
KH00299,230,AddCart
KH00597,208,View
KH00964,487,Purchase
KH01008,341,AddCart
KH00127,461,Purchase
KH01757,421,Click
KH00468,34,Click
KH01215,393,Purchase
KH01631,320,AddCart
KH00608,291,Click
KH01471,480,Purchase
KH01107,37,AddCart
KH01163,249,AddCart
KH00435,299,AddCart
KH01248,69,AddCart
KH00930,483,View
KH00308,167,Click
KH00994,77,AddCart
KH00224,176,Purchase
KH00334,446,AddCart
KH00824,222,AddCart
KH01586,218,View
KH00209,98,Click
KH01174,256,Purchase
KH01076,364,Purchase
KH01141,133,Purchase
KH01342,476,Purchase
KH00589,65,Purchase
KH01085,496,Purchase
KH01444,290,Purchase
KH01051,41,View
KH01607,24,AddCart
KH01965,298,View
KH01839,93,View
KH00910,112,AddCart
KH01968,289,AddCart
KH00070,173,View
KH00996,402,Click
KH01460,333,Purchase
KH00172,187,View
KH01490,372,View
KH00270,122,Click
KH00744,431,AddCart
KH00180,303,AddCart
KH01900,81,AddCart
KH01419,150,AddCart
KH00602,276,Click
KH00795,458,Purchase
KH01164,386,Click
KH01179,461,View
KH01051,364,Click
KH01315,393,Purchase
KH00818,298,View
KH00282,55,Click
KH00113,103,View
KH01883,482,Purchase
KH01594,347,Purchase
KH01305,242,View
KH01413,488,AddCart
KH01736,479,AddCart
KH01793,413,AddCart
KH01955,486,Click
KH01852,15,View
KH01305,255,AddCart
KH00917,108,AddCart
KH00360,127,Purchase
KH01854,427,Click
KH01217,389,AddCart
KH01817,84,View
KH01253,296,Click
KH00256,165,View
KH01312,214,View
KH01571,1,View
KH01797,100,Click
KH00702,250,AddCart
KH00437,496,AddCart
KH01876,12,View
KH01870,150,AddCart
KH00252,425,Click
KH00892,426,Purchase
KH01585,193,Click
KH00593,205,Click
KH00321,313,AddCart
KH00434,77,Purchase
KH01418,390,Click
KH00803,270,View
KH00966,195,Purchase
KH01155,405,View
KH00004,382,Purchase
KH01418,464,Click
KH00646,463,View
KH01448,108,AddCart
KH00021,274,Purchase
KH00049,200,View
KH00189,267,Click
KH01169,79,Click
KH00757,158,Click
KH01580,306,AddCart
KH00143,463,View
KH01463,151,View
KH00701,1,Purchase
KH00945,422,AddCart
KH01946,298,Purchase
KH01500,468,Click
KH01440,382,AddCart
KH01483,430,View
KH00762,493,AddCart
KH01531,465,Click
KH00025,151,View
KH01006,414,Purchase
KH01934,202,View
KH01142,91,AddCart
KH00189,96,Click
KH00517,161,Click
KH01540,339,AddCart
KH01306,375,Purchase
KH01429,179,AddCart
KH00807,373,Purchase
KH00567,142,View
KH01325,329,View
KH01008,437,AddCart
KH00754,255,Purchase
KH00625,493,AddCart
KH00142,104,View
KH00914,334,Click
KH00485,220,Purchase
KH00536,163,Purchase
KH01327,83,Purchase
KH00869,19,Click
KH00823,416,Click
KH01221,234,AddCart
KH01499,254,View
KH00290,500,Click
KH00081,141,View
KH01533,425,Click
KH01314,486,Purchase
KH01494,281,View
KH01557,303,View
KH00462,227,View
KH00398,131,Click
KH01909,83,AddCart
KH00806,372,View
KH01449,429,AddCart
KH00811,296,AddCart
KH00484,371,Click
KH00116,155,View
KH00739,152,Click
KH01535,452,AddCart
KH01845,382,AddCart
KH01159,59,AddCart
KH00687,66,AddCart
KH00650,173,Click
KH01692,20,View
KH01192,139,AddCart
KH01059,267,View
KH00858,346,Click
KH01221,297,Click
KH00290,377,Click
KH01563,94,View
KH01091,480,Click
KH00477,257,Purchase
KH01273,62,Click
KH00167,443,View
KH01898,436,AddCart
KH00483,464,AddCart
KH01817,249,AddCart
KH00650,149,View
KH00927,48,View
KH01202,155,Purchase
KH00582,99,View
KH00722,250,AddCart
KH01422,486,AddCart
KH00049,354,Purchase
KH00603,310,View
KH01246,111,View
KH00904,174,AddCart
KH00311,330,View
KH00085,436,AddCart
KH01099,496,Click
KH00863,358,Purchase
KH01925,337,Purchase
KH01999,455,Click
KH01852,296,Purchase
KH01705,290,Click
KH00292,138,Click
KH01793,126,Click
KH00240,248,AddCart
KH00514,318,Purchase
KH00007,135,View
KH00737,259,AddCart
KH00461,484,Purchase
KH00498,270,View
KH00315,346,Purchase
KH01602,117,Purchase
KH01216,241,Purchase
KH00187,373,View
KH01562,55,AddCart
KH00488,338,AddCart
KH01047,468,Click
KH01975,280,Purchase
KH00282,374,Click
KH01324,386,Click
KH00346,87,Purchase
KH00976,209,Click
KH00417,55,Click
KH00690,466,View
KH01132,335,Purchase
KH01021,281,Click
KH01612,390,AddCart
KH00665,263,Purchase
KH01799,265,Purchase
KH01370,300,Purchase
KH01964,372,Purchase
KH00177,340,Click
KH01488,20,Click
KH01484,443,AddCart
KH00184,343,View
KH01644,7,Purchase
KH00651,184,View
KH00009,190,AddCart
KH01066,448,View
KH01643,185,AddCart
KH01880,406,Purchase
KH00188,154,AddCart
KH00409,291,AddCart
KH00090,273,View
KH01997,162,AddCart
KH00760,52,View
KH00588,23,Click
KH00946,98,Purchase
KH00283,147,Purchase
KH00119,53,Purchase
KH00417,70,Click
KH01526,206,AddCart
KH01986,293,AddCart
KH00342,99,View
KH00732,15,Purchase
KH01966,475,AddCart
KH01342,21,AddCart
KH01283,202,Click
KH00995,309,AddCart
KH00372,169,View
KH01281,265,Purchase
KH01592,424,AddCart
KH00980,76,AddCart
KH01611,251,Purchase
KH00496,175,AddCart
KH00283,315,Click
KH00066,113,View
KH00452,465,AddCart
KH01368,269,AddCart
KH01949,209,View
KH01334,481,Purchase
KH01460,489,Click
KH01186,15,AddCart
KH00139,460,Purchase
KH01798,21,Click
KH01557,55,View
KH01840,146,AddCart
KH00792,328,AddCart
KH01796,107,Click
KH02000,8,AddCart
KH01940,278,Purchase
KH01068,464,Purchase
KH01450,145,View
KH01606,335,Purchase
KH01479,175,Click
KH00799,427,Click
KH01090,214,AddCart
KH01660,54,AddCart
KH00987,371,Purchase
KH01853,239,Purchase
KH00802,18,AddCart
KH00979,366,Purchase
KH01827,90,View
KH00840,457,View
KH00807,222,AddCart
KH00228,462,Click
KH01393,468,Click
KH00825,313,AddCart
KH00048,276,AddCart
KH00779,317,Click
KH01752,35,Click
KH01589,255,Purchase
KH00741,319,AddCart
KH01959,53,Purchase
KH00775,89,View
KH00027,390,Purchase
KH00412,355,Click
KH00065,169,Click
KH00076,242,Click
KH00553,324,Click
KH00290,414,Click
KH01524,98,Purchase
KH01397,82,AddCart
KH00954,243,Purchase
KH00539,245,View
KH01345,373,Purchase
KH00875,216,AddCart
KH00348,330,Click
KH01137,82,View
KH00761,170,Click
KH01572,109,View
KH01713,424,Click
KH01113,368,Purchase
KH00147,437,AddCart
KH00851,396,View
KH01900,21,Click
KH01469,380,AddCart
KH01649,167,View
KH01774,476,View
KH01226,344,View
KH00426,141,Click
KH01232,375,Click
KH00177,154,AddCart
KH01780,313,Click
KH01921,414,Purchase
KH00964,402,Purchase
KH00066,46,Purchase
KH00334,360,AddCart
KH01466,302,AddCart
KH00064,211,View
KH01770,86,Purchase
KH01012,423,Purchase
KH00063,116,Purchase
KH00906,282,View
KH00455,334,Purchase
KH00127,450,Click
KH00655,485,View
KH01722,199,AddCart
KH00039,273,AddCart
KH01006,453,Click
KH01803,14,Click
KH01821,361,View
KH01244,161,View
KH00934,295,AddCart
KH00302,216,View
KH01717,24,View
KH01882,107,AddCart
KH01766,424,View
KH01377,71,Click
KH01707,228,View
KH01843,159,AddCart
KH01130,166,Purchase
KH00356,317,AddCart
KH01490,148,Purchase
KH00155,196,View
KH01337,374,Purchase
KH01910,333,AddCart
KH00460,409,AddCart
KH00750,46,Click
KH00201,147,AddCart
KH01143,238,Click
KH00917,93,Click
KH01243,422,Click
KH00432,193,View
KH01883,260,AddCart
KH00135,37,View
KH00408,329,Purchase
KH00789,179,Purchase
KH01254,381,Purchase
KH01040,402,View
KH00377,28,Purchase
KH00076,41,AddCart
KH01051,276,Click
KH00154,499,AddCart
KH01396,33,View
KH00074,258,AddCart
KH01023,324,Click
KH01566,440,Click
KH00010,8,View
KH01600,130,Purchase
KH00185,16,View
KH00473,253,Click
KH00884,252,Click
KH00538,391,Click
KH01277,121,Purchase
KH01788,438,Purchase
KH01965,347,View
KH01565,77,Purchase
KH01770,379,Click
KH00130,254,View
KH00167,148,AddCart
KH01792,107,AddCart
KH01414,472,Click
KH00572,315,View
KH01772,40,View
KH01098,165,AddCart
KH00793,354,View
KH01263,469,Purchase
KH01622,447,AddCart
KH00461,278,View
KH00147,321,AddCart
KH00213,27,Purchase
KH00549,247,AddCart
KH00368,195,View
KH01154,282,View
KH02000,250,Click
KH01568,339,Purchase
KH00209,317,Purchase
KH01006,319,View
KH01949,33,Purchase
KH00905,262,Click
KH01128,333,AddCart
KH00895,320,View
KH00708,475,View
KH00640,27,View
KH00923,153,Purchase
KH00734,444,View
KH01171,204,AddCart
KH01208,89,Purchase
KH01110,428,View
KH01482,232,View
KH00140,284,AddCart
KH01887,405,View
KH01458,473,AddCart
KH00681,23,View
KH01446,81,View
KH00492,140,View
KH00713,207,Purchase
KH01193,297,AddCart
KH00280,249,Click
KH00442,344,AddCart
KH01214,414,AddCart
KH01692,155,AddCart
KH01395,482,AddCart
KH01249,440,AddCart
KH00991,436,AddCart
KH00559,361,Click
KH01972,336,Click
KH00885,22,Purchase
KH01912,350,Purchase
KH00288,133,AddCart
KH00419,450,Purchase
KH01297,103,View
KH00830,340,Purchase
KH01814,96,Click
KH01940,453,View
KH01818,457,Click
KH00710,452,View
KH01274,438,AddCart
KH00291,29,View
KH01624,276,AddCart
KH00148,189,AddCart
KH01020,90,View
KH01338,69,Purchase
KH01133,129,View
KH01531,488,Click
KH01098,490,Purchase
KH01268,180,AddCart
KH00176,225,View
KH01344,241,Purchase
KH00641,321,Purchase
KH00010,20,Purchase
KH00782,353,Purchase
KH00005,377,AddCart
KH01021,141,View
KH00526,180,View
KH01743,392,AddCart
KH00798,165,AddCart
KH01143,454,AddCart
KH00333,452,AddCart
KH01498,214,Purchase
KH01430,278,View
KH00125,483,Click
KH00458,441,View
KH01353,258,AddCart
KH00125,136,Purchase
KH01376,222,AddCart
KH00515,39,Purchase
KH00012,242,View
KH00934,140,AddCart
KH01951,293,AddCart
KH00796,196,View
KH00428,126,View
KH00806,175,View
KH00715,497,Purchase
KH01761,366,Purchase
KH00366,410,Purchase
KH00953,163,AddCart
KH01217,167,Purchase
KH00345,306,Purchase
KH00397,194,AddCart
KH00292,32,AddCart
KH00060,359,Click
KH01413,387,View
KH01400,222,View
KH01608,180,Click
KH01342,115,AddCart
KH01997,246,Click
KH01013,491,View
KH01628,133,AddCart
KH01158,272,AddCart
KH00076,236,Purchase
KH01685,83,Click
KH01543,369,View
KH01943,363,AddCart
KH01512,132,AddCart
KH00317,424,AddCart
KH00064,489,Purchase
KH00045,119,Click
KH00811,199,Purchase
KH00423,11,Click
KH00336,110,Purchase
KH01538,494,Purchase
KH00457,32,Purchase
KH00481,495,Purchase
KH00063,474,AddCart
KH00445,34,Purchase
KH01774,96,Click
KH01590,324,AddCart
KH01219,106,View
KH00895,115,View
KH00378,271,View
KH01192,27,View
KH00936,173,Purchase
KH01134,118,Purchase
KH01447,279,View
KH01657,114,Purchase
KH00083,200,AddCart
KH00090,321,Purchase
KH01149,150,Purchase
KH00605,35,Click
KH00623,145,Purchase
KH01047,234,View
KH00151,229,View
KH01786,468,Click
KH01884,291,View
KH00989,426,View
KH01356,137,AddCart
KH01285,87,Purchase
KH01074,436,View
KH00746,481,AddCart
KH00960,117,Purchase
KH01688,35,Purchase
KH00760,350,Click
KH01139,269,View
KH00886,209,Click
KH00601,426,View
KH01654,202,Purchase
KH01190,452,Click
KH01150,200,View
KH01330,117,Click
KH00674,98,AddCart
KH00034,369,Purchase
KH01405,236,AddCart
KH01188,465,View
KH01179,214,AddCart
KH00871,419,Purchase
KH01375,199,Purchase
KH01560,141,Purchase
KH00520,445,AddCart
KH00218,44,Click
KH01739,44,View
KH01759,486,Purchase
KH00258,493,View
KH01993,494,AddCart
KH01448,13,AddCart
KH00627,464,Purchase
KH01996,460,AddCart
KH00701,342,Purchase
KH01357,63,Click
KH00691,133,View
KH01692,448,AddCart
KH00422,227,Purchase
KH01319,342,AddCart
KH01762,301,View
KH00227,330,View
KH01483,143,Click
KH00235,188,Purchase
KH01467,185,Click
KH01384,345,View
KH00282,68,Purchase
KH01307,99,Click
KH01799,219,Click
KH00456,367,View
KH01064,311,AddCart
KH01234,455,AddCart
KH00178,200,AddCart
KH01109,280,Purchase
KH01580,343,Purchase
KH00314,114,AddCart
KH01717,328,AddCart
KH01404,302,Click
KH00974,373,View
KH01805,486,View
KH00941,226,View
KH00846,308,View
KH01210,481,AddCart
KH00930,457,AddCart
KH00664,384,Purchase
KH01799,216,AddCart
KH00350,309,Click
KH01092,238,Click
KH00318,376,View
KH00168,115,View
KH01368,406,Click
KH01687,179,Click
KH01121,231,AddCart
KH01279,358,AddCart
KH00405,402,AddCart
KH01178,178,Click
KH00365,154,AddCart
KH01163,447,Click
KH00499,22,AddCart
KH00713,389,View
KH01734,33,AddCart
KH01421,490,AddCart
KH00049,356,Purchase
KH01006,169,Purchase
KH00928,330,AddCart
KH00430,22,AddCart
KH00448,7,View
KH00396,140,Purchase
KH01425,359,View
KH00988,338,View
KH00479,252,View
KH00856,123,View
KH01659,2,AddCart
KH01158,368,Click
KH01280,21,Click
KH01878,386,Purchase
KH01694,201,Click
KH01110,430,Purchase
KH01622,184,Purchase
KH00254,181,Purchase
KH00030,115,Purchase
KH00657,317,Click
KH01767,94,Purchase
KH01362,112,Click
KH00217,95,Purchase
KH00216,15,AddCart
KH01872,27,Purchase
KH00324,58,Purchase
KH01104,160,Purchase
KH01010,12,AddCart
KH01171,367,Click
KH01321,393,AddCart
KH01691,316,View
KH00667,403,Click
KH00713,428,View
KH00983,316,AddCart
KH00949,496,AddCart
KH01446,142,Purchase
KH00196,288,View
KH00183,479,Click
KH00203,20,Purchase
KH01234,157,Purchase
KH00643,177,View
KH01279,260,AddCart
KH01254,222,AddCart
KH01700,171,Click
KH00002,387,Purchase
KH00188,220,Click
KH01508,178,AddCart
KH00302,406,Purchase
KH00894,269,AddCart
KH01462,345,Purchase
KH00127,332,AddCart
KH00511,316,AddCart
KH01055,464,Purchase
KH01153,339,AddCart
KH01784,196,AddCart
KH00053,117,View
KH01117,260,AddCart
KH01982,88,AddCart
KH00713,500,AddCart
KH00791,62,Click
KH00453,457,Click
KH01540,63,AddCart
KH01255,126,AddCart
KH01204,345,Purchase
KH00990,443,Purchase
KH00398,418,AddCart
KH01411,444,AddCart
KH01237,276,View
KH01987,403,Click
KH00860,352,Click
KH01291,77,Purchase
KH01812,90,Click
KH01250,480,AddCart
KH00031,217,View
KH00522,174,Click
KH01037,368,Purchase
KH00864,452,View
KH00910,356,AddCart
KH01931,73,Purchase
KH00993,490,AddCart
KH01686,251,AddCart
KH01718,437,View
KH01559,287,AddCart
KH01882,416,AddCart
KH01723,278,Click
KH01371,257,Purchase
KH00459,402,AddCart
KH00500,453,View
KH00963,99,Purchase
KH01214,446,View
KH01714,308,Click
KH00466,247,View
KH00268,214,Click
KH01662,13,Click
KH00791,153,AddCart
KH01273,149,Purchase
KH00663,6,Purchase
KH00540,207,View
KH01370,384,View
KH00947,49,View
KH00864,254,Click
KH01027,161,AddCart
KH01608,63,Purchase
KH00490,63,Purchase
KH00281,299,AddCart
KH01340,185,Purchase
KH01379,318,Click
KH00507,481,View
KH01035,25,View
KH01303,64,Purchase
KH01453,319,AddCart
KH00189,133,Click
KH00224,258,Click
KH00265,173,AddCart
KH00652,336,Purchase
KH00311,377,AddCart
KH01707,178,Purchase
KH00161,369,Click
KH00191,484,AddCart
KH01741,201,AddCart
KH00089,448,View
KH00810,95,AddCart
KH00372,47,Click
KH01189,365,Click
KH01181,295,Click
KH01831,189,View
KH01063,450,Click
KH00494,345,View
KH00984,14,View
KH01925,226,Purchase
KH01488,267,AddCart
KH01336,348,Purchase
KH00221,375,View
KH00553,326,View
KH01093,26,AddCart
KH00588,312,Purchase
KH01740,62,View
KH00358,80,Click
KH01655,58,View
KH00751,246,AddCart
KH01334,342,Click
KH00701,1,Click
KH01014,118,Purchase
KH01180,226,View
KH01128,329,AddCart
KH01064,65,Purchase
KH00118,282,Click
KH01125,271,View
KH00728,254,View
KH00606,357,AddCart
KH01355,347,AddCart
KH00745,370,Purchase
KH01043,169,Purchase
KH00360,277,View
KH01180,94,AddCart
KH00377,130,Click
KH01909,351,Click
KH00266,32,Click
KH00068,348,Click
KH01329,448,Click
KH01171,131,View
KH01965,10,Purchase
KH01431,287,Purchase
KH01341,395,Click
KH00532,54,Click
KH00562,59,Click
KH00579,351,AddCart
KH01769,16,Click
KH01682,139,Purchase
KH00209,416,Click
KH00131,43,Click
KH00965,225,View
KH01996,274,View
KH00718,341,Click
KH01432,313,Purchase
KH01199,161,Purchase
KH00308,116,AddCart
KH01816,83,View
KH00775,309,View
KH01552,225,AddCart
KH01037,419,View
KH01424,125,View
KH00228,98,View
KH01093,137,AddCart
KH01570,482,Purchase
KH00469,403,AddCart
KH00213,54,View
KH00109,126,AddCart
KH01477,491,AddCart
KH00334,180,AddCart
KH00850,429,AddCart
KH01837,26,AddCart
KH00420,142,Purchase
KH01208,470,AddCart
KH01606,388,Click
KH01800,342,Purchase
KH01453,294,View
KH01988,123,View
KH00002,251,Click
KH00589,331,AddCart
KH00866,432,Click
KH01472,467,Click
KH01459,113,Click
KH00117,77,Purchase
KH01368,239,Click
KH01912,218,View
KH00504,12,Purchase
KH01557,226,AddCart
KH00202,485,Purchase
KH01775,249,Purchase
KH00778,207,AddCart
KH01064,132,View
KH00166,274,AddCart
KH00543,394,Purchase
KH00859,406,Purchase
KH00276,15,AddCart
KH00225,102,AddCart
KH01208,293,View
KH01517,415,AddCart
KH00110,424,Click
KH01794,171,Purchase
KH01078,98,AddCart
KH00728,339,Click
KH00731,105,Click
KH00636,226,Purchase
KH01525,13,Purchase
KH01568,484,AddCart
KH01508,447,Purchase
KH01859,374,View
KH01568,178,View
KH00966,370,View
KH01637,65,View
KH01505,15,Click
KH00515,286,Purchase
KH01729,261,Purchase
KH00235,365,AddCart
KH00695,248,View
KH00781,458,View
KH01358,61,Click
KH00798,417,View
KH01969,2,Click
KH01054,213,AddCart
KH00566,197,AddCart
KH00072,196,Purchase
KH01312,9,AddCart
KH00726,397,Click
KH01180,446,Click
KH01786,392,AddCart
KH00603,190,View
KH01562,141,View
KH01708,38,Click
KH00927,147,Click
KH00441,264,AddCart
KH00787,266,View
KH00755,8,AddCart
KH00885,301,AddCart
KH01865,298,Purchase
KH00401,371,View
KH00079,162,View
KH00995,22,Click
KH00743,193,Click
KH01537,42,View
KH01686,321,Click
KH01511,497,View
KH01836,114,Purchase
KH01532,204,Click
KH00231,320,AddCart
KH01444,414,Purchase
KH01484,223,AddCart
KH00621,12,View
KH00767,317,Purchase
KH01439,456,Click
KH00254,82,Purchase
KH01081,191,AddCart
KH00001,497,AddCart
KH01746,440,Purchase
KH01266,206,View
KH01452,300,AddCart
KH00260,351,View
KH01563,189,Purchase
KH00752,489,Purchase
KH00325,78,Purchase
KH01629,239,AddCart
KH01734,308,AddCart
KH01222,122,Click
KH01318,100,Click
KH00965,482,Click
KH00919,450,Click
KH01975,341,Purchase
KH00498,456,Click
KH01598,456,View
KH00735,59,Purchase
KH00882,22,Purchase
KH01420,353,AddCart
KH00465,281,Purchase
KH01065,443,Purchase
KH00172,81,Purchase
KH00485,84,Click
KH00564,69,Purchase
KH00338,322,Click
KH00031,223,View
KH00911,421,AddCart
KH01407,146,AddCart
KH01690,203,Click
KH01553,472,View
KH01617,423,AddCart
KH01886,346,AddCart
KH00458,246,Click
KH00650,388,View
KH00482,420,Click
KH01312,106,Purchase
KH00229,68,Purchase
KH01382,433,Click
KH00531,463,View
KH00783,454,Click
KH00235,397,AddCart
KH00928,196,Purchase
KH01939,57,Click
KH00072,461,AddCart
KH01171,55,View
KH00099,123,Click
KH00657,213,Purchase
KH01579,159,AddCart
KH00606,166,Purchase
KH00537,391,Purchase
KH00280,235,View
KH00008,453,AddCart
KH00812,171,AddCart
KH00721,135,AddCart
KH00084,101,AddCart
KH00479,409,Click
KH00631,443,Purchase
KH01385,418,Purchase
KH01886,469,AddCart
KH00213,338,Purchase
KH00722,205,View
KH00730,342,AddCart
KH01117,296,View
KH00580,201,Purchase
KH01841,270,View
KH00245,389,View
KH01939,63,Click
KH01317,36,Click
KH01433,171,View
KH00554,263,View
KH00140,120,Purchase
KH01803,390,View
KH00621,500,Purchase
KH00176,181,View
KH00069,235,Click
KH00808,180,View
KH01412,175,Purchase
KH01571,446,AddCart
KH01819,100,View
KH01353,487,AddCart
KH00325,421,Purchase
KH01359,438,Click
KH01279,93,View
KH00740,77,AddCart
KH00458,183,Purchase
KH00962,234,View
KH00277,490,AddCart
KH00032,388,View
KH00171,396,View
KH00397,420,Click
KH01866,450,Click
KH00377,137,Click
KH01286,400,Click
KH01560,308,AddCart
KH01375,186,View
KH00007,392,Click
KH01565,183,View
KH01856,254,View
KH01318,316,View
KH01296,110,View
KH00256,240,Click
KH01051,326,Purchase
KH00034,136,Click
KH01413,4,Click
KH00613,468,Click
KH00379,110,AddCart
KH00848,211,Purchase
KH01026,310,Click
KH00572,289,AddCart
KH01965,125,View
KH01570,72,View
KH00758,93,View
KH00474,44,Click
KH00499,88,Purchase
KH00222,125,Purchase
KH00070,177,Purchase
KH00118,113,AddCart
KH01891,203,View
KH00712,192,Purchase
KH01782,469,Purchase
KH00515,177,Click
KH01786,77,Purchase
KH00889,360,Click
KH00095,47,AddCart
KH01498,349,Click
KH00816,189,Click
KH00248,231,Purchase
KH01097,110,Click
KH00382,261,Click
KH00033,474,Click
KH01969,317,View
KH00625,297,Purchase
KH00529,143,AddCart
KH00928,212,AddCart
KH01524,248,View
KH01497,132,AddCart
KH00787,208,AddCart
KH01989,213,View
KH01412,103,Click
KH01898,395,Click
KH01246,458,Click
KH01204,91,Click
KH01891,291,View
KH00682,170,Purchase
KH00351,37,Purchase
KH00894,13,AddCart
KH01629,449,View
KH00997,48,AddCart
KH00861,114,Purchase
KH00454,452,View
KH00727,475,View
KH01672,498,View
KH01670,338,View
KH01734,383,Purchase
KH01790,430,Purchase
KH01119,306,Purchase
KH00992,281,View
KH01377,54,View
KH01907,24,Purchase
KH01861,49,View
KH01313,366,Purchase
KH00718,218,Purchase
KH00679,281,Purchase
KH01101,397,Click
KH01131,116,View
KH00935,391,Purchase
KH00441,479,AddCart
KH00105,1,Purchase
KH00164,499,View
KH01678,410,View
KH01821,225,View
KH00735,329,Click
KH01349,55,View
KH01386,245,AddCart
KH00987,423,AddCart
KH01763,404,Purchase
KH01423,386,Purchase
KH01041,495,Click
KH01097,127,View
KH00216,82,View
KH00165,128,Purchase
KH01839,286,View
KH00464,48,View
KH00268,413,Click
KH00709,291,AddCart
KH01719,447,Purchase
KH00921,458,Click
KH01941,307,Purchase
KH00095,171,AddCart
KH01822,296,Purchase
KH01133,366,View
KH00649,112,Purchase
KH00540,46,AddCart
KH00275,305,Purchase
KH00603,493,AddCart
KH00723,99,AddCart
KH00350,356,AddCart
KH00065,252,Click
KH00724,367,Purchase
KH00824,34,AddCart
KH00092,65,View
KH00772,424,Purchase
KH00567,350,AddCart
KH00766,67,Purchase
KH00681,106,AddCart
KH00869,428,Purchase
KH00891,51,AddCart
KH01454,196,View
KH00809,27,AddCart
KH00730,472,Click
KH01718,274,Purchase
KH00372,296,Click
KH00979,243,AddCart
KH01700,277,Purchase
KH01824,169,Click
KH00271,285,Purchase
KH00552,429,Click
KH01796,245,View
KH01069,198,View
KH01595,237,Click
KH00374,147,Purchase
KH01916,154,Purchase
KH00265,477,View
KH01352,363,AddCart
KH01932,184,View
KH00494,307,AddCart
KH00709,2,Click
KH00476,406,AddCart
KH01455,381,AddCart
KH01062,470,Click
KH00677,157,Purchase
KH00996,3,View
KH01283,391,AddCart
KH01155,4,View
KH00160,103,View
KH00232,423,Click
KH00575,187,Click
KH01115,154,Click
KH01314,237,Click
KH00461,123,View
KH00472,290,Purchase
KH01734,42,AddCart
KH00545,194,View
KH01364,124,View
KH00712,460,AddCart
KH00805,484,Purchase
KH01989,220,View
KH00779,360,AddCart
KH00305,137,Click
KH00273,62,Purchase
KH01511,328,AddCart
KH00327,90,View
KH01789,228,Purchase
KH01274,84,Click
KH01414,27,View
KH01429,287,Click
KH01109,119,Click
KH01135,469,View
KH00438,207,AddCart
KH00542,389,AddCart
KH01523,52,Click
KH01439,415,Purchase
KH00847,480,AddCart
KH01659,104,Click
KH00985,209,Click
KH01757,328,Click
KH01630,179,Click
KH01204,481,View
KH00202,15,Purchase
KH00459,157,Click
KH00708,376,AddCart
KH01034,252,AddCart
KH01581,360,Purchase
KH00725,74,Purchase
KH00421,385,View
KH01782,22,AddCart
KH00615,286,Click
KH01136,300,AddCart
KH01128,467,AddCart
KH00216,6,Click
KH00299,426,View
KH01311,435,View
KH01740,249,AddCart
KH00959,188,View
KH01461,367,View
KH01396,178,Purchase
KH01180,254,AddCart
KH00870,328,Purchase
KH01788,85,Click
KH01761,60,AddCart
KH00216,493,Purchase
KH01374,436,AddCart
KH00628,96,Click
KH00210,365,Click
KH01903,277,Purchase
KH00652,381,Click
KH00655,119,View
KH01348,417,Purchase
KH01960,490,Click
KH01245,144,Click
KH00075,186,Click
KH01016,70,AddCart
KH01041,439,Purchase
KH01089,423,View
KH00752,366,AddCart
KH00110,95,AddCart
KH01292,138,AddCart
KH01823,500,View
KH00513,444,Click
KH00639,170,Click
KH01674,234,Click
KH01837,285,View
KH00157,11,Purchase
KH00218,189,Purchase
KH00521,286,AddCart
KH01300,209,AddCart
KH01795,445,Purchase
KH00469,98,View
KH00460,16,AddCart
KH00975,413,Click
KH00488,418,Click
KH00373,194,Purchase
KH00393,494,Click
KH00388,259,Purchase
KH01864,213,View
KH00216,184,AddCart
KH00164,460,View
KH01082,9,AddCart
KH01654,266,AddCart
KH01978,76,AddCart
KH00917,103,AddCart
KH01673,492,AddCart
KH01156,181,Click
KH01491,194,Purchase
KH00117,208,Click
KH00887,436,View
KH01391,342,View
KH01912,332,AddCart
KH00424,27,Purchase
KH01934,419,AddCart
KH01826,375,Purchase
KH01368,184,View
KH00359,56,Purchase
KH01804,423,View
KH00465,302,Click
KH00622,71,Click
KH00851,177,Purchase
KH01559,292,AddCart
KH01335,348,Purchase
KH00478,394,AddCart
KH00213,34,Click
KH00280,353,Click
KH00718,89,AddCart
KH01092,375,Click
KH00193,385,Purchase
KH00378,431,Click
KH00753,454,Click
KH00415,464,View
KH01194,166,Purchase
KH00775,72,AddCart
KH01953,23,View
KH01392,111,Purchase
KH01473,254,Purchase
KH01445,297,Purchase
KH00786,392,Click
KH00648,107,Click
KH00035,316,Click
KH01194,448,AddCart
KH01877,338,Click
KH00844,252,Purchase
KH00129,240,Purchase
KH00546,326,Purchase
KH00904,462,Click
KH01734,476,AddCart
KH01221,374,Click
KH00662,176,View
KH01092,432,View
KH01394,50,View
KH01415,339,Click
KH01462,161,Purchase
KH01778,195,AddCart
KH00604,253,View
KH00761,424,Purchase
KH00926,231,Purchase
KH01809,354,Purchase
KH01773,5,AddCart
KH00050,216,View
KH00970,198,AddCart
KH01598,6,Click
KH01683,317,Click
KH00329,23,AddCart
KH00654,220,Click
KH00369,101,View
KH00627,293,Click
KH01724,468,Purchase
KH01370,417,Click
KH00372,342,AddCart
KH01475,418,View
KH00801,325,Purchase
KH01827,33,Click
KH00419,215,Click
KH00415,174,View
KH00781,180,Purchase
KH00049,340,Purchase
KH00822,195,AddCart
KH00252,370,View
KH00842,404,Purchase
KH01554,293,Purchase
KH01423,458,Click
KH01276,300,Click
KH00382,384,AddCart
KH01500,205,View
KH01443,471,Purchase
KH01650,475,AddCart
KH01541,197,Purchase
KH01246,375,Click
KH00500,462,View
KH01070,190,View
KH00831,274,View
KH00841,385,AddCart
KH00599,280,View
KH01508,124,Click
KH01532,463,Click
KH00137,184,AddCart
KH01858,286,AddCart
KH01225,355,View
KH00280,280,Click
KH00702,385,AddCart
KH01399,338,Purchase
KH01759,198,AddCart
KH01368,112,Click
KH01839,389,View
KH01154,438,Purchase
KH01175,399,View
KH01385,389,Click
KH01222,434,AddCart
KH00977,340,Purchase
KH01671,364,View
KH00085,182,View
KH01878,107,AddCart
KH01119,165,Click
KH00380,240,View
KH01625,242,AddCart
KH01479,226,AddCart
KH01568,164,View
KH00798,440,AddCart
KH01848,438,View
KH01843,481,View
KH01830,438,Purchase
KH01430,39,View
KH00212,172,AddCart
KH01593,221,View
KH00494,468,View
KH01318,98,Click
KH00275,451,Click
KH00584,291,AddCart
KH00436,376,Purchase
KH00113,119,AddCart
KH01958,421,AddCart
KH00996,361,Click
KH00385,276,Purchase
KH00768,91,Click
KH00032,102,AddCart
KH01298,477,View
KH00496,429,Click
KH01080,304,AddCart
KH00585,90,Purchase
KH00291,21,View
KH01343,318,View
KH01185,410,Click
KH00688,142,View
KH01141,380,AddCart
KH00360,369,View
KH00862,65,AddCart
KH00263,57,AddCart
KH01543,443,Click
KH00208,348,AddCart
KH00512,361,View
KH00051,459,AddCart
KH01599,92,Click
KH01655,1,Purchase
KH01461,430,Click
KH01474,424,View
KH00459,189,Purchase
KH00591,261,View
KH01506,442,View
KH01684,391,View
KH01165,25,AddCart
KH00375,415,Purchase
KH01127,241,View
KH01248,158,View
KH01799,15,Purchase
KH01071,297,View
KH00349,365,Click
KH01493,140,Click
KH01551,345,AddCart
KH01763,161,Click
KH01588,26,Purchase
KH01618,133,AddCart
KH00271,1,AddCart
KH01471,274,AddCart
KH01034,321,AddCart
KH00093,430,Click
KH00549,437,View
KH00674,412,AddCart
KH01671,152,Click
KH00470,219,AddCart
KH01605,329,Click
KH01827,105,Purchase
KH01391,475,AddCart
KH01604,40,View
KH01201,38,View
KH00526,133,Purchase
KH00739,350,AddCart
KH01974,382,Click
KH01730,336,Purchase
KH01834,244,Click
KH01387,139,AddCart
KH00822,1,Click
KH01890,98,Click
KH01244,277,AddCart
KH01982,300,View
KH00245,73,Click
KH00665,469,View
KH01867,421,Click
KH00492,485,Click
KH02000,177,Purchase
KH01407,117,Purchase
KH00658,461,Click
KH01380,25,View
KH01274,274,View
KH01195,179,View
KH00466,340,AddCart
KH00150,134,Click
KH01076,155,Purchase
KH01262,167,AddCart
KH01989,215,AddCart
KH01841,50,AddCart
KH00562,70,View
KH01230,113,View
KH00448,384,Purchase
KH00361,322,Purchase
KH01060,67,AddCart
KH01388,163,AddCart
KH01165,303,View
KH00577,167,Purchase
KH00372,447,View
KH01781,268,AddCart
KH00254,234,Click
KH01082,60,Purchase
KH01595,340,Purchase
KH01804,450,Click
KH00244,488,Purchase
KH00919,489,View
KH00635,476,View
KH00720,80,View
KH00066,346,AddCart
KH01704,478,Purchase
KH01733,307,View
KH01224,121,Click
KH00773,353,Purchase
KH00340,313,AddCart
KH00098,112,AddCart
KH00849,445,Purchase
KH01058,364,AddCart
KH01432,131,Purchase
KH01792,429,Click
KH01686,442,View
KH01930,383,Click
KH01859,259,Click
KH01753,405,AddCart
KH01657,277,View
KH00381,321,Purchase
KH00705,281,Purchase
KH01543,286,Purchase
KH01203,109,Click
KH01219,144,Click
KH01971,282,Purchase
KH01821,169,Click
KH01164,47,View
KH00497,240,Click
KH01642,391,Purchase
KH00567,476,Purchase
KH01417,490,Click
KH00552,105,AddCart
KH00311,348,View
KH01930,92,View
KH00923,254,View
KH00083,390,View
KH01321,154,AddCart
KH00997,7,Click
KH00398,241,Purchase
KH01696,280,Click
KH00333,131,Purchase
KH01536,356,View
KH00177,300,Click
KH01525,25,Purchase
KH00180,428,View
KH00758,131,View
KH01099,178,Click
KH01923,481,AddCart
KH00174,413,AddCart
KH00735,105,Purchase
KH01345,175,AddCart
KH00480,107,View
KH01530,381,View
KH01906,122,Click
KH00627,238,Click
KH01465,111,Click
KH00966,306,Purchase
KH00426,28,AddCart
KH01271,432,AddCart
KH00379,73,View
KH01256,126,View
KH00122,124,AddCart
KH00916,246,Purchase
KH01924,431,Purchase
KH00358,195,View
KH00486,129,View
KH01640,20,View
KH00018,498,AddCart
KH01241,283,AddCart
KH01370,320,AddCart
KH01572,390,View
KH00101,493,AddCart
KH01646,38,View
KH01766,471,Click
KH00410,119,Purchase
KH01227,297,View
KH01036,334,Purchase
KH01350,409,View
KH00162,324,Purchase
KH01299,245,Purchase
KH00060,243,Purchase
KH00256,242,View
KH01637,185,Click
KH01726,446,Purchase
KH01678,423,Click
KH01065,163,View
KH00832,205,AddCart
KH01882,217,Click
KH01552,92,View
KH01835,233,Purchase
KH00958,353,View
KH00455,395,Click
KH01006,484,View
KH01083,292,Click
KH01032,334,Click
KH01378,500,Purchase
KH00984,147,Purchase
KH01688,247,View
KH01376,134,Purchase
KH00417,16,Click
KH00316,369,View
KH01927,183,Purchase
KH01096,330,View
KH00114,334,View
KH01882,128,View
KH00537,218,View
KH00645,142,AddCart
KH01410,278,Purchase
KH00599,185,Purchase
KH01968,465,Click
KH01804,309,AddCart
KH00718,411,Click
KH00944,398,View
KH01742,367,Purchase
KH01302,75,View
KH01766,310,Click
KH01080,60,Purchase
KH01131,485,Purchase
KH01931,38,Click
KH01422,435,AddCart
KH00529,121,Click
KH01373,367,View
KH01138,44,AddCart
KH00373,485,View
KH01389,29,Purchase
KH00761,448,Click
KH01768,487,Click
KH00939,34,View
KH00534,267,View
KH01273,486,View
KH00742,336,View
KH01428,383,Purchase
KH00070,139,Click
KH01685,291,AddCart
KH00186,24,View
KH00647,60,Purchase
KH01104,274,View
KH00014,301,AddCart
KH01907,241,Click
KH01421,253,Click
KH01486,98,View
KH00652,236,Purchase
KH01862,426,Purchase
KH01717,377,Purchase
KH01067,382,Purchase
KH00694,223,View
KH00334,109,View
KH01077,450,Click
KH01457,37,AddCart
KH01186,267,AddCart
KH01324,414,Click
KH01500,397,View
KH01289,104,Purchase
KH01215,468,Click
KH00734,35,AddCart
KH01488,168,Click
KH00391,241,Click
KH01944,383,View
KH00259,343,AddCart
KH00285,306,View
KH01689,459,AddCart
KH00690,402,AddCart
KH00554,354,View
KH01173,309,Click
KH01306,485,Purchase
KH00563,395,Purchase
KH01774,133,Purchase
KH00873,73,Click
KH01542,259,Purchase
KH01460,367,View
KH01086,269,Purchase
KH01129,188,AddCart
KH00779,76,Purchase
KH01134,380,AddCart
KH00663,333,Purchase
KH01701,354,Purchase
KH01351,79,Click
KH01981,215,Purchase
KH00595,264,View
KH01766,63,Purchase
KH01852,108,Purchase
KH00444,495,Purchase
KH00127,123,View
KH00212,169,AddCart
KH01586,134,AddCart
KH01506,208,Click
KH01854,154,AddCart
KH01532,111,Purchase
KH00734,328,Purchase
KH00635,317,View
KH00295,38,View
KH01450,106,Purchase
KH01836,268,Click
KH00965,398,AddCart
KH00799,396,AddCart
KH00705,209,View
KH00895,208,Purchase
KH01813,430,View
KH00928,74,Purchase
KH00625,197,Purchase
KH01496,206,AddCart
KH01383,156,AddCart
KH00520,257,Purchase
KH00010,444,Click
KH01138,47,Purchase
KH01714,266,View
KH01641,194,View
KH00353,480,AddCart
KH01842,19,Purchase
KH01864,389,Purchase
KH00706,53,Click
KH01967,278,View
KH00416,35,AddCart
KH00913,150,Click
KH00723,427,View
KH00149,83,AddCart
KH01870,103,AddCart
KH01486,339,AddCart
KH00229,302,AddCart
KH00451,208,Click
KH01677,37,View
KH00542,315,AddCart
KH01007,185,Click
KH01134,40,View
KH00016,114,Click
KH00753,208,Purchase
KH00016,269,Click
KH00283,80,Click
KH01560,445,Purchase
KH01409,48,View
KH01756,87,Click
KH00125,399,Purchase
KH01835,281,View
KH01969,363,Purchase
KH00301,296,AddCart
KH00934,387,AddCart
KH01838,126,Purchase
KH01551,299,AddCart
KH00492,175,AddCart
KH01473,38,Click
KH01331,297,View
KH00328,266,Click
KH00923,380,Click
KH01379,129,Click
KH01705,341,AddCart
KH00087,359,AddCart
KH00993,497,Click
KH00536,91,Purchase
KH01950,467,Purchase
KH01487,486,Purchase
KH01570,22,AddCart
KH01642,361,Purchase
KH00241,414,Purchase
KH00440,193,Click
KH00036,115,AddCart
KH01008,427,Click
KH00157,287,AddCart
KH01705,44,View
KH01234,450,View
KH00310,349,View
KH01730,353,Click
KH01175,254,Click
KH00502,63,View
KH00889,407,Click
KH00572,350,Click
KH01292,126,Purchase
KH00300,173,Purchase
KH01634,373,Purchase
KH01249,369,AddCart
KH00714,408,Click
KH01133,75,View
KH00427,44,AddCart
KH01579,35,Click
KH01137,228,Purchase
KH01139,353,AddCart
KH00671,480,Click
KH00135,433,AddCart
KH00382,45,View
KH01770,146,Click
KH01645,452,View
KH01917,344,AddCart
KH01796,12,AddCart
KH01500,162,Click
KH00982,75,Click
KH00468,232,View
KH00109,474,AddCart
KH01150,147,Click
KH01562,115,Purchase
KH00213,146,Click
KH01827,159,Purchase
KH00969,20,Click
KH01126,125,View
KH00362,224,AddCart
KH00168,111,Purchase
KH01328,47,Click
KH01067,28,Click
KH01278,460,Purchase
KH01024,218,AddCart
KH01171,343,Purchase
KH00539,131,AddCart
KH00369,155,AddCart
KH01773,286,Purchase
KH00002,317,View
KH00700,75,Purchase
KH00250,24,Purchase
KH00864,78,AddCart
KH00692,133,Purchase
KH00919,209,View
KH01797,119,View
KH00506,209,Purchase
KH00828,136,Purchase
KH01077,431,View
KH01090,158,AddCart
KH01200,452,View
KH00423,168,Click
KH00720,11,Purchase
KH00268,424,View
KH00980,201,AddCart
KH00998,296,View
KH01236,332,Click
KH00596,276,View
KH01433,290,Purchase
KH00379,274,Purchase
KH01088,299,Purchase
KH00426,31,View
KH00213,250,AddCart
KH00891,61,Purchase
KH00707,69,Purchase
KH01171,405,Purchase
KH01186,472,AddCart
KH01817,10,Purchase
KH00123,457,AddCart
KH01803,300,Click
KH01656,178,AddCart
KH01312,205,Click
KH01404,362,Purchase
KH00318,237,Click
KH00251,470,AddCart
KH01602,364,Purchase
KH01993,272,AddCart
KH00630,100,View
KH01838,210,AddCart
KH00329,259,Click
KH01198,347,AddCart
KH00078,123,Click
KH00335,200,Purchase
KH01622,418,Click
KH00203,156,View
KH00769,139,View
KH01160,256,Click
KH01131,407,AddCart
KH01293,152,View
KH00935,137,Click
KH01941,30,View
KH01306,31,Click
KH00817,460,View
KH00499,94,View
KH01143,475,AddCart
KH00930,326,Purchase
KH01633,196,Purchase
KH00621,274,Click
KH00070,183,View
KH01613,90,AddCart
KH00887,51,View
KH01394,165,View
KH00026,154,Purchase
KH00019,362,AddCart
KH01052,241,View
KH00154,339,Purchase
KH00714,4,Click
KH01687,139,Click
KH00431,105,Purchase
KH01677,216,View
KH01736,316,View
KH00497,190,Click
KH00737,240,Click
KH00721,422,Purchase
KH00155,368,View
KH01863,274,AddCart
KH00237,437,Click
KH00529,117,Click
KH00601,97,Click
KH00740,182,Click
KH01242,440,Click
KH01790,479,Click
KH00876,390,View
KH00994,420,Click
KH00747,261,Click
KH01048,208,View
KH01154,52,View
KH01562,119,Purchase
KH00166,399,Click
KH00805,346,Purchase
KH00879,119,AddCart
KH00541,408,AddCart
KH00402,422,Click
KH01151,77,AddCart
KH01685,414,View
KH01516,490,View
KH00515,187,Click
KH01259,214,Purchase
KH00398,265,Purchase
KH01402,151,Click
KH00436,28,View
KH00162,20,View
KH00616,257,AddCart
KH00253,40,View
KH01630,389,AddCart
KH01324,346,AddCart
KH01095,40,AddCart
KH01720,146,Purchase
KH01467,48,Click
KH00898,12,AddCart
KH01284,166,Click
KH01048,257,Click
KH01843,259,AddCart
KH00830,189,Click
KH00881,452,View
KH01264,149,View
KH01841,348,AddCart
KH00535,421,Click
KH01214,438,AddCart
KH01981,380,View
KH01005,303,AddCart
KH00031,112,Click
KH01872,364,Purchase
KH01778,382,Purchase
KH00198,332,AddCart
KH00226,499,Purchase
KH01878,204,AddCart
KH01562,22,Purchase
KH00631,200,Purchase
KH00449,52,Purchase
KH00196,411,View
KH00895,195,AddCart
KH01065,490,Purchase
KH01301,366,AddCart
KH01989,467,Purchase
KH01271,359,View
KH01258,486,Click
KH01974,14,Click
KH01750,246,AddCart
KH00371,331,Purchase
KH00390,288,Click
KH00912,385,AddCart
KH00498,460,Click
KH00519,50,Click
KH00075,204,Click
KH00934,236,View
KH01854,279,View
KH01439,176,View
KH00640,151,Click
KH01214,356,AddCart
KH00257,491,Click
KH00270,72,AddCart
KH01098,215,Click
KH01249,437,View
KH00466,453,Click
KH00024,274,Click
KH01127,444,Click
KH00622,411,View
KH00783,468,Click
KH00324,134,Purchase
KH00935,237,AddCart
KH01136,127,AddCart
KH00232,233,AddCart
KH01372,135,Click
KH00969,326,AddCart
KH00808,313,AddCart
KH01203,276,Purchase
KH01930,197,View
KH00008,195,Click
KH00427,334,Purchase
KH01051,188,AddCart
KH00074,334,AddCart
KH00061,197,View
KH01928,6,View
KH01210,163,AddCart
KH01307,35,AddCart
KH00835,454,View
KH01216,180,View
KH01076,281,Click
KH00106,226,Click
KH01518,133,View
KH01098,156,View
KH01475,418,AddCart
KH01613,185,View
KH01973,200,AddCart
KH00090,17,Click
KH01995,203,Click
KH00611,35,View
KH00855,219,Purchase
KH01416,208,AddCart
KH00982,185,AddCart
KH00090,246,View
KH00010,370,AddCart
KH00753,365,Click
KH01415,286,Purchase
KH00805,406,AddCart
KH00745,271,Purchase
KH00446,490,Purchase
KH00568,421,Purchase
KH01492,299,Purchase
KH01351,265,AddCart
KH01189,433,Purchase
KH00742,255,Click
KH00342,27,Click
KH01931,400,View
KH00613,426,Click
KH01626,82,View
KH01990,10,View
KH01021,447,Click
KH01532,124,AddCart
KH01137,5,Click
KH01053,396,Click
KH00491,236,AddCart
KH01703,155,Purchase
KH00009,373,Click
KH00719,242,View
KH01250,354,AddCart
KH00147,44,AddCart
KH00156,99,Click
KH00508,317,Click
KH00749,101,AddCart
KH00029,165,AddCart
KH01686,104,View
KH01357,450,Purchase
KH01716,39,Click
KH00673,204,View
KH01121,378,Click
KH00117,190,Click
KH00011,68,Click
KH00653,498,AddCart
KH00895,84,Purchase
KH01151,370,AddCart
KH01743,459,Purchase
KH00922,461,Purchase
KH01047,487,View
KH00597,306,Purchase
KH00315,229,View
KH01931,371,View
KH00554,328,View
KH00792,169,Purchase
KH01255,152,AddCart
KH01061,65,View
KH01841,383,View
KH00053,459,AddCart
KH01496,429,View
KH00492,248,Click
KH01214,212,AddCart
KH01988,295,Purchase
KH00990,475,Click
KH00454,116,Click
KH00160,462,View
KH00321,409,AddCart
KH00923,418,Purchase
KH01789,18,View
KH00069,217,Click
KH01339,467,Click
KH00110,292,Purchase
KH00019,350,Purchase
KH00369,76,Purchase
KH00410,462,Purchase
KH00838,356,AddCart
KH01530,451,AddCart
KH01955,348,Click
KH01745,317,View
KH00861,8,View
KH00094,481,Purchase
KH00704,127,AddCart
KH01855,273,Purchase
KH00321,119,Click
KH00924,12,AddCart
KH01334,131,View
KH00731,344,View
KH00039,186,Purchase
KH00406,410,Click
KH00078,486,View
KH01931,131,Click
KH01413,376,Click
KH01313,41,AddCart
KH01146,371,Click
KH00506,88,Purchase
KH01920,149,Purchase
KH01923,41,Click
KH00913,418,Purchase
KH00309,125,AddCart
KH00479,379,View
KH01354,88,Purchase
KH00141,453,View
KH00035,85,AddCart
KH00308,281,AddCart
KH01591,77,Click
KH00397,495,View
KH01243,87,AddCart
KH00594,485,AddCart
KH01963,257,AddCart
KH01890,353,Purchase
KH00696,491,AddCart
KH00666,328,Purchase
KH00268,378,AddCart
KH00381,344,View
KH00723,103,AddCart
KH00037,401,View
KH01333,190,Purchase
KH00595,417,Click
KH01844,156,AddCart
KH00064,125,View
KH01307,251,View
KH00179,82,Click
KH00574,388,AddCart
KH01431,90,Click
KH01882,274,Purchase
KH01432,305,View
KH01559,483,Purchase
KH00287,151,AddCart
KH00589,324,Click
KH01198,202,AddCart
KH01276,226,AddCart
KH01807,410,Click
KH00416,42,AddCart
KH00215,246,View
KH00473,384,View
KH01557,54,Purchase
KH01813,290,View
KH01694,68,View
KH00604,223,AddCart
KH00981,480,Click
KH01040,73,AddCart
KH01630,101,Purchase
KH00661,318,AddCart
KH00572,133,Click
KH01875,130,Click
KH01607,1,Purchase
KH01351,413,View
KH01308,14,Purchase
KH00545,348,View
KH01458,82,AddCart
KH00929,282,AddCart
KH01741,126,AddCart
KH01114,167,View
KH00057,444,Click
KH01201,54,AddCart
KH00989,338,View
KH00911,287,View
KH00313,219,AddCart
KH00791,234,Click
KH01981,313,Purchase
KH00199,70,View
KH01618,449,Purchase
KH00957,499,Purchase
KH00349,317,Click
KH01246,306,View
KH00570,197,Click
KH01641,405,Purchase
KH01769,151,AddCart
KH01908,379,View
KH01920,20,View
KH01711,53,AddCart
KH01980,218,AddCart
KH01033,493,AddCart
KH01119,308,AddCart
KH00099,139,View
KH00197,61,Purchase
KH00974,386,Purchase
KH00437,280,Purchase
KH01639,168,Click
KH00876,220,Purchase
KH01168,209,AddCart
KH01229,109,AddCart
KH01924,483,Purchase
KH00212,195,View
KH01020,52,View
KH00236,397,AddCart
KH00687,182,Purchase
KH01102,479,View
KH00850,146,Click
KH01213,205,View
KH00861,17,View
KH00857,105,Purchase
KH00800,72,Click
KH01290,263,AddCart
KH00756,312,Purchase
KH00978,238,Click
KH01757,426,Click
KH01137,301,Click
KH00573,81,View
KH00500,323,AddCart
KH00550,159,View
KH01044,428,Purchase
KH00816,259,Purchase
KH00151,227,View
KH00147,99,Purchase
KH00066,213,Click
KH00640,468,View
KH01588,311,View
KH01018,298,View
KH01079,142,View
KH01904,64,View
KH01598,111,Purchase
KH00012,306,Click
KH00503,79,Purchase
KH00958,44,View
KH00252,73,View
KH00735,188,View
KH00881,240,Click
KH01813,284,AddCart
KH01274,43,AddCart
KH00495,192,Purchase
KH00565,176,View
KH01583,494,View
KH00826,305,View
KH00348,76,Click
KH00663,168,Click
KH00340,106,Click
KH01706,275,AddCart
KH00083,195,View
KH01123,45,Click
KH00633,292,Click
KH00127,20,View
KH00619,167,View
KH00645,191,Purchase
KH01385,430,Purchase
KH00013,456,AddCart
KH00754,149,AddCart
KH00976,185,View
KH00020,376,View
KH00795,97,Purchase
KH01476,418,View
KH00679,108,AddCart
KH01738,212,Click
KH01948,38,AddCart
KH01053,341,Purchase
KH01864,191,Purchase
KH01621,227,Purchase
KH01841,236,Purchase
KH00604,62,Purchase
KH01473,74,Click
KH01087,376,Click
KH00527,50,AddCart
KH00899,73,Purchase
KH01362,308,Purchase
KH01931,13,Click
KH00424,237,Purchase
KH01001,32,Click
KH00817,181,Purchase
KH00099,87,Click
KH00830,394,Purchase
KH00167,366,Purchase
KH00384,77,View
KH01360,304,AddCart
KH00069,441,AddCart
KH00617,224,AddCart
KH00410,228,AddCart
KH01512,176,Click
KH00567,464,View
KH00487,341,Click
KH01712,63,AddCart
KH00563,218,View
KH00701,454,AddCart
KH01807,236,Click
KH01532,82,AddCart
KH01532,454,Purchase
KH01363,341,View
KH01744,181,View
KH00008,229,View
KH01378,500,Purchase
KH00163,421,Purchase
KH00100,228,AddCart
KH00789,408,View
KH00947,383,Purchase
KH00849,473,View
KH01210,207,View
KH00272,58,Purchase
KH00460,109,Click
KH00644,226,Purchase
KH01072,38,Click
KH00836,335,Purchase
KH01781,89,AddCart
KH01427,240,AddCart
KH01550,64,Click
KH00996,295,Purchase
KH00095,450,AddCart
KH01644,83,Purchase
KH00031,365,View
KH00458,484,View
KH01436,390,Purchase
KH00834,311,AddCart
KH01826,33,Purchase
KH00316,377,Purchase
KH00742,76,Purchase
KH00469,216,Click
KH00519,20,AddCart
KH01659,117,View
KH01267,250,Click
KH00027,95,Click
KH00452,209,Purchase
KH00069,389,AddCart
KH00513,345,Purchase
KH00076,220,View
KH01525,374,Click
KH00627,145,Purchase
KH00838,404,View
KH01773,270,Purchase
KH01425,56,Purchase
KH01549,200,AddCart
KH00564,87,View
KH01457,111,Purchase
KH00341,50,Click
KH01074,484,Click
KH00120,124,Click
KH00249,265,AddCart
KH00293,31,Click
KH00075,201,AddCart
KH01050,3,Purchase
KH01592,393,Purchase
KH01442,127,Purchase
KH01052,30,View
KH00902,84,View
KH01961,228,AddCart
KH00411,421,Purchase
KH01042,44,Purchase
KH01384,462,View
KH00345,290,AddCart
KH00987,196,Click
KH00056,442,Click
KH00921,337,AddCart
KH00287,106,Click
KH00863,288,Purchase
KH00109,441,Purchase
KH01376,383,AddCart
KH00624,59,View
KH01393,438,View
KH01970,257,AddCart
KH01537,148,View
KH00771,268,Purchase
KH00353,393,View
KH00729,368,View
KH00942,136,View
KH00716,38,Purchase
KH00604,166,Click
KH00702,2,Purchase
KH01751,447,Purchase
KH01015,52,AddCart
KH00133,174,Click
KH01601,489,View
KH00386,3,View
KH01210,229,Click
KH01605,52,AddCart
KH00506,486,View
KH01965,487,Click
KH01278,350,Purchase
KH00018,165,AddCart
KH01602,84,Purchase
KH01296,46,Click
KH00881,467,Purchase
KH01939,268,AddCart
KH01409,41,View
KH00610,347,AddCart
KH00780,126,AddCart
KH00924,490,AddCart
KH01440,155,Purchase
KH01793,228,View
KH00203,11,AddCart
KH00575,113,View
KH01902,273,AddCart
KH01712,126,AddCart
KH00891,123,Click
KH01333,349,Purchase
KH01598,283,View
KH01773,378,View
KH00628,76,Purchase
KH01357,31,Purchase
KH01199,171,AddCart
KH01305,360,AddCart
KH00665,297,View
KH01478,453,Purchase
KH01812,2,Purchase
KH01575,157,AddCart
KH00064,476,AddCart
KH01794,237,AddCart
KH01292,362,View
KH01530,158,AddCart
KH01912,245,View
KH00050,442,Click
KH01375,142,View
KH01996,177,AddCart
KH01677,286,Click
KH00283,153,Click
KH01137,476,Click
KH00030,139,Purchase
KH00499,428,Purchase
KH01919,286,View
KH00413,185,View
KH00072,455,Click
KH00726,287,View
KH00200,138,Click
KH00314,227,Click
KH00167,341,Purchase
KH01457,294,Click
KH00717,375,View
KH01545,481,Purchase
KH01744,97,Purchase
KH00618,481,Purchase
KH01423,222,AddCart
KH01439,468,Click
KH01289,42,Purchase
KH00445,405,AddCart
KH00449,202,Click
KH01636,499,Click
KH00635,151,Click
KH01843,352,Click
KH01395,301,Purchase
KH00455,496,View
KH00237,37,Click
KH00205,213,AddCart
KH00475,478,AddCart
KH01041,197,View
KH00709,49,Click
KH00332,394,Purchase
KH00180,170,Click
KH01238,379,AddCart
KH01056,217,Click
KH00737,418,AddCart
KH00582,141,AddCart
KH00309,355,Purchase
KH01864,275,Purchase
KH00784,451,AddCart
KH01979,207,AddCart
KH00369,389,AddCart
KH01436,226,AddCart
KH00282,89,Purchase
KH01357,287,AddCart
KH01131,196,View
KH00904,144,Purchase
KH00537,2,AddCart
KH00093,481,Click
KH01651,307,Purchase
KH00949,419,View
KH01773,431,Click
KH00637,382,Purchase
KH01263,445,Purchase
KH00340,44,Purchase
KH01873,281,Click
KH00047,149,View
KH00699,382,Purchase
KH00080,342,Click
KH01323,361,View
KH00953,145,Click
KH00294,121,Click
KH01112,103,Purchase
KH01102,382,Click
KH00215,215,Purchase
KH00153,203,View
KH01215,180,Purchase
KH01355,112,Purchase
KH01805,284,Purchase
KH00231,103,AddCart
KH01130,102,View
KH00020,41,Purchase
KH00335,195,AddCart
KH00741,332,AddCart
KH01765,6,Purchase
KH01123,335,AddCart
KH01204,281,AddCart
KH01953,488,View
KH01060,275,AddCart
KH00124,243,AddCart
KH00759,253,Click
KH01222,414,AddCart
KH00623,372,AddCart
KH01426,192,AddCart
KH01876,92,Click
KH01553,17,Click
KH01539,24,AddCart
KH01631,468,AddCart
KH00826,198,Purchase
KH01182,7,Purchase
KH01513,158,View
KH01570,341,View
KH01556,358,View
KH01220,265,AddCart
KH00876,74,Purchase
KH01239,97,Purchase
KH01000,343,Purchase
KH00104,86,AddCart
KH01453,130,Purchase
KH00788,202,Purchase
KH00483,9,Click
KH01321,146,Purchase
KH01219,14,View
KH00081,203,Click
KH00300,127,Click
KH01083,498,AddCart
KH00180,62,AddCart
KH01605,205,Purchase
KH01593,104,View
KH00860,472,View
KH00232,221,Purchase
KH00861,433,AddCart
KH00593,259,Click
KH01500,34,Click
KH01693,270,Purchase
KH00005,91,View
KH01575,86,AddCart
KH01303,359,View
KH01687,391,AddCart
KH01677,349,AddCart
KH00987,398,AddCart
KH00093,431,Purchase
KH00685,345,AddCart
KH00057,338,View
KH01508,264,View
KH01030,433,Click
KH00452,309,Click
KH01542,129,AddCart
KH01801,194,Purchase
KH01106,421,Purchase
KH01155,85,Click
KH00661,44,Click
KH01016,13,Click
KH01028,246,AddCart
KH00278,304,Purchase
KH00518,221,View
KH00089,41,Purchase
KH01389,2,Click
KH01273,107,View
KH00156,52,Click
KH01213,500,Click
KH00782,284,Click
KH00398,28,Click
KH01604,1,AddCart
KH01446,323,Purchase
KH01571,451,Purchase
KH01548,362,AddCart
KH01912,130,AddCart
KH01858,351,View
KH01776,78,View
KH01068,391,AddCart
KH00490,312,AddCart
KH01944,407,AddCart
KH01895,255,Purchase
KH00610,258,AddCart
KH01620,472,Click
KH01448,274,AddCart
KH00425,488,Purchase
KH00168,73,View
KH01717,161,AddCart
KH01973,362,Click
KH00604,334,Purchase
KH01246,397,View
KH00837,360,View
KH00687,335,AddCart
KH00615,157,Purchase
KH00019,423,View
KH00042,461,AddCart
KH01803,187,Purchase
KH00242,110,AddCart
KH01022,254,AddCart
KH01107,1,Click
KH01486,136,View
KH01142,400,View
KH01688,346,View
KH01999,259,View
KH01657,120,View
KH01568,495,Purchase
KH00995,460,AddCart
KH00388,73,Click
KH01177,416,View
KH01501,173,Click
KH01062,137,View
KH01543,481,View
KH00325,259,View
KH01794,351,Click
KH01390,439,Click
KH01524,196,Click
KH01744,342,Purchase
KH01122,24,AddCart
KH00854,281,View
KH00300,37,Click
KH01609,185,AddCart
KH00700,347,AddCart
KH01663,250,Click
KH01952,131,AddCart
KH01461,274,Purchase
KH01695,133,View
KH01003,203,Click
KH01601,271,Purchase
KH01010,465,AddCart
KH01482,269,Click
KH01867,155,Click
KH01455,193,View
KH01342,124,View
KH00381,376,View
KH01560,361,Purchase
KH00832,452,AddCart
KH00976,309,View
KH00850,441,Purchase
KH01496,480,View
KH01792,92,AddCart
KH00625,103,Click
KH01050,8,AddCart
KH00825,247,Purchase
KH00467,197,View
KH01103,485,Purchase
KH00625,65,Click
KH01244,326,AddCart
KH00556,421,Click
KH00366,482,Purchase
KH00906,23,View
KH00650,281,Purchase
KH01977,264,Click
KH01188,105,View
KH01534,35,Purchase
KH00585,292,Purchase
KH00720,190,Click
KH01652,10,Click
KH01500,137,Purchase
KH00073,458,Purchase
KH01526,245,Click
KH00126,369,View
KH01879,140,AddCart
KH01128,127,Purchase
KH01585,305,Click
KH01653,302,Purchase
KH01765,273,Click
KH01894,264,AddCart
KH01401,43,Click
KH01110,483,Click
KH01076,264,AddCart
KH00613,139,Click
KH00281,326,AddCart
KH00707,425,AddCart
KH01459,285,Purchase
KH00933,266,Purchase
KH00913,80,Purchase
KH00297,226,AddCart
KH01807,342,Click
KH00652,488,Click
KH01735,160,AddCart
KH00781,279,Purchase
KH00495,278,Purchase
KH00991,404,Purchase
KH01828,128,View
KH00657,55,View
KH01111,379,AddCart
KH00875,423,AddCart
KH01326,493,AddCart
KH01404,412,AddCart
KH00272,177,Click
KH01974,451,Purchase
KH01441,268,AddCart
KH01001,383,Purchase
KH01669,153,AddCart
KH00823,493,AddCart
KH01406,212,AddCart
KH01860,391,Purchase
KH00360,347,Click
KH00366,54,View
KH01779,245,Purchase
KH00605,474,AddCart
KH01226,135,Click
KH01442,244,View
KH00098,417,View
KH01205,250,AddCart
KH00003,301,AddCart
KH01089,390,Purchase
KH00315,50,View
KH00673,498,Click
KH00897,258,View
KH00478,250,Purchase
KH00998,17,View
KH01340,328,Click
KH00564,333,AddCart
KH00851,497,View
KH01996,159,View
KH01416,377,AddCart
KH00325,157,Click
KH00609,133,Purchase
KH00365,350,Purchase
KH01195,171,View
KH00678,431,View
KH00291,452,View
KH01651,363,Click
KH01470,415,View
KH00438,177,AddCart
KH00239,429,View
KH00553,148,Click
KH01535,313,AddCart
KH01894,360,View
KH00680,152,AddCart
KH01433,229,Purchase
KH01307,105,Purchase
KH01334,24,View
KH00667,305,Purchase
KH01258,244,View
KH00789,12,Purchase
KH01736,362,Click
KH00348,110,AddCart
KH00985,123,AddCart
KH00172,437,View
KH01987,457,AddCart
KH00076,98,Click
KH01157,296,Purchase
KH01184,330,AddCart
KH00713,114,View
KH01785,172,AddCart
KH00767,370,Click
KH00222,90,View
KH01946,319,View
KH00869,126,AddCart
KH01431,38,Click
KH00999,167,View
KH00970,171,View
KH00715,360,AddCart
KH00703,10,View
KH00763,6,AddCart
KH01373,160,View
KH01638,476,AddCart
KH01177,243,View
KH00695,91,View
KH01478,159,Purchase
KH01333,270,Purchase
KH00857,318,Click
KH01905,237,Purchase
KH00526,278,View
KH01673,37,Purchase
KH01342,426,Purchase
KH01443,431,Click
KH00817,10,View
KH01783,366,AddCart
KH01573,357,Purchase
KH01250,350,Purchase
KH01221,192,Purchase
KH01252,124,Purchase
KH00652,391,View
KH01051,472,Purchase
KH00270,180,AddCart
KH01898,162,View
KH01207,321,Purchase
KH01925,436,View
KH01085,472,Purchase
KH00737,384,AddCart
KH00150,161,Click
KH01969,11,AddCart
KH00438,355,AddCart
KH01500,388,Purchase
KH01859,380,AddCart
KH00890,418,Purchase
KH01571,266,AddCart
KH01126,105,View
KH00551,167,AddCart
KH01603,195,Click
KH00110,386,Click
KH00127,323,View
KH01209,321,View
KH01095,317,Click
KH00466,488,AddCart
KH01620,265,View
KH00660,490,View
KH00235,114,Click
KH01957,483,View
KH01690,317,View
KH01642,88,Click
KH01607,170,Click
KH01293,409,Purchase
KH01814,214,AddCart
KH00422,69,Purchase
KH01680,398,Click
KH00533,173,AddCart
KH00263,24,Click
KH00158,392,View
KH00607,20,Purchase
KH01314,405,AddCart
KH01405,405,AddCart
KH01015,464,AddCart
KH00419,363,Purchase
KH01350,320,Purchase
KH00209,8,View
KH01032,85,View
KH01599,59,View
KH00363,399,View
KH01235,244,AddCart
KH01940,71,Click
KH00376,362,Click
KH01039,97,Click
KH01217,368,View
KH00906,134,View
KH00803,417,AddCart
KH01358,256,Purchase
KH01584,318,AddCart
KH01443,315,AddCart
KH00966,384,AddCart
KH00120,130,View
KH01515,345,View
KH00059,301,AddCart
KH01095,184,Click
KH00685,282,Click
KH01037,29,View
KH01656,344,Click
KH01017,238,View
KH01798,129,Click
KH01297,195,AddCart
KH01603,259,Click
KH01270,288,AddCart
KH01634,84,Purchase
KH00287,443,Purchase
KH00356,279,AddCart
KH00298,45,View
KH00877,91,Purchase
KH00923,209,Click
KH00016,293,View
KH01524,17,Purchase
KH01162,471,View
KH01902,443,Click
KH00505,292,Purchase
KH01147,79,View
KH01471,465,View
KH00898,45,View
KH01382,482,Purchase
KH00297,423,View
KH01172,299,Click
KH00878,172,AddCart
KH00687,47,AddCart
KH00634,156,View
KH01884,487,View
KH01138,389,View
KH00993,180,Click
KH00969,390,AddCart
KH01044,137,Click
KH00313,253,AddCart
KH01105,298,AddCart
KH00185,134,AddCart
KH01691,473,Purchase
KH01003,305,AddCart
KH01482,183,Purchase
KH00913,15,Click
KH00662,178,AddCart
KH01104,36,AddCart
KH00306,271,View
KH01231,328,View
KH00669,143,Purchase
KH01074,152,Purchase
KH01889,207,View
KH00188,9,Click
KH01370,18,Click
KH00586,446,View
KH01166,140,AddCart
KH00802,434,AddCart
KH01462,246,Purchase
KH00713,110,View
KH00910,24,AddCart
KH00649,174,AddCart
KH00472,184,AddCart
KH00918,408,Click
KH00538,65,Purchase
KH00923,357,Click
KH00321,262,Click
KH01703,271,AddCart
KH00005,381,View
KH01054,334,View
KH01241,33,Click
KH00525,186,Purchase
KH00518,469,Click
KH01101,47,Purchase
KH01327,172,AddCart
KH00272,18,Purchase
KH00625,485,View
KH01267,154,Purchase
KH01744,77,Purchase
KH01750,263,AddCart
KH00976,43,View
KH01775,218,View
KH01525,23,View
KH00821,449,Purchase
KH01301,194,View
KH00211,186,AddCart
KH00231,350,Purchase
KH00456,94,Purchase
KH00063,7,AddCart
KH01859,177,Purchase
KH00755,372,Purchase
KH01539,396,AddCart
KH01183,271,AddCart
KH00433,225,Purchase
KH00746,20,Click
KH01331,351,View
KH00093,174,View
KH01449,327,AddCart
KH01827,476,View
KH00971,88,Purchase
KH00441,48,Purchase
KH01643,340,AddCart
KH00185,390,AddCart
KH00703,269,Purchase
KH01886,265,Purchase
KH01397,237,Click
KH01636,228,Click
KH01748,317,AddCart
KH00632,386,View
KH01855,69,AddCart
KH00456,337,AddCart
KH01520,465,AddCart
KH00235,440,AddCart
KH01537,105,AddCart
KH01636,423,AddCart
KH00480,495,View
KH01071,174,Purchase
KH01863,470,View
KH00034,397,Click
KH00969,9,AddCart
KH00126,9,AddCart
KH00119,277,AddCart
KH01233,126,Purchase
KH00904,423,View
KH01478,366,AddCart
KH01832,498,Purchase
KH01061,109,View
KH00536,212,View
KH00839,397,Purchase
KH01963,123,AddCart
KH00378,499,View
KH00705,371,View
KH01797,382,Click
KH01682,42,View
KH01092,292,View
KH01038,318,Click
KH01778,65,View
KH00048,322,Click
KH00448,63,AddCart
KH00468,6,View
KH01369,349,AddCart
KH01779,179,Click
KH00065,446,View
KH01656,487,Purchase
KH00931,371,AddCart
KH00959,115,AddCart
KH00635,488,Click
KH01275,332,Click
KH00549,465,Purchase
KH01613,443,Click
KH01589,224,View
KH01931,297,Click
KH01832,411,Purchase
KH00082,27,AddCart
KH01370,334,AddCart
KH00756,141,Click
KH00916,445,AddCart
KH01068,393,Purchase
KH01277,149,View
KH00125,62,Purchase
KH00688,156,AddCart
KH01168,88,Purchase
KH00013,288,AddCart
KH01866,38,View
KH01401,133,AddCart
KH00896,311,View
KH01417,133,AddCart
KH00364,409,AddCart
KH01631,333,AddCart
KH01372,420,View
KH01315,318,View
KH00849,219,View
KH00124,251,View
KH00145,105,Click
KH01876,249,AddCart
KH00586,186,View
KH00735,481,Purchase
KH01805,64,Click
KH01691,69,Purchase
KH01614,470,AddCart
KH01283,270,View
KH00468,243,Purchase
KH00045,6,View
KH01152,162,AddCart
KH00825,384,View
KH00329,248,Purchase
KH00889,374,Purchase
KH00894,337,Purchase
KH01795,485,Click
KH01833,222,AddCart
KH00104,261,AddCart
KH00889,249,Purchase
KH01750,318,Click
KH00688,468,Click
KH01951,89,View
KH00025,161,Purchase
KH00383,250,AddCart
KH00764,468,View
KH01791,82,AddCart
KH01473,425,AddCart
KH00510,401,AddCart
KH00212,495,AddCart
KH00359,226,AddCart
KH01157,165,Purchase
KH00412,457,Click
KH01760,200,Purchase
KH00780,154,Purchase
KH01192,418,Click
KH00731,285,View
KH00039,188,View
KH00166,231,View
KH00275,75,Purchase
KH00844,442,Click
KH01094,47,Purchase
KH00840,472,AddCart
KH01246,247,Click
KH00148,73,Click
KH01150,162,Purchase
KH01722,8,View
KH01843,38,View
KH00766,196,AddCart
KH01515,342,Click
KH01410,486,Purchase
KH01378,44,Purchase
KH01520,181,View
KH01449,432,View
KH01838,59,View
KH01344,386,AddCart
KH01867,75,Click
KH00946,324,View
KH00309,240,Purchase
KH00797,259,AddCart
KH01090,343,Purchase
KH00157,71,AddCart
KH00918,172,View
KH01924,190,Click
KH01640,249,Click
KH00568,430,Purchase
KH01209,412,AddCart
KH01093,146,View
KH00573,101,AddCart
KH01497,389,Purchase
KH00270,354,Purchase
KH00671,324,View
KH00063,289,Click
KH00201,215,Click
KH01088,250,View
KH00733,273,Click
KH01957,111,Click
KH01765,472,Click
KH00656,307,AddCart
KH01682,307,AddCart
KH00555,179,View
KH01782,395,Purchase
KH01166,32,View
KH01314,181,Purchase
KH00768,458,Click
KH00068,281,AddCart
KH00191,360,View
KH01771,159,AddCart
KH01140,207,Purchase
KH01116,437,View
KH00850,312,Purchase
KH00359,281,Purchase
KH01669,353,Purchase
KH00695,233,View
KH00744,318,Click
KH00834,498,View
KH00620,283,AddCart
KH00324,484,Purchase
KH00232,142,Click
KH01903,101,View
KH00738,232,Purchase
KH00210,79,View
KH01608,284,View
KH01674,177,View
KH00132,358,Purchase
KH01841,63,Click
KH01803,163,Purchase
KH01083,147,Click
KH01333,387,AddCart
KH00135,75,View
KH01226,327,AddCart
KH01686,268,Click
KH00107,453,AddCart
KH00387,63,Click
KH01614,446,Purchase
KH00745,258,AddCart
KH00381,191,View
KH00719,327,Purchase
KH00153,430,View
KH01055,408,Purchase
KH01765,479,View
KH01590,87,Click
KH01247,263,View
KH01892,422,View
KH00558,393,Purchase
KH01920,466,View
KH01498,453,Click
KH00764,72,AddCart
KH01050,94,AddCart
KH01148,353,Purchase
KH00654,190,Purchase
KH00584,3,AddCart
KH00718,12,Purchase
KH01224,211,AddCart
KH01408,409,AddCart
KH00931,118,AddCart
KH00652,221,Click
KH01461,135,Purchase
KH01848,495,View
KH00367,126,View
KH01876,234,View
KH00726,111,Purchase
KH01944,56,Purchase
KH01599,298,Purchase
KH00808,265,View
KH00945,438,Click
KH00123,400,Purchase
KH00853,440,View
KH01633,184,Click
KH01844,231,View
KH00645,322,Purchase
KH00407,114,Purchase
KH01720,482,Purchase
KH01954,76,Click
KH01387,383,View
KH01549,280,Purchase
KH00577,190,View
KH00564,417,AddCart
KH01449,189,View
KH01504,478,View
KH00475,495,View
KH00439,206,View
KH00310,220,Click
KH00242,224,Purchase
KH01333,87,Click
KH00440,485,Click
KH00915,227,AddCart
KH01556,67,View
KH01160,240,AddCart
KH01910,430,AddCart
KH01263,181,AddCart
KH00069,188,AddCart
KH01984,90,View
KH01677,69,AddCart
KH00283,10,View
KH01762,26,View
KH01758,268,Purchase
KH00918,316,Click
KH00543,7,Purchase
KH01319,211,AddCart
KH01596,431,View
KH00125,235,AddCart
KH01349,442,Click
KH01822,405,Purchase
KH00705,115,AddCart
KH01868,132,View
KH00778,410,AddCart
KH01027,20,Click
KH01049,344,Click
KH00087,106,Click
KH01781,157,View
KH00616,354,View
KH00919,394,Purchase
KH00293,25,Purchase
KH01527,255,Purchase
KH01143,97,Click
KH01029,325,AddCart
KH01432,295,Purchase
KH01209,445,Purchase
KH00350,302,Click
KH00860,107,Purchase
KH00286,96,AddCart
KH01294,148,Click
KH00179,62,Purchase
KH01642,495,Purchase
KH01081,108,AddCart
KH01227,99,AddCart
KH01029,368,Click
KH01592,33,AddCart
KH01494,171,Purchase
KH01226,285,Purchase
KH00385,292,AddCart
KH00094,25,AddCart
KH01337,427,Click
KH01717,90,Click
KH00940,440,View
KH00306,388,Click
KH01928,80,Click
KH00386,51,View
KH00063,4,View
KH00243,385,Purchase
KH00462,206,Click
KH01277,72,Purchase
KH00823,180,Click
KH00702,375,Purchase
KH01403,128,AddCart
KH00305,8,Purchase
KH01749,29,View
KH00154,329,Click
KH00943,278,View
KH00703,12,View
KH00434,288,Purchase
KH00400,102,AddCart
KH01384,388,View
KH00210,329,Purchase
KH01814,393,AddCart
KH00422,343,Click
KH01159,440,Purchase
KH00482,399,View
KH00034,289,Click
KH01147,470,View
KH00376,98,View
KH00407,338,Click
KH01119,91,Purchase
KH01703,294,Click
KH01238,480,AddCart
KH01039,165,View
KH00405,82,Click
KH01249,330,AddCart
KH01003,477,View
KH00717,90,View
KH00306,103,Click
KH00252,225,View
KH01497,352,Click
KH01665,351,View
KH00586,296,AddCart
KH00877,161,View
KH01808,295,View
KH00705,332,View
KH01990,429,Purchase
KH00734,49,View
KH00673,489,Click
KH00958,211,Click
KH01641,381,AddCart
KH01092,88,View
KH01489,162,Click
KH00788,45,AddCart
KH01512,432,View
KH00442,386,View
KH00781,464,Purchase
KH00090,149,View
KH00262,445,Click
KH00060,226,View
KH01117,212,View
KH00931,441,AddCart
KH01893,343,View
KH01744,499,Purchase
KH00968,25,AddCart
KH00586,433,Purchase
KH00534,307,AddCart
KH01831,439,Purchase
KH00557,361,Purchase
KH01491,497,Purchase
KH01852,381,View
KH01741,12,View
KH01501,263,View
KH00034,415,View
KH01684,360,Purchase
KH00857,225,Purchase
KH00955,371,AddCart
KH01153,291,Click
KH01168,473,Purchase
KH01265,8,View
KH01391,231,Purchase
KH00889,6,AddCart
KH00965,366,AddCart
KH01099,45,AddCart
KH00942,184,View
KH01121,314,Purchase
KH00547,26,Click
KH01988,283,Purchase
KH01873,272,Click
KH01377,393,AddCart
KH01413,484,View
KH01210,320,AddCart
KH01980,432,View
KH01888,80,View
KH01550,339,Click
KH01383,281,Click
KH00275,499,AddCart
KH01670,476,Purchase
KH01482,441,AddCart
KH00102,150,Purchase
KH01341,450,Click
KH01266,318,Purchase
KH01225,302,Click
KH00120,407,View
KH01227,397,AddCart
KH00438,37,View
KH00452,496,Click
KH00274,170,Click
KH01988,459,View
KH00834,35,Click
KH00579,207,View
KH00053,430,AddCart
KH01157,70,Purchase
KH00039,13,View
KH00095,491,AddCart
KH01573,170,Purchase
KH00858,8,Click
KH01542,387,Purchase
KH01734,419,Click
KH00252,396,View
KH00826,422,Click
KH01649,146,AddCart
KH01450,457,AddCart
KH00688,347,Purchase
KH00537,481,View
KH01280,228,View
KH01652,353,AddCart
KH00297,381,Click
KH01103,453,Purchase
KH00852,133,AddCart
KH01674,178,Purchase
KH01779,108,View
KH00459,370,View
KH01014,209,Click
KH01514,27,Purchase
KH00328,403,View
KH01566,44,AddCart
KH01650,37,Purchase
KH01472,424,Purchase
KH01372,242,Purchase
KH01207,342,Click
KH01218,486,Purchase
KH01043,295,AddCart
KH00158,485,Click
KH01616,316,Click
KH01953,123,AddCart
KH00560,345,Click
KH01041,187,View
KH01384,452,AddCart
KH00667,328,Purchase
KH01747,219,AddCart
KH00491,25,Click
KH01055,16,AddCart
KH00570,55,AddCart
KH01628,340,Click
KH01900,359,Click
KH00502,77,View
KH00103,161,AddCart
KH00689,308,View
KH01608,243,Click
KH01550,316,Purchase
KH00740,359,Click
KH01583,465,Click
KH01114,120,Click
KH01866,413,Purchase
KH00703,61,View
KH00555,112,Purchase
KH00917,181,View
KH01500,468,View
KH01020,487,Click
KH00457,81,View
KH01478,448,View
KH01885,56,Purchase
KH01455,204,Purchase
KH01609,402,View
KH00907,113,AddCart
KH01359,98,Click
KH01018,61,Click
KH01830,242,View
KH00384,129,Click
KH00375,223,Purchase
KH00912,204,View
KH01184,130,Purchase
KH01957,426,Click
KH00584,38,View
KH01858,256,AddCart
KH01809,74,Click
KH00815,339,Click
KH00856,285,View
KH01860,349,Click
KH00665,30,View
KH00111,221,Click
KH00054,436,View
KH01397,249,AddCart
KH01838,296,Purchase
KH01863,386,Purchase
KH00140,94,AddCart
KH00503,356,AddCart
KH00204,212,View
KH01957,327,Click
KH00521,113,AddCart
KH01220,146,Purchase
KH00446,11,Click
KH01135,48,Purchase
KH01482,291,AddCart
KH00585,396,View
KH01880,282,Purchase
KH01397,487,View
KH01343,132,Click
KH00939,166,View
KH01616,435,Purchase
KH01260,196,Click
KH00013,61,AddCart
KH00403,73,Click
KH01233,238,AddCart
KH01805,361,Click
KH01568,226,View
KH01047,31,Purchase
KH00113,260,View
KH00686,412,Purchase
KH00329,451,Click
KH00626,325,View
KH00367,101,AddCart
KH01749,245,Purchase
KH01537,470,Purchase
KH01715,409,AddCart
KH01552,250,Click
KH01181,145,Click
KH01864,193,Purchase
KH00025,427,AddCart
KH00594,259,View
KH01197,207,AddCart
KH00244,434,Click
KH01618,432,Purchase
KH00986,304,Click
KH01683,336,Click
KH00289,29,AddCart
KH01091,373,View
KH00576,54,Purchase
KH00538,15,Click
KH00301,277,Purchase
KH01283,24,AddCart
KH01278,467,Purchase
KH01079,156,Click
KH00445,153,Click
KH01786,253,View
KH01073,397,View
KH00013,411,AddCart
KH01030,359,Click
KH00327,312,AddCart
KH01684,71,AddCart
KH01849,428,Purchase
KH00096,289,Purchase
KH01298,210,View
KH01232,450,Click
KH01597,494,Click
KH00166,228,View
KH01405,325,AddCart
KH01395,253,AddCart
KH00835,289,View
KH01439,103,Click
KH01295,459,AddCart
KH01903,133,View
KH00158,157,View
KH01875,78,Purchase
KH00846,280,View
KH01175,65,Click
KH00860,284,Click
KH01889,74,Click
KH00836,55,View
KH00267,411,View
KH00590,263,Click
KH01912,490,View
KH00537,271,Purchase
KH00066,360,Purchase
KH00050,424,View
KH01773,217,View
KH00416,168,Click
KH00020,338,Purchase
KH01823,470,Purchase
KH01547,343,Purchase
KH00982,472,AddCart
KH00327,184,Purchase
KH00636,63,AddCart
KH01663,475,View
KH00198,195,Click
KH00351,230,Purchase
KH01773,176,View
KH01100,106,Click
KH00290,295,Click
KH00478,97,AddCart
KH00388,305,Click
KH01018,221,Purchase
KH01386,356,Purchase
KH00218,484,AddCart
KH00921,109,Purchase
KH00141,471,View
KH01084,473,View
KH01342,259,Click
KH01161,22,View
KH01026,471,View
KH01929,109,Purchase
KH00234,489,Click
KH01639,413,AddCart
KH01704,88,View
KH00728,60,Purchase
KH00421,362,View
KH00438,267,View
KH00724,135,View
KH00263,8,View
KH00440,283,Click
KH00813,156,View
KH00264,202,View
KH01992,489,AddCart
KH01596,222,Click
KH00411,111,Purchase
KH01803,270,AddCart
KH01748,247,Purchase
KH01975,157,Click
KH00828,224,AddCart
KH01283,241,View
KH00052,203,Click
KH00544,91,Purchase
KH01537,395,Purchase
KH01210,414,View
KH01909,317,AddCart
KH01043,135,AddCart
KH00085,76,Purchase
KH00428,90,Purchase
KH00724,52,View
KH01756,126,View
KH00030,10,View
KH01011,198,View
KH00827,179,View
KH01604,484,View
KH01132,138,Click
KH01689,391,Purchase
KH00096,8,Purchase
KH01476,274,View
KH01678,177,Click
KH01828,111,Click
KH00410,200,View
KH00814,203,AddCart
KH00684,61,Click
KH01180,178,AddCart
KH00004,378,View
KH01694,145,AddCart
KH01082,139,AddCart
KH01359,371,View
KH01208,455,Purchase
KH01189,34,AddCart
KH00550,84,Click
KH01973,234,Click
KH00825,357,View
KH00331,288,View
KH01236,42,Purchase
KH01660,255,View
KH00984,448,View
KH01497,481,View
KH01860,352,Purchase
KH00272,473,Purchase
KH01370,290,View
KH01241,205,Click
KH00387,348,View
KH00997,452,Click
KH00840,82,Purchase
KH00098,431,Purchase
KH01955,473,View
KH00230,247,Click
KH00778,321,Purchase
KH00402,176,Purchase
KH00409,317,AddCart
KH00573,475,Purchase
KH00921,182,View
KH01085,175,Click
KH00784,366,Purchase
KH00236,184,View
KH00702,138,Click
KH01101,368,Click
KH00609,174,AddCart
KH00179,328,Purchase
KH01231,48,View
KH00565,482,AddCart
KH00130,266,AddCart
KH01618,249,View
KH00150,459,Click
KH00064,218,View
KH00323,122,View
KH01391,111,Click
KH01095,201,AddCart
KH00563,470,AddCart
KH01896,75,AddCart
KH01155,289,Purchase
KH00909,142,Click
KH01361,468,Click
KH00835,51,Purchase
KH01084,283,Purchase
KH01362,299,View
KH01018,415,Click
KH00798,68,View
KH00132,50,View
KH00516,280,AddCart
KH01192,180,View
KH00979,318,Click
KH01891,10,Purchase
KH00594,219,View
KH01063,453,Purchase
KH00982,287,Purchase
KH00597,21,Purchase
KH00499,58,Click
KH01380,86,Click
KH01253,376,View
KH00790,103,Purchase
KH00202,273,Purchase
KH01572,66,Purchase
KH00778,289,Purchase
KH00206,331,View
KH01119,86,View
KH00528,296,Purchase
KH00483,380,View
KH01887,467,Purchase
KH01835,493,Purchase
KH01780,66,Purchase
KH00832,315,View
KH01728,69,Click
KH00223,386,AddCart
KH00883,493,Click
KH00214,107,AddCart
KH01431,90,Click
KH01247,180,AddCart
KH01437,260,AddCart
KH01420,436,View
KH01446,143,AddCart
KH00400,93,Click
KH01795,146,Purchase
KH00830,163,Click
KH00282,128,AddCart
KH00225,408,View
KH00620,15,Purchase
KH01931,237,Click
KH01802,365,Click
KH01425,165,Click
KH01689,357,View
KH01431,263,Click
KH01526,130,Purchase
KH00305,292,AddCart
KH00576,268,Purchase
KH01891,122,Click
KH01080,66,Click
KH00764,90,AddCart
KH00547,44,Click
KH00929,496,View
KH00595,180,View
KH01270,397,View
KH01908,449,Click
KH00722,65,Click
KH01170,27,Click
KH01759,101,View
KH00909,53,Purchase
KH01484,456,Purchase
KH01102,493,AddCart
KH00050,77,Purchase
KH01249,394,AddCart
KH01211,198,AddCart
KH00696,466,AddCart
KH00078,108,AddCart
KH00009,444,Purchase
KH00562,410,View
KH00239,194,Click
KH01314,123,View
KH01358,52,View
KH00097,11,View
KH01220,39,AddCart
KH00676,450,Purchase
KH01988,56,Click
KH00044,78,Click
KH00776,51,View
KH01207,497,View
KH00671,212,View
KH00171,159,Click
KH01982,290,Click
KH00133,372,Click
KH00077,479,Purchase
KH01584,500,AddCart
KH00648,49,Purchase
KH01422,367,View
KH01091,216,AddCart
KH00034,468,AddCart
KH01017,233,Click
KH01149,222,View
KH01084,94,Click
KH01215,378,View
KH00769,225,AddCart
KH01925,104,Purchase
KH01069,87,Purchase
KH00291,347,Purchase
KH00916,282,Click
KH01824,74,View
KH01268,185,Click
KH01887,249,AddCart
KH00212,244,AddCart
KH01737,468,View
KH00370,353,Purchase
KH01238,370,AddCart
KH00012,333,Click
KH01916,368,Purchase
KH01298,151,Purchase
KH01105,66,AddCart
KH01904,361,View
KH01645,274,Purchase
KH01471,205,View
KH00903,20,Purchase
KH00493,36,Purchase
KH01945,58,View
KH00348,461,AddCart
KH00366,362,AddCart
KH00073,283,AddCart
KH00157,101,AddCart
KH00668,475,Click
KH01179,41,AddCart
KH01438,338,Purchase
KH00728,53,Click
KH00769,286,Click
KH00401,362,View
KH01534,83,Click
KH00569,229,AddCart
KH01568,291,AddCart
KH00088,137,View
KH00981,288,AddCart
KH00141,133,View
KH00650,293,AddCart
KH00891,107,Purchase
KH01505,163,AddCart
KH01329,323,View
KH00230,378,Purchase
KH00912,492,Click
KH00372,376,AddCart
KH00441,253,AddCart
KH01625,343,Click
KH00648,210,Click
KH00345,272,Click
KH01292,471,Purchase
KH00934,428,Click
KH01764,493,View
KH00919,411,Purchase
KH00417,116,AddCart
KH01404,447,View
KH00870,33,Purchase
KH01128,158,Click
KH00492,86,View
KH00191,304,Click
KH00073,380,View
KH01440,233,View
KH01140,288,Purchase
KH01371,444,Click
KH01127,333,AddCart
KH00303,400,Purchase
KH00075,271,AddCart
KH01105,6,Purchase
KH01105,417,View
KH01663,338,View
KH01606,213,Click
KH00723,251,View
KH01956,380,View
KH00794,25,Click
KH01469,302,Purchase
KH01292,188,View
KH00086,416,Purchase
KH00415,36,Click
KH00557,369,AddCart
KH00795,165,View
KH00824,499,Purchase
KH00078,9,Purchase
KH01377,356,View
KH01036,169,Purchase
KH00465,206,View
KH00871,117,View
KH00086,445,View
KH00914,490,AddCart
KH01966,114,Click
KH00535,56,Click
KH00905,303,Click
KH01289,100,Purchase
KH00326,112,Click
KH00898,495,Purchase
KH01621,458,Purchase
KH00679,144,Click
KH01845,423,Purchase
KH00273,132,Purchase
KH00835,458,AddCart
KH01416,246,Purchase
KH01727,102,View
KH00967,47,Click
KH00154,80,Click
KH01088,349,Click
KH00987,443,AddCart
KH01436,361,Purchase
KH01193,363,AddCart
KH00897,473,View
KH01462,162,AddCart
KH01510,93,View
KH00737,383,Click
KH01587,261,AddCart
KH01875,408,View
KH00734,262,Purchase
KH01769,272,AddCart
KH00908,386,Click
KH01681,101,View
KH01199,157,View
KH01244,407,Click
KH00082,352,Click
KH01492,495,View
KH00500,296,View
KH00743,379,Purchase
KH00981,142,Click
KH00071,7,Click
KH01310,230,View
KH00252,438,AddCart
KH00979,388,AddCart
KH01825,140,Click
KH00875,267,View
KH00057,457,Purchase
KH00710,48,Purchase
KH00073,282,AddCart
KH01966,64,AddCart
KH01610,252,View
KH00566,456,Click
KH01020,290,Click
KH01969,143,Purchase
KH01845,140,AddCart
KH01160,301,View
KH00435,124,AddCart
KH01872,446,Click
KH00291,67,Click
KH00274,422,AddCart
KH00415,185,View
KH01617,406,View
KH00475,404,View
KH00407,430,Click
KH01699,16,AddCart
KH00090,131,AddCart
KH01629,59,Click
KH01162,327,View
KH01664,387,View
KH01847,359,View
KH00489,455,AddCart
KH00363,191,Click
KH00757,391,Purchase
KH00309,436,AddCart
KH00840,117,AddCart
KH00536,358,AddCart
KH01409,213,Purchase
KH01087,19,Purchase
KH00530,451,Purchase
KH00951,254,AddCart
KH00530,259,Purchase
KH00292,8,AddCart
KH00656,204,View
KH00036,111,AddCart
KH01422,245,Purchase
KH01806,4,Purchase
KH01626,126,AddCart
KH00879,48,Click
KH01240,192,AddCart
KH01013,107,View
KH01246,271,AddCart
KH00750,369,AddCart
KH01070,294,Purchase
KH01381,303,AddCart
KH00132,189,AddCart
KH00902,150,Click
KH00333,19,AddCart
KH01574,476,AddCart
KH01741,248,View
KH00901,466,Click
KH00100,40,Purchase
KH01355,204,AddCart
KH01347,231,Purchase
KH00130,165,AddCart
KH01363,457,View
KH01760,220,Click
KH01636,20,Purchase
KH00881,61,Click
KH00021,329,AddCart
KH00615,58,View
KH00753,453,Click
KH00223,159,AddCart
KH00841,224,AddCart
KH01452,262,AddCart
KH00399,146,Click
KH01436,49,Click
KH01129,404,Purchase
KH01971,185,Click
KH01771,357,Click
KH00485,362,View
KH00936,132,Purchase
KH00334,74,Click
KH00866,431,Click
KH00849,196,View
KH00220,26,Click
KH00378,237,View
KH01843,329,View
KH00600,311,View
KH00083,289,AddCart
KH00898,379,Click
KH00159,343,AddCart
KH00585,441,View
KH01682,327,Click
KH00949,380,AddCart
KH01848,327,Purchase
KH01402,319,View
KH00552,481,Click
KH00907,186,Purchase
KH00905,491,AddCart
KH00104,120,Click
KH00185,137,AddCart
KH00006,445,View
KH01514,288,View
KH00560,388,Click
KH00375,225,Purchase
KH01911,489,AddCart
KH01037,192,Click
KH00130,196,View
KH01612,469,View
KH00086,130,Purchase
KH01321,374,Purchase
KH00113,118,Click
KH01536,189,View
KH00195,459,Click
KH00387,490,AddCart
KH01097,200,Purchase
KH00925,122,Click
KH01368,274,Purchase
KH01417,270,Click
KH00555,374,AddCart
KH01826,217,View
KH01324,33,View
KH01500,432,Purchase
KH01758,371,Purchase
KH01364,101,AddCart
KH00631,185,Click
KH00388,199,Click
KH00712,386,Purchase
KH00230,382,Purchase
KH01681,6,Click
KH01429,317,AddCart
KH01770,104,Purchase
KH01363,420,AddCart
KH00580,499,Purchase
KH00353,329,AddCart
KH01641,318,Purchase
KH00675,248,Purchase
KH00482,296,Purchase
KH00838,220,Purchase
KH01345,382,AddCart
KH01440,240,Click
KH00185,371,Purchase
KH01083,199,AddCart
KH01238,126,Purchase
KH01406,318,AddCart
KH01275,315,AddCart
KH00533,14,Click
KH00516,342,AddCart
KH00654,378,Click
KH01402,266,AddCart
KH00260,387,View
KH01623,89,Click
KH01670,53,AddCart
KH00464,346,Click
KH01096,368,Click
KH00229,157,AddCart
KH00350,326,AddCart
KH01832,207,Purchase
KH00958,120,AddCart
KH01806,285,Purchase
KH01781,371,Click
KH00216,479,Click
KH01018,149,AddCart
KH00977,4,View
KH01955,136,Purchase
KH01976,218,AddCart
KH00133,92,AddCart
KH00411,360,Click
KH01411,326,Click
KH00793,134,Click
KH00690,116,View
KH01949,166,Purchase
KH00946,446,AddCart
KH00292,123,AddCart
KH01305,330,View
KH01551,320,Purchase
KH00655,270,AddCart
KH01116,263,Click
KH01309,98,View
KH01492,163,Click
KH00694,207,Purchase
KH00735,376,Click
KH00423,451,Purchase
KH01195,482,Purchase
KH00017,213,Click
KH01332,342,Click
KH00052,69,Purchase
KH01417,83,AddCart
KH01198,134,AddCart
KH00667,473,AddCart
KH00767,241,Click
KH00033,351,Click
KH00667,296,View
KH01064,186,Purchase
KH01418,232,Click
KH01875,413,AddCart
KH01520,333,AddCart
KH01633,49,View
KH01991,61,Purchase
KH01648,186,View
KH01078,56,AddCart
KH01578,284,Click
KH01941,401,Click
KH00309,221,Purchase
KH01089,285,AddCart
KH00553,113,View
KH01686,114,AddCart
KH01815,204,View
KH01548,357,Click
KH01215,337,Click
KH00919,435,Click
KH00870,47,Click
KH01429,425,AddCart
KH01765,170,Purchase
KH01253,381,AddCart
KH01495,464,Purchase
KH00404,431,Click
KH01952,126,View
KH00505,425,View
KH01685,160,Click
KH00371,29,View
KH00951,182,Purchase
KH01134,435,Purchase
KH01458,460,Purchase
KH00805,412,AddCart
KH00975,395,View
KH01592,107,Click
KH00563,247,View
KH01244,395,Click
KH01937,454,AddCart
KH00025,370,AddCart
KH00326,48,View
KH00030,208,Click
KH00091,265,Purchase
KH01353,391,Click
KH00624,428,Purchase
KH00619,291,AddCart
KH01149,35,AddCart
KH01146,218,Purchase
KH01673,498,AddCart
KH00396,462,Purchase
KH00802,191,View
KH01594,249,Purchase
KH00200,274,View
KH01597,237,View
KH00079,338,Click
KH01648,287,Click
KH00613,330,Purchase
KH00631,122,View
KH01417,486,Purchase
KH01688,73,Click
KH00866,178,Purchase
KH01516,20,Purchase
KH00378,414,Purchase
KH01240,301,Click
KH01187,223,Click
KH01412,489,View
KH01280,463,AddCart
KH01804,65,Click
KH01968,494,View
KH01885,459,Purchase
KH01795,271,Click
KH00588,374,Purchase
KH00864,128,View
KH01791,233,Purchase
KH00044,155,View
KH00796,186,AddCart
KH00157,379,Click
KH00511,76,Purchase
KH00750,49,View
KH01453,413,AddCart
KH01182,4,Purchase
KH01970,203,View
KH01728,468,Click
KH00407,90,Purchase
KH01929,221,Click
KH01832,374,Purchase
KH01997,60,View
KH01597,369,AddCart
KH00384,223,Click
KH01876,477,Click
KH00761,184,AddCart
KH00540,104,View
KH01712,483,Click
KH01662,204,AddCart
KH01007,378,Click
KH00081,500,AddCart
KH00530,344,Click
KH00229,360,AddCart
KH01507,157,AddCart
KH01756,247,Click
KH00346,205,AddCart
KH01111,278,Purchase
KH00436,333,Purchase
KH00526,451,View
KH01368,245,Purchase
KH01204,9,View
KH01747,210,Purchase
KH00669,74,AddCart
KH00260,150,Click
KH01446,232,View
KH01713,450,Click
KH01954,37,View
KH00140,116,Purchase
KH01323,332,AddCart
KH00227,441,View
KH01882,172,Click
KH01328,57,AddCart
KH00340,449,View
KH01026,90,View
KH01382,140,View
KH00245,201,AddCart
KH01882,175,Purchase
KH00332,418,View
KH01378,149,View
KH00939,456,Click
KH01646,295,Purchase
KH00248,157,View
KH01743,407,Click
KH01888,485,Click
KH01935,34,Click
KH00738,315,View
KH01764,276,AddCart
KH00452,126,View
KH00750,234,View
KH01840,101,Click
KH01632,309,Purchase
KH00408,181,Purchase
KH00964,197,AddCart
KH01044,27,Click
KH01391,374,View
KH00029,128,View
KH01068,272,View
KH01819,494,Click
KH01608,16,Click
KH01782,193,Purchase
KH00567,226,View
KH00881,310,View
KH00932,1,Purchase
KH00535,391,Purchase
KH01098,43,View
KH00077,25,View
KH00504,210,Click
KH00033,423,Click
KH00596,179,AddCart
KH00607,283,AddCart
KH01739,110,AddCart
KH01202,212,Click
KH00600,302,Purchase
KH00411,218,View
KH01630,123,AddCart
KH01763,475,AddCart
KH01449,333,AddCart
KH00849,248,AddCart
KH00869,490,AddCart
KH00121,313,Purchase
KH00410,1,AddCart
KH00539,404,AddCart
KH01556,155,AddCart
KH01797,176,View
KH01383,422,View
KH00815,412,Click
KH01275,477,Purchase
KH00716,259,View
KH00607,233,AddCart
KH01914,23,Purchase
KH00215,434,View
KH00429,249,View
KH01832,83,View
KH01404,23,Purchase
KH00794,175,Click
KH00322,312,Purchase
KH01097,254,Purchase
KH00108,117,View
KH00908,448,View
KH01737,436,View
KH00978,276,Click
KH01271,68,View
KH01741,452,Click
KH00628,299,Click
KH01078,485,View
KH00444,279,Click
KH00540,232,AddCart
KH00738,377,Click
KH01318,439,View
KH00964,114,Click
KH01161,278,View
KH00741,104,AddCart
KH00063,74,Purchase
KH00402,186,AddCart
KH01931,121,Purchase
KH00187,201,Purchase
KH01982,47,Purchase
KH01761,314,View
KH01099,436,AddCart
KH01665,199,Click
KH00209,482,View
KH01211,498,Click
KH00159,273,Click
KH01246,450,Click
KH01719,45,Click
KH00597,313,Purchase
KH01436,301,AddCart
KH01841,428,AddCart
KH00110,209,AddCart
KH01400,26,View
KH01208,210,Click
KH01236,21,AddCart
KH01216,202,Click
KH01799,294,Click
KH01586,485,Purchase
KH01360,259,Purchase
KH01536,432,AddCart
KH00165,278,View
KH00647,271,Purchase
KH00013,122,Click
KH01503,168,AddCart
KH01827,160,Purchase
KH01745,45,AddCart
KH01663,146,Click
KH01912,139,Click
KH00742,496,Click
KH01069,79,Click
KH00929,457,AddCart
KH00180,209,View
KH00075,470,Click
KH00209,255,AddCart
KH00867,56,View
KH00702,389,View
KH00145,375,View
KH01595,500,View
KH00925,165,AddCart
KH00105,368,Purchase
KH00248,471,Click
KH00460,66,Click
KH01705,499,AddCart
KH01296,490,AddCart
KH01351,317,Click
KH00121,269,AddCart
KH00341,244,Click
KH00667,292,AddCart
KH00533,205,Click
KH00098,353,Purchase
KH01297,18,Purchase
KH00529,298,Purchase
KH01237,177,Click
KH01343,304,Purchase
KH01476,52,Click
KH00993,418,View
KH00153,461,AddCart
KH01670,374,Purchase
KH01710,152,View
KH00811,10,Purchase
KH00027,271,Click
KH00784,17,View
KH00812,296,Purchase
KH01997,72,Purchase
KH01076,431,Click
KH01369,179,Click
KH00771,285,View
KH00732,175,AddCart
KH01908,168,View
KH00821,37,Click
KH00564,379,AddCart
KH00772,49,Click
KH01756,413,View
KH00112,331,View
KH00445,248,Click
KH00201,141,Click
KH01951,167,AddCart
KH01050,252,Click
KH00697,210,Purchase
KH01701,145,View
KH01644,74,View
KH00478,178,View
KH01503,329,Purchase
KH00737,93,Click
KH01708,343,View
KH01425,278,AddCart
KH00919,446,Purchase
KH01522,437,Click
KH00407,252,Purchase
KH00664,403,View
KH01018,183,Purchase
KH00858,199,View
KH01639,380,View
KH01491,326,Purchase
KH00906,309,View
KH01303,354,Purchase
KH00057,193,Click
KH00681,477,Purchase
KH01312,489,View
KH00595,59,View
KH01062,177,View
KH01868,344,AddCart
KH00113,68,View
KH00855,191,AddCart
KH01141,91,View
KH00291,53,Click
KH01211,49,Purchase
KH00144,399,Click
KH01730,422,AddCart
KH00881,248,Purchase
KH00071,491,Purchase
KH01188,275,Click
KH00266,365,Click
KH00953,193,AddCart
KH00848,293,Purchase
KH00230,400,View
KH01810,218,Purchase
KH01347,111,Click
KH01023,487,Click
KH01790,71,AddCart
KH01922,396,Purchase
KH01960,205,Click
KH01270,448,AddCart
KH00880,214,Purchase
KH00278,293,View
KH00043,130,AddCart
KH00578,53,View
KH01562,391,Click
KH00895,321,AddCart
KH00521,162,Purchase
KH00913,137,Purchase
KH00012,392,View
KH00883,430,Click
KH00441,345,View
KH00093,176,Purchase
KH00924,137,Purchase
KH00338,77,View
KH01065,174,AddCart
KH00348,107,Click
KH01782,278,Click
KH01976,274,Purchase
KH01369,180,AddCart
KH00467,247,Click
KH01675,83,View
KH00107,153,Purchase
KH01947,340,Click
KH00768,133,Click
KH00487,242,View
KH00270,181,Click
KH00728,393,Click
KH00473,280,View
KH01153,190,Purchase
KH01477,330,View
KH00643,290,AddCart
KH00145,61,Purchase
KH00356,140,Purchase
KH00897,250,AddCart
KH01661,151,AddCart
KH01804,414,AddCart
KH01166,294,AddCart
KH00780,138,View
KH00609,482,Purchase
KH00300,122,Purchase
KH00413,258,AddCart
KH00894,397,AddCart
KH01640,375,View
KH01088,171,View
KH01330,324,View
KH00253,155,View
KH01552,64,Purchase
KH00218,54,View
KH01410,472,View
KH00907,193,Click
KH00083,210,AddCart
KH01200,218,Purchase
KH00835,204,Purchase
KH01561,67,Click
KH01189,431,Click
KH00408,125,View
KH00701,495,View
KH00147,297,Click
KH01608,492,AddCart
KH01962,34,Click
KH00658,50,View
KH01373,494,Click
KH00126,164,View
KH00367,140,Purchase
KH00778,44,View
KH01846,386,View
KH01452,215,AddCart
KH00595,384,AddCart
KH00307,200,View
KH01150,116,Click
KH01650,37,AddCart
KH00107,402,Click
KH01546,24,Purchase
KH01420,329,View
KH01319,418,Click
KH01020,290,View
KH00224,495,AddCart
KH01218,114,AddCart
KH01875,116,Purchase
KH00852,58,Purchase
KH01292,40,Purchase
KH01417,167,Click
KH00610,404,View
KH00668,248,Click
KH00141,499,View
KH00178,409,AddCart
KH01572,66,View
KH01056,74,AddCart
KH00910,232,AddCart
KH01942,371,Click
KH01568,356,View
KH01214,401,Purchase
KH01686,122,Purchase
KH00393,76,View
KH01265,420,View
KH01882,184,AddCart
KH00420,51,View
KH01468,352,Purchase
KH00716,122,Purchase
KH00787,87,View
KH00674,9,Click
KH00849,87,Click
KH01475,497,Click
KH01071,408,Purchase
KH00823,429,Click
KH01371,1,View
KH01582,383,Click
KH01223,280,Click
KH00601,313,Click
KH01260,90,Click
KH00292,207,View
KH00360,341,AddCart
KH00955,356,Click
KH01886,147,View
KH01126,83,View
KH01993,32,View
KH01339,81,Purchase
KH00086,369,AddCart
KH01217,380,Purchase
KH01766,306,Click
KH01666,183,View
KH00235,431,Purchase
KH00210,248,Purchase
KH00865,449,AddCart
KH00771,441,Click
KH01091,243,View
KH00970,499,AddCart
KH01657,171,AddCart
KH00999,263,AddCart
KH00253,191,AddCart
KH01115,466,View
KH00834,161,AddCart
KH00804,465,AddCart
KH01210,435,View
KH00464,154,AddCart
KH00955,90,AddCart
KH00605,275,Click
KH00731,243,AddCart
KH00323,425,AddCart
KH00385,126,Purchase
KH00883,453,Click
KH01711,130,View
KH00726,25,View
KH00299,307,AddCart
KH01596,184,View
KH00182,395,AddCart
KH00339,375,Purchase
KH00439,104,Click
KH00014,269,Click
KH01190,247,View
KH01280,398,Purchase
KH00081,176,Click
KH00273,42,Purchase
KH01652,404,AddCart
KH01499,332,View
KH00559,368,Click
KH01957,132,Click
KH00644,421,View
KH00341,478,Purchase
KH00061,475,View
KH01269,16,View
KH01274,288,AddCart
KH01809,74,Click
KH00716,56,View
KH01577,496,AddCart
KH01653,87,Purchase
KH00108,327,View
KH01712,459,View
KH00346,329,View
KH01584,197,AddCart
KH00896,201,View
KH00754,266,AddCart
KH00859,45,AddCart
KH00445,146,Click
KH01343,144,View
KH01399,113,View
KH01098,282,View
KH01114,128,View
KH00066,194,Click
KH00937,222,Click
KH00996,160,AddCart
KH01603,330,Purchase
KH01207,307,Purchase
KH01247,129,Purchase
KH00640,384,View
KH00552,371,View
KH00782,288,Click
KH00976,410,AddCart
KH00653,38,AddCart
KH01853,464,AddCart
KH00755,273,View
KH00735,187,AddCart
KH00523,480,Click
KH00510,213,Click
KH01298,448,View
KH00067,62,View
KH00491,301,AddCart
KH00511,375,Purchase
KH01232,195,Click
KH00754,157,Click
KH00181,116,Purchase
KH01709,288,View
KH01139,379,AddCart
KH01921,282,Purchase
KH01899,84,AddCart
KH01007,442,Click
KH01037,19,View
KH00207,5,View
KH00103,53,Click
KH00696,488,AddCart
KH01640,297,AddCart
KH01449,442,View
KH01855,435,Click
KH00494,445,AddCart
KH01690,200,Click
KH00554,422,AddCart
KH01528,172,Purchase
KH01562,87,View
KH01086,373,Purchase
KH01226,56,Click
KH01124,20,View
KH00627,71,AddCart
KH00027,85,Purchase
KH00580,32,Click
KH01504,410,Click
KH01486,245,Click
KH01880,101,Purchase
KH01819,172,AddCart
KH01893,262,AddCart
KH00372,27,Purchase
KH00652,381,AddCart
KH00293,229,Click
KH00882,384,Click
KH01053,96,Purchase
KH00718,294,Purchase
KH01864,477,View
KH01895,243,AddCart
KH00156,376,AddCart
KH01025,343,AddCart
KH01150,302,Click
KH00377,93,AddCart
KH00837,169,Click
KH01092,382,Purchase
KH01506,108,Purchase
KH00127,319,Purchase
KH01642,493,Purchase
KH01044,170,AddCart
KH00717,78,Purchase
KH01630,463,Click
KH01656,447,Purchase
KH01650,319,View
KH01538,108,Purchase
KH01436,360,View
KH00715,368,Purchase
KH01537,49,Click
KH00772,330,AddCart
KH00592,395,Purchase
KH01352,267,View
KH01531,15,View
KH01797,382,Purchase
KH00964,237,View
KH01976,378,Click
KH01787,286,Click
KH01613,93,Click
KH00936,364,View
KH01615,343,Click
KH00443,357,Purchase
KH01244,364,Purchase
KH01142,110,Click
KH00330,45,View
KH01449,290,AddCart
KH00148,155,AddCart
KH01702,28,Purchase
KH00844,43,Purchase
KH01514,462,View
KH00302,444,AddCart
KH00906,461,AddCart
KH00682,467,AddCart
KH00318,395,Purchase
KH00498,172,Purchase
KH00304,500,AddCart
KH01068,127,Purchase
KH01127,11,Purchase
KH01687,131,View
KH00735,306,Purchase
KH00172,464,Purchase
KH01883,310,View
KH00370,70,AddCart
KH01992,499,AddCart
KH00657,268,Click
KH01127,333,View
KH01580,269,View
KH01894,321,AddCart
KH00304,113,Purchase
KH01336,278,View
KH00459,340,Click
KH01990,276,Purchase
KH01584,325,Click
KH00069,123,Purchase
KH00039,259,Purchase
KH00809,16,Click
KH01267,303,AddCart
KH01069,490,Purchase
KH01726,350,AddCart
KH01628,334,Click
KH01643,246,AddCart
KH01789,100,AddCart
KH01166,500,Click
KH01369,441,Click
KH00485,352,View
KH01448,415,View
KH00519,399,AddCart
KH01808,194,Click
KH00608,193,Click
KH01856,258,Click
KH00331,306,View
KH01882,337,AddCart
KH01709,368,Click
KH01974,20,View
KH01670,127,Click
KH01169,415,Click
KH00110,411,Purchase
KH01993,259,Click
KH01508,388,Click
KH01981,281,AddCart
KH00498,230,Click
KH01372,45,Click
KH00681,341,Purchase
KH01560,389,Purchase
KH00294,100,View
KH01022,242,Click
KH00711,41,View
KH00758,156,AddCart
KH00131,396,AddCart
KH00126,431,Click
KH00836,128,Click
KH00475,124,AddCart
KH00683,460,Click
KH00722,289,Purchase
KH01017,80,Purchase
KH00305,241,View
KH00384,465,AddCart
KH00151,122,Purchase
KH00876,110,Click
KH00505,115,Click
KH01879,437,Click
KH00520,330,View
KH01340,441,AddCart
KH01347,28,Purchase
KH00163,227,View
KH01038,228,Click
KH00393,229,Purchase
KH01793,333,AddCart
KH01678,79,Click
KH00114,172,AddCart
KH01672,95,AddCart
KH01181,352,Click
KH00987,232,Purchase
KH01309,355,Click
KH00118,481,View
KH00184,221,View
KH01918,35,Purchase
KH01326,268,Click
KH00773,459,AddCart
KH01442,127,AddCart
KH01818,267,Click
KH00199,247,View
KH01278,262,View
KH00779,485,Click
KH01912,315,View
KH01248,243,View
KH00444,107,View
KH01141,80,Click
KH00916,432,View
KH00651,490,View
KH00514,372,AddCart
KH00944,172,Purchase
KH00507,199,View
KH01187,423,Purchase
KH01924,75,View
KH00423,36,AddCart
KH01180,47,Click
KH01691,177,Click
KH01052,131,View
KH01109,38,View
KH01101,117,AddCart
KH01470,309,AddCart
KH00623,448,AddCart
KH01853,244,Click
KH01809,9,Purchase
KH00275,217,View
KH01850,458,Click
KH01868,64,View
KH01316,488,Purchase
KH01579,283,AddCart
KH01598,466,Click
KH00155,424,View
KH00153,392,View
KH00523,418,Click
KH00706,171,View
KH01001,218,Click
KH01726,285,AddCart
KH00068,344,AddCart
KH00745,345,View
KH01241,281,Purchase
KH00158,184,AddCart
KH01470,294,AddCart
KH01583,290,Click
KH01580,2,View
KH01868,266,View
KH00254,214,View
KH01767,238,Click
KH00996,98,View
KH01310,377,Purchase
KH00861,184,Purchase
KH01786,181,Purchase
KH01547,5,View
KH00678,276,AddCart
KH01468,419,Click
KH01655,19,Click
KH01883,147,AddCart
KH00096,236,AddCart
KH00631,60,Purchase
KH01527,201,Click
KH00129,152,AddCart
KH01557,419,AddCart
KH00446,126,Purchase
KH00420,333,Click
KH00853,431,Purchase
KH00781,227,View
KH01801,191,AddCart
KH01080,340,View
KH00697,123,View
KH00747,20,Purchase
KH00653,183,Purchase
KH01908,160,View
KH01939,432,Purchase
KH01196,376,AddCart
KH00417,62,View
KH01655,67,Purchase
KH00766,177,Purchase
KH00945,49,Purchase
KH01990,71,Click
KH01717,211,AddCart
KH01552,294,AddCart
KH01637,452,Purchase
KH01044,47,View
KH01914,395,AddCart
KH00894,188,View
KH01488,486,AddCart
KH01747,126,Purchase
KH00428,417,Purchase
KH01729,34,Purchase
KH01284,226,View
KH01377,373,View
KH00058,68,AddCart
KH01641,188,Click
KH00003,497,View
KH00283,359,AddCart
KH01375,68,View
KH01065,491,AddCart
KH00493,122,AddCart
KH01016,90,AddCart
KH01231,480,Purchase
KH01786,291,Purchase
KH01818,437,AddCart
KH00952,326,View
KH01964,2,View
KH00145,35,Purchase
KH00859,46,Click
KH01881,289,AddCart
KH01240,223,AddCart
KH01801,97,View
KH01438,332,Purchase
KH00798,48,Click
KH00732,187,AddCart
KH01935,134,Purchase
KH01844,7,Purchase
KH00741,40,View
KH00544,138,View
KH00025,13,Click
KH01141,153,View
KH01596,473,Purchase
KH01992,231,Click
KH00890,360,Purchase
KH01110,271,Click
KH01187,118,AddCart
KH00255,478,Click
KH01902,289,Purchase
KH00598,458,Click
KH00927,49,Purchase
KH00743,425,View
KH00872,258,Purchase
KH00596,353,AddCart
KH01526,108,AddCart
KH00416,43,Click
KH01795,121,Click
KH00085,377,Click
KH00113,89,AddCart
KH01810,263,AddCart
KH01558,33,Click
KH01777,198,Purchase
KH00741,297,Purchase
KH01882,232,Click
KH01221,16,AddCart
KH00288,312,Click
KH01168,467,Click
KH01716,140,Purchase
KH00459,224,Purchase
KH01193,110,Purchase
KH00208,92,Click
KH01930,379,Purchase
KH01973,86,View
KH00502,450,View
KH00667,435,View
KH01209,281,AddCart
KH00989,54,Click
KH00997,282,AddCart
KH01489,459,View
KH00184,232,Click
KH01483,350,Click
KH01637,103,Purchase
KH00833,36,View
KH00048,369,View
KH01074,470,Purchase
KH01900,181,Click
KH01323,306,Click
KH01264,210,Purchase
KH01782,174,View
KH00465,295,Purchase
KH01712,68,View
KH00777,362,Purchase
KH00070,299,Purchase
KH01182,219,View
KH00927,73,AddCart
KH00018,7,View
KH00543,324,Click
KH01140,133,AddCart
KH01538,373,Purchase
KH01607,249,Click
KH01481,269,Click
KH01038,428,AddCart
KH01580,486,View
KH01603,43,Purchase
KH01680,5,AddCart
KH00335,421,AddCart
KH00316,351,AddCart
KH01088,462,View
KH01956,140,Click
KH00639,308,Purchase
KH01655,147,AddCart
KH01280,413,Purchase
KH01526,47,Purchase
KH01907,486,View
KH00833,27,AddCart
KH01840,46,Purchase
KH01010,326,Purchase
KH00244,446,View
KH01760,352,AddCart
KH00397,457,Purchase
KH01346,181,Purchase
KH01606,475,Click
KH00273,60,Click
KH00941,73,View
KH01319,327,Click
KH01487,109,Click
KH00896,103,Purchase
KH00153,326,Purchase
KH01952,67,AddCart
KH00146,32,Purchase
KH01790,286,Purchase
KH00486,63,AddCart
KH00061,219,Purchase
KH00870,339,Purchase
KH01936,72,View
KH00985,355,View
KH01381,325,View
KH00512,455,View
KH00630,331,Purchase
KH00769,436,Click
KH00075,8,Purchase
KH00732,141,Click
KH00559,230,Purchase
KH00632,463,Click
KH01156,84,Purchase
KH00754,67,Click
KH01275,76,Purchase
KH00116,24,AddCart
KH00130,40,Click
KH00164,264,AddCart
KH01254,115,AddCart
KH01092,147,Purchase
KH01333,143,View
KH00611,270,AddCart
KH01132,52,AddCart
KH01983,79,Click
KH00611,320,Purchase
KH01405,192,Purchase
KH00965,134,Click
KH00637,114,AddCart
KH01353,457,View
KH00840,241,Click
KH01020,228,Click
KH00363,242,AddCart
KH01110,154,Click
KH01302,126,View
KH01522,43,AddCart
KH00375,94,Purchase
KH00720,328,View
KH00098,122,View
KH00461,336,Click
KH01014,85,Click
KH00894,276,Purchase
KH00320,116,Click
KH01084,481,Purchase
KH00101,384,Purchase
KH00167,337,Click
KH00559,470,Click
KH01245,391,Purchase
KH01292,21,AddCart
KH00937,414,View
KH00834,306,Click
KH00921,60,AddCart
KH01478,256,Click
KH00210,376,Click
KH00911,420,Purchase
KH01779,8,View
KH01192,371,View
KH00869,101,View
KH01442,437,Click
KH00113,61,Purchase
KH01929,187,Click
KH00140,241,Purchase
KH01119,221,AddCart
KH00888,303,Purchase
KH01462,429,AddCart
KH00029,430,AddCart
KH00346,96,Purchase
KH01778,6,View
KH00125,94,Click
KH00339,222,AddCart
KH01125,64,Click
KH00011,126,Purchase
KH01467,235,Purchase
KH01173,351,View
KH01559,203,View
KH00825,242,AddCart
KH00843,157,View
KH00574,60,View
KH01756,346,Purchase
KH00565,475,Purchase
KH01934,184,View
KH01338,329,Purchase
KH01711,18,AddCart
KH00203,254,AddCart
KH01528,151,AddCart
KH00285,101,AddCart
KH01763,38,AddCart
KH01484,156,Purchase
KH00879,87,View
KH00239,66,Purchase
KH01077,466,View
KH01573,205,AddCart
KH00170,210,Purchase
KH00501,325,AddCart
KH00460,127,Click
KH01802,179,Click
KH01325,496,AddCart
KH01595,311,Purchase
KH01089,489,AddCart
KH00559,2,Purchase
KH01579,430,Click
KH00429,53,AddCart
KH00583,165,View
KH00259,210,Click
KH01563,113,View
KH01132,415,AddCart
KH01519,212,AddCart
KH00328,180,Purchase
KH00387,229,View
KH01967,103,Purchase
KH00143,171,AddCart
KH00330,302,View
KH00106,493,Click
KH00373,350,Purchase
KH01024,216,Purchase
KH00965,148,Click
KH00842,191,Click
KH00726,28,Purchase
KH00346,105,AddCart
KH00420,457,Purchase
KH01183,201,View
KH00488,102,Click
KH00366,304,View
KH00836,70,Click
KH00745,101,AddCart
KH01796,345,View
KH00021,469,Click
KH01529,281,AddCart
KH01209,427,AddCart
KH00425,487,Purchase
KH00449,289,Purchase
KH00915,14,Click
KH00870,61,AddCart
KH00221,72,AddCart
KH01918,450,AddCart
KH01817,239,AddCart
KH00284,189,Purchase
KH00499,24,Click
KH00414,177,Purchase
KH01589,101,View
KH01654,180,Purchase
KH01387,179,Click
KH01620,465,Click
KH00506,44,View
KH01179,9,AddCart
KH00164,453,Click
KH01437,406,Click
KH00891,388,Click
KH01793,32,View
KH00969,36,Purchase
KH00780,181,Click
KH00981,279,AddCart
KH01880,220,Click
KH01474,311,Purchase
KH00218,315,Purchase
KH00161,315,Purchase
KH01581,25,Purchase
KH00700,236,Purchase
KH00994,356,AddCart
KH01597,205,Click
KH00420,186,Click
KH01281,331,Purchase
KH00429,152,AddCart
KH00854,27,View
KH01514,134,Click
KH00926,147,Purchase
KH00693,109,View
KH00438,308,Purchase
KH00291,221,AddCart
KH00830,329,View
KH00978,285,Purchase
KH01328,129,Purchase
KH00220,225,AddCart
KH00579,365,Purchase
KH01061,267,Click
KH00751,201,Purchase
KH01025,455,Purchase
KH00379,357,Click
KH01041,462,Purchase
KH01376,139,Click
KH01664,393,Purchase
KH00168,406,View
KH00256,329,AddCart
KH01578,345,AddCart
KH01154,245,Purchase
KH01826,64,Purchase
KH00777,404,Click
KH00156,136,Purchase
KH01552,360,Click
KH00333,319,Click
KH00547,238,Click
KH00020,333,View
KH00317,131,View
KH00481,100,AddCart
KH01371,410,Click
KH01949,18,AddCart
KH00697,348,View
KH01187,430,Click
KH01519,130,Purchase
KH00136,6,View
KH01535,400,Click
KH00109,338,Click
KH01442,437,AddCart
KH00244,104,Purchase
KH00754,67,Click
KH00913,2,Purchase
KH00311,89,AddCart
KH00090,379,AddCart
KH01422,41,Click
KH00106,245,Purchase
KH01622,120,Click
KH01204,371,AddCart
KH00233,397,Click
KH01088,436,Purchase
KH01534,230,Purchase
KH00679,96,View
KH00380,421,Click
KH01811,307,View
KH01747,302,Purchase
KH00855,195,AddCart
KH01223,72,View
KH00215,489,View
KH01621,58,Click
KH01855,483,View
KH01331,488,AddCart
KH00387,426,Click
KH01695,484,AddCart
KH00509,60,Click
KH01051,235,Purchase
KH01715,460,View
KH01832,103,Click
KH01659,96,Click
KH01955,143,AddCart
KH00204,118,View
KH00990,148,Purchase
KH01128,358,Purchase
KH01567,166,Click
KH01442,95,Click
KH01653,444,Click
KH01914,24,Purchase
KH00306,316,Click
KH01670,36,View
KH01602,321,Click
KH01985,75,Click
KH00489,333,Purchase
KH01710,124,AddCart
KH00254,374,AddCart
KH00404,352,View
KH00798,213,View
KH01643,386,AddCart
KH01851,458,Click
KH01125,123,View
KH01465,176,AddCart
KH00609,56,Purchase
KH00731,298,Purchase
KH00565,109,Click
KH00723,357,AddCart
KH00170,487,AddCart
KH01272,444,AddCart
KH00811,379,AddCart
KH00324,184,AddCart
KH01518,389,View
KH00925,458,Purchase
KH01529,469,Click
KH00812,464,View
KH01941,154,View
KH01949,40,AddCart
KH00466,63,Click
KH01081,92,View
KH01656,375,AddCart
KH01514,158,View
KH01360,56,Click
KH01207,321,View
KH01927,389,Purchase
KH01829,387,Purchase
KH01606,353,Click
KH01070,276,Click
KH01882,443,Purchase
KH01360,446,AddCart
KH01347,367,View
KH01408,43,Purchase
KH01737,48,Click
KH01590,404,Purchase
KH01333,240,View
KH00766,130,Click
KH01281,427,Purchase
KH01982,498,Click
KH01064,37,Click
KH01517,314,Click
KH00121,244,Click
KH01825,39,AddCart
KH00905,179,Purchase
KH01391,380,Click
KH00903,461,View
KH01479,306,AddCart
KH01106,159,Click
KH00121,404,AddCart
KH00797,306,Purchase
KH01009,401,View
KH00798,248,View
KH00521,225,View
KH01433,342,Purchase
KH01437,197,AddCart
KH01710,194,Click
KH01765,405,View
KH01594,429,AddCart
KH01442,326,Click
KH00831,150,Purchase
KH00685,104,Purchase
KH01767,206,AddCart
KH01596,116,Purchase
KH00789,68,View
KH01957,36,View
KH01763,155,Click
KH01260,206,View
KH00091,423,Click
KH01489,64,View
KH01588,333,AddCart
KH01542,73,Click
KH00705,51,AddCart
KH01036,219,AddCart
KH01706,414,View
KH01425,98,Purchase
KH00947,465,AddCart
KH01959,461,Purchase
KH01530,145,View
KH00758,149,AddCart
KH01023,166,View
KH00876,73,Click
KH00063,240,Click
KH00599,154,View
KH00695,205,Click
KH01105,232,Click
KH01716,346,Purchase
KH00214,206,Click
KH00919,257,View
KH00932,320,Click
KH00729,247,Click
KH01266,376,Purchase
KH00307,343,AddCart
KH00974,160,AddCart
KH00170,451,Click
KH00647,318,Click
KH01337,398,AddCart
KH01412,202,AddCart
KH00215,70,Purchase
KH00867,471,View
KH00060,255,View
KH01621,198,View
KH00297,212,Click
KH01083,354,Purchase
KH01220,87,Click
KH01585,435,Click
KH01094,271,View
KH00966,423,View
KH00818,379,Purchase
KH00624,377,Click
KH00418,115,View
KH00055,38,Click
KH01346,215,View
KH01570,457,View
KH01676,101,Click
KH01564,1,Click
KH00123,367,AddCart
KH01208,316,Click
KH00969,259,AddCart
KH01122,239,Purchase
KH01503,311,View
KH01079,234,View
KH00452,18,Click
KH01799,102,Purchase
KH01436,283,Click
KH00629,423,Purchase
KH00464,478,View
KH00001,18,AddCart
KH00556,49,View
KH00713,323,View
KH01281,118,Click
KH00656,371,AddCart
KH00276,55,Click
KH01768,374,Purchase
KH00827,366,Purchase
KH01428,286,Click
KH01080,92,Purchase
KH00839,455,Click
KH01911,477,Purchase
KH01529,17,Click
KH00676,270,Purchase
KH00033,120,View
KH00588,19,AddCart
KH01552,408,Click
KH01382,62,View
KH01572,95,View
KH01218,272,Click
KH01041,103,Click
KH00817,265,Click
KH01835,469,AddCart
KH01365,251,Click
KH01012,475,AddCart
KH01308,384,View
KH00764,9,AddCart
KH01648,258,Purchase
KH01711,155,View
KH01030,375,AddCart
KH00522,138,View
KH00208,153,Click
KH00036,186,Click
KH01870,130,Purchase
KH00769,44,Purchase
KH01127,79,View
KH00797,10,View
KH00200,312,View
KH00719,161,Purchase
KH00938,365,View
KH00167,89,Click
KH01352,87,View
KH01542,301,View
KH00216,267,View
KH01359,176,View
KH01949,240,Click
KH00213,474,Click
KH00637,311,Click
KH00001,99,Click
KH01886,102,AddCart
KH00601,470,Purchase
KH01250,96,Purchase
KH00878,368,Purchase
KH00925,389,Click
KH00652,240,AddCart
KH00523,257,Purchase
KH01577,233,Purchase
KH01828,46,View
KH00481,405,Purchase
KH01278,327,Click
KH01629,97,Purchase
KH01912,167,View
KH01715,430,Purchase
KH01546,276,View
KH01056,296,Click
KH00071,114,Purchase
KH00599,332,Click
KH00476,455,View
KH00011,383,Click
KH00864,207,Click
KH00545,7,Purchase
KH00614,258,Purchase
KH00139,213,View
KH00810,356,Click
KH00096,48,Purchase
KH01933,407,Purchase
KH00469,136,Click
KH00856,227,Click
KH01674,320,Click
KH00008,392,Purchase
KH00160,414,Click
KH00131,39,View
KH00974,411,Click
KH01716,250,View
KH00881,44,AddCart
KH01550,295,View
KH00789,386,AddCart
KH01208,379,Purchase
KH01047,115,AddCart
KH00842,26,Purchase
KH00602,421,Purchase
KH00419,282,Purchase
KH01567,106,View
KH00795,247,View
KH01856,206,Purchase
KH01416,442,AddCart
KH01971,445,View
KH00188,192,View
KH01982,105,View
KH01859,323,AddCart
KH01183,393,Purchase
KH00680,27,Click
KH00367,415,Click
KH01856,488,AddCart
KH01654,254,Click
KH01693,356,Purchase
KH00691,488,View
KH00036,293,Purchase
KH01066,29,AddCart
KH00415,198,Click
KH01118,16,Purchase
KH01799,68,Click
KH01810,393,AddCart
KH00548,230,Purchase
KH01910,371,View
KH00986,197,Click
KH01269,35,Purchase
KH00489,471,View
KH01584,258,Click
KH01557,442,AddCart
KH00730,42,AddCart
KH01172,29,View
KH00992,271,Purchase
KH01914,483,Click
KH00617,330,Click
KH01805,175,View
KH01754,378,Click
KH00763,72,View
KH01335,6,View
KH00193,9,Click
KH00911,213,View
KH01692,88,Purchase
KH00533,75,Click
KH01148,121,Purchase
KH00148,322,View
KH01882,435,Purchase
KH00019,238,View
KH01412,483,Purchase
KH01856,464,View
KH01125,340,View
KH00955,375,View
KH01286,27,AddCart
KH01583,74,AddCart
KH01814,348,AddCart
KH00593,177,AddCart
KH00930,311,Purchase
KH01768,437,AddCart
KH00400,390,View
KH01275,43,Click
KH00636,232,View
KH00665,432,AddCart
KH01737,69,Click
KH01602,400,Purchase
KH01476,331,Click
KH01879,447,Purchase
KH00695,407,AddCart
KH00596,255,Purchase
KH00585,389,Purchase
KH00749,180,Click
KH01422,318,Click
KH00399,243,AddCart
KH00663,29,AddCart
KH01286,13,Purchase
KH01493,239,Click
KH00705,485,View
KH00200,399,Click
KH01747,77,Click
KH00819,239,Click
KH01463,255,Click
KH00095,186,Click
KH01908,370,Click
KH01743,273,Purchase
KH01107,370,View
KH00217,493,View
KH00732,2,Purchase
KH00604,328,Click
KH00997,103,Purchase
KH00600,329,Purchase
KH01853,285,View
KH00455,42,Click
KH00511,436,Click
KH01972,202,Click
KH00467,104,Purchase
KH01374,237,Purchase
KH01883,3,View
KH01276,168,AddCart
KH00512,274,Purchase
KH00647,200,Click
KH01556,206,View
KH00071,176,Click
KH00931,388,View
KH01669,243,View
KH01801,293,AddCart
KH01805,17,Click
KH01892,379,AddCart
KH00941,379,View
KH00770,136,Purchase
KH00661,55,View
KH00904,225,Click
KH00460,469,Click
KH01446,296,Purchase
KH01503,75,Click
KH01234,43,Click
KH00409,70,Click
KH01731,414,View
KH01623,373,Click
KH00531,170,Click
KH01580,201,View
KH01868,442,AddCart
KH01994,236,Click
KH01091,72,Purchase
KH01940,308,Purchase
KH01176,205,Click
KH01141,344,View
KH01543,395,View
KH01496,481,AddCart
KH00140,20,View
KH00107,301,View
KH01174,368,AddCart
KH01164,343,View
KH01699,420,Click
KH00549,186,Click
KH00477,430,Purchase
KH00555,233,AddCart
KH01531,147,View
KH00654,108,Click
KH00725,74,Purchase
KH00925,294,View
KH00029,162,Click
KH00413,162,Click
KH00584,403,Click
KH01534,193,View
KH01891,435,AddCart
KH01226,467,View
KH00960,319,Click
KH01652,22,View
KH01027,52,Click
KH00926,384,Click
KH01289,358,Click
KH00344,129,Click
KH01759,47,AddCart
KH01236,500,Purchase
KH01649,128,Click
KH00992,8,Click
KH01905,34,AddCart
KH00332,25,View
KH00259,120,AddCart
KH00732,297,AddCart
KH01773,249,AddCart
KH01580,393,Click
KH01372,122,Click
KH01621,90,Click
KH01770,334,View
KH00564,490,Click
KH01220,468,View
KH01331,282,Click
KH01720,290,Click
KH01621,340,AddCart
KH01551,93,AddCart
KH00184,347,Purchase
KH00669,452,Click
KH01870,235,View
KH00316,359,AddCart
KH01591,221,Click
KH00030,358,Click
KH01535,47,View
KH00246,46,Click
KH01237,419,Purchase
KH00920,147,Click
KH00497,379,Click
KH00954,10,View
KH01655,328,Click
KH01556,77,Click
KH00233,490,AddCart
KH00842,489,View
KH01282,484,Purchase
KH01066,234,Click
KH00532,219,AddCart
KH00648,308,Purchase
KH00759,96,Click
KH01116,25,Click
KH01175,21,AddCart
KH00070,23,View
KH01847,112,AddCart
KH00799,373,Click
KH00617,486,AddCart
KH00081,418,Click
KH01379,161,AddCart
KH01658,262,AddCart
KH01911,304,Click
KH01240,137,Click
KH00318,404,View
KH00522,439,AddCart
KH00639,11,Click
KH01553,401,Click
KH00495,424,AddCart
KH00300,378,Click
KH00240,493,Click
KH00762,172,View
KH00422,493,Click
KH00136,444,View
KH01336,40,Click
KH01768,410,AddCart
KH00756,409,AddCart
KH01147,179,AddCart
KH01283,481,View
KH01166,30,AddCart
KH01237,277,Purchase
KH00026,142,Click
KH01448,136,Click
KH00654,458,AddCart
KH01578,311,Click
KH01045,67,Click
KH01824,416,Click
KH01618,402,AddCart
KH00643,458,Click
KH01956,318,Click
KH00434,468,AddCart
KH00981,59,Purchase
KH01486,260,Click
KH00859,441,Click
KH01043,121,View
KH00827,138,Click
KH01552,70,Purchase
KH00007,278,AddCart
KH00199,439,Click
KH00197,16,View
KH01287,240,View
KH01093,488,Purchase
KH01010,130,View
KH01668,14,Purchase
KH01038,294,Purchase
KH01031,204,View
KH00863,385,Click
KH00933,348,AddCart
KH01293,286,Click
KH00973,409,Purchase
KH00240,121,Click
KH00926,486,Click
KH01056,206,View
KH00714,346,View
KH01139,300,Click
KH00564,156,Click
KH01335,106,Purchase
KH01168,99,Click
KH01120,216,Purchase
KH01625,91,Purchase
KH00641,466,Purchase
KH01386,482,Purchase
KH01633,2,Purchase
KH00109,306,Click
KH00462,452,Click
KH01170,165,View
KH00703,422,AddCart
KH00522,142,Click
KH01597,285,Purchase
KH00738,105,AddCart
KH01430,280,Click
KH01343,84,AddCart
KH00344,481,Click
KH01917,418,Click
KH00373,148,Click
KH00424,35,AddCart
KH00745,479,Purchase
KH01173,225,View
KH00428,178,View
KH00002,222,AddCart
KH01241,291,Click
KH01250,156,Purchase
KH00670,389,Purchase
KH00781,400,Purchase
KH00541,82,AddCart
KH01284,14,Click
KH00883,257,View
KH01529,265,View
KH00667,486,AddCart
KH00801,354,AddCart
KH01255,472,Purchase
KH00202,339,AddCart
KH01664,320,AddCart
KH01572,48,View
KH01992,162,AddCart
KH00972,12,Purchase
KH01586,325,AddCart
KH01749,326,AddCart
KH01072,403,View
KH01250,114,AddCart
KH00962,246,Purchase
KH00149,430,AddCart
KH01755,307,Purchase
KH00682,246,Click
KH00948,176,Purchase
KH01568,482,AddCart
KH00614,207,AddCart
KH00774,196,Purchase
KH01878,61,Purchase
KH01604,180,Purchase
KH00137,335,View
KH01105,210,Click
KH00281,273,Click
KH01171,156,Click
KH01326,29,Purchase
KH01862,26,Click
KH00143,129,View
KH00584,180,Purchase
KH00331,405,AddCart
KH00811,483,Click
KH01380,269,AddCart
KH01156,473,Click
KH01999,34,AddCart
KH00761,130,View
KH00782,230,AddCart
KH00922,382,Click
KH01044,475,AddCart
KH00291,35,Purchase
KH01948,166,AddCart
KH01509,479,Purchase
KH00813,183,View
KH01105,151,Purchase
KH01524,53,AddCart
KH00760,46,Purchase
KH01690,219,View
KH00886,486,Purchase
KH00439,408,Click
KH01367,116,View
KH00119,260,AddCart
KH01756,435,View
KH00086,22,Purchase
KH01899,128,AddCart
KH01233,483,Click
KH00196,147,View
KH01811,82,Purchase
KH00237,316,AddCart
KH00169,391,View
KH01299,481,View
KH01314,220,View
KH01504,34,View
KH01087,229,AddCart
KH00251,136,View
KH01440,356,Click
KH01752,233,View
KH00982,194,Click
KH00022,36,Click
KH01123,179,View
KH00103,420,AddCart
KH00844,160,Purchase
KH01962,268,Click
KH01653,161,View
KH01036,48,Purchase
KH01954,417,Click
KH01301,435,AddCart
KH00997,410,View
KH01542,12,Purchase
KH01708,39,Click
KH01725,267,View
KH01639,223,View
KH00120,167,Click
KH01285,170,View
KH00067,427,Click
KH01006,185,AddCart
KH01644,11,Purchase
KH00695,83,AddCart
KH01264,18,Purchase
KH00171,94,Click
KH00036,206,View
KH01921,343,Click
KH01811,120,View
KH00783,199,Click
KH01243,97,AddCart
KH01822,384,Purchase
KH00153,315,Click
KH00515,437,View
KH01876,447,Click
KH00484,351,AddCart
KH00912,307,Purchase
KH01577,89,Click
KH00683,454,View
KH00345,292,Click
KH00517,364,AddCart
KH01082,130,Purchase
KH00045,340,Purchase
KH01562,181,Click
KH00422,430,Click
KH01301,494,AddCart
KH01066,133,View
KH00800,137,View
KH01994,218,AddCart
KH00027,284,View
KH01229,318,Purchase
KH00996,61,AddCart
KH00725,24,Purchase
KH00739,500,AddCart
KH01966,235,Purchase
KH01083,474,AddCart
KH01507,306,View
KH00298,216,Click
KH01643,52,View
KH01545,1,AddCart
KH00688,380,Click
KH01642,222,Click
KH00317,233,AddCart
KH00536,56,Click
KH01770,148,AddCart
KH01618,45,Click
KH01899,83,Purchase
KH01308,8,Click
KH00212,35,View
KH01817,435,Click
KH01626,317,Purchase
KH00244,445,Click
KH01540,425,Click
KH01501,289,Purchase
KH01114,27,Click
KH00097,218,Purchase
KH01117,19,AddCart
KH00543,185,Click
KH01696,352,AddCart
KH00002,6,Purchase
KH00666,333,Click
KH00128,100,View
KH00215,43,AddCart
KH01419,386,Click
KH01332,420,AddCart
KH01800,346,Purchase
KH01820,298,View
KH01386,64,Click
KH00953,34,Purchase
KH01521,177,View
KH00117,160,View
KH01669,398,Click
KH00281,100,Click
KH00016,436,Click
KH01078,2,View
KH01179,123,Purchase
KH01009,245,Purchase
KH00773,432,AddCart
KH00794,11,Click
KH00848,431,View
KH00844,253,AddCart
KH00453,478,AddCart
KH01404,318,AddCart
KH00573,271,AddCart
KH01890,417,View
KH01294,162,Purchase
KH01704,1,Purchase
KH00466,342,AddCart
KH01624,133,View
KH01637,496,Click
KH01111,495,View
KH01672,194,View
KH01619,216,Click
KH00954,439,Purchase
KH00171,474,Click
KH00135,389,View
KH01969,459,Purchase
KH00531,248,AddCart
KH01932,348,Click
KH00459,214,View
KH00358,487,AddCart
KH01613,24,Click
KH00264,77,View
KH00933,194,AddCart
KH01221,340,Purchase
KH00252,247,Click
KH00607,339,View
KH00295,189,AddCart
KH01996,69,View
KH01277,487,AddCart
KH00791,215,AddCart
KH00018,351,Click
KH00836,243,Purchase
KH01148,24,Purchase
KH00717,86,AddCart
KH00304,294,Purchase
KH00568,5,Purchase
KH01661,420,AddCart
KH00941,495,View
KH01545,345,AddCart
KH01262,369,Click
KH00641,42,AddCart
KH01785,49,Purchase
KH01842,233,Purchase
KH01916,391,Purchase
KH01854,467,Purchase
KH00930,126,AddCart
KH00390,45,AddCart
KH01562,428,Purchase
KH00832,127,Purchase
KH00108,326,AddCart
KH01080,292,AddCart
KH01447,426,View
KH00365,414,Click
KH00582,219,AddCart
KH01326,195,View
KH01005,4,Click
KH00781,332,AddCart
KH01488,170,Click
KH01582,496,Purchase
KH00774,375,Purchase
KH00341,234,AddCart
KH01950,137,Purchase
KH00680,465,View
KH00368,349,Purchase
KH01863,464,Click
KH01676,34,View
KH01570,129,AddCart
KH00713,383,AddCart
KH00456,189,Click
KH01952,144,Purchase
KH01534,142,AddCart
KH01040,447,Purchase
KH01910,171,AddCart
KH00343,80,Purchase
KH01766,32,AddCart
KH01901,90,AddCart
KH00979,197,Purchase
KH00993,190,View
KH00331,391,Click
KH00113,317,Click
KH01166,274,Click
KH01263,332,View
KH00290,25,Click
KH00750,452,Click
KH00262,4,AddCart
KH00582,418,AddCart
KH00618,15,AddCart
KH01199,199,AddCart
KH00367,365,AddCart
KH00369,406,AddCart
KH01781,82,Purchase
KH00914,411,AddCart
KH00090,291,Click
KH01839,404,View
KH01472,284,Purchase
KH01465,127,View
KH00111,328,View
KH01922,297,View
KH01741,400,View
KH00720,10,Click
KH01383,462,AddCart
KH01029,259,AddCart
KH00284,164,View
KH00263,258,AddCart
KH00081,344,View
KH00944,67,Click
KH01033,288,View
KH00693,140,Click
KH01891,382,AddCart
KH00267,455,View
KH01203,174,View
KH01004,433,Click
KH01931,217,AddCart
KH01326,342,View
KH01224,377,Purchase
KH00966,427,Click
KH00546,37,Purchase
KH01910,459,AddCart
KH01702,124,View
KH01737,396,View
KH01980,270,View
KH00654,1,AddCart
KH01141,176,AddCart
KH00141,168,Click
KH00894,283,AddCart
KH01670,453,AddCart
KH00335,83,View
KH01491,143,AddCart
KH00971,204,Click
KH01280,202,AddCart
KH01290,440,View
KH00534,494,Purchase
KH00004,68,Purchase
KH00918,331,AddCart
KH01858,108,Click
KH00848,204,Purchase
KH01286,417,View
KH01574,206,AddCart
KH01395,307,Click
KH01480,237,Click
KH00752,29,Click
KH01615,260,Click
KH01227,70,Click
KH00784,94,Purchase
KH01758,206,Click
KH00796,449,AddCart
KH01045,376,View
KH01277,135,View
KH01778,86,Purchase
KH00119,248,Purchase
KH00308,122,View
KH01342,477,Click
KH01085,75,Click
KH00395,166,AddCart
KH00913,283,Click
KH00386,97,AddCart
KH01321,428,Click
KH00272,176,Click
KH01181,60,Purchase
KH00715,389,Purchase
KH01523,134,Purchase
KH00081,387,Click
KH01110,370,Click
KH00477,478,View
KH00354,419,Purchase
KH01206,375,Click
KH01144,57,Purchase
KH00318,92,AddCart
KH00588,234,Click
KH01014,438,Click
KH00964,146,View
KH01469,362,Purchase
KH01573,465,Click
KH01574,14,Purchase
KH00690,413,View
KH00905,389,AddCart
KH01528,192,Purchase
KH01587,98,AddCart
KH01978,97,AddCart
KH01886,323,Purchase
KH00791,290,Purchase
KH01151,43,View
KH00717,49,Purchase
KH01603,341,AddCart
KH00120,146,AddCart
KH00511,178,View
KH01711,69,Click
KH01303,72,AddCart
KH01340,107,View
KH00788,299,Purchase
KH01945,275,View
KH01204,223,Purchase
KH01043,157,Click
KH00680,317,View
KH00663,475,Click
KH01193,410,View
KH00922,184,View
KH01047,27,Purchase
KH01770,480,Click
KH00444,321,Purchase
KH01698,378,View
KH01192,324,View
KH00789,374,Purchase
KH01176,276,View
KH00168,401,Click
KH01302,250,Purchase
KH01406,139,AddCart
KH01036,386,Click
KH01823,379,Click
KH01635,123,Click
KH01107,142,Click
KH01791,186,Click
KH00830,42,Click
KH00396,256,AddCart
KH00922,228,Purchase
KH01613,21,AddCart
KH00416,142,Purchase
KH01258,137,Purchase
KH00338,236,View
KH00224,349,Click
KH00299,311,Purchase
KH00156,120,Purchase
KH00520,53,View
KH01855,171,Click
KH01394,264,View
KH00816,491,Purchase
KH01145,445,Purchase
KH01919,209,Click
KH00111,189,View
KH01847,169,Purchase
KH01325,382,Click
KH01180,364,AddCart
KH00411,441,Click
KH01175,474,Purchase
KH00277,447,Purchase
KH00387,251,View
KH01655,113,View
KH01567,450,AddCart
KH01356,209,View
KH01566,390,AddCart
KH01119,360,AddCart
KH00638,40,View
KH00302,168,AddCart
KH01651,351,AddCart
KH01380,412,Click
KH00701,98,Purchase
KH00960,476,Click
KH01647,469,View
KH00702,86,View
KH00263,426,View
KH01836,7,View
KH01203,330,Purchase
KH00079,303,AddCart
KH00583,82,Click
KH00952,164,AddCart
KH00455,54,AddCart
KH01139,131,Click
KH01336,78,Click
KH00100,331,Purchase
KH00737,463,Purchase
KH01152,278,Click
KH00942,401,View
KH01511,117,Purchase
KH00343,456,Click
KH00021,1,Purchase
KH01490,339,View
KH00349,67,Purchase
KH01140,278,View
KH00828,274,AddCart
KH00137,32,Click
KH01769,264,AddCart
KH00469,171,Click
KH00869,58,Click
KH01194,129,View
KH01740,113,AddCart
KH01891,217,Purchase
KH01354,330,AddCart
KH00669,125,AddCart
KH01086,293,Purchase
KH01521,177,AddCart
KH01246,225,View
KH00802,391,AddCart
KH00574,358,Purchase
KH01937,390,Click
KH00698,381,View
KH00668,140,Click
KH01499,24,Purchase
KH00118,169,Click
KH01234,488,Click
KH01829,196,Purchase
KH01140,415,Click
KH01447,141,View
KH00152,367,Click
KH01738,391,AddCart
KH01101,438,Click
KH01164,46,Purchase
KH00606,88,Click
KH01938,13,Click
KH00888,374,Click
KH00865,222,View
KH00492,74,View
KH01809,68,View
KH01048,447,Purchase
KH00922,243,Click
KH01382,322,Purchase
KH01432,51,Click
KH01440,460,AddCart
KH01813,362,Click
KH00081,85,Purchase
KH01661,110,Click
KH01625,355,View
KH01593,69,View
KH01088,36,AddCart
KH01400,150,View
KH00761,108,Click
KH00524,87,AddCart
KH00201,224,AddCart
KH00828,325,View
KH01875,342,View
KH01234,195,View
KH01281,30,Click
KH01207,257,AddCart
KH00538,117,Purchase
KH00385,402,Click
KH01893,390,View
KH00131,279,Purchase
KH01921,49,Click
KH01357,32,AddCart
KH00080,257,Purchase
KH01994,426,AddCart
KH01402,261,AddCart
KH00225,415,AddCart
KH00842,395,Purchase
KH01815,299,Click
KH00908,276,View
KH00992,284,Click
KH00468,47,View
KH01570,495,AddCart
KH00649,308,Click
KH01412,9,View
KH01599,491,View
KH00288,372,View
KH00021,237,Click
KH00963,250,Click
KH01315,77,AddCart
KH00791,351,View
KH01398,307,Click
KH00408,62,View
KH01042,326,View
KH00289,98,Purchase
KH00642,337,View
KH00903,446,AddCart
KH00974,425,Click
KH01564,397,AddCart
KH01952,386,AddCart
KH00969,300,Click
KH01153,407,View
KH01839,475,Click
KH01318,85,Purchase
KH00564,153,Purchase
KH00787,151,AddCart
KH01763,334,AddCart
KH00869,439,Click
KH00447,338,Click
KH00668,360,AddCart
KH00772,347,AddCart
KH00863,339,AddCart
KH01945,432,AddCart
KH01522,93,AddCart
KH01128,222,Click
KH00476,430,View
KH01611,370,View
KH00213,38,Click
KH00138,293,View
KH00244,30,AddCart
KH01946,216,Click
KH00804,299,Click
KH00068,473,AddCart
KH00061,79,View
KH01076,371,Click
KH00442,85,Purchase
KH01008,140,Purchase
KH01871,20,AddCart
KH00732,182,Purchase
KH01734,97,View
KH01876,125,Click
KH00772,442,Purchase
KH00943,151,Click
KH01640,20,Click
KH01669,474,View
KH00837,248,Purchase
KH00345,102,Click
KH00650,495,AddCart
KH01699,149,Purchase
KH01423,276,Click
KH01698,463,AddCart
KH01399,31,AddCart
KH00751,148,Click
KH01286,258,AddCart
KH00322,388,Click
KH01154,112,Click
KH01312,375,Purchase
KH00532,44,Purchase
KH00969,43,View
KH00719,223,AddCart
KH00655,388,View
KH00362,212,AddCart
KH00669,471,Click
KH00907,148,Click
KH00713,33,View
KH00356,310,Click
KH01605,457,View
KH01833,61,AddCart
KH01694,16,Purchase
KH01039,56,View
KH01131,479,AddCart
KH01960,203,Purchase
KH00632,112,Click
KH00183,120,Purchase
KH00259,33,Purchase
KH01469,429,AddCart
KH01182,149,Click
KH00748,268,AddCart
KH01936,96,Click
KH01413,138,AddCart
KH01642,171,View
KH00174,7,Purchase
KH01809,281,Purchase
KH01585,10,Purchase
KH00534,436,AddCart
KH01930,260,Click
KH00064,336,AddCart
KH01589,112,Click
KH01423,72,Click
KH01007,10,Purchase
KH00003,294,AddCart
KH00495,312,Purchase
KH01451,271,Purchase
KH00215,192,Purchase
KH01294,151,Purchase
KH01454,473,Purchase
KH01558,362,Click
KH01716,45,Purchase
KH00939,114,Click
KH00802,258,Click
KH01079,170,Click
KH01298,265,Purchase
KH00490,307,View
KH00233,193,Purchase
KH01827,65,AddCart
KH00796,291,Purchase
KH00554,52,AddCart
KH01335,233,Click
KH01197,399,Purchase
KH00025,157,View
KH01368,159,Click
KH01836,194,AddCart
KH01969,486,Click
KH01926,263,Purchase
KH00739,197,Purchase
KH01914,320,Purchase
KH00202,78,AddCart
KH00483,19,AddCart
KH00401,36,Purchase
KH00784,483,View
KH00590,237,AddCart
KH00611,244,View
KH00412,19,AddCart
KH00677,323,Click
KH00175,427,Click
KH00084,491,AddCart
KH00142,323,Purchase
KH00596,227,Click
KH00775,161,View
KH00202,498,View
KH01482,147,AddCart
KH01739,223,AddCart
KH00283,95,AddCart
KH01346,447,Click
KH00696,86,Click
KH01487,477,AddCart
KH01785,14,Click
KH00790,361,AddCart
KH00564,159,Click
KH01388,202,AddCart
KH00410,127,View
KH01171,280,View
KH01419,68,Purchase
KH00224,363,Click
KH01626,213,Click
KH00086,256,View
KH00333,355,AddCart
KH00658,325,View
KH00921,267,AddCart
KH00705,469,Purchase
KH01508,90,Click
KH01632,125,Purchase
KH01322,467,Click
KH00195,198,View
KH00021,384,AddCart
KH01145,471,Click
KH00183,288,View
KH00301,22,Purchase
KH00713,228,View
KH00943,437,Purchase
KH01033,418,AddCart
KH00542,34,Purchase
KH00076,372,Click
KH00254,117,View
KH00097,117,Click
KH01231,269,AddCart
KH01493,332,Purchase
KH00879,48,AddCart
KH00437,230,Click
KH00227,460,Click
KH01039,178,AddCart
KH00395,418,Purchase
KH01292,25,View
KH01565,137,Click
KH01403,6,View
KH01606,459,AddCart
KH00140,443,View
KH00480,469,Click
KH01659,37,Click
KH00181,106,Purchase
KH01321,453,Click
KH01261,317,Purchase
KH00879,13,View
KH01018,42,View
KH01059,73,Click
KH00806,81,View
KH00403,53,AddCart
KH01109,104,View
KH00082,245,Click
KH01785,148,View
KH00510,147,AddCart
KH00652,115,Purchase
KH01238,458,Purchase
KH00608,87,AddCart
KH01401,148,Purchase
KH00927,169,Click
KH01402,152,View
KH01637,365,Click
KH01540,145,Purchase
KH01290,190,AddCart
KH01612,278,View
KH01677,171,View
KH01953,265,View
KH00607,378,Purchase
KH00127,226,View
KH01817,61,Purchase
KH00273,477,View
KH00232,104,AddCart
KH00991,224,View
KH01882,148,Purchase
KH00430,104,AddCart
KH01419,274,Click
KH01472,399,Click
KH00929,446,Click
KH00437,476,Click
KH00718,38,View
KH01020,76,Click
KH01501,463,View
KH01062,373,Purchase
KH01911,216,AddCart
KH01528,151,AddCart
KH00807,335,AddCart
KH01307,16,View
KH00843,482,Purchase
KH01641,493,Purchase
KH01443,471,Purchase
KH00150,317,View
KH01203,101,View
KH01558,352,View
KH01217,451,AddCart
KH01185,298,Purchase
KH00520,379,Purchase
KH01338,439,AddCart
KH00644,500,AddCart
KH00905,405,View
KH01801,468,View
KH01415,332,View
KH00786,214,Purchase
KH01132,1,Purchase
KH01664,343,AddCart
KH01282,470,Purchase
KH00518,376,Purchase
KH01211,313,Purchase
KH00991,223,Click
KH01466,198,Click
KH00099,273,Purchase
KH01966,96,View
KH00138,417,View
KH00846,414,AddCart
KH00592,377,Purchase
KH01697,151,Click
KH01440,308,AddCart
KH01369,260,View
KH00506,73,AddCart
KH00949,406,AddCart
KH00507,392,View
KH00103,245,View
KH00502,486,View
KH01726,71,Click
KH00324,197,View
KH01761,150,Click
KH01769,17,View
KH01446,128,View
KH01806,486,View
KH00443,482,Purchase
KH01193,301,View
KH00087,173,Click
KH00993,162,AddCart
KH01650,292,AddCart
KH01968,208,AddCart
KH01984,342,View
KH01214,170,AddCart
KH00470,366,Click
KH00409,108,Click
KH01890,465,View
KH00870,374,View
KH01906,376,Purchase
KH00191,175,AddCart
KH00470,290,AddCart
KH01520,384,AddCart
KH01958,331,Purchase
KH01782,407,Purchase
KH00588,421,Click
KH01888,65,Purchase
KH00411,223,View
KH01988,340,View
KH00207,302,Purchase
KH01195,348,AddCart
KH00197,335,AddCart
KH01094,274,AddCart
KH01011,74,Click
KH00112,356,View
KH01064,153,View
KH01223,39,AddCart
KH01365,305,View
KH01381,284,AddCart
KH00942,271,View
KH01108,120,AddCart
KH01460,125,Click
KH00718,433,AddCart
KH00402,40,Click
KH01540,475,Purchase
KH00754,464,Purchase
KH00742,235,Purchase
KH01053,41,View
KH00674,11,AddCart
KH01322,474,AddCart
KH00857,140,View
KH01986,243,Purchase
KH01372,348,Purchase
KH00284,366,AddCart
KH00426,283,Purchase
KH01945,298,Purchase
KH00286,351,AddCart
KH00161,430,Purchase
KH01224,372,AddCart
KH01570,307,AddCart
KH00043,51,View
KH01502,75,Click
KH00233,335,Purchase
KH01211,317,View
KH00619,263,Click
KH00412,220,View
KH00502,181,Click
KH00804,210,Click
KH01333,434,View
KH01500,239,Click
KH01938,35,Click
KH00554,429,Purchase
KH01396,163,AddCart
KH01885,417,Purchase
KH01489,44,AddCart
KH00036,70,View
KH00970,440,Purchase
KH01250,257,Purchase
KH01282,240,Click
KH01792,263,Click
KH00502,110,Purchase
KH01429,252,AddCart
KH00557,423,Click
KH01250,105,Purchase
KH01338,376,Click
KH01418,471,Click
KH00762,338,Purchase
KH00985,276,Purchase
KH01054,320,View
KH00565,156,View
KH01738,42,Click
KH00547,269,Click
KH00168,49,AddCart
KH00322,5,View
KH01508,472,Purchase
KH00402,175,Click
KH01117,94,Purchase
KH01545,164,View
KH01297,12,AddCart
KH00855,466,AddCart
KH00271,329,View
KH01100,120,Purchase
KH00442,20,View
KH01927,112,AddCart
KH00011,111,Purchase
KH01663,445,Purchase
KH00269,17,View
KH00660,489,Purchase
KH00291,77,Purchase
KH01986,453,AddCart
KH00527,35,Click
KH00812,96,Click
KH01752,200,Click
KH01688,83,Purchase
KH01715,306,Purchase
KH00212,355,Click
KH00174,104,AddCart
KH00563,267,Purchase
KH00262,58,AddCart
KH01068,92,Purchase
KH01350,463,View
KH01592,6,Click
KH01975,190,Purchase
KH01159,223,AddCart
KH01183,307,View
KH00896,282,View
KH00951,304,View
KH00225,297,AddCart
KH00580,63,AddCart
KH01191,490,AddCart
KH00575,271,View
KH00639,63,AddCart
KH01931,489,AddCart
KH01128,146,View
KH00849,2,Click
KH01421,263,View
KH01853,336,Purchase
KH00569,96,View
KH01891,375,AddCart
KH00365,380,AddCart
KH01791,76,Purchase
KH00962,195,View
KH00754,230,Purchase
KH01786,111,Click
KH01229,247,AddCart
KH00954,310,View
KH00539,22,AddCart
KH00076,90,AddCart
KH00108,282,View
KH01720,129,View
KH01360,178,AddCart
KH00889,449,View
KH01968,136,Click
KH00103,290,View
KH00503,298,View
KH01921,239,Purchase
KH00823,117,Click
KH00085,105,View
KH01818,178,Click
KH01275,422,Click
KH00727,188,Purchase
KH01535,414,View
KH01324,398,View
KH01109,181,View
KH00489,260,Click
KH01858,13,Purchase
KH00524,221,Click
KH00568,365,Click
KH01492,301,Purchase
KH01415,483,AddCart
KH00598,384,Purchase
KH00660,56,Click
KH00175,208,View
KH01357,183,Click
KH00535,246,Click
KH01520,103,View
KH00964,44,Click
KH00722,11,AddCart
KH00282,465,AddCart
KH00517,6,Purchase
KH00794,181,View
KH00087,253,View
KH00176,116,View
KH00773,110,AddCart
KH00548,229,AddCart
KH01017,432,Purchase
KH01432,161,Purchase
KH01822,397,AddCart
KH01024,399,Purchase
KH01946,73,AddCart
KH01657,167,Click
KH00747,477,Click
KH01148,474,AddCart
KH01871,484,View
KH01540,404,AddCart
KH01650,307,Purchase
KH00794,498,AddCart
KH00495,81,View
KH00698,6,Purchase
KH00598,373,Purchase
KH01174,237,Click
KH00364,87,Click
KH00588,471,Purchase
KH01525,128,AddCart
KH01916,362,AddCart
KH00424,354,Purchase
KH00983,422,AddCart
KH00281,130,View
KH01198,54,Purchase
KH01441,498,View
KH00817,190,View
KH00388,45,Purchase
KH01036,81,View
KH00249,324,View
KH01619,486,View
KH01199,156,Click
KH01581,155,AddCart
KH00689,197,View
KH00527,431,Purchase
KH01728,259,Click
KH01129,240,Click
KH01142,388,View
KH00102,183,AddCart
KH00588,56,View
KH01167,395,Purchase
KH00928,496,Click
KH00614,161,AddCart
KH00867,90,Click
KH01351,81,Purchase
KH01204,264,Purchase
KH01859,236,Purchase
KH01077,148,Click
KH00605,447,AddCart
KH01210,273,View
KH00333,491,Purchase
KH01066,445,View
KH01852,277,AddCart
KH00499,238,Purchase
KH00452,254,View
KH00433,158,AddCart
KH01093,72,View
KH01498,24,View
KH01165,59,AddCart
KH01297,34,View
KH01263,247,Click
KH01248,369,Purchase
KH01170,38,AddCart
KH00808,368,View
KH01959,461,AddCart
KH00355,219,View
KH00742,495,AddCart
KH00276,75,Click
KH00281,277,View
KH01613,390,AddCart
KH00873,361,AddCart
KH00648,325,Purchase
KH00409,437,AddCart
KH01986,477,AddCart
KH01564,278,Click
KH00515,125,View
KH01022,490,Click
KH00102,300,View
KH01098,18,AddCart
KH01674,424,AddCart
KH00521,283,AddCart
KH00149,197,Click
KH01364,295,Purchase
KH00843,286,AddCart
KH00029,253,Click
KH01415,301,Purchase
KH01684,324,View
KH00106,131,AddCart
KH01983,485,AddCart
KH01211,296,Click
KH00304,95,AddCart
KH01080,39,Click
KH00274,394,Purchase
KH00446,153,AddCart
KH01126,323,Click
KH01257,441,View
KH01880,76,View
KH00157,148,Click
KH00898,173,Purchase
KH00336,129,Purchase
KH00747,491,Purchase
KH01797,122,AddCart
KH00422,90,AddCart
KH01175,155,Click
KH01951,93,View
KH00802,201,Purchase
KH01832,77,Purchase
KH01174,183,AddCart
KH00725,61,AddCart
KH00304,347,Purchase
KH00405,1,Purchase
KH00232,406,Purchase
KH01716,64,View
KH00226,81,AddCart
KH01141,435,Click
KH01868,32,Click
KH00561,382,Purchase
KH00506,8,View
KH00797,293,Purchase
KH00461,81,Click
KH01053,276,Purchase
KH01918,170,Purchase
KH01676,445,View
KH01975,171,View
KH01560,254,Click
KH01338,25,Click
KH01994,175,Purchase
KH00391,428,View
KH00050,165,Click
KH01119,173,Click
KH01854,175,Purchase
KH00037,445,Purchase
KH01139,111,AddCart
KH00014,357,View
KH00280,107,Purchase
KH01456,363,AddCart
KH01609,140,View
KH00740,428,Purchase
KH01586,32,Purchase
KH00077,490,View
KH01528,110,Click
KH01410,3,Purchase
KH01955,213,Click
KH01452,185,View
KH01461,312,View
KH00503,291,Click
KH01211,251,AddCart
KH00514,19,Click
KH00152,189,View
KH00968,392,Purchase
KH01301,319,Click
KH01311,170,Click
KH00968,197,View
KH00775,437,Purchase
KH01396,261,Purchase
KH01254,191,View
KH01966,117,Purchase
KH00769,459,Click
KH01748,84,Click
KH01603,457,View
KH01728,12,View
KH00256,61,View
KH01697,337,View
KH01769,257,View
KH01675,450,Click
KH00712,317,Purchase
KH01666,268,View
KH00466,247,Purchase
KH01686,303,View
KH00503,483,Purchase
KH01464,107,AddCart
KH01644,195,Purchase
KH00257,252,View
KH00737,347,AddCart
KH00181,335,Click
KH01264,374,Click
KH01432,204,Purchase
KH00948,449,AddCart
KH01163,354,Click
KH00934,454,AddCart
KH01157,31,View
KH01968,183,View
KH00649,332,Purchase
KH01997,221,View
KH01983,452,Click
KH01019,485,AddCart
KH01193,12,Purchase
KH01226,336,AddCart
KH01496,312,View
KH01396,87,Click
KH01842,426,Purchase
KH00322,444,AddCart
KH00621,459,Click
KH00560,209,Purchase
KH00572,38,AddCart
KH00338,75,Click
KH01978,79,View
KH01269,348,View
KH00633,73,View
KH00911,451,AddCart
KH01362,170,AddCart
KH01491,312,View
KH00826,372,View
KH01935,49,View
KH01058,376,View
KH00112,479,Click
KH00533,333,Click
KH00904,140,Purchase
KH00877,127,Purchase
KH01249,371,Purchase
KH01525,95,View
KH01442,491,Purchase
KH01235,22,Click
KH00907,398,AddCart
KH01810,269,Purchase
KH01780,270,Purchase
KH00959,14,Click
KH00765,406,Click
KH01594,227,AddCart
KH00227,313,View
KH01126,99,AddCart
KH01952,123,Purchase
KH01161,75,AddCart
KH00536,340,Click
KH01291,272,AddCart
KH01114,398,Purchase
KH01565,280,Click
KH01059,409,Click
KH01946,183,View
KH01363,24,View
KH01975,27,AddCart
KH00873,13,Purchase
KH00461,164,Purchase
KH00314,318,AddCart
KH01659,106,Purchase
KH00295,104,Purchase
KH00513,17,Click
KH00195,20,Purchase
KH01668,348,View
KH00743,427,AddCart
KH01046,333,View
KH01748,335,View
KH01964,426,View
KH00783,334,Click
KH01241,242,View
KH00493,306,View
KH00933,161,View
KH01973,479,Click
KH01403,197,Click
KH00141,464,View
KH00888,386,AddCart
KH00322,169,AddCart
KH01320,198,Click
KH00761,79,AddCart
KH00112,62,View
KH00603,196,Click
KH00446,86,Click
KH00822,350,Purchase
KH01525,127,AddCart
KH01565,75,Click
KH01837,22,Click
KH00897,382,Purchase
KH00482,365,View
KH00868,287,Click
KH00609,188,Click
KH00077,441,AddCart
KH00511,228,Purchase
KH00118,462,AddCart
KH00974,234,Click
KH01894,313,View
KH01028,290,View
KH01332,101,View
KH01921,424,Click
KH01607,67,Click
KH01329,209,View
KH01649,16,Purchase
KH01898,11,View
KH00925,244,Purchase
KH00529,419,Click
KH01891,29,View
KH00671,187,Click
KH00178,399,Purchase
KH01715,423,Click
KH00055,321,Click
KH00485,18,Click
KH00008,41,Purchase
KH01231,70,View
KH00093,241,Purchase
KH01423,264,Purchase
KH01648,384,AddCart
KH01234,394,Click
KH00421,361,Purchase
KH01368,21,View
KH00491,357,AddCart
KH00269,431,Click
KH00046,70,AddCart
KH01016,10,Purchase
KH00985,17,View
KH01099,36,View
KH00701,65,Click
KH01561,482,Purchase
KH00517,155,Purchase
KH00843,270,AddCart
KH00338,168,Purchase
KH01010,87,View
KH00981,33,AddCart
KH00182,162,AddCart
KH00576,81,AddCart
KH01925,459,AddCart
KH01593,355,View
KH00425,112,Click
KH00125,104,View
KH00626,340,View
KH00675,444,AddCart
KH00967,234,Purchase
KH01486,240,AddCart
KH01262,331,Purchase
KH01909,153,Purchase
KH00141,402,Purchase
KH00561,177,Purchase
KH01486,400,Click
KH01333,280,AddCart
KH00747,227,AddCart
KH01480,297,Click
KH00448,273,AddCart
KH01634,121,View
KH01374,61,Purchase
KH00273,472,Click
KH00210,338,View
KH01553,121,Purchase
KH00086,36,View
KH00800,315,View
KH01337,177,AddCart
KH00472,195,Purchase
KH00296,496,AddCart
KH01850,495,Purchase
KH00642,261,AddCart
KH01626,84,Purchase
KH01310,80,AddCart
KH00371,16,Purchase
KH00074,364,AddCart
KH01066,467,Click
KH00716,179,AddCart
KH00041,368,Click
KH01826,229,View
KH00467,399,Purchase
KH00624,52,AddCart
KH01992,345,Click
KH00673,90,View
KH00186,337,Click
KH01287,51,Purchase
KH00367,190,View
KH01581,390,Click
KH01339,109,Purchase
KH00700,220,Purchase
KH00058,198,Purchase
KH00335,257,AddCart
KH00994,332,AddCart
KH01297,276,AddCart
KH01818,449,Purchase
KH00972,172,Purchase
KH01077,394,Click
KH00238,67,Click
KH00314,297,View
KH01168,109,Purchase
KH00862,218,Click
KH00787,207,View
KH01127,5,View
KH00041,477,AddCart
KH01105,60,View
KH01179,51,Click
KH00485,335,Purchase
KH00956,96,Click
KH01340,331,View
KH00811,359,Click
KH00725,181,Click
KH01558,201,View
KH00687,84,AddCart
KH00959,80,Purchase
KH00088,191,AddCart
KH00135,15,View
KH01358,288,Click
KH00082,482,View
KH01160,18,Purchase
KH01974,488,Click
KH01836,74,Purchase
KH00581,322,Click
KH00044,108,Click
KH00349,467,Purchase
KH01140,429,View
KH01973,277,Purchase
KH01975,46,Purchase
KH00328,339,Purchase
KH01500,58,View
KH00981,340,Click
KH00592,164,AddCart
KH01881,243,Purchase
KH01285,44,View
KH01754,361,Purchase
KH00779,125,AddCart
KH01774,183,Purchase
KH01494,39,View
KH00559,373,AddCart
KH01344,269,View
KH00555,326,Click
KH00857,346,AddCart
KH00233,427,Purchase
KH00511,96,Purchase
KH01746,410,AddCart
KH00716,329,View
KH00966,80,Purchase
KH00057,40,View
KH01280,417,View
KH01562,47,AddCart
KH01692,337,Purchase
KH01490,483,View
KH00756,328,View
KH00409,99,Click
KH00640,399,AddCart
KH00420,111,View
KH00924,194,Purchase
KH01623,469,AddCart
KH01329,423,Purchase
KH01296,54,Click
KH01484,207,Click
KH00386,142,View
KH00609,43,AddCart
KH00683,29,AddCart
KH00843,307,View
KH01285,273,View
KH01334,35,Click
KH01471,399,View
KH00230,235,AddCart
KH01099,217,Click
KH00374,40,View
KH01479,226,Purchase
KH00356,376,Click
KH00458,135,View
KH00426,183,Purchase
KH01362,436,View
KH00017,100,Click
KH01361,224,Click
KH00166,473,AddCart
KH01465,231,AddCart
KH00488,197,AddCart
KH00333,474,Purchase
KH00154,335,Purchase
KH01764,210,Click
KH01798,142,Click
KH00136,315,Purchase
KH00600,73,Purchase
KH01951,40,Click
KH01698,404,Click
KH00637,65,Purchase
KH01285,257,AddCart
KH00183,118,Click
KH01765,305,AddCart
KH01768,273,View
KH00986,481,Purchase
KH00750,24,AddCart
KH01389,453,AddCart
KH01382,211,View
KH00218,152,Purchase
KH01375,458,AddCart
KH01492,54,Click
KH01630,182,Purchase
KH01318,141,Purchase
KH00394,38,Click
KH00982,346,Purchase
KH00826,43,Click
KH01670,265,Click
KH01325,234,Purchase
KH00108,151,Click
KH00469,475,AddCart
KH01645,286,Click
KH01282,268,View
KH00138,34,View
KH01411,458,Purchase
KH00880,147,Purchase
KH01782,127,View
KH00253,473,Purchase
KH01521,23,AddCart
KH00450,47,Purchase
KH01081,121,Click
KH00023,460,AddCart
KH00566,330,Purchase
KH00918,58,Purchase
KH00517,185,View
KH00964,460,AddCart
KH01695,301,View
KH00842,281,View
KH00570,497,Click
KH01188,137,AddCart
KH01498,63,Purchase
KH01285,52,AddCart
KH01066,329,View
KH00635,53,AddCart
KH00179,194,Purchase
KH01511,453,Purchase
KH00711,192,View
KH01485,205,View
KH01339,481,AddCart
KH01957,129,AddCart
KH00100,237,Click
KH00573,251,AddCart
KH01714,160,View
KH00118,352,Click
KH00179,485,AddCart
KH00512,97,View
KH00152,287,Purchase
KH00135,399,View
KH01106,22,View
KH01255,11,Purchase
KH01070,52,View
KH01688,228,AddCart
KH01096,498,Purchase
KH00705,162,View
KH01626,1,AddCart
KH00083,463,AddCart
KH01256,54,View
KH01248,8,Purchase
KH01127,389,AddCart
KH00286,456,AddCart
KH00076,110,View
KH00094,192,Click
KH00580,173,View
KH00478,338,AddCart
KH00299,392,Purchase
KH01678,53,AddCart
KH00798,245,Click
KH01637,297,Purchase
KH01984,463,View
KH00355,279,Click
KH01222,372,Click
KH01606,326,Click
KH00945,210,AddCart
KH00293,381,AddCart
KH01284,5,AddCart
KH01068,14,Purchase
KH01230,308,Purchase
KH01023,164,View
KH01370,395,AddCart
KH01623,309,AddCart
KH01615,395,Click
KH01535,334,Click
KH00136,495,Purchase
KH01326,73,AddCart
KH01067,399,Click
KH00813,349,AddCart
KH00180,287,Purchase
KH00412,333,Purchase
KH00329,183,View
KH01758,457,AddCart
KH00837,233,View
KH00520,335,View
KH00815,313,AddCart
KH01634,350,AddCart
KH01193,248,View
KH00086,294,Purchase
KH01992,76,AddCart
KH00133,478,Purchase
KH00531,215,View
KH01252,392,View
KH01191,264,Purchase
KH01507,477,Purchase
KH00525,318,AddCart
KH00791,108,Purchase
KH01149,471,Purchase
KH01526,411,Click
KH01642,325,Purchase
KH00329,210,View
KH01695,66,Purchase
KH00425,208,Purchase
KH01917,323,AddCart
KH00381,152,Purchase
KH00592,433,AddCart
KH00646,411,View
KH00870,385,AddCart
KH01328,463,Purchase
KH01295,5,AddCart
KH01363,434,Purchase
KH00002,290,Purchase
KH01000,404,Purchase
KH00800,10,Purchase
KH01387,229,Click
KH00161,387,AddCart
KH01589,490,Purchase
KH00497,460,View
KH01714,432,Purchase
KH01540,412,View
KH01372,499,AddCart
KH00593,412,Click
KH01281,61,AddCart
KH01541,81,Purchase
KH00356,361,Click
KH01098,392,View
KH01249,129,Click
KH01431,213,View
KH01253,312,Click
KH01217,483,Purchase
KH00098,275,Purchase
KH00477,11,Click
KH01036,13,Purchase
KH01205,16,Click
KH00363,478,Click
KH01283,459,Purchase
KH01203,31,View
KH01938,396,AddCart
KH01061,329,Purchase
KH00636,86,AddCart
KH00281,99,AddCart
KH00059,80,View
KH01025,17,Purchase
KH01398,438,Purchase
KH00817,333,Click
KH00384,465,AddCart
KH01164,466,Purchase
KH01066,114,Click
KH00064,230,Purchase
KH00505,213,Purchase
KH01023,7,Click
KH00144,492,AddCart
KH00175,102,Click
KH00382,164,View
KH00344,432,Purchase
KH01544,173,Purchase
KH00019,429,Purchase
KH01637,413,Click
KH01274,334,AddCart
KH01950,146,View
KH01236,431,AddCart
KH01930,83,AddCart
KH01727,150,View
KH01094,185,AddCart
KH00027,414,AddCart
KH01990,223,Purchase
KH00704,76,View
KH00163,471,Click
KH01405,496,View
KH01751,127,Click
KH01904,2,View
KH01963,473,Purchase
KH01347,94,Purchase
KH01296,419,Purchase
KH01577,233,Purchase
KH01232,265,AddCart
KH00242,326,Click
KH01974,490,Purchase
KH01916,306,View
KH00395,54,View
KH00418,377,View
KH01314,8,Click
KH01896,381,AddCart
KH01828,185,AddCart
KH00881,157,AddCart
KH01764,416,Purchase
KH01048,239,Purchase
KH01943,438,AddCart
KH00658,202,Click
KH00553,104,AddCart
KH00061,298,Click
KH00961,334,Click
KH00504,316,Click
KH01300,125,Click
KH00896,324,AddCart
KH01525,233,Purchase
KH01995,178,AddCart
KH01124,163,View
KH01038,255,Click
KH01197,265,View
KH01070,115,AddCart
KH00769,325,Purchase
KH01606,364,AddCart
KH00351,101,Click
KH01977,489,Purchase
KH00361,382,View
KH01154,208,AddCart
KH00237,326,Purchase
KH00284,95,Purchase
KH00738,492,View
KH01627,33,View
KH00512,84,View
KH01369,275,AddCart
KH01728,84,View
KH00366,233,Purchase
KH01819,438,Click
KH01609,114,View
KH01280,151,Click
KH00767,377,Click
KH01056,93,AddCart
KH01909,19,Click
KH00011,473,View
KH01560,439,Click
KH00525,420,Click
KH01164,148,AddCart
