OrderID,CustomerID,ProductID,OrderDate,Quantity,UnitPrice,TotalAmount,PaymentMethod,Status
DH00001,KH01978,333,2025-07-17,3,4723884,14171652,Thẻ ngân hàng,Đang giao
DH00002,KH01797,72,2024-02-26,3,11915298,35745894,Thẻ ngân hàng,Đang giao
DH00003,KH01832,452,2025-02-16,1,6422656,6422656,Thẻ ngân hàng,Đã hủy
DH00004,KH01926,136,2024-10-21,1,13200645,13200645,Ví điện tử,Đang giao
DH00005,KH00976,211,2025-01-14,1,19060983,19060983,Thẻ ngân hàng,Đã hủy
DH00006,KH00515,81,2025-07-01,3,11760834,35282502,COD,Đã hủy
DH00007,KH00168,406,2025-08-27,2,1821869,3643738,COD,Đang giao
DH00008,KH01943,164,2024-02-23,1,12450217,12450217,Chuyển khoản,Đã giao
DH00009,KH00395,107,2025-05-29,2,15707585,31415170,Chuyển khoản,Đã hủy
DH00010,KH00974,343,2024-04-11,2,17874359,35748718,Ví điện tử,Đã giao
DH00011,KH01870,100,2025-11-18,2,3300603,6601206,Thẻ ngân hàng,Đang giao
DH00012,KH01056,7,2024-09-23,2,4357180,8714360,Thẻ ngân hàng,Đang giao
DH00013,KH01109,489,2024-08-12,3,23457899,70373697,Ví điện tử,Đã hủy
DH00014,KH00370,322,2025-01-03,1,4789634,4789634,Ví điện tử,Đã giao
DH00015,KH01450,212,2024-01-30,1,9801647,9801647,COD,Đã giao
DH00016,KH00639,160,2024-02-25,2,7269450,14538900,Ví điện tử,Đã giao
DH00017,KH01524,128,2024-04-02,3,5789660,17368980,Chuyển khoản,Đã hủy
DH00018,KH00696,448,2025-05-31,3,1655313,4965939,Chuyển khoản,Đã giao
DH00019,KH01720,182,2025-06-19,3,19817463,59452389,Ví điện tử,Đang giao
DH00020,KH01421,77,2024-07-26,2,20281855,40563710,COD,Đã giao
DH00021,KH01908,20,2024-02-13,2,14519905,29039810,Chuyển khoản,Đang giao
DH00022,KH01400,260,2024-06-29,2,5169564,10339128,Chuyển khoản,Đang giao
DH00023,KH00231,298,2024-04-06,2,19424399,38848798,Ví điện tử,Đã giao
DH00024,KH00561,157,2024-08-23,3,10354320,31062960,COD,Đã giao
DH00025,KH01213,459,2024-12-14,3,21165935,63497805,Chuyển khoản,Đang giao
DH00026,KH01042,500,2024-03-23,1,12716509,12716509,Thẻ ngân hàng,Đã giao
DH00027,KH01695,233,2025-07-13,3,5799781,17399343,Thẻ ngân hàng,Đã giao
DH00028,KH00604,226,2025-10-26,3,24912858,74738574,Chuyển khoản,Đã giao
DH00029,KH00108,261,2024-04-01,3,8666850,26000550,Ví điện tử,Đã hủy
DH00030,KH01099,280,2025-08-13,3,25571963,76715889,COD,Đang giao
DH00031,KH01711,276,2024-11-17,3,11889649,35668947,COD,Đang giao
DH00032,KH01173,275,2025-03-27,2,1991880,3983760,Chuyển khoản,Đang giao
DH00033,KH00771,391,2024-05-10,2,14598944,29197888,Thẻ ngân hàng,Đã giao
DH00034,KH01748,90,2024-05-05,3,19909796,59729388,Thẻ ngân hàng,Đã hủy
DH00035,KH00030,69,2024-08-05,2,13005856,26011712,Thẻ ngân hàng,Đã hủy
DH00036,KH00292,298,2025-06-11,2,19424399,38848798,Ví điện tử,Đã hủy
DH00037,KH01970,500,2025-07-29,2,12716509,25433018,Ví điện tử,Đang giao
DH00038,KH00947,90,2025-08-19,1,19909796,19909796,Thẻ ngân hàng,Đã giao
DH00039,KH01162,130,2024-06-05,1,8364943,8364943,COD,Đã hủy
DH00040,KH01215,86,2024-12-06,3,8568170,25704510,COD,Đã hủy
DH00041,KH00856,120,2025-06-27,3,23629104,70887312,Ví điện tử,Đã hủy
DH00042,KH01866,450,2024-06-15,1,19208894,19208894,Thẻ ngân hàng,Đã giao
DH00043,KH01935,487,2025-07-26,3,9625660,28876980,Thẻ ngân hàng,Đã hủy
DH00044,KH00244,112,2024-11-26,1,21786528,21786528,Thẻ ngân hàng,Đã giao
DH00045,KH01107,406,2025-10-16,3,1821869,5465607,COD,Đang giao
DH00046,KH01680,61,2025-12-19,1,11543600,11543600,Thẻ ngân hàng,Đang giao
DH00047,KH00824,52,2024-02-21,3,14404540,43213620,Thẻ ngân hàng,Đang giao
DH00048,KH00503,457,2024-02-12,1,24221919,24221919,Thẻ ngân hàng,Đang giao
DH00049,KH01135,98,2024-12-29,2,25849081,51698162,COD,Đang giao
DH00050,KH00207,192,2024-03-04,1,10036440,10036440,Ví điện tử,Đã hủy
DH00051,KH00576,421,2025-09-08,2,22589235,45178470,COD,Đang giao
DH00052,KH01463,389,2024-12-02,2,2247745,4495490,Chuyển khoản,Đã hủy
DH00053,KH01531,287,2024-10-23,3,10898911,32696733,Thẻ ngân hàng,Đã hủy
DH00054,KH00249,442,2025-12-18,1,14674667,14674667,COD,Đã hủy
DH00055,KH00963,371,2024-01-18,1,15596681,15596681,Ví điện tử,Đang giao
DH00056,KH01814,147,2024-09-15,1,13624031,13624031,COD,Đã giao
DH00057,KH01426,269,2025-01-10,3,13567100,40701300,Ví điện tử,Đã hủy
DH00058,KH01327,7,2024-11-25,3,4357180,13071540,Chuyển khoản,Đã giao
DH00059,KH01087,361,2024-10-14,1,2131412,2131412,COD,Đang giao
DH00060,KH00003,372,2024-01-07,1,11933021,11933021,Thẻ ngân hàng,Đã hủy
DH00061,KH00602,7,2025-12-06,1,4357180,4357180,Ví điện tử,Đang giao
DH00062,KH00613,96,2025-12-22,2,2158473,4316946,Thẻ ngân hàng,Đã hủy
DH00063,KH01065,232,2024-11-09,1,17350864,17350864,COD,Đã hủy
DH00064,KH01320,355,2024-04-11,3,19241391,57724173,COD,Đang giao
DH00065,KH00293,108,2024-11-19,2,16704100,33408200,Ví điện tử,Đã giao
DH00066,KH00305,464,2025-06-27,2,10451249,20902498,Ví điện tử,Đã hủy
DH00067,KH01471,486,2025-05-20,1,14815928,14815928,Chuyển khoản,Đã hủy
DH00068,KH01508,490,2024-08-15,1,24697745,24697745,Ví điện tử,Đã hủy
DH00069,KH01512,123,2025-04-21,3,5880587,17641761,COD,Đang giao
DH00070,KH00769,278,2024-08-24,1,16871480,16871480,COD,Đã giao
DH00071,KH00395,420,2024-05-07,3,7580608,22741824,Chuyển khoản,Đã hủy
DH00072,KH01849,30,2025-10-11,3,22850493,68551479,Ví điện tử,Đã giao
DH00073,KH00255,5,2024-09-07,1,6035905,6035905,Thẻ ngân hàng,Đang giao
DH00074,KH00686,467,2024-11-22,3,6408461,19225383,Ví điện tử,Đang giao
DH00075,KH01553,24,2025-01-15,3,1688485,5065455,Chuyển khoản,Đang giao
DH00076,KH00278,404,2025-08-09,3,24793579,74380737,Chuyển khoản,Đang giao
DH00077,KH01647,57,2025-01-23,2,19310306,38620612,COD,Đang giao
DH00078,KH01211,434,2025-04-11,2,20511341,41022682,Thẻ ngân hàng,Đã hủy
DH00079,KH00405,215,2025-11-27,3,22688954,68066862,COD,Đã giao
DH00080,KH00998,451,2024-01-24,2,18801455,37602910,COD,Đang giao
DH00081,KH00290,445,2025-04-19,2,3753037,7506074,Ví điện tử,Đã hủy
DH00082,KH00633,295,2025-05-27,2,2326130,4652260,Chuyển khoản,Đã hủy
DH00083,KH01003,29,2024-05-10,3,8608366,25825098,Thẻ ngân hàng,Đang giao
DH00084,KH01050,171,2024-02-07,1,16022163,16022163,Thẻ ngân hàng,Đã hủy
DH00085,KH01395,316,2024-08-06,2,19653730,39307460,Chuyển khoản,Đã hủy
DH00086,KH00820,80,2025-05-02,2,15432098,30864196,Chuyển khoản,Đang giao
DH00087,KH01521,367,2025-12-19,1,21910738,21910738,Thẻ ngân hàng,Đã giao
DH00088,KH01683,237,2025-09-26,3,5969756,17909268,Thẻ ngân hàng,Đang giao
DH00089,KH01302,316,2024-03-30,1,19653730,19653730,Thẻ ngân hàng,Đang giao
DH00090,KH01978,145,2025-11-18,2,13595803,27191606,Thẻ ngân hàng,Đã giao
DH00091,KH00653,363,2024-06-19,1,13943365,13943365,Thẻ ngân hàng,Đang giao
DH00092,KH01585,35,2024-07-10,3,5481589,16444767,COD,Đã hủy
DH00093,KH01190,324,2024-07-29,3,5235456,15706368,Chuyển khoản,Đang giao
DH00094,KH00922,301,2025-07-01,1,23179464,23179464,COD,Đang giao
DH00095,KH01563,347,2025-02-11,1,10484449,10484449,Chuyển khoản,Đang giao
DH00096,KH01807,279,2024-02-16,2,22313060,44626120,Chuyển khoản,Đang giao
DH00097,KH00699,183,2025-11-28,2,25583781,51167562,COD,Đang giao
DH00098,KH00891,123,2025-02-05,2,5880587,11761174,Ví điện tử,Đã hủy
DH00099,KH00032,307,2024-06-06,2,2970393,5940786,Chuyển khoản,Đã hủy
DH00100,KH00648,258,2025-05-09,1,12909089,12909089,COD,Đã hủy
DH00101,KH00570,279,2025-09-17,2,22313060,44626120,Ví điện tử,Đã giao
DH00102,KH00968,12,2024-06-30,3,11992784,35978352,Ví điện tử,Đã giao
DH00103,KH00180,444,2024-12-30,2,24721344,49442688,COD,Đang giao
DH00104,KH00537,92,2024-03-27,3,11092983,33278949,Ví điện tử,Đã hủy
DH00105,KH00481,174,2025-01-14,1,24577473,24577473,Thẻ ngân hàng,Đã hủy
DH00106,KH00370,429,2024-03-03,3,13157569,39472707,COD,Đã giao
DH00107,KH01059,13,2024-12-28,2,24933847,49867694,Chuyển khoản,Đã hủy
DH00108,KH01886,426,2025-02-24,2,22978827,45957654,Thẻ ngân hàng,Đã giao
DH00109,KH00602,388,2024-01-25,3,12500788,37502364,COD,Đã giao
DH00110,KH01359,329,2025-12-26,2,13517918,27035836,Chuyển khoản,Đã hủy
DH00111,KH01102,249,2024-11-13,2,12650029,25300058,Chuyển khoản,Đã hủy
DH00112,KH00797,49,2025-02-07,2,10127878,20255756,COD,Đã hủy
DH00113,KH01618,80,2025-01-10,1,15432098,15432098,Ví điện tử,Đã giao
DH00114,KH00823,430,2024-01-07,1,11677101,11677101,Thẻ ngân hàng,Đang giao
DH00115,KH00958,380,2024-01-06,1,7759711,7759711,Ví điện tử,Đã hủy
DH00116,KH01738,257,2024-03-24,2,22709217,45418434,Chuyển khoản,Đã giao
DH00117,KH01204,386,2024-04-17,1,11489944,11489944,Ví điện tử,Đã hủy
DH00118,KH01539,117,2025-06-08,2,1822241,3644482,Ví điện tử,Đã giao
DH00119,KH01827,226,2025-08-23,1,24912858,24912858,Chuyển khoản,Đã giao
DH00120,KH00742,222,2025-07-19,1,24480557,24480557,COD,Đã giao
DH00121,KH00570,327,2024-03-08,3,6561107,19683321,COD,Đã hủy
DH00122,KH00443,140,2025-11-24,3,13589526,40768578,COD,Đang giao
DH00123,KH00952,107,2024-08-31,1,15707585,15707585,COD,Đang giao
DH00124,KH00145,125,2024-11-01,2,13225929,26451858,Thẻ ngân hàng,Đã giao
DH00125,KH00875,144,2024-01-09,2,6059706,12119412,COD,Đang giao
DH00126,KH01309,177,2024-05-03,2,6101695,12203390,COD,Đã hủy
DH00127,KH00849,111,2024-10-30,2,5190528,10381056,Ví điện tử,Đã hủy
DH00128,KH01271,458,2025-03-19,1,3104580,3104580,Ví điện tử,Đã hủy
DH00129,KH00661,184,2025-06-19,2,17356432,34712864,COD,Đang giao
DH00130,KH00509,311,2024-02-18,3,20701272,62103816,Chuyển khoản,Đã hủy
DH00131,KH00989,45,2024-04-19,2,22446227,44892454,Chuyển khoản,Đã giao
DH00132,KH01929,98,2025-03-31,3,25849081,77547243,Chuyển khoản,Đang giao
DH00133,KH00022,336,2024-01-29,3,20788903,62366709,Ví điện tử,Đang giao
DH00134,KH00887,147,2025-10-28,2,13624031,27248062,COD,Đã hủy
DH00135,KH00799,345,2025-04-06,1,24716330,24716330,COD,Đang giao
DH00136,KH00538,270,2025-02-28,1,15138021,15138021,Chuyển khoản,Đang giao
DH00137,KH00727,5,2024-06-21,1,6035905,6035905,COD,Đang giao
DH00138,KH00377,146,2024-11-12,2,19268450,38536900,Ví điện tử,Đang giao
DH00139,KH00237,199,2025-11-17,3,15317157,45951471,Chuyển khoản,Đã giao
DH00140,KH00491,219,2025-09-19,3,20274689,60824067,COD,Đã giao
DH00141,KH01262,397,2025-01-06,3,23886813,71660439,Thẻ ngân hàng,Đã giao
DH00142,KH00711,445,2025-06-03,1,3753037,3753037,COD,Đã giao
DH00143,KH00915,165,2024-01-11,1,25319024,25319024,COD,Đã hủy
DH00144,KH01670,214,2024-12-24,1,21742788,21742788,Ví điện tử,Đang giao
DH00145,KH00212,62,2024-01-14,3,17040933,51122799,Thẻ ngân hàng,Đang giao
DH00146,KH00227,220,2024-08-19,2,21154109,42308218,Ví điện tử,Đã giao
DH00147,KH00477,236,2024-12-29,3,25624479,76873437,Thẻ ngân hàng,Đã giao
DH00148,KH01506,190,2025-06-18,3,19493368,58480104,COD,Đã giao
DH00149,KH00651,428,2024-03-25,1,8623074,8623074,Chuyển khoản,Đang giao
DH00150,KH01117,292,2024-03-11,2,15283078,30566156,Chuyển khoản,Đã hủy
DH00151,KH01397,27,2025-05-25,3,12159304,36477912,COD,Đã giao
DH00152,KH00887,498,2024-07-03,2,19498927,38997854,COD,Đã hủy
DH00153,KH00843,54,2024-01-25,3,18474415,55423245,Ví điện tử,Đang giao
DH00154,KH00215,97,2024-03-01,1,20721508,20721508,Ví điện tử,Đã giao
DH00155,KH01122,162,2024-01-12,1,16154689,16154689,Thẻ ngân hàng,Đang giao
DH00156,KH00090,209,2024-07-06,1,11044537,11044537,Chuyển khoản,Đang giao
DH00157,KH00416,47,2024-02-02,1,2363748,2363748,COD,Đang giao
DH00158,KH00593,149,2024-05-01,3,20816892,62450676,Chuyển khoản,Đã hủy
DH00159,KH00998,398,2025-11-19,2,4672398,9344796,Chuyển khoản,Đã giao
DH00160,KH01102,243,2024-07-07,3,9384883,28154649,Ví điện tử,Đã hủy
DH00161,KH00716,337,2024-05-05,3,16155694,48467082,Chuyển khoản,Đã giao
DH00162,KH00709,216,2025-05-02,3,13741880,41225640,Chuyển khoản,Đang giao
DH00163,KH00780,40,2025-12-19,3,13768783,41306349,Chuyển khoản,Đã giao
DH00164,KH01714,84,2024-10-17,3,5916601,17749803,Thẻ ngân hàng,Đang giao
DH00165,KH00797,370,2024-11-13,2,16487087,32974174,COD,Đang giao
DH00166,KH00858,25,2025-03-10,2,7741025,15482050,Ví điện tử,Đang giao
DH00167,KH00343,219,2024-02-09,2,20274689,40549378,COD,Đã hủy
DH00168,KH01571,164,2025-10-28,1,12450217,12450217,Chuyển khoản,Đang giao
DH00169,KH00526,374,2025-06-15,2,17616582,35233164,Ví điện tử,Đã giao
DH00170,KH00339,190,2025-05-13,3,19493368,58480104,Thẻ ngân hàng,Đang giao
DH00171,KH01883,255,2024-08-05,1,11357464,11357464,COD,Đã hủy
DH00172,KH01496,269,2024-11-21,1,13567100,13567100,Ví điện tử,Đã giao
DH00173,KH01479,198,2025-09-16,1,13851809,13851809,COD,Đang giao
DH00174,KH01205,4,2024-05-23,2,2033327,4066654,Ví điện tử,Đã giao
DH00175,KH01301,267,2025-12-19,1,20768736,20768736,Ví điện tử,Đang giao
DH00176,KH01210,173,2025-04-24,2,8932665,17865330,Chuyển khoản,Đang giao
DH00177,KH01749,98,2024-02-27,1,25849081,25849081,COD,Đang giao
DH00178,KH01919,36,2025-05-29,3,4440658,13321974,COD,Đã giao
DH00179,KH00287,60,2025-02-12,2,10296353,20592706,Thẻ ngân hàng,Đang giao
DH00180,KH01413,370,2024-02-20,3,16487087,49461261,Thẻ ngân hàng,Đang giao
DH00181,KH01241,262,2025-07-30,3,15404344,46213032,Ví điện tử,Đã hủy
DH00182,KH01767,270,2025-08-28,1,15138021,15138021,COD,Đang giao
DH00183,KH01131,231,2024-02-19,1,7056866,7056866,Chuyển khoản,Đang giao
DH00184,KH01935,317,2025-05-23,3,3451035,10353105,COD,Đã giao
DH00185,KH00935,6,2025-12-27,2,15618829,31237658,Ví điện tử,Đang giao
DH00186,KH00737,386,2025-01-13,3,11489944,34469832,COD,Đang giao
DH00187,KH01388,240,2025-12-29,1,23483447,23483447,Chuyển khoản,Đã giao
DH00188,KH00289,96,2025-08-05,1,2158473,2158473,COD,Đang giao
DH00189,KH00156,135,2025-04-14,3,18508141,55524423,COD,Đang giao
DH00190,KH00272,75,2025-11-26,3,1572912,4718736,Thẻ ngân hàng,Đã hủy
DH00191,KH01877,93,2024-04-26,1,14686287,14686287,Thẻ ngân hàng,Đã hủy
DH00192,KH00116,443,2025-12-06,2,15873432,31746864,COD,Đã hủy
DH00193,KH00375,450,2024-07-09,3,19208894,57626682,Chuyển khoản,Đã giao
DH00194,KH00845,263,2025-12-30,2,5779215,11558430,Chuyển khoản,Đang giao
DH00195,KH01788,349,2024-08-10,1,19870600,19870600,Ví điện tử,Đang giao
DH00196,KH01379,108,2025-07-12,3,16704100,50112300,Chuyển khoản,Đã hủy
DH00197,KH00519,239,2024-03-27,3,9904462,29713386,Thẻ ngân hàng,Đã giao
DH00198,KH01335,416,2024-09-10,3,17524717,52574151,COD,Đang giao
DH00199,KH01803,85,2024-02-18,3,22953739,68861217,COD,Đã giao
DH00200,KH00315,99,2024-08-09,2,22557878,45115756,Ví điện tử,Đã hủy
DH00201,KH01313,468,2025-11-15,2,21281263,42562526,Thẻ ngân hàng,Đã giao
DH00202,KH00253,146,2024-04-11,2,19268450,38536900,COD,Đã hủy
DH00203,KH01716,247,2024-12-08,3,14840560,44521680,Ví điện tử,Đã giao
DH00204,KH00242,175,2024-07-21,1,4766108,4766108,Thẻ ngân hàng,Đã hủy
DH00205,KH01602,38,2025-11-25,3,25625870,76877610,Thẻ ngân hàng,Đã hủy
DH00206,KH01593,334,2025-03-29,1,7901528,7901528,Thẻ ngân hàng,Đã hủy
DH00207,KH01191,498,2024-08-15,2,19498927,38997854,Chuyển khoản,Đã hủy
DH00208,KH01129,292,2024-12-15,1,15283078,15283078,Ví điện tử,Đã giao
DH00209,KH01495,112,2024-06-05,1,21786528,21786528,Ví điện tử,Đã giao
DH00210,KH01768,290,2025-01-01,1,14771023,14771023,Thẻ ngân hàng,Đã giao
DH00211,KH01626,184,2025-12-23,3,17356432,52069296,Ví điện tử,Đã giao
DH00212,KH01005,131,2025-01-19,2,2156224,4312448,Thẻ ngân hàng,Đã hủy
DH00213,KH00538,218,2025-04-18,2,7876105,15752210,Thẻ ngân hàng,Đang giao
DH00214,KH01322,388,2024-09-15,2,12500788,25001576,Thẻ ngân hàng,Đang giao
DH00215,KH01757,415,2024-09-14,3,23483261,70449783,COD,Đang giao
DH00216,KH00132,233,2025-10-03,2,5799781,11599562,Ví điện tử,Đã giao
DH00217,KH00413,38,2024-04-06,1,25625870,25625870,Thẻ ngân hàng,Đã hủy
DH00218,KH01270,25,2024-09-22,1,7741025,7741025,Chuyển khoản,Đã giao
DH00219,KH01464,107,2025-10-05,2,15707585,31415170,Chuyển khoản,Đã giao
DH00220,KH01897,178,2025-03-25,3,25162917,75488751,COD,Đã hủy
DH00221,KH01882,139,2025-06-29,1,8176702,8176702,Ví điện tử,Đã hủy
DH00222,KH01530,84,2024-07-04,2,5916601,11833202,Chuyển khoản,Đã giao
DH00223,KH01011,364,2024-03-27,3,14254399,42763197,Thẻ ngân hàng,Đã hủy
DH00224,KH01931,394,2025-03-21,3,14325309,42975927,COD,Đã hủy
DH00225,KH01364,459,2025-07-29,3,21165935,63497805,Thẻ ngân hàng,Đã hủy
DH00226,KH01441,463,2024-11-23,1,14123822,14123822,Chuyển khoản,Đang giao
DH00227,KH01749,67,2024-08-28,3,2603224,7809672,COD,Đang giao
DH00228,KH00430,379,2024-05-05,3,11024419,33073257,COD,Đã hủy
DH00229,KH01437,299,2024-11-04,2,10443833,20887666,Chuyển khoản,Đang giao
DH00230,KH01272,271,2024-10-06,2,8962577,17925154,Ví điện tử,Đã hủy
DH00231,KH01721,484,2024-11-11,2,9546339,19092678,COD,Đang giao
DH00232,KH01937,215,2025-08-05,1,22688954,22688954,Thẻ ngân hàng,Đang giao
DH00233,KH00047,76,2025-11-17,2,25092737,50185474,Thẻ ngân hàng,Đã giao
DH00234,KH00122,436,2025-01-09,1,8088441,8088441,Ví điện tử,Đã hủy
DH00235,KH00969,4,2025-10-03,3,2033327,6099981,Ví điện tử,Đã giao
DH00236,KH01605,4,2025-12-08,3,2033327,6099981,COD,Đã hủy
DH00237,KH00811,399,2024-12-17,1,2042288,2042288,Chuyển khoản,Đang giao
DH00238,KH00613,291,2024-11-12,2,19063989,38127978,COD,Đang giao
DH00239,KH01487,346,2024-10-21,1,15198565,15198565,Chuyển khoản,Đã hủy
DH00240,KH01262,40,2024-10-27,3,13768783,41306349,Thẻ ngân hàng,Đang giao
DH00241,KH00729,198,2025-03-20,1,13851809,13851809,Ví điện tử,Đã giao
DH00242,KH01463,189,2025-10-01,3,21341902,64025706,Thẻ ngân hàng,Đã giao
DH00243,KH00279,483,2025-11-26,2,9287345,18574690,COD,Đã giao
DH00244,KH00062,346,2024-01-27,1,15198565,15198565,Ví điện tử,Đã hủy
DH00245,KH01211,354,2024-02-06,2,14109722,28219444,Ví điện tử,Đã giao
DH00246,KH01802,327,2024-11-01,1,6561107,6561107,Thẻ ngân hàng,Đã hủy
DH00247,KH01653,313,2024-10-14,1,2770705,2770705,Chuyển khoản,Đã hủy
DH00248,KH00252,88,2024-05-31,1,15268123,15268123,Thẻ ngân hàng,Đã hủy
DH00249,KH00377,234,2024-12-11,2,12378563,24757126,Chuyển khoản,Đã hủy
DH00250,KH01044,96,2025-12-21,1,2158473,2158473,Ví điện tử,Đã hủy
DH00251,KH01068,87,2024-02-23,3,1388487,4165461,Thẻ ngân hàng,Đã hủy
DH00252,KH01710,65,2024-06-23,1,20123002,20123002,COD,Đã hủy
DH00253,KH00775,8,2024-12-10,2,16791775,33583550,Thẻ ngân hàng,Đang giao
DH00254,KH01708,221,2024-08-17,2,18603561,37207122,Chuyển khoản,Đã hủy
DH00255,KH01930,488,2025-11-11,3,1330310,3990930,COD,Đang giao
DH00256,KH00419,295,2025-08-20,2,2326130,4652260,Thẻ ngân hàng,Đã hủy
DH00257,KH01385,356,2024-07-09,3,23139278,69417834,Chuyển khoản,Đã giao
DH00258,KH00925,349,2025-08-18,1,19870600,19870600,COD,Đang giao
DH00259,KH00363,320,2024-07-31,3,13927009,41781027,Ví điện tử,Đã hủy
DH00260,KH01466,472,2024-08-23,2,24725902,49451804,Thẻ ngân hàng,Đã giao
DH00261,KH01298,317,2024-10-02,3,3451035,10353105,Ví điện tử,Đang giao
DH00262,KH00633,190,2024-11-23,1,19493368,19493368,COD,Đã giao
DH00263,KH01245,33,2024-03-20,1,16395207,16395207,Thẻ ngân hàng,Đã giao
DH00264,KH00183,43,2024-07-10,1,14663576,14663576,COD,Đang giao
DH00265,KH01561,281,2024-02-17,3,6520993,19562979,Ví điện tử,Đã giao
DH00266,KH00874,228,2024-05-10,1,9625566,9625566,Thẻ ngân hàng,Đã hủy
DH00267,KH01124,411,2024-07-16,2,15292733,30585466,Thẻ ngân hàng,Đang giao
DH00268,KH00745,145,2024-03-13,3,13595803,40787409,COD,Đã hủy
DH00269,KH01176,243,2024-05-08,3,9384883,28154649,Thẻ ngân hàng,Đã giao
DH00270,KH01865,4,2024-08-31,1,2033327,2033327,Thẻ ngân hàng,Đã hủy
DH00271,KH01338,32,2024-10-07,3,16788448,50365344,Chuyển khoản,Đang giao
DH00272,KH01455,197,2025-11-01,1,1767828,1767828,Chuyển khoản,Đã hủy
DH00273,KH01806,336,2025-07-12,3,20788903,62366709,Ví điện tử,Đang giao
DH00274,KH01332,206,2025-04-17,1,9160201,9160201,Thẻ ngân hàng,Đang giao
DH00275,KH00692,469,2024-04-18,2,24833142,49666284,COD,Đã giao
DH00276,KH01928,369,2025-07-16,1,10752264,10752264,Chuyển khoản,Đã giao
DH00277,KH00511,230,2024-11-29,2,4583309,9166618,COD,Đã hủy
DH00278,KH00277,125,2025-03-28,2,13225929,26451858,COD,Đang giao
DH00279,KH01652,339,2024-07-01,1,7585126,7585126,Chuyển khoản,Đã giao
DH00280,KH01740,54,2024-08-06,3,18474415,55423245,COD,Đã giao
DH00281,KH01478,222,2025-05-10,2,24480557,48961114,COD,Đang giao
DH00282,KH01065,132,2024-03-19,3,16198314,48594942,Chuyển khoản,Đã giao
DH00283,KH00449,463,2025-01-13,3,14123822,42371466,Chuyển khoản,Đã hủy
DH00284,KH00071,179,2024-02-07,1,23021297,23021297,COD,Đã giao
DH00285,KH00163,320,2024-08-27,3,13927009,41781027,Chuyển khoản,Đang giao
DH00286,KH00473,365,2025-02-25,3,15480351,46441053,COD,Đã giao
DH00287,KH01241,304,2025-05-15,1,24317139,24317139,Ví điện tử,Đã hủy
DH00288,KH01771,194,2025-03-01,1,10519150,10519150,Chuyển khoản,Đã giao
DH00289,KH00676,103,2024-07-15,3,17996106,53988318,Chuyển khoản,Đã hủy
DH00290,KH00766,51,2025-09-10,2,18354531,36709062,Chuyển khoản,Đã giao
DH00291,KH00417,434,2024-10-30,3,20511341,61534023,Ví điện tử,Đang giao
DH00292,KH00863,119,2025-08-13,1,13510580,13510580,Ví điện tử,Đã hủy
DH00293,KH00228,262,2025-02-03,3,15404344,46213032,Chuyển khoản,Đã hủy
DH00294,KH01805,5,2025-03-03,1,6035905,6035905,Thẻ ngân hàng,Đã hủy
DH00295,KH01789,436,2024-07-27,2,8088441,16176882,Chuyển khoản,Đã giao
DH00296,KH00080,179,2024-04-13,3,23021297,69063891,Thẻ ngân hàng,Đang giao
DH00297,KH01317,301,2024-11-15,1,23179464,23179464,COD,Đang giao
DH00298,KH00235,158,2025-08-10,2,2814097,5628194,Chuyển khoản,Đang giao
DH00299,KH00636,3,2025-04-21,2,23951194,47902388,Ví điện tử,Đã giao
DH00300,KH00919,274,2024-08-03,2,8049917,16099834,Ví điện tử,Đang giao
DH00301,KH01439,348,2024-07-04,2,16075438,32150876,Chuyển khoản,Đã giao
DH00302,KH00116,414,2024-11-12,1,8838663,8838663,Thẻ ngân hàng,Đã hủy
DH00303,KH00679,215,2025-10-23,3,22688954,68066862,Ví điện tử,Đã giao
DH00304,KH01463,287,2025-11-17,2,10898911,21797822,COD,Đã giao
DH00305,KH01914,139,2025-11-03,3,8176702,24530106,COD,Đã giao
DH00306,KH00462,1,2024-01-07,2,5597326,11194652,Chuyển khoản,Đang giao
DH00307,KH00661,480,2024-11-09,1,9066937,9066937,Chuyển khoản,Đã hủy
DH00308,KH00880,223,2024-01-05,3,2575778,7727334,Thẻ ngân hàng,Đã hủy
DH00309,KH01873,241,2025-07-15,1,14883376,14883376,Chuyển khoản,Đang giao
DH00310,KH01677,11,2024-05-25,1,10235878,10235878,Ví điện tử,Đang giao
DH00311,KH01276,66,2024-11-05,3,9292701,27878103,Thẻ ngân hàng,Đã hủy
DH00312,KH01676,418,2025-04-04,1,6732468,6732468,Thẻ ngân hàng,Đã giao
DH00313,KH00337,451,2025-08-24,1,18801455,18801455,Chuyển khoản,Đã giao
DH00314,KH01287,168,2024-09-01,2,4959346,9918692,COD,Đã giao
DH00315,KH01508,185,2025-08-28,1,5305149,5305149,Thẻ ngân hàng,Đã hủy
DH00316,KH01432,415,2025-02-13,1,23483261,23483261,COD,Đang giao
DH00317,KH01417,386,2024-12-24,3,11489944,34469832,Ví điện tử,Đã giao
DH00318,KH00613,103,2025-07-28,1,17996106,17996106,Chuyển khoản,Đang giao
DH00319,KH00739,274,2025-11-14,1,8049917,8049917,Chuyển khoản,Đã hủy
DH00320,KH01398,494,2024-09-24,3,4606985,13820955,Chuyển khoản,Đã hủy
DH00321,KH01950,78,2025-04-20,2,10074989,20149978,Thẻ ngân hàng,Đang giao
DH00322,KH01741,212,2024-02-11,2,9801647,19603294,Thẻ ngân hàng,Đang giao
DH00323,KH00755,133,2024-08-13,2,25260384,50520768,Thẻ ngân hàng,Đã hủy
DH00324,KH00358,379,2025-12-30,1,11024419,11024419,COD,Đã giao
DH00325,KH01041,444,2025-02-15,2,24721344,49442688,Ví điện tử,Đang giao
DH00326,KH01425,328,2024-05-30,3,19906025,59718075,Thẻ ngân hàng,Đã giao
DH00327,KH01888,52,2025-04-21,2,14404540,28809080,COD,Đã hủy
DH00328,KH01387,443,2024-10-07,2,15873432,31746864,Ví điện tử,Đang giao
DH00329,KH00466,387,2024-07-12,1,3436274,3436274,COD,Đã giao
DH00330,KH01862,487,2024-03-06,1,9625660,9625660,COD,Đã giao
DH00331,KH01859,265,2025-01-14,2,18875655,37751310,Chuyển khoản,Đang giao
DH00332,KH00472,122,2024-12-10,3,18283116,54849348,Thẻ ngân hàng,Đã giao
DH00333,KH01161,432,2025-05-20,1,25961408,25961408,Ví điện tử,Đã hủy
DH00334,KH01337,192,2024-08-22,1,10036440,10036440,Chuyển khoản,Đang giao
DH00335,KH00429,259,2024-10-07,1,2352165,2352165,COD,Đã giao
DH00336,KH01676,417,2025-08-31,1,1927702,1927702,COD,Đã hủy
DH00337,KH00194,77,2025-04-08,3,20281855,60845565,Thẻ ngân hàng,Đã giao
DH00338,KH01790,147,2025-07-21,1,13624031,13624031,COD,Đã giao
DH00339,KH01132,6,2025-11-23,3,15618829,46856487,COD,Đang giao
DH00340,KH00772,4,2024-02-22,2,2033327,4066654,Chuyển khoản,Đang giao
DH00341,KH00171,290,2024-08-12,3,14771023,44313069,Chuyển khoản,Đang giao
DH00342,KH00738,165,2025-01-22,2,25319024,50638048,COD,Đã hủy
DH00343,KH00959,58,2024-11-11,1,4846247,4846247,COD,Đã giao
DH00344,KH01031,341,2024-10-01,1,24878704,24878704,Thẻ ngân hàng,Đã giao
DH00345,KH00540,195,2025-02-13,2,2797518,5595036,Chuyển khoản,Đang giao
DH00346,KH00269,148,2025-12-14,2,24016044,48032088,Ví điện tử,Đã giao
DH00347,KH01465,205,2024-02-03,2,11351137,22702274,COD,Đã hủy
DH00348,KH01405,432,2025-09-02,1,25961408,25961408,Chuyển khoản,Đã hủy
DH00349,KH01174,100,2024-03-04,2,3300603,6601206,COD,Đã hủy
DH00350,KH01855,95,2024-01-12,2,17932883,35865766,Thẻ ngân hàng,Đã giao
DH00351,KH01322,254,2025-05-08,2,7786382,15572764,COD,Đã hủy
DH00352,KH01013,358,2025-12-17,1,8803419,8803419,Chuyển khoản,Đang giao
DH00353,KH01708,354,2024-11-24,3,14109722,42329166,Ví điện tử,Đang giao
DH00354,KH01094,435,2024-01-31,2,4349985,8699970,COD,Đang giao
DH00355,KH01548,415,2025-05-16,3,23483261,70449783,Chuyển khoản,Đang giao
DH00356,KH00443,475,2025-08-27,1,23514632,23514632,COD,Đã giao
DH00357,KH01751,405,2024-10-12,2,6786774,13573548,Chuyển khoản,Đang giao
DH00358,KH01678,375,2025-09-27,1,22543381,22543381,COD,Đã hủy
DH00359,KH00100,497,2025-04-12,1,20532926,20532926,Thẻ ngân hàng,Đã hủy
DH00360,KH01199,482,2024-06-05,2,25397322,50794644,Ví điện tử,Đang giao
DH00361,KH00543,125,2025-05-14,1,13225929,13225929,Thẻ ngân hàng,Đã giao
DH00362,KH01005,312,2025-09-20,3,22250953,66752859,Thẻ ngân hàng,Đang giao
DH00363,KH01304,60,2025-05-31,3,10296353,30889059,Chuyển khoản,Đang giao
DH00364,KH00894,344,2024-01-28,1,15192156,15192156,COD,Đã giao
DH00365,KH01832,92,2024-10-14,1,11092983,11092983,Ví điện tử,Đã hủy
DH00366,KH01865,260,2025-02-04,3,5169564,15508692,Chuyển khoản,Đã giao
DH00367,KH01545,475,2025-09-07,1,23514632,23514632,COD,Đang giao
DH00368,KH01900,46,2024-11-07,2,13724985,27449970,Chuyển khoản,Đang giao
DH00369,KH00033,124,2025-09-17,2,18670083,37340166,COD,Đã giao
DH00370,KH01402,188,2024-01-06,2,2213985,4427970,Ví điện tử,Đã hủy
DH00371,KH00863,409,2024-07-08,3,25383281,76149843,Ví điện tử,Đã hủy
DH00372,KH00765,34,2025-12-14,1,21526031,21526031,COD,Đã hủy
DH00373,KH01023,406,2024-10-09,2,1821869,3643738,COD,Đã hủy
DH00374,KH01659,492,2025-06-11,2,8668431,17336862,Thẻ ngân hàng,Đã giao
DH00375,KH01337,294,2024-11-08,1,20611090,20611090,COD,Đang giao
DH00376,KH01949,379,2025-02-13,2,11024419,22048838,Chuyển khoản,Đã hủy
DH00377,KH00017,425,2025-11-05,1,12382069,12382069,Chuyển khoản,Đã hủy
DH00378,KH00457,241,2025-01-07,1,14883376,14883376,Chuyển khoản,Đang giao
DH00379,KH01002,447,2024-06-25,2,13793804,27587608,Chuyển khoản,Đang giao
DH00380,KH01108,230,2024-05-20,1,4583309,4583309,COD,Đang giao
DH00381,KH01441,182,2024-04-19,3,19817463,59452389,Chuyển khoản,Đã hủy
DH00382,KH01048,302,2024-02-05,1,1904905,1904905,Thẻ ngân hàng,Đã giao
DH00383,KH00262,437,2025-08-16,3,20884762,62654286,Thẻ ngân hàng,Đã hủy
DH00384,KH01801,494,2025-10-03,2,4606985,9213970,Chuyển khoản,Đang giao
DH00385,KH00503,299,2024-04-21,1,10443833,10443833,COD,Đã hủy
DH00386,KH01811,15,2024-07-14,2,21879885,43759770,Chuyển khoản,Đã hủy
DH00387,KH01122,64,2024-03-06,1,9718506,9718506,Ví điện tử,Đã hủy
DH00388,KH00560,171,2025-08-21,2,16022163,32044326,Chuyển khoản,Đã giao
DH00389,KH00211,497,2025-09-16,3,20532926,61598778,Thẻ ngân hàng,Đã hủy
DH00390,KH00081,204,2025-05-30,3,6098253,18294759,Ví điện tử,Đã hủy
DH00391,KH01746,266,2025-08-31,2,8991711,17983422,Ví điện tử,Đang giao
DH00392,KH01897,126,2024-10-21,1,7453646,7453646,Ví điện tử,Đang giao
DH00393,KH00577,193,2025-04-05,3,12107524,36322572,COD,Đã giao
DH00394,KH00581,45,2025-12-13,3,22446227,67338681,COD,Đang giao
DH00395,KH01424,440,2024-10-17,3,21263667,63791001,Ví điện tử,Đã giao
DH00396,KH01763,299,2025-09-23,3,10443833,31331499,COD,Đã hủy
DH00397,KH00025,242,2025-05-29,3,1536406,4609218,Chuyển khoản,Đã giao
DH00398,KH00258,494,2025-10-25,2,4606985,9213970,Ví điện tử,Đang giao
DH00399,KH00590,208,2025-08-26,1,16507221,16507221,Ví điện tử,Đang giao
DH00400,KH01741,2,2024-05-10,2,2619639,5239278,Chuyển khoản,Đã giao
DH00401,KH01930,178,2024-04-19,2,25162917,50325834,COD,Đã giao
DH00402,KH00713,362,2025-10-16,2,18686057,37372114,Thẻ ngân hàng,Đã giao
DH00403,KH00195,322,2024-07-19,1,4789634,4789634,Thẻ ngân hàng,Đang giao
DH00404,KH00561,437,2024-11-03,3,20884762,62654286,COD,Đã giao
DH00405,KH01572,97,2024-02-05,3,20721508,62164524,COD,Đã hủy
DH00406,KH00688,330,2025-12-24,2,21871930,43743860,COD,Đã giao
DH00407,KH00552,181,2024-02-29,1,1690676,1690676,Ví điện tử,Đang giao
DH00408,KH01749,124,2025-02-28,2,18670083,37340166,Thẻ ngân hàng,Đã hủy
DH00409,KH01625,214,2025-08-29,3,21742788,65228364,Ví điện tử,Đang giao
DH00410,KH00889,446,2024-07-20,2,10227214,20454428,COD,Đã giao
DH00411,KH00606,288,2025-12-22,1,11145011,11145011,COD,Đang giao
DH00412,KH01444,196,2025-01-04,2,9383000,18766000,Thẻ ngân hàng,Đã hủy
DH00413,KH01113,51,2024-04-11,3,18354531,55063593,Thẻ ngân hàng,Đã giao
DH00414,KH01223,335,2024-10-12,2,6359823,12719646,Ví điện tử,Đã hủy
DH00415,KH00959,286,2024-11-09,3,3106273,9318819,Thẻ ngân hàng,Đang giao
DH00416,KH01695,287,2024-03-28,3,10898911,32696733,Thẻ ngân hàng,Đã giao
DH00417,KH00730,267,2025-01-10,1,20768736,20768736,Chuyển khoản,Đã hủy
DH00418,KH01984,484,2025-08-08,3,9546339,28639017,Thẻ ngân hàng,Đã giao
DH00419,KH01208,265,2025-03-20,3,18875655,56626965,Ví điện tử,Đã hủy
DH00420,KH01043,20,2024-10-31,3,14519905,43559715,Thẻ ngân hàng,Đã giao
DH00421,KH01651,347,2024-09-11,1,10484449,10484449,Thẻ ngân hàng,Đã hủy
DH00422,KH00365,91,2024-07-22,1,20666588,20666588,Ví điện tử,Đã giao
DH00423,KH00372,329,2025-07-08,2,13517918,27035836,COD,Đã giao
DH00424,KH00097,323,2025-04-23,2,8114299,16228598,Thẻ ngân hàng,Đã hủy
DH00425,KH00334,371,2025-09-15,1,15596681,15596681,Thẻ ngân hàng,Đã hủy
DH00426,KH01568,213,2025-06-29,1,9135747,9135747,Ví điện tử,Đang giao
DH00427,KH01688,278,2025-04-18,3,16871480,50614440,Ví điện tử,Đã hủy
DH00428,KH00431,478,2025-09-14,3,8623329,25869987,Chuyển khoản,Đang giao
DH00429,KH01167,201,2024-08-21,1,14510585,14510585,COD,Đã hủy
DH00430,KH00825,347,2024-08-06,2,10484449,20968898,COD,Đang giao
DH00431,KH01690,143,2025-08-22,3,5091764,15275292,COD,Đã hủy
DH00432,KH01242,168,2025-04-23,3,4959346,14878038,Thẻ ngân hàng,Đã giao
DH00433,KH01959,377,2024-04-10,2,12231914,24463828,Thẻ ngân hàng,Đã hủy
DH00434,KH00937,335,2025-04-10,3,6359823,19079469,COD,Đã hủy
DH00435,KH01762,237,2024-07-20,3,5969756,17909268,Ví điện tử,Đã giao
DH00436,KH01528,443,2025-07-16,1,15873432,15873432,Ví điện tử,Đang giao
DH00437,KH00769,346,2024-09-09,3,15198565,45595695,Thẻ ngân hàng,Đang giao
DH00438,KH00772,56,2025-04-16,2,3656281,7312562,Chuyển khoản,Đã hủy
DH00439,KH00193,441,2025-04-29,2,18385006,36770012,COD,Đã giao
DH00440,KH01835,123,2025-05-21,3,5880587,17641761,Thẻ ngân hàng,Đã giao
DH00441,KH00867,380,2024-04-18,1,7759711,7759711,Ví điện tử,Đã hủy
DH00442,KH01917,476,2024-11-27,2,5610573,11221146,Ví điện tử,Đang giao
DH00443,KH00027,64,2025-03-26,1,9718506,9718506,Thẻ ngân hàng,Đang giao
DH00444,KH01565,421,2024-11-15,2,22589235,45178470,Ví điện tử,Đã giao
DH00445,KH01646,60,2025-04-02,2,10296353,20592706,COD,Đã giao
DH00446,KH00086,338,2025-12-31,3,11491142,34473426,Ví điện tử,Đã giao
DH00447,KH00612,94,2024-11-30,3,4892461,14677383,COD,Đang giao
DH00448,KH00537,108,2025-04-15,2,16704100,33408200,Ví điện tử,Đã hủy
DH00449,KH01562,144,2025-05-21,2,6059706,12119412,Ví điện tử,Đang giao
DH00450,KH00512,219,2025-02-11,2,20274689,40549378,Chuyển khoản,Đang giao
DH00451,KH00022,23,2025-05-06,2,18730487,37460974,Chuyển khoản,Đang giao
DH00452,KH01351,236,2025-12-27,3,25624479,76873437,Thẻ ngân hàng,Đã giao
DH00453,KH00248,299,2024-07-29,1,10443833,10443833,COD,Đã giao
DH00454,KH01413,108,2024-10-13,1,16704100,16704100,Thẻ ngân hàng,Đang giao
DH00455,KH01043,374,2024-11-01,1,17616582,17616582,Chuyển khoản,Đã hủy
DH00456,KH00289,179,2025-04-30,2,23021297,46042594,Ví điện tử,Đã giao
DH00457,KH00479,88,2024-03-24,2,15268123,30536246,Chuyển khoản,Đã hủy
DH00458,KH00876,401,2024-06-11,3,3227628,9682884,Ví điện tử,Đã giao
DH00459,KH00208,181,2025-07-23,1,1690676,1690676,Ví điện tử,Đã giao
DH00460,KH01973,364,2025-07-15,2,14254399,28508798,Chuyển khoản,Đã giao
DH00461,KH00727,489,2025-02-08,1,23457899,23457899,Thẻ ngân hàng,Đã hủy
DH00462,KH00224,89,2024-10-02,3,15656852,46970556,Ví điện tử,Đã hủy
DH00463,KH00570,367,2024-04-04,2,21910738,43821476,COD,Đang giao
DH00464,KH00723,396,2024-12-23,3,2735462,8206386,Ví điện tử,Đang giao
DH00465,KH01807,304,2024-05-10,1,24317139,24317139,Chuyển khoản,Đang giao
DH00466,KH01214,280,2025-02-18,2,25571963,51143926,Ví điện tử,Đã hủy
DH00467,KH01971,478,2024-07-10,3,8623329,25869987,COD,Đã giao
DH00468,KH00931,162,2024-05-15,1,16154689,16154689,Chuyển khoản,Đã giao
DH00469,KH01897,43,2024-10-15,1,14663576,14663576,Chuyển khoản,Đã hủy
DH00470,KH01694,499,2024-06-06,2,11225264,22450528,Ví điện tử,Đang giao
DH00471,KH00837,120,2025-01-03,3,23629104,70887312,Thẻ ngân hàng,Đang giao
DH00472,KH00466,95,2025-03-16,1,17932883,17932883,Thẻ ngân hàng,Đã giao
DH00473,KH00516,467,2024-08-22,1,6408461,6408461,Thẻ ngân hàng,Đã giao
DH00474,KH01486,73,2024-09-25,1,13467563,13467563,Chuyển khoản,Đã hủy
DH00475,KH00979,302,2024-10-11,2,1904905,3809810,Chuyển khoản,Đã giao
DH00476,KH00164,112,2025-08-16,3,21786528,65359584,COD,Đã giao
DH00477,KH00147,344,2025-08-30,3,15192156,45576468,COD,Đã giao
DH00478,KH00004,310,2024-11-14,3,10351478,31054434,Chuyển khoản,Đang giao
DH00479,KH01410,309,2024-04-22,2,16160657,32321314,Ví điện tử,Đang giao
DH00480,KH01038,45,2025-11-01,1,22446227,22446227,Ví điện tử,Đang giao
DH00481,KH01218,383,2025-04-03,3,21556385,64669155,Ví điện tử,Đã giao
DH00482,KH01292,68,2024-02-15,2,14423549,28847098,Chuyển khoản,Đang giao
DH00483,KH01768,149,2024-01-26,3,20816892,62450676,Chuyển khoản,Đã giao
DH00484,KH00348,47,2025-11-18,2,2363748,4727496,Ví điện tử,Đang giao
DH00485,KH00981,266,2024-03-16,1,8991711,8991711,Chuyển khoản,Đã hủy
DH00486,KH01570,145,2025-04-14,2,13595803,27191606,Thẻ ngân hàng,Đã giao
DH00487,KH00842,203,2024-04-25,1,2141244,2141244,Thẻ ngân hàng,Đã giao
DH00488,KH01447,43,2025-10-06,2,14663576,29327152,COD,Đã giao
DH00489,KH01467,358,2025-04-16,1,8803419,8803419,COD,Đã hủy
DH00490,KH00641,281,2025-01-30,3,6520993,19562979,COD,Đã hủy
DH00491,KH00458,69,2024-08-29,1,13005856,13005856,COD,Đã hủy
DH00492,KH00446,448,2024-09-23,2,1655313,3310626,Thẻ ngân hàng,Đã giao
DH00493,KH01423,181,2025-08-09,2,1690676,3381352,Chuyển khoản,Đang giao
DH00494,KH00407,320,2024-05-27,3,13927009,41781027,Thẻ ngân hàng,Đã hủy
DH00495,KH00853,198,2024-10-01,3,13851809,41555427,Ví điện tử,Đã giao
DH00496,KH01154,258,2024-04-24,3,12909089,38727267,Thẻ ngân hàng,Đã giao
DH00497,KH00480,317,2024-10-24,3,3451035,10353105,COD,Đang giao
DH00498,KH00507,223,2025-12-20,3,2575778,7727334,Thẻ ngân hàng,Đã hủy
DH00499,KH00845,335,2025-04-17,2,6359823,12719646,COD,Đã giao
DH00500,KH00122,71,2024-05-05,1,20920065,20920065,COD,Đã hủy
DH00501,KH00168,317,2025-03-28,3,3451035,10353105,Ví điện tử,Đã giao
DH00502,KH00468,18,2025-01-20,2,8089438,16178876,Thẻ ngân hàng,Đã giao
DH00503,KH00149,86,2024-05-31,3,8568170,25704510,Ví điện tử,Đã hủy
DH00504,KH00349,37,2024-09-25,3,24694673,74084019,Thẻ ngân hàng,Đã giao
DH00505,KH01232,450,2024-05-23,2,19208894,38417788,Thẻ ngân hàng,Đã hủy
DH00506,KH00637,361,2024-04-14,1,2131412,2131412,Thẻ ngân hàng,Đã hủy
DH00507,KH01868,225,2025-06-09,2,17350639,34701278,Chuyển khoản,Đã hủy
DH00508,KH01055,474,2025-04-18,1,13191529,13191529,Ví điện tử,Đang giao
DH00509,KH00051,212,2024-09-02,3,9801647,29404941,COD,Đang giao
DH00510,KH00054,175,2024-03-01,1,4766108,4766108,Thẻ ngân hàng,Đang giao
DH00511,KH00022,19,2025-06-02,1,6165758,6165758,COD,Đã giao
DH00512,KH01479,102,2024-03-19,3,13562744,40688232,Chuyển khoản,Đã giao
DH00513,KH00134,459,2024-06-12,3,21165935,63497805,Chuyển khoản,Đã hủy
DH00514,KH01394,104,2024-10-16,1,21205978,21205978,COD,Đang giao
DH00515,KH00472,195,2025-11-13,3,2797518,8392554,COD,Đang giao
DH00516,KH01475,247,2024-06-27,3,14840560,44521680,COD,Đang giao
DH00517,KH00189,125,2024-03-12,3,13225929,39677787,Chuyển khoản,Đã giao
DH00518,KH01176,193,2024-04-19,2,12107524,24215048,Thẻ ngân hàng,Đã hủy
DH00519,KH00615,371,2024-04-18,1,15596681,15596681,Thẻ ngân hàng,Đang giao
DH00520,KH00372,72,2025-05-15,1,11915298,11915298,COD,Đã hủy
DH00521,KH00705,212,2025-04-13,2,9801647,19603294,Thẻ ngân hàng,Đã hủy
DH00522,KH00301,229,2025-09-16,2,5955017,11910034,Chuyển khoản,Đã giao
DH00523,KH00718,452,2025-07-29,1,6422656,6422656,Chuyển khoản,Đã giao
DH00524,KH01592,42,2024-02-08,3,4888990,14666970,Thẻ ngân hàng,Đang giao
DH00525,KH00254,483,2024-05-25,1,9287345,9287345,Chuyển khoản,Đã hủy
DH00526,KH01374,493,2025-09-05,2,5355143,10710286,Thẻ ngân hàng,Đã giao
DH00527,KH01515,139,2025-07-24,3,8176702,24530106,Chuyển khoản,Đã giao
DH00528,KH01555,206,2024-11-06,2,9160201,18320402,Chuyển khoản,Đã giao
DH00529,KH01471,464,2024-04-22,3,10451249,31353747,COD,Đã hủy
DH00530,KH01526,245,2024-11-02,2,11838005,23676010,Chuyển khoản,Đã hủy
DH00531,KH01626,249,2024-03-23,1,12650029,12650029,Thẻ ngân hàng,Đã hủy
DH00532,KH00146,178,2024-08-02,2,25162917,50325834,Ví điện tử,Đã hủy
DH00533,KH01075,425,2024-07-29,2,12382069,24764138,Ví điện tử,Đã giao
DH00534,KH00937,340,2025-08-12,2,2512853,5025706,COD,Đã giao
DH00535,KH01054,425,2025-01-21,2,12382069,24764138,Thẻ ngân hàng,Đã hủy
DH00536,KH01601,126,2024-04-11,2,7453646,14907292,Ví điện tử,Đã giao
DH00537,KH01819,382,2024-11-08,3,23997672,71993016,Thẻ ngân hàng,Đã giao
DH00538,KH01289,33,2024-08-04,2,16395207,32790414,Thẻ ngân hàng,Đã hủy
DH00539,KH00609,105,2025-03-17,1,9768220,9768220,COD,Đang giao
DH00540,KH01836,369,2025-12-01,3,10752264,32256792,Thẻ ngân hàng,Đã giao
DH00541,KH00218,364,2025-06-30,3,14254399,42763197,Chuyển khoản,Đang giao
DH00542,KH01228,63,2024-02-07,2,25365618,50731236,Ví điện tử,Đang giao
DH00543,KH01606,371,2024-12-14,2,15596681,31193362,Chuyển khoản,Đã hủy
DH00544,KH00993,256,2025-09-28,3,7503626,22510878,Thẻ ngân hàng,Đã giao
DH00545,KH00360,365,2025-10-31,1,15480351,15480351,COD,Đã giao
DH00546,KH00164,63,2025-05-06,2,25365618,50731236,Thẻ ngân hàng,Đang giao
DH00547,KH01302,99,2025-05-07,2,22557878,45115756,Chuyển khoản,Đang giao
DH00548,KH01450,352,2025-08-29,1,22014922,22014922,Ví điện tử,Đang giao
DH00549,KH00765,274,2025-11-10,3,8049917,24149751,Thẻ ngân hàng,Đã giao
DH00550,KH00079,251,2025-02-05,1,11288407,11288407,Ví điện tử,Đang giao
DH00551,KH01795,350,2025-10-11,3,12090591,36271773,Ví điện tử,Đã giao
DH00552,KH01245,156,2025-06-04,2,23900042,47800084,Chuyển khoản,Đang giao
DH00553,KH00454,456,2025-02-13,3,1907183,5721549,Thẻ ngân hàng,Đang giao
DH00554,KH01530,225,2025-03-12,3,17350639,52051917,Thẻ ngân hàng,Đang giao
DH00555,KH00019,374,2024-12-20,1,17616582,17616582,Ví điện tử,Đã giao
DH00556,KH01675,380,2024-01-12,3,7759711,23279133,Chuyển khoản,Đã hủy
DH00557,KH01615,293,2024-07-24,3,5223702,15671106,COD,Đang giao
DH00558,KH01460,410,2024-03-07,1,12647688,12647688,Thẻ ngân hàng,Đã hủy
DH00559,KH01815,141,2025-10-02,1,22227393,22227393,Chuyển khoản,Đang giao
DH00560,KH00962,203,2025-06-23,1,2141244,2141244,Ví điện tử,Đã giao
DH00561,KH01248,64,2024-11-15,3,9718506,29155518,Ví điện tử,Đã giao
DH00562,KH01821,443,2024-12-07,1,15873432,15873432,Ví điện tử,Đã giao
DH00563,KH01383,58,2024-07-03,3,4846247,14538741,Chuyển khoản,Đã hủy
DH00564,KH01838,236,2025-10-23,1,25624479,25624479,COD,Đang giao
DH00565,KH00669,430,2025-12-09,1,11677101,11677101,Chuyển khoản,Đã hủy
DH00566,KH01432,352,2024-09-02,1,22014922,22014922,Ví điện tử,Đã giao
DH00567,KH00638,217,2024-01-10,1,21518753,21518753,Ví điện tử,Đã giao
DH00568,KH01344,346,2024-01-21,3,15198565,45595695,Thẻ ngân hàng,Đang giao
DH00569,KH01018,399,2025-12-23,2,2042288,4084576,COD,Đang giao
DH00570,KH00648,389,2024-02-26,2,2247745,4495490,Ví điện tử,Đã giao
DH00571,KH00880,258,2024-02-23,1,12909089,12909089,COD,Đã giao
DH00572,KH01202,73,2025-12-30,1,13467563,13467563,COD,Đã giao
DH00573,KH00263,426,2025-12-08,2,22978827,45957654,Thẻ ngân hàng,Đã hủy
DH00574,KH01169,424,2025-10-13,3,19568438,58705314,Chuyển khoản,Đang giao
DH00575,KH01365,430,2025-12-11,2,11677101,23354202,COD,Đã giao
DH00576,KH01405,97,2024-10-29,3,20721508,62164524,Thẻ ngân hàng,Đã hủy
DH00577,KH01677,49,2025-12-06,3,10127878,30383634,Chuyển khoản,Đang giao
DH00578,KH01285,226,2025-09-11,1,24912858,24912858,COD,Đang giao
DH00579,KH00270,371,2025-06-04,1,15596681,15596681,Thẻ ngân hàng,Đã hủy
DH00580,KH01855,72,2025-08-03,2,11915298,23830596,Ví điện tử,Đang giao
DH00581,KH01337,83,2024-12-07,3,10278942,30836826,Thẻ ngân hàng,Đã hủy
DH00582,KH00119,190,2024-06-20,3,19493368,58480104,Ví điện tử,Đã hủy
DH00583,KH01112,98,2025-12-18,2,25849081,51698162,Ví điện tử,Đã hủy
DH00584,KH01719,373,2024-12-10,2,17596085,35192170,Ví điện tử,Đã giao
DH00585,KH00850,277,2025-01-18,1,20673499,20673499,Chuyển khoản,Đã hủy
DH00586,KH01912,406,2025-10-30,1,1821869,1821869,Thẻ ngân hàng,Đã hủy
DH00587,KH00077,460,2024-01-06,2,15973168,31946336,Ví điện tử,Đã giao
DH00588,KH01394,404,2024-10-17,3,24793579,74380737,Chuyển khoản,Đã hủy
DH00589,KH00443,196,2024-03-04,2,9383000,18766000,Chuyển khoản,Đang giao
DH00590,KH00600,162,2024-07-01,2,16154689,32309378,Ví điện tử,Đã giao
DH00591,KH00963,106,2025-08-14,2,3358747,6717494,Chuyển khoản,Đã hủy
DH00592,KH00487,365,2024-11-14,3,15480351,46441053,Chuyển khoản,Đang giao
DH00593,KH00730,130,2024-07-07,2,8364943,16729886,COD,Đang giao
DH00594,KH01125,329,2024-08-07,3,13517918,40553754,Chuyển khoản,Đã hủy
DH00595,KH01901,305,2024-03-03,1,19848099,19848099,Ví điện tử,Đã giao
DH00596,KH01883,303,2024-07-11,1,19460829,19460829,COD,Đã hủy
DH00597,KH01872,114,2024-11-19,3,5461510,16384530,Ví điện tử,Đang giao
DH00598,KH00925,476,2025-09-02,3,5610573,16831719,COD,Đang giao
DH00599,KH01004,92,2024-11-13,1,11092983,11092983,COD,Đang giao
DH00600,KH00563,248,2025-01-03,1,22980553,22980553,Thẻ ngân hàng,Đang giao
DH00601,KH01765,480,2024-08-17,1,9066937,9066937,COD,Đã hủy
DH00602,KH01385,469,2025-09-19,3,24833142,74499426,COD,Đang giao
DH00603,KH01430,21,2024-09-01,1,20692785,20692785,Ví điện tử,Đang giao
DH00604,KH00080,229,2024-04-20,2,5955017,11910034,Thẻ ngân hàng,Đã giao
DH00605,KH00642,462,2025-03-09,3,16447832,49343496,Chuyển khoản,Đã hủy
DH00606,KH01590,487,2024-07-23,1,9625660,9625660,COD,Đã hủy
DH00607,KH01836,435,2025-10-17,1,4349985,4349985,Thẻ ngân hàng,Đã giao
DH00608,KH00067,302,2024-11-16,2,1904905,3809810,Chuyển khoản,Đã giao
DH00609,KH00838,29,2025-12-30,2,8608366,17216732,Ví điện tử,Đã giao
DH00610,KH00725,456,2025-04-07,2,1907183,3814366,Thẻ ngân hàng,Đang giao
DH00611,KH00354,289,2025-12-26,1,4921805,4921805,Chuyển khoản,Đã hủy
DH00612,KH01790,22,2024-12-02,3,24114298,72342894,Ví điện tử,Đã hủy
DH00613,KH00633,221,2025-04-04,2,18603561,37207122,COD,Đã giao
DH00614,KH01414,234,2024-05-09,3,12378563,37135689,COD,Đã giao
DH00615,KH00186,313,2024-09-25,2,2770705,5541410,Thẻ ngân hàng,Đã giao
DH00616,KH00614,273,2024-11-25,1,13267090,13267090,Thẻ ngân hàng,Đã giao
DH00617,KH00134,73,2025-12-01,2,13467563,26935126,Chuyển khoản,Đang giao
DH00618,KH00127,429,2025-05-21,1,13157569,13157569,COD,Đã giao
DH00619,KH01556,285,2025-11-21,3,6209359,18628077,COD,Đang giao
DH00620,KH01848,133,2024-09-22,1,25260384,25260384,Thẻ ngân hàng,Đã giao
DH00621,KH00514,182,2025-07-11,2,19817463,39634926,COD,Đã giao
DH00622,KH01244,251,2025-11-25,2,11288407,22576814,COD,Đã hủy
DH00623,KH01478,85,2024-07-09,1,22953739,22953739,Chuyển khoản,Đã giao
DH00624,KH00856,462,2025-05-16,2,16447832,32895664,Ví điện tử,Đang giao
DH00625,KH01228,213,2024-12-18,2,9135747,18271494,COD,Đang giao
DH00626,KH01184,130,2025-09-08,1,8364943,8364943,Ví điện tử,Đang giao
DH00627,KH00498,468,2024-07-25,1,21281263,21281263,Thẻ ngân hàng,Đã giao
DH00628,KH01950,289,2025-11-02,2,4921805,9843610,Ví điện tử,Đã giao
DH00629,KH00465,375,2024-12-23,3,22543381,67630143,Chuyển khoản,Đang giao
DH00630,KH01400,295,2025-02-23,1,2326130,2326130,COD,Đang giao
DH00631,KH00095,285,2025-07-21,3,6209359,18628077,COD,Đã hủy
DH00632,KH00258,242,2024-07-20,3,1536406,4609218,COD,Đã hủy
DH00633,KH00334,204,2024-12-26,1,6098253,6098253,Chuyển khoản,Đã giao
DH00634,KH00040,41,2025-02-08,1,23214519,23214519,Thẻ ngân hàng,Đang giao
DH00635,KH00941,88,2024-03-29,3,15268123,45804369,Chuyển khoản,Đã hủy
DH00636,KH00459,237,2024-04-21,2,5969756,11939512,Chuyển khoản,Đang giao
DH00637,KH01204,306,2025-02-01,2,9109540,18219080,Chuyển khoản,Đang giao
DH00638,KH01023,374,2024-05-01,2,17616582,35233164,Thẻ ngân hàng,Đã giao
DH00639,KH01671,265,2025-10-07,2,18875655,37751310,Ví điện tử,Đã hủy
DH00640,KH01746,234,2025-07-08,1,12378563,12378563,Chuyển khoản,Đã giao
DH00641,KH00011,230,2025-01-06,2,4583309,9166618,Ví điện tử,Đã giao
DH00642,KH00884,210,2024-05-01,2,20061356,40122712,COD,Đã giao
DH00643,KH01329,302,2024-01-08,1,1904905,1904905,COD,Đã hủy
DH00644,KH01197,63,2025-12-17,2,25365618,50731236,Thẻ ngân hàng,Đã giao
DH00645,KH00981,54,2024-11-15,3,18474415,55423245,COD,Đang giao
DH00646,KH01061,479,2024-04-21,1,24995661,24995661,Chuyển khoản,Đã giao
DH00647,KH01150,461,2024-10-16,1,13898840,13898840,COD,Đã giao
DH00648,KH01062,160,2024-03-04,2,7269450,14538900,Ví điện tử,Đã hủy
DH00649,KH01864,253,2024-03-27,3,9232276,27696828,Ví điện tử,Đang giao
DH00650,KH01196,254,2024-01-31,3,7786382,23359146,Ví điện tử,Đang giao
DH00651,KH00454,222,2024-05-01,1,24480557,24480557,Thẻ ngân hàng,Đang giao
DH00652,KH01142,194,2025-07-26,2,10519150,21038300,Thẻ ngân hàng,Đang giao
DH00653,KH01169,453,2025-02-14,3,24897288,74691864,Thẻ ngân hàng,Đang giao
DH00654,KH00439,326,2025-01-27,2,10657286,21314572,Ví điện tử,Đã giao
DH00655,KH00249,244,2025-07-15,1,16782990,16782990,COD,Đã giao
DH00656,KH01393,35,2024-07-29,1,5481589,5481589,COD,Đã hủy
DH00657,KH00946,229,2024-08-13,2,5955017,11910034,Ví điện tử,Đã hủy
DH00658,KH00701,393,2025-06-29,1,15902198,15902198,Ví điện tử,Đang giao
DH00659,KH00313,147,2024-03-25,2,13624031,27248062,Ví điện tử,Đã hủy
DH00660,KH01789,19,2024-08-29,1,6165758,6165758,COD,Đã giao
DH00661,KH00105,457,2025-03-01,1,24221919,24221919,Ví điện tử,Đã giao
DH00662,KH01234,371,2024-07-22,3,15596681,46790043,COD,Đã hủy
DH00663,KH01785,312,2024-04-11,2,22250953,44501906,Ví điện tử,Đã hủy
DH00664,KH00170,195,2025-10-25,2,2797518,5595036,Chuyển khoản,Đang giao
DH00665,KH00061,236,2024-01-16,1,25624479,25624479,Chuyển khoản,Đã giao
DH00666,KH00647,109,2024-02-14,3,8310763,24932289,Ví điện tử,Đã giao
DH00667,KH00529,414,2025-06-12,2,8838663,17677326,Thẻ ngân hàng,Đã giao
DH00668,KH00449,441,2025-05-19,1,18385006,18385006,Ví điện tử,Đã giao
DH00669,KH01267,317,2025-02-27,1,3451035,3451035,Ví điện tử,Đã hủy
DH00670,KH01691,183,2024-11-09,2,25583781,51167562,Ví điện tử,Đang giao
DH00671,KH00211,26,2025-11-22,3,23522794,70568382,COD,Đang giao
DH00672,KH01395,173,2025-01-04,3,8932665,26797995,Thẻ ngân hàng,Đang giao
DH00673,KH00109,226,2024-02-15,1,24912858,24912858,Chuyển khoản,Đã giao
DH00674,KH01132,165,2024-06-10,1,25319024,25319024,COD,Đang giao
DH00675,KH00614,63,2025-05-04,1,25365618,25365618,Ví điện tử,Đang giao
DH00676,KH00690,34,2025-12-06,3,21526031,64578093,Ví điện tử,Đang giao
DH00677,KH01803,455,2024-12-17,1,2445683,2445683,Ví điện tử,Đã giao
DH00678,KH01752,239,2024-06-02,2,9904462,19808924,COD,Đang giao
DH00679,KH01267,64,2025-06-05,2,9718506,19437012,Chuyển khoản,Đã giao
DH00680,KH00783,496,2024-09-30,1,14220784,14220784,Chuyển khoản,Đã hủy
DH00681,KH01829,455,2024-01-20,2,2445683,4891366,COD,Đã hủy
DH00682,KH01559,77,2025-12-03,3,20281855,60845565,Thẻ ngân hàng,Đã hủy
DH00683,KH01902,257,2024-10-16,2,22709217,45418434,Ví điện tử,Đã giao
DH00684,KH00839,246,2025-12-21,2,4574511,9149022,Chuyển khoản,Đã hủy
DH00685,KH01141,53,2024-08-01,2,18088695,36177390,COD,Đang giao
DH00686,KH01361,454,2025-11-05,3,24379043,73137129,COD,Đang giao
DH00687,KH00842,29,2024-11-04,3,8608366,25825098,COD,Đã hủy
DH00688,KH01567,51,2025-04-25,1,18354531,18354531,Chuyển khoản,Đã giao
DH00689,KH00064,461,2025-03-19,3,13898840,41696520,Chuyển khoản,Đang giao
DH00690,KH00151,54,2024-03-29,2,18474415,36948830,COD,Đang giao
DH00691,KH00243,8,2025-01-23,1,16791775,16791775,COD,Đã giao
DH00692,KH01745,50,2024-01-01,1,16126277,16126277,Thẻ ngân hàng,Đang giao
DH00693,KH01123,13,2024-07-20,2,24933847,49867694,COD,Đang giao
DH00694,KH01496,111,2024-12-20,1,5190528,5190528,Ví điện tử,Đang giao
DH00695,KH01954,240,2025-12-15,1,23483447,23483447,COD,Đã giao
DH00696,KH00808,160,2025-05-18,2,7269450,14538900,Thẻ ngân hàng,Đã hủy
DH00697,KH01093,259,2025-12-28,2,2352165,4704330,Chuyển khoản,Đã giao
DH00698,KH00489,152,2024-06-15,3,11691816,35075448,Thẻ ngân hàng,Đã giao
DH00699,KH01089,346,2025-06-30,2,15198565,30397130,Chuyển khoản,Đã hủy
DH00700,KH01484,92,2025-04-12,3,11092983,33278949,COD,Đang giao
DH00701,KH01000,295,2024-09-15,3,2326130,6978390,Ví điện tử,Đã hủy
DH00702,KH00088,220,2024-11-24,1,21154109,21154109,Chuyển khoản,Đã hủy
DH00703,KH00424,426,2024-09-23,2,22978827,45957654,Thẻ ngân hàng,Đang giao
DH00704,KH01806,454,2025-12-31,3,24379043,73137129,Chuyển khoản,Đã hủy
DH00705,KH01205,407,2024-03-06,2,22242654,44485308,Chuyển khoản,Đã giao
DH00706,KH00739,231,2025-12-15,1,7056866,7056866,Chuyển khoản,Đang giao
DH00707,KH00806,176,2024-01-24,3,12520307,37560921,COD,Đã hủy
DH00708,KH00224,468,2025-02-23,1,21281263,21281263,COD,Đã giao
DH00709,KH00711,433,2025-04-26,3,2223429,6670287,Thẻ ngân hàng,Đang giao
DH00710,KH01323,456,2025-01-30,2,1907183,3814366,Chuyển khoản,Đã hủy
DH00711,KH00452,115,2025-05-03,3,24228127,72684381,Chuyển khoản,Đã hủy
DH00712,KH01346,214,2024-11-25,2,21742788,43485576,Thẻ ngân hàng,Đã hủy
DH00713,KH01464,123,2024-11-15,3,5880587,17641761,Ví điện tử,Đã hủy
DH00714,KH01794,406,2025-05-26,1,1821869,1821869,Chuyển khoản,Đang giao
DH00715,KH00294,86,2024-08-18,3,8568170,25704510,Thẻ ngân hàng,Đang giao
DH00716,KH01509,313,2024-06-12,2,2770705,5541410,Ví điện tử,Đã hủy
DH00717,KH00419,365,2025-04-06,2,15480351,30960702,Chuyển khoản,Đã hủy
DH00718,KH00803,92,2025-03-19,1,11092983,11092983,COD,Đã giao
DH00719,KH01546,76,2024-09-03,1,25092737,25092737,Chuyển khoản,Đã giao
DH00720,KH01743,495,2024-08-17,1,24537951,24537951,Ví điện tử,Đã giao
DH00721,KH01320,245,2024-04-12,3,11838005,35514015,Ví điện tử,Đang giao
DH00722,KH01921,174,2024-03-28,1,24577473,24577473,Thẻ ngân hàng,Đã giao
DH00723,KH00632,82,2025-01-25,3,6348395,19045185,Thẻ ngân hàng,Đã giao
DH00724,KH00916,127,2024-03-23,3,23583550,70750650,COD,Đã giao
DH00725,KH00005,481,2025-01-13,2,11804603,23609206,Thẻ ngân hàng,Đang giao
DH00726,KH01808,469,2025-06-09,1,24833142,24833142,COD,Đã giao
DH00727,KH01473,111,2024-08-06,3,5190528,15571584,Ví điện tử,Đã hủy
DH00728,KH00960,401,2025-12-21,2,3227628,6455256,COD,Đã giao
DH00729,KH01901,234,2025-06-06,2,12378563,24757126,Thẻ ngân hàng,Đã hủy
DH00730,KH00803,245,2024-11-15,3,11838005,35514015,Chuyển khoản,Đang giao
DH00731,KH01790,447,2025-05-08,2,13793804,27587608,Chuyển khoản,Đã hủy
DH00732,KH00048,49,2025-05-07,2,10127878,20255756,Chuyển khoản,Đã giao
DH00733,KH01565,430,2025-03-16,3,11677101,35031303,Ví điện tử,Đã hủy
DH00734,KH00039,50,2024-07-28,3,16126277,48378831,Thẻ ngân hàng,Đã hủy
DH00735,KH00346,74,2025-09-28,3,2460854,7382562,Thẻ ngân hàng,Đang giao
DH00736,KH01273,7,2024-01-08,3,4357180,13071540,Thẻ ngân hàng,Đã giao
DH00737,KH00974,303,2024-12-22,1,19460829,19460829,Thẻ ngân hàng,Đã hủy
DH00738,KH01140,360,2024-04-23,3,17479616,52438848,Chuyển khoản,Đã giao
DH00739,KH01009,49,2024-11-21,2,10127878,20255756,COD,Đang giao
DH00740,KH01257,81,2025-06-14,3,11760834,35282502,Thẻ ngân hàng,Đã giao
DH00741,KH01383,307,2024-09-13,3,2970393,8911179,Thẻ ngân hàng,Đã giao
DH00742,KH01195,288,2024-07-17,2,11145011,22290022,Ví điện tử,Đang giao
DH00743,KH01785,438,2025-02-01,2,19966047,39932094,Thẻ ngân hàng,Đã hủy
DH00744,KH01984,146,2024-10-19,2,19268450,38536900,COD,Đang giao
DH00745,KH00954,98,2024-08-30,1,25849081,25849081,Thẻ ngân hàng,Đang giao
DH00746,KH00592,364,2025-06-26,1,14254399,14254399,Chuyển khoản,Đã giao
DH00747,KH00200,47,2024-08-09,2,2363748,4727496,Ví điện tử,Đang giao
DH00748,KH00911,173,2024-08-21,1,8932665,8932665,Thẻ ngân hàng,Đang giao
DH00749,KH00008,173,2024-02-07,3,8932665,26797995,Chuyển khoản,Đã giao
DH00750,KH01155,354,2024-03-05,2,14109722,28219444,Ví điện tử,Đang giao
DH00751,KH01081,122,2024-08-20,2,18283116,36566232,COD,Đang giao
DH00752,KH00338,482,2025-06-02,1,25397322,25397322,Thẻ ngân hàng,Đã giao
DH00753,KH01456,427,2025-08-20,2,12881666,25763332,Thẻ ngân hàng,Đang giao
DH00754,KH00936,203,2025-09-13,1,2141244,2141244,Thẻ ngân hàng,Đang giao
DH00755,KH00997,268,2024-11-26,3,20509489,61528467,Thẻ ngân hàng,Đã hủy
DH00756,KH01337,175,2025-05-27,3,4766108,14298324,COD,Đã giao
DH00757,KH00831,156,2024-12-13,1,23900042,23900042,Ví điện tử,Đang giao
DH00758,KH00752,108,2025-03-19,1,16704100,16704100,Ví điện tử,Đã hủy
DH00759,KH00478,195,2025-04-18,2,2797518,5595036,Thẻ ngân hàng,Đã giao
DH00760,KH00264,254,2024-05-24,1,7786382,7786382,Chuyển khoản,Đã hủy
DH00761,KH01501,59,2024-09-17,1,11020945,11020945,Thẻ ngân hàng,Đang giao
DH00762,KH01858,49,2025-03-01,2,10127878,20255756,Ví điện tử,Đã giao
DH00763,KH00113,346,2025-02-22,3,15198565,45595695,Thẻ ngân hàng,Đã giao
DH00764,KH00715,344,2025-07-13,1,15192156,15192156,COD,Đã hủy
DH00765,KH00347,144,2024-05-13,1,6059706,6059706,Ví điện tử,Đã giao
DH00766,KH00923,369,2024-10-17,2,10752264,21504528,Thẻ ngân hàng,Đã hủy
DH00767,KH00300,211,2024-01-20,1,19060983,19060983,Thẻ ngân hàng,Đang giao
DH00768,KH01762,411,2025-05-27,2,15292733,30585466,Thẻ ngân hàng,Đã hủy
DH00769,KH01454,89,2025-09-13,1,15656852,15656852,Thẻ ngân hàng,Đã giao
DH00770,KH00309,144,2025-01-10,1,6059706,6059706,Chuyển khoản,Đã giao
DH00771,KH00568,356,2025-06-15,2,23139278,46278556,Ví điện tử,Đang giao
DH00772,KH00728,196,2025-01-30,3,9383000,28149000,COD,Đang giao
DH00773,KH00798,339,2024-05-28,2,7585126,15170252,Chuyển khoản,Đã giao
DH00774,KH00032,28,2025-06-26,1,8340920,8340920,COD,Đã hủy
DH00775,KH00569,214,2024-09-10,1,21742788,21742788,COD,Đang giao
DH00776,KH00729,122,2024-06-24,2,18283116,36566232,Thẻ ngân hàng,Đang giao
DH00777,KH01261,432,2024-07-26,2,25961408,51922816,Ví điện tử,Đã hủy
DH00778,KH00933,385,2024-04-24,2,9022052,18044104,COD,Đã hủy
DH00779,KH01230,101,2024-08-27,1,4709001,4709001,Thẻ ngân hàng,Đã giao
DH00780,KH00465,35,2025-12-25,1,5481589,5481589,COD,Đang giao
DH00781,KH01406,117,2024-04-28,1,1822241,1822241,COD,Đã giao
DH00782,KH00124,475,2025-10-01,2,23514632,47029264,Thẻ ngân hàng,Đã hủy
DH00783,KH01154,411,2024-06-19,2,15292733,30585466,Chuyển khoản,Đã giao
DH00784,KH01967,487,2024-02-24,2,9625660,19251320,Thẻ ngân hàng,Đang giao
DH00785,KH00917,79,2024-08-12,1,5712887,5712887,Chuyển khoản,Đã giao
DH00786,KH00740,294,2024-11-02,1,20611090,20611090,Ví điện tử,Đã hủy
DH00787,KH01133,91,2025-03-21,1,20666588,20666588,Ví điện tử,Đang giao
DH00788,KH01119,413,2024-05-16,1,19949073,19949073,Chuyển khoản,Đã hủy
DH00789,KH01417,490,2025-08-10,3,24697745,74093235,COD,Đã hủy
DH00790,KH00164,154,2025-06-19,3,5917692,17753076,Chuyển khoản,Đã hủy
DH00791,KH01525,382,2025-01-07,2,23997672,47995344,COD,Đang giao
DH00792,KH01211,466,2024-06-09,1,16269792,16269792,Chuyển khoản,Đang giao
DH00793,KH01037,493,2024-12-09,1,5355143,5355143,Chuyển khoản,Đang giao
DH00794,KH01135,262,2025-01-14,2,15404344,30808688,COD,Đã giao
DH00795,KH00372,177,2024-07-26,3,6101695,18305085,Thẻ ngân hàng,Đã hủy
DH00796,KH00267,364,2024-06-27,3,14254399,42763197,Thẻ ngân hàng,Đã giao
DH00797,KH00027,170,2025-05-29,1,18830250,18830250,COD,Đang giao
DH00798,KH01713,43,2024-03-31,3,14663576,43990728,Chuyển khoản,Đã giao
DH00799,KH01363,253,2024-06-05,2,9232276,18464552,Thẻ ngân hàng,Đã giao
DH00800,KH01499,228,2025-12-12,1,9625566,9625566,Thẻ ngân hàng,Đã giao
DH00801,KH00953,439,2024-03-16,2,11444083,22888166,Chuyển khoản,Đã hủy
DH00802,KH00342,16,2025-11-07,1,1902478,1902478,Chuyển khoản,Đã giao
DH00803,KH01048,145,2024-08-16,3,13595803,40787409,COD,Đã hủy
DH00804,KH01018,390,2025-11-26,2,7428418,14856836,Chuyển khoản,Đã giao
DH00805,KH01104,97,2025-04-15,3,20721508,62164524,Chuyển khoản,Đã giao
DH00806,KH00374,183,2024-03-17,2,25583781,51167562,Chuyển khoản,Đã giao
DH00807,KH01491,365,2024-01-25,2,15480351,30960702,Chuyển khoản,Đã hủy
DH00808,KH01965,100,2025-03-04,2,3300603,6601206,Thẻ ngân hàng,Đã hủy
DH00809,KH01441,384,2024-05-27,3,7946719,23840157,Ví điện tử,Đang giao
DH00810,KH00693,41,2024-03-21,3,23214519,69643557,Ví điện tử,Đã hủy
DH00811,KH01093,426,2025-04-10,3,22978827,68936481,Thẻ ngân hàng,Đã hủy
DH00812,KH01185,179,2025-11-16,2,23021297,46042594,Chuyển khoản,Đã hủy
DH00813,KH01192,88,2025-11-30,1,15268123,15268123,Thẻ ngân hàng,Đã hủy
DH00814,KH01122,469,2025-07-02,2,24833142,49666284,Thẻ ngân hàng,Đang giao
DH00815,KH01137,17,2025-08-05,2,11252793,22505586,COD,Đã giao
DH00816,KH01300,2,2025-03-21,3,2619639,7858917,Ví điện tử,Đã hủy
DH00817,KH00394,110,2025-01-13,3,2655742,7967226,Thẻ ngân hàng,Đã hủy
DH00818,KH01682,15,2024-09-25,3,21879885,65639655,Ví điện tử,Đã giao
DH00819,KH00196,232,2025-05-17,3,17350864,52052592,COD,Đã giao
DH00820,KH00264,292,2025-03-07,3,15283078,45849234,Thẻ ngân hàng,Đang giao
DH00821,KH01167,257,2025-01-14,1,22709217,22709217,Ví điện tử,Đang giao
DH00822,KH00142,256,2025-04-23,1,7503626,7503626,Ví điện tử,Đã hủy
DH00823,KH00223,88,2024-10-20,1,15268123,15268123,Ví điện tử,Đã hủy
DH00824,KH00147,76,2024-12-11,2,25092737,50185474,Thẻ ngân hàng,Đã hủy
DH00825,KH00072,435,2025-01-29,3,4349985,13049955,COD,Đã giao
DH00826,KH01937,49,2025-01-09,2,10127878,20255756,Chuyển khoản,Đã hủy
DH00827,KH01048,412,2024-03-16,1,5966347,5966347,Thẻ ngân hàng,Đang giao
DH00828,KH00378,235,2025-09-28,2,1672401,3344802,Thẻ ngân hàng,Đã giao
DH00829,KH00888,18,2024-04-30,2,8089438,16178876,Thẻ ngân hàng,Đã hủy
DH00830,KH01494,133,2025-07-29,3,25260384,75781152,COD,Đã hủy
DH00831,KH01983,99,2025-09-19,2,22557878,45115756,Ví điện tử,Đã hủy
DH00832,KH00927,426,2025-08-14,2,22978827,45957654,Thẻ ngân hàng,Đã giao
DH00833,KH01414,248,2025-05-04,3,22980553,68941659,Ví điện tử,Đã hủy
DH00834,KH01546,211,2025-08-11,3,19060983,57182949,COD,Đang giao
DH00835,KH00335,355,2024-07-02,3,19241391,57724173,Chuyển khoản,Đang giao
DH00836,KH00580,302,2025-03-24,3,1904905,5714715,Chuyển khoản,Đã hủy
DH00837,KH01543,220,2024-05-03,3,21154109,63462327,Chuyển khoản,Đã giao
DH00838,KH00399,334,2025-06-02,1,7901528,7901528,Ví điện tử,Đang giao
DH00839,KH01307,204,2025-08-29,2,6098253,12196506,COD,Đã hủy
DH00840,KH01617,25,2025-01-24,2,7741025,15482050,COD,Đã hủy
DH00841,KH00442,479,2025-04-07,2,24995661,49991322,COD,Đã hủy
DH00842,KH00948,235,2024-10-08,3,1672401,5017203,COD,Đã giao
DH00843,KH00657,489,2024-06-13,2,23457899,46915798,COD,Đã giao
DH00844,KH00492,89,2025-03-01,3,15656852,46970556,COD,Đã giao
DH00845,KH00999,26,2024-10-11,3,23522794,70568382,COD,Đang giao
DH00846,KH00603,49,2024-06-07,1,10127878,10127878,Thẻ ngân hàng,Đã hủy
DH00847,KH01531,141,2024-12-26,1,22227393,22227393,Ví điện tử,Đã giao
DH00848,KH00943,346,2025-06-09,1,15198565,15198565,Chuyển khoản,Đã giao
DH00849,KH00656,334,2024-01-17,1,7901528,7901528,Chuyển khoản,Đang giao
DH00850,KH01322,321,2025-10-29,1,9556944,9556944,Thẻ ngân hàng,Đã giao
DH00851,KH01186,350,2025-01-09,3,12090591,36271773,Chuyển khoản,Đã giao
DH00852,KH01369,199,2024-06-05,3,15317157,45951471,COD,Đang giao
DH00853,KH01894,205,2024-11-27,1,11351137,11351137,Chuyển khoản,Đang giao
DH00854,KH00282,283,2025-07-30,1,9498824,9498824,Thẻ ngân hàng,Đã giao
DH00855,KH00293,239,2025-01-03,2,9904462,19808924,Ví điện tử,Đã hủy
DH00856,KH01537,143,2025-04-06,2,5091764,10183528,Thẻ ngân hàng,Đã giao
DH00857,KH01119,340,2025-07-30,1,2512853,2512853,Ví điện tử,Đã giao
DH00858,KH01418,120,2024-04-29,3,23629104,70887312,Thẻ ngân hàng,Đã giao
DH00859,KH00949,146,2024-08-15,1,19268450,19268450,Thẻ ngân hàng,Đã hủy
DH00860,KH00994,442,2024-11-04,3,14674667,44024001,Ví điện tử,Đang giao
DH00861,KH01184,290,2025-02-14,3,14771023,44313069,Ví điện tử,Đã giao
DH00862,KH00292,298,2024-10-31,2,19424399,38848798,Chuyển khoản,Đã giao
DH00863,KH01468,486,2025-02-16,1,14815928,14815928,Ví điện tử,Đã giao
DH00864,KH01260,221,2024-10-23,2,18603561,37207122,Thẻ ngân hàng,Đang giao
DH00865,KH01121,81,2025-09-24,3,11760834,35282502,Ví điện tử,Đã hủy
DH00866,KH00497,323,2024-02-01,1,8114299,8114299,Chuyển khoản,Đang giao
DH00867,KH01349,51,2025-12-22,2,18354531,36709062,COD,Đã giao
DH00868,KH01214,69,2024-08-04,1,13005856,13005856,COD,Đang giao
DH00869,KH00404,232,2024-10-20,3,17350864,52052592,Chuyển khoản,Đang giao
DH00870,KH00722,112,2024-11-28,1,21786528,21786528,COD,Đã giao
DH00871,KH00652,93,2024-09-07,2,14686287,29372574,Thẻ ngân hàng,Đã hủy
DH00872,KH01678,320,2025-08-27,1,13927009,13927009,Ví điện tử,Đã giao
DH00873,KH01087,43,2025-12-25,2,14663576,29327152,Chuyển khoản,Đang giao
DH00874,KH01923,354,2025-04-13,1,14109722,14109722,Chuyển khoản,Đang giao
DH00875,KH00203,136,2025-06-05,3,13200645,39601935,Ví điện tử,Đang giao
DH00876,KH01757,100,2025-04-30,2,3300603,6601206,Ví điện tử,Đã hủy
DH00877,KH01718,93,2024-11-05,1,14686287,14686287,COD,Đã hủy
DH00878,KH00104,36,2025-10-29,1,4440658,4440658,Chuyển khoản,Đã hủy
DH00879,KH01224,481,2025-08-13,3,11804603,35413809,COD,Đã hủy
DH00880,KH01081,128,2025-11-19,3,5789660,17368980,COD,Đã giao
DH00881,KH01891,434,2024-08-25,3,20511341,61534023,Chuyển khoản,Đã hủy
DH00882,KH01496,478,2025-03-15,2,8623329,17246658,COD,Đã giao
DH00883,KH01952,239,2024-04-09,2,9904462,19808924,Ví điện tử,Đang giao
DH00884,KH01200,449,2025-09-04,2,7676975,15353950,Thẻ ngân hàng,Đã hủy
DH00885,KH00546,115,2025-05-19,3,24228127,72684381,Thẻ ngân hàng,Đã giao
DH00886,KH01984,176,2025-04-30,3,12520307,37560921,Chuyển khoản,Đã hủy
DH00887,KH00722,42,2025-10-15,2,4888990,9777980,Thẻ ngân hàng,Đã hủy
DH00888,KH01773,138,2024-10-10,2,24036792,48073584,Ví điện tử,Đã hủy
DH00889,KH01848,337,2025-08-20,3,16155694,48467082,Ví điện tử,Đã hủy
DH00890,KH00408,429,2025-02-24,1,13157569,13157569,COD,Đã hủy
DH00891,KH01959,398,2024-06-26,1,4672398,4672398,Ví điện tử,Đã hủy
DH00892,KH00253,39,2024-07-26,1,5958851,5958851,COD,Đã hủy
DH00893,KH00426,35,2024-08-01,2,5481589,10963178,COD,Đang giao
DH00894,KH01484,461,2025-04-03,1,13898840,13898840,Ví điện tử,Đang giao
DH00895,KH01214,9,2024-01-09,3,2348573,7045719,Chuyển khoản,Đã hủy
DH00896,KH00672,94,2025-06-24,2,4892461,9784922,Thẻ ngân hàng,Đã giao
DH00897,KH01288,32,2024-10-31,1,16788448,16788448,COD,Đã hủy
DH00898,KH00685,23,2025-12-09,2,18730487,37460974,COD,Đang giao
DH00899,KH01397,168,2024-09-14,3,4959346,14878038,Chuyển khoản,Đang giao
DH00900,KH00149,21,2024-12-24,3,20692785,62078355,Chuyển khoản,Đang giao
DH00901,KH01137,484,2024-02-04,2,9546339,19092678,Thẻ ngân hàng,Đang giao
DH00902,KH00102,468,2024-05-09,2,21281263,42562526,Thẻ ngân hàng,Đang giao
DH00903,KH01892,56,2025-12-25,2,3656281,7312562,COD,Đã giao
DH00904,KH00033,66,2024-01-01,2,9292701,18585402,COD,Đang giao
DH00905,KH01302,443,2024-05-16,2,15873432,31746864,COD,Đã hủy
DH00906,KH00788,146,2024-04-18,1,19268450,19268450,COD,Đã hủy
DH00907,KH01660,349,2024-07-28,1,19870600,19870600,Ví điện tử,Đang giao
DH00908,KH01875,195,2025-03-10,1,2797518,2797518,Thẻ ngân hàng,Đang giao
DH00909,KH01821,140,2024-08-30,2,13589526,27179052,COD,Đã giao
DH00910,KH01843,76,2025-11-12,1,25092737,25092737,Ví điện tử,Đã hủy
DH00911,KH01890,119,2024-09-13,2,13510580,27021160,COD,Đang giao
DH00912,KH01758,492,2024-09-01,2,8668431,17336862,Chuyển khoản,Đã hủy
DH00913,KH01810,247,2024-06-05,3,14840560,44521680,COD,Đang giao
DH00914,KH00623,59,2024-08-05,2,11020945,22041890,Ví điện tử,Đã hủy
DH00915,KH00037,430,2025-05-28,1,11677101,11677101,Thẻ ngân hàng,Đã giao
DH00916,KH00006,292,2024-07-14,3,15283078,45849234,COD,Đã hủy
DH00917,KH01671,161,2024-02-10,2,5421161,10842322,Ví điện tử,Đã giao
DH00918,KH01829,402,2024-10-31,1,14448552,14448552,COD,Đang giao
DH00919,KH00958,27,2025-11-09,1,12159304,12159304,Thẻ ngân hàng,Đang giao
DH00920,KH00178,463,2024-05-21,3,14123822,42371466,Thẻ ngân hàng,Đã hủy
DH00921,KH00663,342,2025-08-05,3,3872319,11616957,Chuyển khoản,Đã hủy
DH00922,KH00065,232,2024-07-21,1,17350864,17350864,COD,Đã giao
DH00923,KH01083,91,2024-04-04,2,20666588,41333176,Ví điện tử,Đã hủy
DH00924,KH01178,348,2024-09-28,2,16075438,32150876,Thẻ ngân hàng,Đã giao
DH00925,KH01563,414,2024-10-24,1,8838663,8838663,Ví điện tử,Đang giao
DH00926,KH00151,176,2025-04-11,3,12520307,37560921,Thẻ ngân hàng,Đã hủy
DH00927,KH01239,64,2025-12-06,2,9718506,19437012,Thẻ ngân hàng,Đã giao
DH00928,KH01449,379,2024-01-04,3,11024419,33073257,Chuyển khoản,Đã hủy
DH00929,KH01786,213,2024-10-21,2,9135747,18271494,Thẻ ngân hàng,Đã hủy
DH00930,KH01051,499,2024-05-17,1,11225264,11225264,Ví điện tử,Đã giao
DH00931,KH00183,116,2024-05-31,3,17991157,53973471,Ví điện tử,Đã hủy
DH00932,KH00363,116,2025-09-21,3,17991157,53973471,COD,Đã hủy
DH00933,KH01732,471,2024-09-05,1,25755884,25755884,Ví điện tử,Đang giao
DH00934,KH01761,184,2025-04-01,3,17356432,52069296,Chuyển khoản,Đã hủy
DH00935,KH01559,439,2024-06-01,1,11444083,11444083,Ví điện tử,Đã giao
DH00936,KH01102,146,2025-10-12,3,19268450,57805350,Ví điện tử,Đã giao
DH00937,KH00600,381,2025-01-11,2,3635754,7271508,Ví điện tử,Đã giao
DH00938,KH01833,404,2025-02-15,1,24793579,24793579,Ví điện tử,Đã giao
DH00939,KH01249,19,2024-06-29,3,6165758,18497274,Thẻ ngân hàng,Đã hủy
DH00940,KH00784,237,2024-11-22,3,5969756,17909268,Ví điện tử,Đã giao
DH00941,KH01237,480,2024-01-05,3,9066937,27200811,Ví điện tử,Đã hủy
DH00942,KH00495,356,2024-03-28,2,23139278,46278556,Ví điện tử,Đang giao
DH00943,KH00486,330,2024-04-19,2,21871930,43743860,Chuyển khoản,Đã giao
DH00944,KH00439,429,2025-02-05,2,13157569,26315138,Thẻ ngân hàng,Đã giao
DH00945,KH00572,435,2024-07-05,1,4349985,4349985,Thẻ ngân hàng,Đã hủy
DH00946,KH00935,70,2024-07-05,2,24683647,49367294,COD,Đã giao
DH00947,KH01087,426,2024-06-25,2,22978827,45957654,Thẻ ngân hàng,Đã giao
DH00948,KH00168,450,2025-10-15,1,19208894,19208894,Ví điện tử,Đã hủy
DH00949,KH01310,366,2025-08-13,2,7038014,14076028,Chuyển khoản,Đang giao
DH00950,KH01628,29,2025-07-29,1,8608366,8608366,Thẻ ngân hàng,Đã giao
DH00951,KH01765,136,2024-10-13,1,13200645,13200645,Chuyển khoản,Đã hủy
DH00952,KH00686,194,2024-10-03,2,10519150,21038300,COD,Đang giao
DH00953,KH00205,142,2024-05-04,2,23627613,47255226,Chuyển khoản,Đang giao
DH00954,KH01663,27,2025-09-01,3,12159304,36477912,Chuyển khoản,Đã hủy
DH00955,KH01177,417,2024-02-27,2,1927702,3855404,Chuyển khoản,Đã hủy
DH00956,KH01305,65,2024-02-01,2,20123002,40246004,Thẻ ngân hàng,Đã hủy
DH00957,KH00827,361,2024-05-06,3,2131412,6394236,Chuyển khoản,Đang giao
DH00958,KH00502,380,2025-11-07,1,7759711,7759711,COD,Đã giao
DH00959,KH01786,218,2025-09-28,2,7876105,15752210,Thẻ ngân hàng,Đang giao
DH00960,KH01493,212,2024-12-22,3,9801647,29404941,Ví điện tử,Đang giao
DH00961,KH01103,154,2025-05-10,3,5917692,17753076,COD,Đang giao
DH00962,KH00173,321,2025-02-09,2,9556944,19113888,COD,Đã giao
DH00963,KH01616,327,2024-08-24,3,6561107,19683321,Ví điện tử,Đã giao
DH00964,KH00973,372,2025-04-14,1,11933021,11933021,Chuyển khoản,Đã giao
DH00965,KH01311,422,2025-01-30,2,12003004,24006008,Chuyển khoản,Đã hủy
DH00966,KH00641,333,2024-11-15,2,4723884,9447768,Chuyển khoản,Đã hủy
DH00967,KH00250,302,2025-09-18,1,1904905,1904905,Ví điện tử,Đã giao
DH00968,KH00162,101,2024-10-13,2,4709001,9418002,Ví điện tử,Đã hủy
DH00969,KH00908,176,2024-10-30,1,12520307,12520307,Thẻ ngân hàng,Đã giao
DH00970,KH01887,500,2025-09-26,2,12716509,25433018,COD,Đã hủy
DH00971,KH01500,284,2024-06-20,1,7510427,7510427,COD,Đã hủy
DH00972,KH00037,176,2025-05-31,1,12520307,12520307,Thẻ ngân hàng,Đã giao
DH00973,KH00736,471,2024-09-13,1,25755884,25755884,COD,Đang giao
DH00974,KH01450,107,2025-12-26,2,15707585,31415170,COD,Đang giao
DH00975,KH00024,170,2025-11-14,3,18830250,56490750,Ví điện tử,Đang giao
DH00976,KH01716,219,2025-10-05,1,20274689,20274689,Chuyển khoản,Đang giao
DH00977,KH01338,454,2025-05-25,2,24379043,48758086,Ví điện tử,Đã giao
DH00978,KH01599,321,2024-12-30,3,9556944,28670832,Chuyển khoản,Đã hủy
DH00979,KH00563,81,2024-08-22,3,11760834,35282502,Ví điện tử,Đang giao
DH00980,KH01251,338,2024-02-04,3,11491142,34473426,COD,Đang giao
DH00981,KH00050,63,2024-08-10,3,25365618,76096854,Chuyển khoản,Đã giao
DH00982,KH00651,257,2025-08-03,2,22709217,45418434,COD,Đã giao
DH00983,KH00242,26,2025-09-26,1,23522794,23522794,Chuyển khoản,Đã hủy
DH00984,KH00216,141,2024-04-03,2,22227393,44454786,Chuyển khoản,Đã giao
DH00985,KH00667,91,2025-04-14,2,20666588,41333176,Ví điện tử,Đã giao
DH00986,KH01465,6,2025-11-08,3,15618829,46856487,COD,Đã giao
DH00987,KH01199,348,2025-02-27,1,16075438,16075438,Chuyển khoản,Đang giao
DH00988,KH01640,404,2025-12-05,1,24793579,24793579,Chuyển khoản,Đã hủy
DH00989,KH00150,331,2024-07-14,1,16419785,16419785,Ví điện tử,Đã hủy
DH00990,KH00972,325,2025-12-24,3,16561482,49684446,COD,Đang giao
DH00991,KH00699,460,2025-11-25,2,15973168,31946336,COD,Đã hủy
DH00992,KH00954,120,2025-06-21,2,23629104,47258208,COD,Đã giao
DH00993,KH00409,139,2024-08-18,2,8176702,16353404,Thẻ ngân hàng,Đã giao
DH00994,KH01023,129,2025-06-30,1,7748973,7748973,Ví điện tử,Đã hủy
DH00995,KH00798,6,2025-06-02,3,15618829,46856487,Chuyển khoản,Đã hủy
DH00996,KH00496,366,2025-10-26,1,7038014,7038014,Thẻ ngân hàng,Đã giao
DH00997,KH00036,1,2024-01-26,1,5597326,5597326,Ví điện tử,Đang giao
DH00998,KH00947,24,2025-02-19,1,1688485,1688485,Chuyển khoản,Đã giao
DH00999,KH00035,186,2025-08-21,1,11833611,11833611,Ví điện tử,Đã hủy
DH01000,KH00471,467,2025-10-17,3,6408461,19225383,COD,Đã hủy
DH01001,KH01757,403,2024-07-07,2,10108987,20217974,Thẻ ngân hàng,Đã hủy
DH01002,KH01536,76,2024-02-29,2,25092737,50185474,Chuyển khoản,Đã giao
DH01003,KH00352,422,2024-07-12,1,12003004,12003004,COD,Đang giao
DH01004,KH00748,219,2025-03-17,3,20274689,60824067,Ví điện tử,Đang giao
DH01005,KH01559,220,2024-03-08,2,21154109,42308218,Ví điện tử,Đang giao
DH01006,KH00018,48,2025-05-27,2,10369706,20739412,Ví điện tử,Đã giao
DH01007,KH01758,225,2024-01-20,1,17350639,17350639,Ví điện tử,Đã giao
DH01008,KH00220,58,2024-07-30,3,4846247,14538741,Thẻ ngân hàng,Đang giao
DH01009,KH00253,38,2025-04-03,3,25625870,76877610,COD,Đã giao
DH01010,KH00440,404,2025-01-20,1,24793579,24793579,Chuyển khoản,Đã giao
DH01011,KH00718,76,2024-02-11,2,25092737,50185474,Thẻ ngân hàng,Đã hủy
DH01012,KH00311,130,2025-12-25,1,8364943,8364943,Thẻ ngân hàng,Đã hủy
DH01013,KH00392,349,2025-08-23,3,19870600,59611800,Thẻ ngân hàng,Đang giao
DH01014,KH00764,383,2024-01-20,3,21556385,64669155,Chuyển khoản,Đã giao
DH01015,KH01955,408,2025-11-08,1,17462807,17462807,Ví điện tử,Đã giao
DH01016,KH00438,65,2025-08-01,1,20123002,20123002,Chuyển khoản,Đang giao
DH01017,KH00001,373,2024-09-25,1,17596085,17596085,COD,Đã giao
DH01018,KH00817,309,2025-05-21,2,16160657,32321314,COD,Đã giao
DH01019,KH00788,293,2024-04-16,3,5223702,15671106,COD,Đã giao
DH01020,KH01335,279,2024-02-11,3,22313060,66939180,Ví điện tử,Đã hủy
DH01021,KH00224,285,2025-01-25,3,6209359,18628077,Ví điện tử,Đang giao
DH01022,KH01536,437,2024-09-24,3,20884762,62654286,COD,Đã giao
DH01023,KH01136,475,2025-10-11,3,23514632,70543896,COD,Đã giao
DH01024,KH00633,180,2024-10-08,3,5187803,15563409,Chuyển khoản,Đã hủy
DH01025,KH00576,159,2025-01-07,2,18319776,36639552,COD,Đã giao
DH01026,KH00428,444,2024-06-20,2,24721344,49442688,COD,Đã hủy
DH01027,KH00138,223,2024-01-01,1,2575778,2575778,COD,Đã hủy
DH01028,KH01177,403,2025-06-19,3,10108987,30326961,COD,Đã hủy
DH01029,KH01459,56,2025-09-06,2,3656281,7312562,Ví điện tử,Đã hủy
DH01030,KH01132,269,2025-12-06,1,13567100,13567100,Chuyển khoản,Đã giao
DH01031,KH00539,433,2025-08-29,3,2223429,6670287,Thẻ ngân hàng,Đang giao
DH01032,KH00095,405,2025-09-12,1,6786774,6786774,Ví điện tử,Đã hủy
DH01033,KH00807,244,2024-07-23,3,16782990,50348970,Ví điện tử,Đang giao
DH01034,KH01080,274,2024-08-01,2,8049917,16099834,Ví điện tử,Đã giao
DH01035,KH01505,228,2024-06-14,2,9625566,19251132,Ví điện tử,Đang giao
DH01036,KH00330,163,2024-01-01,3,5148746,15446238,Thẻ ngân hàng,Đã giao
DH01037,KH00207,103,2024-10-22,3,17996106,53988318,Chuyển khoản,Đã hủy
DH01038,KH00661,380,2024-01-21,3,7759711,23279133,Chuyển khoản,Đã giao
DH01039,KH01439,3,2025-03-23,1,23951194,23951194,Chuyển khoản,Đang giao
DH01040,KH01388,240,2025-10-08,3,23483447,70450341,Ví điện tử,Đang giao
DH01041,KH00612,130,2025-04-04,3,8364943,25094829,Chuyển khoản,Đã giao
DH01042,KH01471,156,2024-10-14,1,23900042,23900042,Chuyển khoản,Đã hủy
DH01043,KH00339,200,2024-03-07,3,25326262,75978786,Thẻ ngân hàng,Đã hủy
DH01044,KH01295,412,2024-01-12,1,5966347,5966347,Thẻ ngân hàng,Đã giao
DH01045,KH00068,38,2024-07-30,3,25625870,76877610,Thẻ ngân hàng,Đã giao
DH01046,KH01009,317,2025-04-02,2,3451035,6902070,Ví điện tử,Đã giao
DH01047,KH01544,463,2024-04-21,2,14123822,28247644,Thẻ ngân hàng,Đang giao
DH01048,KH00128,304,2024-11-18,3,24317139,72951417,Thẻ ngân hàng,Đã hủy
DH01049,KH00595,203,2024-09-06,2,2141244,4282488,COD,Đang giao
DH01050,KH00067,433,2024-05-04,1,2223429,2223429,Thẻ ngân hàng,Đang giao
DH01051,KH01303,76,2025-05-29,1,25092737,25092737,Ví điện tử,Đã hủy
DH01052,KH00360,216,2025-06-29,2,13741880,27483760,COD,Đã giao
DH01053,KH01270,82,2024-01-25,1,6348395,6348395,COD,Đang giao
DH01054,KH00925,71,2025-11-17,3,20920065,62760195,Ví điện tử,Đã hủy
DH01055,KH00633,79,2025-08-30,3,5712887,17138661,COD,Đang giao
DH01056,KH01369,200,2025-03-17,2,25326262,50652524,Chuyển khoản,Đã giao
DH01057,KH01578,421,2024-07-04,2,22589235,45178470,COD,Đã hủy
DH01058,KH00771,460,2025-09-21,3,15973168,47919504,Ví điện tử,Đã giao
DH01059,KH01812,373,2024-05-29,1,17596085,17596085,COD,Đang giao
DH01060,KH01330,226,2025-05-07,2,24912858,49825716,Thẻ ngân hàng,Đã giao
DH01061,KH01409,225,2024-02-25,3,17350639,52051917,Ví điện tử,Đã hủy
DH01062,KH00215,234,2025-07-04,1,12378563,12378563,Thẻ ngân hàng,Đang giao
DH01063,KH01838,351,2024-12-26,1,13618008,13618008,Thẻ ngân hàng,Đã hủy
DH01064,KH01245,483,2024-07-02,1,9287345,9287345,Thẻ ngân hàng,Đã giao
DH01065,KH00731,497,2025-01-12,3,20532926,61598778,COD,Đã giao
DH01066,KH00493,125,2025-08-02,3,13225929,39677787,Thẻ ngân hàng,Đang giao
DH01067,KH00826,222,2024-07-21,1,24480557,24480557,Ví điện tử,Đang giao
DH01068,KH00476,193,2025-02-07,3,12107524,36322572,Chuyển khoản,Đã hủy
DH01069,KH01593,111,2024-09-20,2,5190528,10381056,Ví điện tử,Đã giao
DH01070,KH01767,62,2024-06-24,1,17040933,17040933,COD,Đã hủy
DH01071,KH01435,78,2025-07-18,3,10074989,30224967,Thẻ ngân hàng,Đã hủy
DH01072,KH00692,243,2024-08-02,1,9384883,9384883,Ví điện tử,Đang giao
DH01073,KH01878,442,2025-05-29,3,14674667,44024001,Thẻ ngân hàng,Đã hủy
DH01074,KH01208,489,2025-07-16,1,23457899,23457899,Ví điện tử,Đã giao
DH01075,KH01611,418,2024-07-18,3,6732468,20197404,COD,Đang giao
DH01076,KH01951,261,2024-12-27,3,8666850,26000550,Thẻ ngân hàng,Đã hủy
DH01077,KH01474,219,2025-03-02,2,20274689,40549378,COD,Đã hủy
DH01078,KH00315,407,2025-05-18,3,22242654,66727962,Ví điện tử,Đã hủy
DH01079,KH00556,427,2024-08-26,3,12881666,38644998,COD,Đã giao
DH01080,KH00626,444,2024-10-10,2,24721344,49442688,Thẻ ngân hàng,Đã hủy
DH01081,KH01744,243,2025-05-20,2,9384883,18769766,Thẻ ngân hàng,Đang giao
DH01082,KH01621,394,2025-10-20,3,14325309,42975927,Ví điện tử,Đã giao
DH01083,KH01292,33,2025-04-12,2,16395207,32790414,COD,Đã hủy
DH01084,KH01327,434,2025-03-29,3,20511341,61534023,COD,Đã hủy
DH01085,KH01411,332,2024-12-18,1,16273428,16273428,Ví điện tử,Đã giao
DH01086,KH00960,468,2025-11-12,1,21281263,21281263,Thẻ ngân hàng,Đã hủy
DH01087,KH01050,377,2025-03-15,1,12231914,12231914,Chuyển khoản,Đang giao
DH01088,KH00724,476,2024-02-17,2,5610573,11221146,Chuyển khoản,Đang giao
DH01089,KH01942,440,2024-12-26,1,21263667,21263667,Chuyển khoản,Đã hủy
DH01090,KH01666,468,2025-10-20,3,21281263,63843789,Ví điện tử,Đã hủy
DH01091,KH01495,343,2025-08-28,3,17874359,53623077,Chuyển khoản,Đã hủy
DH01092,KH00372,284,2025-02-02,1,7510427,7510427,Thẻ ngân hàng,Đã giao
DH01093,KH00497,252,2025-10-03,3,18216160,54648480,COD,Đã giao
DH01094,KH01078,379,2024-05-01,3,11024419,33073257,Chuyển khoản,Đang giao
DH01095,KH01523,118,2025-04-17,3,6945092,20835276,Thẻ ngân hàng,Đang giao
DH01096,KH01258,420,2025-02-16,3,7580608,22741824,Ví điện tử,Đã giao
DH01097,KH00859,470,2024-01-27,2,2362889,4725778,COD,Đã hủy
DH01098,KH00047,104,2025-07-16,3,21205978,63617934,Ví điện tử,Đã hủy
DH01099,KH01261,322,2024-08-22,3,4789634,14368902,Ví điện tử,Đang giao
DH01100,KH00509,473,2024-02-15,1,8143318,8143318,Thẻ ngân hàng,Đã giao
DH01101,KH01095,370,2025-01-07,3,16487087,49461261,Thẻ ngân hàng,Đã giao
DH01102,KH00637,264,2025-03-21,2,7333700,14667400,Thẻ ngân hàng,Đã hủy
DH01103,KH00243,455,2025-05-27,3,2445683,7337049,Chuyển khoản,Đang giao
DH01104,KH01157,179,2024-06-19,1,23021297,23021297,Chuyển khoản,Đã giao
DH01105,KH01309,281,2025-11-04,2,6520993,13041986,COD,Đã giao
DH01106,KH00307,274,2025-02-04,2,8049917,16099834,COD,Đã hủy
DH01107,KH01379,465,2025-08-04,2,24131257,48262514,COD,Đã giao
DH01108,KH01617,378,2025-01-08,1,5459248,5459248,Chuyển khoản,Đã giao
DH01109,KH00251,490,2024-02-21,2,24697745,49395490,Chuyển khoản,Đang giao
DH01110,KH00588,467,2024-05-28,2,6408461,12816922,Chuyển khoản,Đã hủy
DH01111,KH00370,228,2025-09-29,1,9625566,9625566,Chuyển khoản,Đã hủy
DH01112,KH01948,498,2024-03-05,3,19498927,58496781,Thẻ ngân hàng,Đang giao
DH01113,KH00167,40,2024-02-21,2,13768783,27537566,COD,Đã hủy
DH01114,KH01625,427,2025-01-29,2,12881666,25763332,Thẻ ngân hàng,Đang giao
DH01115,KH00890,139,2025-02-17,3,8176702,24530106,COD,Đang giao
DH01116,KH00568,170,2024-08-12,3,18830250,56490750,Ví điện tử,Đã giao
DH01117,KH00220,419,2025-03-04,1,14450529,14450529,Thẻ ngân hàng,Đã giao
DH01118,KH00019,263,2024-05-06,3,5779215,17337645,Ví điện tử,Đã hủy
DH01119,KH00153,171,2025-10-26,2,16022163,32044326,Thẻ ngân hàng,Đã giao
DH01120,KH00538,153,2024-11-21,1,9382132,9382132,Ví điện tử,Đang giao
DH01121,KH01248,206,2024-05-25,2,9160201,18320402,Ví điện tử,Đã giao
DH01122,KH00045,350,2024-10-07,3,12090591,36271773,COD,Đang giao
DH01123,KH01042,5,2025-08-14,2,6035905,12071810,Ví điện tử,Đang giao
DH01124,KH00208,100,2025-09-09,2,3300603,6601206,Chuyển khoản,Đang giao
DH01125,KH00528,364,2025-11-16,2,14254399,28508798,Thẻ ngân hàng,Đã hủy
DH01126,KH00169,274,2025-05-09,2,8049917,16099834,COD,Đã hủy
DH01127,KH00514,174,2024-12-28,3,24577473,73732419,COD,Đang giao
DH01128,KH00117,406,2024-12-04,1,1821869,1821869,Thẻ ngân hàng,Đang giao
DH01129,KH00818,39,2025-05-17,3,5958851,17876553,Chuyển khoản,Đang giao
DH01130,KH01229,453,2025-09-26,1,24897288,24897288,Thẻ ngân hàng,Đang giao
DH01131,KH00054,13,2025-06-03,1,24933847,24933847,COD,Đã hủy
DH01132,KH01374,335,2024-06-25,2,6359823,12719646,Thẻ ngân hàng,Đã hủy
DH01133,KH01524,200,2024-04-05,1,25326262,25326262,Chuyển khoản,Đã hủy
DH01134,KH01033,58,2025-05-19,1,4846247,4846247,Thẻ ngân hàng,Đã hủy
DH01135,KH00255,121,2024-03-26,1,22194333,22194333,COD,Đã hủy
DH01136,KH00084,12,2025-12-07,2,11992784,23985568,Ví điện tử,Đã giao
DH01137,KH01844,51,2024-03-31,1,18354531,18354531,Chuyển khoản,Đã hủy
DH01138,KH00456,205,2025-06-11,3,11351137,34053411,Thẻ ngân hàng,Đang giao
DH01139,KH00455,365,2025-06-28,2,15480351,30960702,Thẻ ngân hàng,Đã hủy
DH01140,KH01119,375,2024-02-19,3,22543381,67630143,Thẻ ngân hàng,Đã hủy
DH01141,KH00702,392,2025-12-29,3,2439684,7319052,Thẻ ngân hàng,Đã hủy
DH01142,KH00042,184,2025-06-11,3,17356432,52069296,COD,Đã giao
DH01143,KH00992,13,2024-04-04,2,24933847,49867694,COD,Đang giao
DH01144,KH01620,378,2024-07-31,2,5459248,10918496,Thẻ ngân hàng,Đã hủy
DH01145,KH00923,421,2024-08-29,2,22589235,45178470,COD,Đã giao
DH01146,KH01093,92,2024-09-30,2,11092983,22185966,Thẻ ngân hàng,Đã giao
DH01147,KH00429,186,2025-10-25,1,11833611,11833611,Ví điện tử,Đã hủy
DH01148,KH00104,38,2025-09-23,2,25625870,51251740,Ví điện tử,Đang giao
DH01149,KH00262,350,2024-07-31,1,12090591,12090591,Thẻ ngân hàng,Đang giao
DH01150,KH01240,471,2025-02-26,2,25755884,51511768,Thẻ ngân hàng,Đang giao
DH01151,KH00588,178,2024-09-14,2,25162917,50325834,Thẻ ngân hàng,Đã hủy
DH01152,KH00716,321,2025-05-15,2,9556944,19113888,Chuyển khoản,Đã hủy
DH01153,KH01812,253,2025-02-05,2,9232276,18464552,Thẻ ngân hàng,Đang giao
DH01154,KH01554,131,2024-12-19,1,2156224,2156224,Chuyển khoản,Đã hủy
DH01155,KH00865,31,2024-06-08,2,19561998,39123996,COD,Đã giao
DH01156,KH00316,352,2025-03-06,2,22014922,44029844,Ví điện tử,Đang giao
DH01157,KH01676,389,2025-08-19,2,2247745,4495490,Ví điện tử,Đã giao
DH01158,KH01824,87,2025-11-23,1,1388487,1388487,Ví điện tử,Đang giao
DH01159,KH01748,310,2024-06-05,1,10351478,10351478,Ví điện tử,Đang giao
DH01160,KH01826,458,2025-11-03,1,3104580,3104580,Chuyển khoản,Đang giao
DH01161,KH00665,175,2025-02-28,1,4766108,4766108,Ví điện tử,Đã hủy
DH01162,KH00322,343,2024-07-23,3,17874359,53623077,Chuyển khoản,Đang giao
DH01163,KH01155,319,2024-03-17,3,17175754,51527262,Chuyển khoản,Đã giao
DH01164,KH01624,480,2024-08-27,2,9066937,18133874,Chuyển khoản,Đã hủy
DH01165,KH00783,92,2025-08-27,1,11092983,11092983,Ví điện tử,Đang giao
DH01166,KH01321,395,2024-05-23,3,15941796,47825388,Ví điện tử,Đã giao
DH01167,KH01111,465,2025-08-30,3,24131257,72393771,Thẻ ngân hàng,Đã hủy
DH01168,KH00652,101,2024-07-01,1,4709001,4709001,Thẻ ngân hàng,Đã hủy
DH01169,KH00167,140,2024-12-30,3,13589526,40768578,Ví điện tử,Đang giao
DH01170,KH01231,455,2024-08-25,2,2445683,4891366,COD,Đã hủy
DH01171,KH00110,15,2024-08-03,3,21879885,65639655,Chuyển khoản,Đang giao
DH01172,KH01407,92,2025-02-24,1,11092983,11092983,Chuyển khoản,Đã hủy
DH01173,KH01671,336,2024-01-08,1,20788903,20788903,Ví điện tử,Đã giao
DH01174,KH01402,161,2024-04-21,1,5421161,5421161,COD,Đang giao
DH01175,KH00924,82,2025-04-22,3,6348395,19045185,Ví điện tử,Đã giao
DH01176,KH00447,298,2024-10-08,3,19424399,58273197,Thẻ ngân hàng,Đã giao
DH01177,KH00353,70,2025-05-09,3,24683647,74050941,Chuyển khoản,Đã giao
DH01178,KH00299,475,2025-08-31,1,23514632,23514632,Thẻ ngân hàng,Đã giao
DH01179,KH00163,398,2024-05-30,1,4672398,4672398,COD,Đang giao
DH01180,KH00564,260,2024-06-20,1,5169564,5169564,Chuyển khoản,Đang giao
DH01181,KH00307,386,2024-01-29,3,11489944,34469832,Chuyển khoản,Đã hủy
DH01182,KH01429,144,2024-04-06,2,6059706,12119412,Chuyển khoản,Đang giao
DH01183,KH00337,104,2024-11-19,3,21205978,63617934,COD,Đang giao
DH01184,KH00586,175,2024-01-09,1,4766108,4766108,Chuyển khoản,Đang giao
DH01185,KH01654,84,2025-01-29,3,5916601,17749803,Chuyển khoản,Đã giao
DH01186,KH01569,267,2024-10-23,2,20768736,41537472,COD,Đang giao
DH01187,KH00730,246,2024-12-01,3,4574511,13723533,Chuyển khoản,Đã hủy
DH01188,KH01872,436,2024-06-11,3,8088441,24265323,Thẻ ngân hàng,Đã giao
DH01189,KH01486,37,2024-01-09,3,24694673,74084019,Ví điện tử,Đã giao
DH01190,KH01945,294,2025-02-05,3,20611090,61833270,Chuyển khoản,Đã hủy
DH01191,KH00441,130,2025-12-22,2,8364943,16729886,Ví điện tử,Đã hủy
DH01192,KH00135,105,2025-04-03,2,9768220,19536440,Chuyển khoản,Đã hủy
DH01193,KH01811,256,2024-08-05,1,7503626,7503626,Ví điện tử,Đã giao
DH01194,KH00986,310,2024-05-24,2,10351478,20702956,Chuyển khoản,Đã hủy
DH01195,KH01960,376,2025-05-09,3,7479061,22437183,Chuyển khoản,Đã giao
DH01196,KH00204,209,2024-07-13,1,11044537,11044537,Thẻ ngân hàng,Đang giao
DH01197,KH00645,64,2025-10-09,2,9718506,19437012,Ví điện tử,Đã hủy
DH01198,KH01463,427,2025-12-02,1,12881666,12881666,Thẻ ngân hàng,Đang giao
DH01199,KH00888,79,2025-08-10,1,5712887,5712887,Ví điện tử,Đang giao
DH01200,KH00730,72,2025-12-20,2,11915298,23830596,Chuyển khoản,Đã hủy
DH01201,KH01413,15,2024-08-13,1,21879885,21879885,Ví điện tử,Đã hủy
DH01202,KH01849,180,2025-12-29,3,5187803,15563409,Ví điện tử,Đang giao
DH01203,KH00825,430,2025-03-25,2,11677101,23354202,Thẻ ngân hàng,Đã hủy
DH01204,KH00081,253,2024-10-17,1,9232276,9232276,COD,Đã hủy
DH01205,KH01319,154,2024-05-18,1,5917692,5917692,Chuyển khoản,Đã hủy
DH01206,KH01372,256,2025-01-14,2,7503626,15007252,Thẻ ngân hàng,Đang giao
DH01207,KH01648,156,2024-09-26,2,23900042,47800084,Thẻ ngân hàng,Đang giao
DH01208,KH01309,381,2024-06-21,2,3635754,7271508,Ví điện tử,Đang giao
DH01209,KH00777,357,2024-12-15,2,4857102,9714204,Thẻ ngân hàng,Đã hủy
DH01210,KH01321,380,2025-03-13,2,7759711,15519422,COD,Đang giao
DH01211,KH01525,244,2025-05-15,1,16782990,16782990,COD,Đã giao
DH01212,KH01651,348,2025-02-07,2,16075438,32150876,Ví điện tử,Đang giao
DH01213,KH01084,418,2025-03-23,2,6732468,13464936,COD,Đang giao
DH01214,KH00427,372,2024-04-05,2,11933021,23866042,COD,Đã giao
DH01215,KH01677,146,2025-03-27,2,19268450,38536900,Ví điện tử,Đang giao
DH01216,KH01762,300,2025-11-21,1,20713031,20713031,COD,Đã hủy
DH01217,KH01579,224,2025-07-14,3,17686916,53060748,Ví điện tử,Đang giao
DH01218,KH01520,76,2025-02-10,3,25092737,75278211,Ví điện tử,Đã giao
DH01219,KH00863,405,2024-09-26,1,6786774,6786774,Thẻ ngân hàng,Đã giao
DH01220,KH01528,483,2024-05-06,1,9287345,9287345,COD,Đã giao
DH01221,KH00062,494,2024-06-24,1,4606985,4606985,Chuyển khoản,Đã hủy
DH01222,KH00323,329,2024-12-14,2,13517918,27035836,Ví điện tử,Đang giao
DH01223,KH01969,423,2024-03-03,2,11205935,22411870,Ví điện tử,Đã hủy
DH01224,KH00554,283,2025-09-17,1,9498824,9498824,Chuyển khoản,Đang giao
DH01225,KH01891,238,2024-09-07,3,8768981,26306943,Chuyển khoản,Đã hủy
DH01226,KH00613,66,2025-09-24,2,9292701,18585402,Chuyển khoản,Đang giao
DH01227,KH00015,133,2024-04-18,1,25260384,25260384,Chuyển khoản,Đã hủy
DH01228,KH00221,9,2024-05-26,1,2348573,2348573,Ví điện tử,Đã giao
DH01229,KH01608,221,2024-04-09,3,18603561,55810683,Chuyển khoản,Đã giao
DH01230,KH00609,88,2025-10-19,3,15268123,45804369,Chuyển khoản,Đang giao
DH01231,KH01245,288,2024-11-24,2,11145011,22290022,COD,Đang giao
DH01232,KH00896,471,2025-06-08,2,25755884,51511768,Ví điện tử,Đã hủy
DH01233,KH01720,179,2024-03-14,2,23021297,46042594,Chuyển khoản,Đã hủy
DH01234,KH00785,411,2025-11-21,3,15292733,45878199,Chuyển khoản,Đang giao
DH01235,KH01143,469,2024-01-23,2,24833142,49666284,Thẻ ngân hàng,Đã giao
DH01236,KH01790,193,2025-05-22,2,12107524,24215048,Chuyển khoản,Đang giao
DH01237,KH00942,268,2025-04-08,3,20509489,61528467,Ví điện tử,Đã giao
DH01238,KH01783,492,2025-01-28,3,8668431,26005293,Ví điện tử,Đã giao
DH01239,KH01749,154,2024-12-16,3,5917692,17753076,COD,Đã giao
DH01240,KH00775,5,2025-03-20,3,6035905,18107715,Chuyển khoản,Đã giao
DH01241,KH00648,246,2025-12-22,2,4574511,9149022,COD,Đã hủy
DH01242,KH00310,457,2025-09-27,2,24221919,48443838,COD,Đã giao
DH01243,KH01426,133,2025-11-25,1,25260384,25260384,Thẻ ngân hàng,Đã giao
DH01244,KH01161,116,2025-07-12,3,17991157,53973471,Ví điện tử,Đã hủy
DH01245,KH01059,394,2024-03-31,1,14325309,14325309,Ví điện tử,Đã hủy
DH01246,KH00205,380,2024-08-11,1,7759711,7759711,Ví điện tử,Đã hủy
DH01247,KH00452,401,2024-05-05,1,3227628,3227628,Thẻ ngân hàng,Đã giao
DH01248,KH00256,311,2025-08-20,1,20701272,20701272,Ví điện tử,Đã hủy
DH01249,KH01580,59,2024-03-11,1,11020945,11020945,COD,Đã hủy
DH01250,KH01746,144,2025-12-24,3,6059706,18179118,COD,Đang giao
DH01251,KH00201,19,2024-07-31,3,6165758,18497274,Chuyển khoản,Đã giao
DH01252,KH00957,29,2025-11-21,2,8608366,17216732,COD,Đã giao
DH01253,KH00938,320,2025-07-15,1,13927009,13927009,Ví điện tử,Đang giao
DH01254,KH00927,62,2025-09-29,2,17040933,34081866,COD,Đã hủy
DH01255,KH00549,236,2024-05-18,2,25624479,51248958,Ví điện tử,Đang giao
DH01256,KH00993,380,2024-11-26,3,7759711,23279133,Ví điện tử,Đã hủy
DH01257,KH01037,434,2024-02-11,2,20511341,41022682,Chuyển khoản,Đã hủy
DH01258,KH00225,202,2024-03-06,3,10502987,31508961,Ví điện tử,Đang giao
DH01259,KH00667,450,2024-09-18,1,19208894,19208894,Chuyển khoản,Đã hủy
DH01260,KH00563,387,2025-04-11,2,3436274,6872548,Ví điện tử,Đã hủy
DH01261,KH00175,9,2024-08-26,2,2348573,4697146,Chuyển khoản,Đã hủy
DH01262,KH00360,440,2024-02-14,1,21263667,21263667,Chuyển khoản,Đã giao
DH01263,KH01954,275,2025-09-14,2,1991880,3983760,Ví điện tử,Đã hủy
DH01264,KH00735,384,2025-05-30,3,7946719,23840157,Ví điện tử,Đã hủy
DH01265,KH01239,204,2025-03-17,1,6098253,6098253,COD,Đã hủy
DH01266,KH01987,492,2025-08-25,3,8668431,26005293,COD,Đã giao
DH01267,KH00101,287,2025-07-07,2,10898911,21797822,Thẻ ngân hàng,Đã giao
DH01268,KH00845,88,2025-10-25,2,15268123,30536246,Chuyển khoản,Đang giao
DH01269,KH00026,215,2024-01-28,2,22688954,45377908,Chuyển khoản,Đang giao
DH01270,KH01572,175,2025-10-13,3,4766108,14298324,COD,Đã hủy
DH01271,KH01971,469,2025-10-22,2,24833142,49666284,Ví điện tử,Đã giao
DH01272,KH00716,158,2025-12-12,1,2814097,2814097,Chuyển khoản,Đã hủy
DH01273,KH00282,272,2024-10-30,2,15085613,30171226,COD,Đang giao
DH01274,KH01692,450,2025-04-03,1,19208894,19208894,Chuyển khoản,Đã hủy
DH01275,KH01634,335,2025-11-22,1,6359823,6359823,Thẻ ngân hàng,Đã hủy
DH01276,KH01371,209,2025-02-24,1,11044537,11044537,Thẻ ngân hàng,Đã giao
DH01277,KH01969,233,2025-03-27,2,5799781,11599562,Chuyển khoản,Đã hủy
DH01278,KH01496,116,2024-10-22,3,17991157,53973471,Ví điện tử,Đã giao
DH01279,KH00612,101,2024-09-17,1,4709001,4709001,Thẻ ngân hàng,Đang giao
DH01280,KH00421,267,2024-10-10,1,20768736,20768736,Ví điện tử,Đã hủy
DH01281,KH01268,330,2024-10-03,3,21871930,65615790,Chuyển khoản,Đã giao
DH01282,KH00057,500,2025-02-15,2,12716509,25433018,Chuyển khoản,Đã giao
DH01283,KH01300,347,2024-01-18,1,10484449,10484449,COD,Đã giao
DH01284,KH01162,232,2024-09-17,1,17350864,17350864,Chuyển khoản,Đã hủy
DH01285,KH01119,299,2025-04-14,2,10443833,20887666,Chuyển khoản,Đang giao
DH01286,KH00690,175,2024-06-23,3,4766108,14298324,Thẻ ngân hàng,Đang giao
DH01287,KH00943,445,2024-08-28,3,3753037,11259111,Ví điện tử,Đã hủy
DH01288,KH01897,454,2025-08-13,1,24379043,24379043,COD,Đã giao
DH01289,KH00335,250,2025-06-23,3,5901364,17704092,Chuyển khoản,Đang giao
DH01290,KH01949,165,2024-12-27,1,25319024,25319024,Ví điện tử,Đã giao
DH01291,KH01122,135,2024-07-21,2,18508141,37016282,Chuyển khoản,Đã hủy
DH01292,KH00171,67,2025-03-21,2,2603224,5206448,COD,Đang giao
DH01293,KH00394,170,2024-03-07,1,18830250,18830250,COD,Đang giao
DH01294,KH00948,431,2024-09-10,3,3483711,10451133,COD,Đã hủy
DH01295,KH00443,4,2025-08-27,2,2033327,4066654,COD,Đã giao
DH01296,KH00443,63,2024-05-03,3,25365618,76096854,Thẻ ngân hàng,Đã giao
DH01297,KH01792,362,2024-12-07,3,18686057,56058171,Thẻ ngân hàng,Đang giao
DH01298,KH00056,241,2025-03-26,3,14883376,44650128,Thẻ ngân hàng,Đang giao
DH01299,KH00203,56,2024-07-04,3,3656281,10968843,COD,Đã giao
DH01300,KH00179,391,2025-10-29,3,14598944,43796832,COD,Đang giao
DH01301,KH01060,362,2024-12-19,2,18686057,37372114,Chuyển khoản,Đã hủy
DH01302,KH00187,199,2025-02-28,2,15317157,30634314,Ví điện tử,Đã hủy
DH01303,KH00415,381,2024-06-27,1,3635754,3635754,Chuyển khoản,Đã giao
DH01304,KH00186,356,2024-06-26,1,23139278,23139278,COD,Đang giao
DH01305,KH01060,196,2025-01-10,1,9383000,9383000,Ví điện tử,Đã hủy
DH01306,KH00735,408,2024-01-22,1,17462807,17462807,Chuyển khoản,Đã giao
DH01307,KH00034,263,2024-07-10,3,5779215,17337645,Thẻ ngân hàng,Đang giao
DH01308,KH00860,105,2025-08-31,1,9768220,9768220,Chuyển khoản,Đã hủy
DH01309,KH00265,456,2024-12-19,3,1907183,5721549,Chuyển khoản,Đang giao
DH01310,KH00515,355,2024-06-11,1,19241391,19241391,COD,Đã giao
DH01311,KH01108,305,2025-03-13,2,19848099,39696198,Chuyển khoản,Đang giao
DH01312,KH00630,455,2024-10-24,3,2445683,7337049,Ví điện tử,Đã hủy
DH01313,KH01895,225,2025-11-30,1,17350639,17350639,Ví điện tử,Đang giao
DH01314,KH00323,471,2025-02-15,1,25755884,25755884,Thẻ ngân hàng,Đang giao
DH01315,KH01547,277,2025-03-22,3,20673499,62020497,Ví điện tử,Đang giao
DH01316,KH01085,187,2025-01-26,3,8866140,26598420,COD,Đã giao
DH01317,KH00484,165,2025-11-23,2,25319024,50638048,COD,Đang giao
DH01318,KH00958,187,2025-07-04,2,8866140,17732280,Thẻ ngân hàng,Đã giao
DH01319,KH00377,411,2024-05-02,2,15292733,30585466,Thẻ ngân hàng,Đã giao
DH01320,KH00816,421,2025-01-20,3,22589235,67767705,Thẻ ngân hàng,Đã hủy
DH01321,KH01904,154,2024-09-06,2,5917692,11835384,COD,Đã hủy
DH01322,KH00900,245,2024-08-05,3,11838005,35514015,COD,Đã hủy
DH01323,KH00151,313,2025-02-04,1,2770705,2770705,Thẻ ngân hàng,Đang giao
DH01324,KH00977,358,2024-04-24,2,8803419,17606838,COD,Đã hủy
DH01325,KH01032,38,2024-11-26,1,25625870,25625870,Thẻ ngân hàng,Đã hủy
DH01326,KH00845,163,2024-12-27,1,5148746,5148746,Thẻ ngân hàng,Đã giao
DH01327,KH00428,362,2024-06-07,3,18686057,56058171,Chuyển khoản,Đã giao
DH01328,KH01559,192,2024-10-15,3,10036440,30109320,Ví điện tử,Đang giao
DH01329,KH01387,110,2024-09-27,1,2655742,2655742,Ví điện tử,Đang giao
DH01330,KH00007,192,2024-10-03,3,10036440,30109320,Ví điện tử,Đã giao
DH01331,KH01957,463,2025-10-14,3,14123822,42371466,COD,Đã giao
DH01332,KH01190,143,2025-10-24,3,5091764,15275292,Chuyển khoản,Đang giao
DH01333,KH01250,259,2024-06-26,1,2352165,2352165,Ví điện tử,Đang giao
DH01334,KH00147,411,2025-06-01,1,15292733,15292733,Ví điện tử,Đang giao
DH01335,KH01797,232,2025-04-06,3,17350864,52052592,Thẻ ngân hàng,Đã hủy
DH01336,KH00478,289,2025-01-23,3,4921805,14765415,COD,Đã hủy
DH01337,KH00525,188,2024-12-16,3,2213985,6641955,Thẻ ngân hàng,Đang giao
DH01338,KH00867,350,2024-02-07,2,12090591,24181182,Ví điện tử,Đã hủy
DH01339,KH00748,368,2025-10-21,2,21192004,42384008,Ví điện tử,Đã giao
DH01340,KH00480,424,2025-12-25,3,19568438,58705314,COD,Đã hủy
DH01341,KH01026,134,2024-04-11,2,24009450,48018900,Chuyển khoản,Đã hủy
DH01342,KH00733,122,2024-04-03,3,18283116,54849348,Chuyển khoản,Đã hủy
DH01343,KH00827,270,2025-07-07,1,15138021,15138021,Thẻ ngân hàng,Đang giao
DH01344,KH00221,367,2024-05-14,1,21910738,21910738,Chuyển khoản,Đã hủy
DH01345,KH01473,11,2024-08-26,3,10235878,30707634,Ví điện tử,Đã hủy
DH01346,KH00781,98,2024-02-02,1,25849081,25849081,Chuyển khoản,Đã hủy
DH01347,KH00473,103,2024-09-09,3,17996106,53988318,Ví điện tử,Đã giao
DH01348,KH01079,149,2024-04-03,3,20816892,62450676,Thẻ ngân hàng,Đang giao
DH01349,KH01318,486,2025-08-24,3,14815928,44447784,Ví điện tử,Đã hủy
DH01350,KH01646,459,2024-02-07,1,21165935,21165935,Thẻ ngân hàng,Đang giao
DH01351,KH01761,158,2024-07-18,3,2814097,8442291,Ví điện tử,Đã giao
DH01352,KH00711,347,2025-01-04,3,10484449,31453347,Thẻ ngân hàng,Đã hủy
DH01353,KH01021,369,2024-01-09,2,10752264,21504528,Ví điện tử,Đã giao
DH01354,KH01120,57,2024-01-09,2,19310306,38620612,Thẻ ngân hàng,Đang giao
DH01355,KH00168,105,2025-12-19,2,9768220,19536440,Ví điện tử,Đã giao
DH01356,KH01882,378,2025-12-03,3,5459248,16377744,Chuyển khoản,Đã giao
DH01357,KH01178,407,2025-08-20,3,22242654,66727962,Thẻ ngân hàng,Đã hủy
DH01358,KH01540,278,2025-09-24,2,16871480,33742960,Chuyển khoản,Đã giao
DH01359,KH01503,139,2025-08-20,1,8176702,8176702,Chuyển khoản,Đã giao
DH01360,KH01858,50,2024-06-17,1,16126277,16126277,Ví điện tử,Đã giao
DH01361,KH01106,271,2025-09-13,3,8962577,26887731,Ví điện tử,Đang giao
DH01362,KH01820,244,2024-11-04,1,16782990,16782990,Chuyển khoản,Đã giao
DH01363,KH00965,168,2025-01-06,3,4959346,14878038,Chuyển khoản,Đã hủy
DH01364,KH01327,319,2024-01-24,3,17175754,51527262,Chuyển khoản,Đã hủy
DH01365,KH01702,40,2025-02-12,3,13768783,41306349,COD,Đã giao
DH01366,KH01799,294,2025-04-15,1,20611090,20611090,Ví điện tử,Đã giao
DH01367,KH01188,63,2025-08-24,3,25365618,76096854,COD,Đã giao
DH01368,KH00635,41,2024-08-31,2,23214519,46429038,Ví điện tử,Đang giao
DH01369,KH01961,227,2025-05-08,2,23575212,47150424,Chuyển khoản,Đã giao
DH01370,KH01735,46,2025-05-07,3,13724985,41174955,Thẻ ngân hàng,Đã giao
DH01371,KH00785,35,2024-02-02,1,5481589,5481589,Ví điện tử,Đã giao
DH01372,KH01583,15,2025-07-30,2,21879885,43759770,COD,Đang giao
DH01373,KH01862,112,2024-09-22,2,21786528,43573056,Chuyển khoản,Đang giao
DH01374,KH01716,70,2025-03-05,2,24683647,49367294,Chuyển khoản,Đã hủy
DH01375,KH00016,29,2024-01-06,2,8608366,17216732,COD,Đã hủy
DH01376,KH00710,138,2024-12-28,3,24036792,72110376,Ví điện tử,Đã giao
DH01377,KH01153,75,2025-07-05,1,1572912,1572912,Chuyển khoản,Đang giao
DH01378,KH01227,336,2025-05-24,3,20788903,62366709,Thẻ ngân hàng,Đã giao
DH01379,KH00627,344,2025-02-25,1,15192156,15192156,Ví điện tử,Đã hủy
DH01380,KH00041,260,2024-04-29,1,5169564,5169564,COD,Đã giao
DH01381,KH00381,430,2025-07-30,2,11677101,23354202,Ví điện tử,Đang giao
DH01382,KH00846,132,2025-12-24,2,16198314,32396628,COD,Đã hủy
DH01383,KH00480,417,2024-11-03,3,1927702,5783106,COD,Đã giao
DH01384,KH01225,492,2024-03-07,2,8668431,17336862,Ví điện tử,Đã giao
DH01385,KH01880,303,2025-12-20,3,19460829,58382487,Thẻ ngân hàng,Đã giao
DH01386,KH01717,388,2024-11-10,2,12500788,25001576,COD,Đang giao
DH01387,KH01919,66,2024-07-26,3,9292701,27878103,Thẻ ngân hàng,Đã giao
DH01388,KH00735,495,2024-06-22,1,24537951,24537951,Ví điện tử,Đã hủy
DH01389,KH01467,275,2024-06-04,3,1991880,5975640,Chuyển khoản,Đã hủy
DH01390,KH00085,303,2025-01-27,2,19460829,38921658,COD,Đã giao
DH01391,KH01729,61,2024-03-14,1,11543600,11543600,COD,Đã hủy
DH01392,KH01284,144,2024-05-19,2,6059706,12119412,Chuyển khoản,Đã giao
DH01393,KH01713,224,2025-09-03,1,17686916,17686916,COD,Đang giao
DH01394,KH00749,322,2024-06-12,1,4789634,4789634,Thẻ ngân hàng,Đã hủy
DH01395,KH00790,353,2024-08-03,3,17335247,52005741,Thẻ ngân hàng,Đang giao
DH01396,KH01285,297,2025-09-02,2,3729757,7459514,Chuyển khoản,Đang giao
DH01397,KH00323,273,2025-05-16,3,13267090,39801270,Thẻ ngân hàng,Đang giao
DH01398,KH01097,391,2024-02-27,2,14598944,29197888,Thẻ ngân hàng,Đã giao
DH01399,KH01130,21,2024-07-27,3,20692785,62078355,COD,Đã giao
DH01400,KH00222,419,2024-08-07,1,14450529,14450529,Ví điện tử,Đã hủy
DH01401,KH00631,248,2025-04-11,1,22980553,22980553,Chuyển khoản,Đã giao
DH01402,KH00544,417,2024-01-23,2,1927702,3855404,Ví điện tử,Đã hủy
DH01403,KH00448,419,2024-01-07,3,14450529,43351587,Chuyển khoản,Đã hủy
DH01404,KH00299,67,2024-08-13,2,2603224,5206448,COD,Đã hủy
DH01405,KH00309,324,2024-03-28,2,5235456,10470912,Chuyển khoản,Đã giao
DH01406,KH01082,463,2024-08-10,2,14123822,28247644,Ví điện tử,Đã giao
DH01407,KH00405,463,2024-01-11,1,14123822,14123822,Ví điện tử,Đã hủy
DH01408,KH00119,146,2024-03-26,3,19268450,57805350,Ví điện tử,Đã hủy
DH01409,KH01052,393,2024-04-23,1,15902198,15902198,COD,Đã hủy
DH01410,KH00168,430,2024-10-13,2,11677101,23354202,Thẻ ngân hàng,Đã hủy
DH01411,KH00781,377,2024-01-27,2,12231914,24463828,Chuyển khoản,Đã giao
DH01412,KH00591,296,2025-07-08,1,7282780,7282780,COD,Đang giao
DH01413,KH00924,23,2025-09-08,1,18730487,18730487,Chuyển khoản,Đang giao
DH01414,KH01922,389,2025-06-22,2,2247745,4495490,Thẻ ngân hàng,Đã giao
DH01415,KH00718,265,2025-06-28,3,18875655,56626965,COD,Đã hủy
DH01416,KH01951,207,2025-06-08,2,11794425,23588850,COD,Đã hủy
DH01417,KH01557,464,2025-06-23,1,10451249,10451249,Thẻ ngân hàng,Đã giao
DH01418,KH00728,276,2025-11-18,1,11889649,11889649,Chuyển khoản,Đã giao
DH01419,KH01991,252,2025-06-04,3,18216160,54648480,Ví điện tử,Đang giao
DH01420,KH01118,490,2025-09-22,2,24697745,49395490,Ví điện tử,Đang giao
DH01421,KH01811,473,2025-11-23,1,8143318,8143318,COD,Đã giao
DH01422,KH01091,492,2024-03-12,2,8668431,17336862,Chuyển khoản,Đang giao
DH01423,KH01102,430,2025-07-10,1,11677101,11677101,Chuyển khoản,Đã giao
DH01424,KH00103,29,2025-01-28,2,8608366,17216732,COD,Đang giao
DH01425,KH01508,324,2025-06-11,1,5235456,5235456,Chuyển khoản,Đã hủy
DH01426,KH01135,240,2025-05-19,3,23483447,70450341,Ví điện tử,Đã giao
DH01427,KH01403,141,2025-05-29,2,22227393,44454786,COD,Đã hủy
DH01428,KH00298,390,2024-06-08,2,7428418,14856836,Thẻ ngân hàng,Đang giao
DH01429,KH00765,140,2025-03-05,3,13589526,40768578,Chuyển khoản,Đã giao
DH01430,KH01529,302,2025-09-08,2,1904905,3809810,Thẻ ngân hàng,Đã giao
DH01431,KH00399,390,2025-04-29,3,7428418,22285254,Ví điện tử,Đang giao
DH01432,KH01650,471,2024-01-06,1,25755884,25755884,Chuyển khoản,Đã hủy
DH01433,KH01978,418,2025-01-18,1,6732468,6732468,COD,Đã giao
DH01434,KH01386,151,2024-08-26,3,14524360,43573080,Chuyển khoản,Đã hủy
DH01435,KH00420,186,2024-02-12,2,11833611,23667222,Chuyển khoản,Đã hủy
DH01436,KH01668,44,2025-06-03,3,12890144,38670432,Thẻ ngân hàng,Đang giao
DH01437,KH01208,109,2024-10-04,3,8310763,24932289,Chuyển khoản,Đã hủy
DH01438,KH01224,51,2025-03-12,3,18354531,55063593,Thẻ ngân hàng,Đã hủy
DH01439,KH00575,336,2024-06-09,1,20788903,20788903,COD,Đang giao
DH01440,KH00846,381,2024-09-05,2,3635754,7271508,Thẻ ngân hàng,Đã giao
DH01441,KH00805,390,2025-03-15,3,7428418,22285254,Thẻ ngân hàng,Đã hủy
DH01442,KH00267,146,2024-06-19,1,19268450,19268450,Thẻ ngân hàng,Đang giao
DH01443,KH00588,163,2024-09-25,3,5148746,15446238,Thẻ ngân hàng,Đã giao
DH01444,KH00967,300,2024-08-14,1,20713031,20713031,COD,Đang giao
DH01445,KH01326,43,2024-08-25,2,14663576,29327152,Ví điện tử,Đang giao
DH01446,KH01070,262,2024-10-19,3,15404344,46213032,Chuyển khoản,Đã giao
DH01447,KH01683,239,2025-07-15,1,9904462,9904462,Ví điện tử,Đã hủy
DH01448,KH00050,335,2025-03-08,2,6359823,12719646,Thẻ ngân hàng,Đang giao
DH01449,KH01415,364,2024-04-01,1,14254399,14254399,Chuyển khoản,Đã hủy
DH01450,KH01141,117,2024-11-07,2,1822241,3644482,Thẻ ngân hàng,Đã hủy
DH01451,KH00531,436,2025-06-28,1,8088441,8088441,Chuyển khoản,Đang giao
DH01452,KH01569,367,2025-10-02,1,21910738,21910738,Chuyển khoản,Đã giao
DH01453,KH01602,150,2024-12-26,1,22175650,22175650,Thẻ ngân hàng,Đã hủy
DH01454,KH01723,319,2025-07-25,2,17175754,34351508,Thẻ ngân hàng,Đã hủy
DH01455,KH01273,207,2024-09-16,3,11794425,35383275,Chuyển khoản,Đã giao
DH01456,KH01585,268,2024-10-03,2,20509489,41018978,Chuyển khoản,Đã giao
DH01457,KH01005,463,2025-07-12,3,14123822,42371466,COD,Đang giao
DH01458,KH01348,458,2024-10-04,2,3104580,6209160,Chuyển khoản,Đã giao
DH01459,KH01565,318,2024-09-27,2,23570935,47141870,Ví điện tử,Đã hủy
DH01460,KH01610,482,2025-03-08,1,25397322,25397322,Thẻ ngân hàng,Đang giao
DH01461,KH01807,4,2025-02-16,3,2033327,6099981,Chuyển khoản,Đã giao
DH01462,KH00117,109,2025-03-20,1,8310763,8310763,Thẻ ngân hàng,Đã giao
DH01463,KH00442,40,2025-04-25,3,13768783,41306349,Chuyển khoản,Đã giao
DH01464,KH01618,75,2025-08-28,2,1572912,3145824,Thẻ ngân hàng,Đang giao
DH01465,KH01459,166,2025-02-04,3,17284447,51853341,Ví điện tử,Đang giao
DH01466,KH01402,323,2025-10-17,1,8114299,8114299,COD,Đã hủy
DH01467,KH01729,275,2024-11-25,3,1991880,5975640,Chuyển khoản,Đang giao
DH01468,KH00319,435,2025-03-06,1,4349985,4349985,Thẻ ngân hàng,Đang giao
DH01469,KH00004,51,2024-01-11,2,18354531,36709062,Ví điện tử,Đã giao
DH01470,KH00599,248,2025-05-30,1,22980553,22980553,Thẻ ngân hàng,Đang giao
DH01471,KH01214,266,2025-09-27,3,8991711,26975133,Thẻ ngân hàng,Đã hủy
DH01472,KH00107,268,2025-01-14,1,20509489,20509489,Chuyển khoản,Đã hủy
DH01473,KH00042,145,2025-12-21,2,13595803,27191606,Ví điện tử,Đang giao
DH01474,KH01632,66,2024-04-13,1,9292701,9292701,COD,Đã giao
DH01475,KH01521,109,2024-12-27,2,8310763,16621526,COD,Đang giao
DH01476,KH01677,177,2025-04-08,1,6101695,6101695,COD,Đang giao
DH01477,KH01553,26,2025-08-16,2,23522794,47045588,Thẻ ngân hàng,Đã hủy
DH01478,KH00077,389,2025-04-10,2,2247745,4495490,Chuyển khoản,Đã hủy
DH01479,KH00098,301,2024-09-22,1,23179464,23179464,Ví điện tử,Đang giao
DH01480,KH01459,173,2024-05-29,2,8932665,17865330,Ví điện tử,Đã hủy
DH01481,KH00372,100,2024-02-20,2,3300603,6601206,COD,Đang giao
DH01482,KH00622,150,2024-05-01,1,22175650,22175650,Ví điện tử,Đã hủy
DH01483,KH00410,218,2025-09-23,2,7876105,15752210,COD,Đã hủy
DH01484,KH00358,285,2025-06-02,2,6209359,12418718,COD,Đã hủy
DH01485,KH01632,117,2024-10-30,2,1822241,3644482,Chuyển khoản,Đang giao
DH01486,KH00410,336,2024-09-29,2,20788903,41577806,Thẻ ngân hàng,Đã hủy
DH01487,KH00112,438,2024-09-29,1,19966047,19966047,Chuyển khoản,Đã hủy
DH01488,KH01115,284,2024-12-28,1,7510427,7510427,Ví điện tử,Đang giao
DH01489,KH01836,203,2025-11-25,3,2141244,6423732,Ví điện tử,Đã hủy
DH01490,KH01674,235,2025-10-29,3,1672401,5017203,COD,Đã hủy
DH01491,KH00941,282,2024-01-10,3,9983595,29950785,Thẻ ngân hàng,Đã hủy
DH01492,KH00526,51,2025-03-23,1,18354531,18354531,Ví điện tử,Đã giao
DH01493,KH00090,166,2025-01-07,2,17284447,34568894,Ví điện tử,Đã giao
DH01494,KH00967,33,2024-07-24,1,16395207,16395207,COD,Đã giao
DH01495,KH01906,460,2024-07-25,1,15973168,15973168,COD,Đã giao
DH01496,KH00242,253,2025-08-02,3,9232276,27696828,Thẻ ngân hàng,Đã hủy
DH01497,KH01281,123,2025-02-20,3,5880587,17641761,Ví điện tử,Đang giao
DH01498,KH01228,456,2024-01-06,1,1907183,1907183,Chuyển khoản,Đang giao
DH01499,KH00628,332,2025-12-06,2,16273428,32546856,Chuyển khoản,Đã hủy
DH01500,KH01116,288,2024-01-22,2,11145011,22290022,Ví điện tử,Đang giao
DH01501,KH00188,276,2025-05-19,1,11889649,11889649,Ví điện tử,Đã giao
DH01502,KH00585,185,2025-10-14,1,5305149,5305149,Ví điện tử,Đang giao
DH01503,KH01106,200,2024-09-08,3,25326262,75978786,Ví điện tử,Đã giao
DH01504,KH00148,5,2024-01-30,2,6035905,12071810,COD,Đã hủy
DH01505,KH00134,414,2025-03-19,1,8838663,8838663,Thẻ ngân hàng,Đã hủy
DH01506,KH01396,126,2024-09-25,1,7453646,7453646,Ví điện tử,Đã giao
DH01507,KH01343,19,2025-10-06,1,6165758,6165758,COD,Đang giao
DH01508,KH00775,409,2024-11-14,2,25383281,50766562,Thẻ ngân hàng,Đã hủy
DH01509,KH00243,155,2025-12-20,1,23734363,23734363,Ví điện tử,Đang giao
DH01510,KH00001,322,2024-06-20,2,4789634,9579268,Chuyển khoản,Đang giao
DH01511,KH01208,411,2025-08-05,3,15292733,45878199,Chuyển khoản,Đã hủy
DH01512,KH01248,248,2024-06-01,1,22980553,22980553,Ví điện tử,Đã giao
DH01513,KH00649,129,2025-05-07,3,7748973,23246919,Ví điện tử,Đã hủy
DH01514,KH01155,159,2025-03-10,1,18319776,18319776,COD,Đang giao
DH01515,KH01246,2,2025-04-10,1,2619639,2619639,Ví điện tử,Đã giao
DH01516,KH00722,380,2025-06-01,1,7759711,7759711,Thẻ ngân hàng,Đang giao
DH01517,KH01077,450,2025-07-13,2,19208894,38417788,COD,Đang giao
DH01518,KH00713,359,2024-05-25,1,18193067,18193067,Ví điện tử,Đang giao
DH01519,KH00009,452,2025-04-11,1,6422656,6422656,COD,Đã giao
DH01520,KH01322,100,2025-08-30,3,3300603,9901809,Ví điện tử,Đã giao
DH01521,KH01871,238,2025-04-21,2,8768981,17537962,Ví điện tử,Đã hủy
DH01522,KH01066,346,2024-02-18,1,15198565,15198565,COD,Đang giao
DH01523,KH00812,293,2024-01-09,3,5223702,15671106,Chuyển khoản,Đã hủy
DH01524,KH00650,110,2024-05-26,1,2655742,2655742,Ví điện tử,Đã hủy
DH01525,KH00192,468,2024-12-01,3,21281263,63843789,Chuyển khoản,Đã giao
DH01526,KH01139,317,2024-03-06,3,3451035,10353105,Thẻ ngân hàng,Đã hủy
DH01527,KH01133,361,2025-11-22,3,2131412,6394236,Thẻ ngân hàng,Đã hủy
DH01528,KH01890,468,2025-09-12,1,21281263,21281263,Chuyển khoản,Đã hủy
DH01529,KH00774,322,2025-01-23,3,4789634,14368902,COD,Đang giao
DH01530,KH01393,122,2025-12-06,1,18283116,18283116,COD,Đã hủy
DH01531,KH01010,478,2024-05-11,3,8623329,25869987,Chuyển khoản,Đã giao
DH01532,KH01021,161,2024-02-07,3,5421161,16263483,Chuyển khoản,Đã giao
DH01533,KH01153,168,2024-07-29,1,4959346,4959346,COD,Đã giao
DH01534,KH01854,431,2025-03-31,3,3483711,10451133,COD,Đã hủy
DH01535,KH01683,116,2024-06-17,1,17991157,17991157,Chuyển khoản,Đã giao
DH01536,KH01566,354,2025-11-19,2,14109722,28219444,Ví điện tử,Đang giao
DH01537,KH01609,171,2025-06-05,3,16022163,48066489,Chuyển khoản,Đã giao
DH01538,KH00314,371,2025-03-15,2,15596681,31193362,Chuyển khoản,Đang giao
DH01539,KH00482,118,2024-04-30,3,6945092,20835276,Thẻ ngân hàng,Đã giao
DH01540,KH01137,98,2025-05-09,1,25849081,25849081,Thẻ ngân hàng,Đang giao
DH01541,KH01259,186,2025-09-03,1,11833611,11833611,COD,Đã giao
DH01542,KH01747,434,2025-10-03,3,20511341,61534023,Thẻ ngân hàng,Đã giao
DH01543,KH00132,243,2025-08-05,1,9384883,9384883,Thẻ ngân hàng,Đã giao
DH01544,KH00212,438,2024-12-14,3,19966047,59898141,Ví điện tử,Đã giao
DH01545,KH00976,484,2024-03-31,3,9546339,28639017,Chuyển khoản,Đã giao
DH01546,KH01332,83,2025-03-11,3,10278942,30836826,Thẻ ngân hàng,Đã giao
DH01547,KH01095,499,2025-10-08,3,11225264,33675792,COD,Đã giao
DH01548,KH00528,332,2025-10-03,3,16273428,48820284,Thẻ ngân hàng,Đã giao
DH01549,KH00338,201,2024-09-30,2,14510585,29021170,Thẻ ngân hàng,Đã giao
DH01550,KH00988,290,2025-10-10,3,14771023,44313069,COD,Đã hủy
DH01551,KH01540,75,2024-11-20,1,1572912,1572912,COD,Đang giao
DH01552,KH00317,134,2024-08-24,2,24009450,48018900,Chuyển khoản,Đã hủy
DH01553,KH01133,247,2024-11-21,1,14840560,14840560,Chuyển khoản,Đang giao
DH01554,KH01665,251,2025-06-20,1,11288407,11288407,COD,Đã hủy
DH01555,KH01170,401,2025-06-14,1,3227628,3227628,Thẻ ngân hàng,Đã hủy
DH01556,KH01380,73,2024-03-14,3,13467563,40402689,Ví điện tử,Đã hủy
DH01557,KH01283,392,2024-06-25,1,2439684,2439684,COD,Đang giao
DH01558,KH00643,95,2025-06-15,2,17932883,35865766,Thẻ ngân hàng,Đã giao
DH01559,KH01117,377,2024-06-27,2,12231914,24463828,COD,Đang giao
DH01560,KH00518,151,2024-07-06,2,14524360,29048720,Chuyển khoản,Đã giao
DH01561,KH01995,188,2025-02-14,3,2213985,6641955,Ví điện tử,Đã giao
DH01562,KH01481,450,2025-04-11,2,19208894,38417788,Chuyển khoản,Đang giao
DH01563,KH01606,468,2024-02-02,3,21281263,63843789,Ví điện tử,Đã hủy
DH01564,KH00165,1,2024-06-05,2,5597326,11194652,Thẻ ngân hàng,Đang giao
DH01565,KH01819,124,2024-01-10,2,18670083,37340166,Ví điện tử,Đã giao
DH01566,KH00202,434,2025-05-31,2,20511341,41022682,Thẻ ngân hàng,Đang giao
DH01567,KH00493,93,2025-09-21,3,14686287,44058861,Thẻ ngân hàng,Đã giao
DH01568,KH01621,168,2024-01-23,2,4959346,9918692,COD,Đã hủy
DH01569,KH00477,385,2024-08-19,1,9022052,9022052,COD,Đã hủy
DH01570,KH00783,323,2025-08-27,3,8114299,24342897,Thẻ ngân hàng,Đang giao
DH01571,KH00741,94,2025-01-17,1,4892461,4892461,Chuyển khoản,Đã giao
DH01572,KH00873,156,2024-10-02,1,23900042,23900042,COD,Đang giao
DH01573,KH00583,307,2025-06-09,2,2970393,5940786,COD,Đã giao
DH01574,KH01337,44,2025-07-15,1,12890144,12890144,COD,Đã giao
DH01575,KH00281,455,2025-09-02,2,2445683,4891366,Chuyển khoản,Đã giao
DH01576,KH01095,123,2025-11-30,2,5880587,11761174,Ví điện tử,Đang giao
DH01577,KH01098,148,2024-06-08,1,24016044,24016044,Thẻ ngân hàng,Đã hủy
DH01578,KH00192,210,2024-06-10,3,20061356,60184068,Thẻ ngân hàng,Đã hủy
DH01579,KH00164,206,2025-12-29,2,9160201,18320402,Thẻ ngân hàng,Đã giao
DH01580,KH01710,18,2025-11-22,2,8089438,16178876,Ví điện tử,Đã hủy
DH01581,KH00889,251,2024-05-16,1,11288407,11288407,Thẻ ngân hàng,Đã giao
DH01582,KH01189,297,2025-03-14,1,3729757,3729757,Chuyển khoản,Đã hủy
DH01583,KH00003,228,2025-12-20,3,9625566,28876698,Thẻ ngân hàng,Đã giao
DH01584,KH01219,239,2025-09-06,3,9904462,29713386,Ví điện tử,Đang giao
DH01585,KH01791,182,2024-06-02,1,19817463,19817463,Chuyển khoản,Đang giao
DH01586,KH01287,485,2025-06-29,3,2937854,8813562,Thẻ ngân hàng,Đã hủy
DH01587,KH01549,330,2025-04-28,2,21871930,43743860,Thẻ ngân hàng,Đã hủy
DH01588,KH00362,124,2024-03-29,3,18670083,56010249,Ví điện tử,Đã hủy
DH01589,KH00139,211,2024-02-16,3,19060983,57182949,Chuyển khoản,Đã giao
DH01590,KH01572,353,2024-08-26,3,17335247,52005741,COD,Đã giao
DH01591,KH01957,288,2024-08-11,1,11145011,11145011,Chuyển khoản,Đang giao
DH01592,KH00786,5,2025-10-16,1,6035905,6035905,Thẻ ngân hàng,Đã giao
DH01593,KH01154,452,2025-03-18,3,6422656,19267968,Ví điện tử,Đã hủy
DH01594,KH00626,16,2024-06-10,3,1902478,5707434,Ví điện tử,Đã hủy
DH01595,KH01969,139,2024-04-08,3,8176702,24530106,COD,Đang giao
DH01596,KH00018,368,2024-06-16,1,21192004,21192004,Ví điện tử,Đã hủy
DH01597,KH01679,4,2024-06-02,2,2033327,4066654,Chuyển khoản,Đã giao
DH01598,KH01872,110,2025-01-02,2,2655742,5311484,COD,Đã giao
DH01599,KH00995,126,2024-04-11,3,7453646,22360938,Thẻ ngân hàng,Đang giao
DH01600,KH01064,169,2025-09-12,2,25706307,51412614,COD,Đã hủy
DH01601,KH01464,297,2024-08-16,3,3729757,11189271,Ví điện tử,Đã giao
DH01602,KH00092,26,2025-05-06,3,23522794,70568382,Thẻ ngân hàng,Đã hủy
DH01603,KH00012,291,2025-12-31,3,19063989,57191967,Thẻ ngân hàng,Đã giao
DH01604,KH01002,285,2025-12-14,2,6209359,12418718,Thẻ ngân hàng,Đang giao
DH01605,KH00957,60,2025-08-17,3,10296353,30889059,COD,Đã giao
DH01606,KH00831,184,2024-05-17,1,17356432,17356432,COD,Đã hủy
DH01607,KH00122,411,2024-05-28,2,15292733,30585466,Ví điện tử,Đang giao
DH01608,KH01017,17,2024-08-26,1,11252793,11252793,COD,Đã hủy
DH01609,KH00930,285,2024-04-03,3,6209359,18628077,Ví điện tử,Đã giao
DH01610,KH01701,136,2024-06-04,3,13200645,39601935,Ví điện tử,Đã hủy
DH01611,KH01495,409,2024-06-15,1,25383281,25383281,Chuyển khoản,Đã hủy
DH01612,KH00500,119,2025-12-05,2,13510580,27021160,COD,Đang giao
DH01613,KH00993,254,2024-06-06,2,7786382,15572764,Ví điện tử,Đang giao
DH01614,KH00227,452,2025-02-22,1,6422656,6422656,Chuyển khoản,Đã hủy
DH01615,KH00424,395,2024-07-13,2,15941796,31883592,COD,Đã giao
DH01616,KH00653,174,2024-10-16,1,24577473,24577473,Thẻ ngân hàng,Đã hủy
DH01617,KH01872,325,2025-05-16,3,16561482,49684446,COD,Đã giao
DH01618,KH01418,202,2025-03-22,3,10502987,31508961,Thẻ ngân hàng,Đã hủy
DH01619,KH00437,285,2025-05-15,1,6209359,6209359,Ví điện tử,Đã hủy
DH01620,KH01365,241,2025-03-01,2,14883376,29766752,COD,Đã hủy
DH01621,KH00700,452,2025-06-05,3,6422656,19267968,COD,Đang giao
DH01622,KH00540,244,2024-06-15,1,16782990,16782990,Ví điện tử,Đã giao
DH01623,KH00255,483,2024-12-11,2,9287345,18574690,Chuyển khoản,Đã giao
DH01624,KH01904,34,2025-07-31,1,21526031,21526031,Thẻ ngân hàng,Đang giao
DH01625,KH01684,140,2025-04-20,3,13589526,40768578,COD,Đã giao
DH01626,KH00293,6,2024-11-13,3,15618829,46856487,COD,Đã giao
DH01627,KH01434,56,2024-02-07,2,3656281,7312562,COD,Đã hủy
DH01628,KH01267,216,2025-02-08,3,13741880,41225640,Thẻ ngân hàng,Đang giao
DH01629,KH00091,131,2024-04-29,3,2156224,6468672,Chuyển khoản,Đã giao
DH01630,KH01038,486,2024-06-17,3,14815928,44447784,Thẻ ngân hàng,Đang giao
DH01631,KH01315,110,2024-12-13,2,2655742,5311484,Thẻ ngân hàng,Đang giao
DH01632,KH00500,444,2024-10-18,2,24721344,49442688,Chuyển khoản,Đã hủy
DH01633,KH00670,173,2024-04-30,2,8932665,17865330,Thẻ ngân hàng,Đã hủy
DH01634,KH01158,472,2024-02-23,2,24725902,49451804,Thẻ ngân hàng,Đang giao
DH01635,KH01612,223,2024-04-06,2,2575778,5151556,Chuyển khoản,Đã hủy
DH01636,KH01587,373,2025-03-19,2,17596085,35192170,COD,Đã giao
DH01637,KH00005,478,2025-12-17,3,8623329,25869987,Ví điện tử,Đã hủy
DH01638,KH00310,289,2025-02-07,3,4921805,14765415,Chuyển khoản,Đã giao
DH01639,KH01511,190,2024-07-30,1,19493368,19493368,Ví điện tử,Đang giao
DH01640,KH01714,112,2025-01-26,2,21786528,43573056,Chuyển khoản,Đang giao
DH01641,KH00375,237,2025-12-19,3,5969756,17909268,COD,Đang giao
DH01642,KH00279,263,2024-01-08,2,5779215,11558430,Chuyển khoản,Đã hủy
DH01643,KH00457,347,2025-06-01,2,10484449,20968898,COD,Đã giao
DH01644,KH00067,270,2024-05-30,3,15138021,45414063,Chuyển khoản,Đang giao
DH01645,KH00388,428,2025-04-21,1,8623074,8623074,Chuyển khoản,Đang giao
DH01646,KH01001,65,2025-06-29,2,20123002,40246004,COD,Đã hủy
DH01647,KH01829,180,2025-05-15,3,5187803,15563409,Thẻ ngân hàng,Đã hủy
DH01648,KH01717,388,2025-05-27,1,12500788,12500788,Thẻ ngân hàng,Đã giao
DH01649,KH01960,493,2025-08-03,2,5355143,10710286,Ví điện tử,Đang giao
DH01650,KH00962,282,2024-11-01,1,9983595,9983595,Thẻ ngân hàng,Đã hủy
DH01651,KH01283,347,2025-11-19,3,10484449,31453347,Thẻ ngân hàng,Đã giao
DH01652,KH00610,131,2024-04-02,2,2156224,4312448,COD,Đã giao
DH01653,KH00886,143,2024-06-27,2,5091764,10183528,Chuyển khoản,Đã giao
DH01654,KH01965,180,2024-03-03,3,5187803,15563409,Thẻ ngân hàng,Đang giao
DH01655,KH00009,83,2024-02-14,3,10278942,30836826,Ví điện tử,Đã hủy
DH01656,KH00871,156,2024-12-16,3,23900042,71700126,Thẻ ngân hàng,Đã giao
DH01657,KH00947,326,2025-01-26,3,10657286,31971858,Ví điện tử,Đang giao
DH01658,KH01987,397,2025-12-09,3,23886813,71660439,Chuyển khoản,Đang giao
DH01659,KH00187,287,2024-03-27,1,10898911,10898911,Chuyển khoản,Đã giao
DH01660,KH00826,347,2024-04-29,2,10484449,20968898,Chuyển khoản,Đã hủy
DH01661,KH00150,350,2024-07-29,3,12090591,36271773,Chuyển khoản,Đã giao
DH01662,KH00903,293,2024-06-20,3,5223702,15671106,Ví điện tử,Đã giao
DH01663,KH01263,312,2024-12-24,3,22250953,66752859,COD,Đang giao
DH01664,KH01770,264,2025-10-09,2,7333700,14667400,COD,Đang giao
DH01665,KH01685,5,2024-05-17,3,6035905,18107715,Thẻ ngân hàng,Đã giao
DH01666,KH01596,280,2025-08-19,1,25571963,25571963,Chuyển khoản,Đang giao
DH01667,KH01523,209,2024-12-11,2,11044537,22089074,Chuyển khoản,Đã hủy
DH01668,KH00518,13,2025-02-14,2,24933847,49867694,Chuyển khoản,Đã giao
DH01669,KH01284,56,2025-12-17,1,3656281,3656281,COD,Đã giao
DH01670,KH00381,299,2024-05-30,1,10443833,10443833,Ví điện tử,Đang giao
DH01671,KH01377,455,2024-03-07,2,2445683,4891366,COD,Đã giao
DH01672,KH00520,45,2024-06-05,2,22446227,44892454,COD,Đã hủy
DH01673,KH00318,38,2024-08-19,2,25625870,51251740,Chuyển khoản,Đang giao
DH01674,KH01349,351,2024-12-15,2,13618008,27236016,Thẻ ngân hàng,Đã hủy
DH01675,KH01482,18,2024-07-07,1,8089438,8089438,Ví điện tử,Đã hủy
DH01676,KH01046,267,2024-10-27,2,20768736,41537472,Thẻ ngân hàng,Đã giao
DH01677,KH01471,92,2025-03-08,3,11092983,33278949,Ví điện tử,Đang giao
DH01678,KH00531,462,2024-07-01,1,16447832,16447832,Chuyển khoản,Đã hủy
DH01679,KH00573,445,2024-01-17,1,3753037,3753037,Thẻ ngân hàng,Đang giao
DH01680,KH01386,243,2024-01-22,1,9384883,9384883,Ví điện tử,Đang giao
DH01681,KH00087,215,2024-02-13,1,22688954,22688954,Thẻ ngân hàng,Đã hủy
DH01682,KH01188,39,2024-06-30,1,5958851,5958851,Thẻ ngân hàng,Đang giao
DH01683,KH01451,262,2024-03-10,1,15404344,15404344,Thẻ ngân hàng,Đã hủy
DH01684,KH00550,301,2024-03-29,1,23179464,23179464,Thẻ ngân hàng,Đang giao
DH01685,KH00056,252,2025-04-12,3,18216160,54648480,Thẻ ngân hàng,Đang giao
DH01686,KH01027,381,2025-05-03,3,3635754,10907262,Thẻ ngân hàng,Đang giao
DH01687,KH01123,285,2024-04-07,3,6209359,18628077,Thẻ ngân hàng,Đã giao
DH01688,KH01159,388,2024-06-01,2,12500788,25001576,Chuyển khoản,Đã giao
DH01689,KH01131,38,2025-10-17,3,25625870,76877610,COD,Đã giao
DH01690,KH00546,21,2025-11-30,2,20692785,41385570,COD,Đang giao
DH01691,KH01651,325,2025-11-30,3,16561482,49684446,Ví điện tử,Đã giao
DH01692,KH00484,181,2024-06-20,1,1690676,1690676,Ví điện tử,Đang giao
DH01693,KH00787,330,2025-12-30,1,21871930,21871930,Ví điện tử,Đã giao
DH01694,KH01183,113,2024-08-30,2,9188480,18376960,Ví điện tử,Đã hủy
DH01695,KH00737,162,2025-09-06,3,16154689,48464067,Ví điện tử,Đã giao
DH01696,KH01616,350,2024-10-21,2,12090591,24181182,Thẻ ngân hàng,Đã hủy
DH01697,KH00847,116,2025-10-26,2,17991157,35982314,Thẻ ngân hàng,Đang giao
DH01698,KH01113,381,2025-11-21,2,3635754,7271508,Chuyển khoản,Đã giao
DH01699,KH01112,36,2024-03-07,1,4440658,4440658,Thẻ ngân hàng,Đã hủy
DH01700,KH01103,479,2024-02-01,2,24995661,49991322,Ví điện tử,Đã hủy
DH01701,KH01929,369,2024-03-25,1,10752264,10752264,Chuyển khoản,Đang giao
DH01702,KH00217,49,2025-10-17,1,10127878,10127878,Thẻ ngân hàng,Đã hủy
DH01703,KH00410,341,2025-02-15,3,24878704,74636112,Chuyển khoản,Đã giao
DH01704,KH00068,423,2025-05-04,2,11205935,22411870,Thẻ ngân hàng,Đang giao
DH01705,KH00474,76,2025-02-28,1,25092737,25092737,COD,Đã giao
DH01706,KH00853,367,2024-10-25,3,21910738,65732214,COD,Đang giao
DH01707,KH00303,380,2025-11-08,1,7759711,7759711,Chuyển khoản,Đang giao
DH01708,KH01911,352,2025-11-15,3,22014922,66044766,Ví điện tử,Đã hủy
DH01709,KH00578,346,2024-09-05,3,15198565,45595695,Thẻ ngân hàng,Đã hủy
DH01710,KH01981,412,2025-10-13,3,5966347,17899041,COD,Đã giao
DH01711,KH01906,321,2024-06-05,2,9556944,19113888,COD,Đang giao
DH01712,KH00924,428,2025-07-24,1,8623074,8623074,Chuyển khoản,Đã hủy
DH01713,KH01250,411,2024-09-25,1,15292733,15292733,Ví điện tử,Đã hủy
DH01714,KH00230,443,2025-05-24,2,15873432,31746864,Chuyển khoản,Đang giao
DH01715,KH01530,276,2024-11-05,2,11889649,23779298,COD,Đã hủy
DH01716,KH01895,174,2025-06-08,2,24577473,49154946,Ví điện tử,Đã giao
DH01717,KH00363,61,2024-05-05,3,11543600,34630800,Thẻ ngân hàng,Đã hủy
DH01718,KH00063,477,2024-10-15,2,17019502,34039004,Thẻ ngân hàng,Đã giao
DH01719,KH00810,140,2025-09-21,1,13589526,13589526,COD,Đã hủy
DH01720,KH00884,400,2024-03-17,1,19389256,19389256,Thẻ ngân hàng,Đã hủy
DH01721,KH00114,157,2025-06-01,2,10354320,20708640,Thẻ ngân hàng,Đang giao
DH01722,KH00652,241,2025-06-08,1,14883376,14883376,COD,Đã giao
DH01723,KH00257,238,2024-07-30,3,8768981,26306943,Chuyển khoản,Đang giao
DH01724,KH01874,50,2024-09-08,3,16126277,48378831,Ví điện tử,Đã hủy
DH01725,KH01599,266,2025-11-15,2,8991711,17983422,Ví điện tử,Đang giao
DH01726,KH00613,405,2025-05-16,2,6786774,13573548,COD,Đã giao
DH01727,KH01476,439,2024-02-06,1,11444083,11444083,Thẻ ngân hàng,Đã giao
DH01728,KH00759,489,2024-12-22,3,23457899,70373697,Ví điện tử,Đã giao
DH01729,KH01563,146,2024-01-06,1,19268450,19268450,Thẻ ngân hàng,Đang giao
DH01730,KH01092,350,2025-09-22,2,12090591,24181182,COD,Đã hủy
DH01731,KH01328,277,2024-11-23,1,20673499,20673499,Ví điện tử,Đang giao
DH01732,KH00932,480,2024-02-24,1,9066937,9066937,COD,Đang giao
DH01733,KH01449,155,2024-05-04,2,23734363,47468726,Chuyển khoản,Đã hủy
DH01734,KH01370,440,2025-09-24,1,21263667,21263667,Ví điện tử,Đang giao
DH01735,KH00409,137,2025-04-06,3,20559073,61677219,Thẻ ngân hàng,Đã hủy
DH01736,KH01399,148,2024-07-20,3,24016044,72048132,Chuyển khoản,Đang giao
DH01737,KH01054,46,2024-07-09,2,13724985,27449970,Chuyển khoản,Đã hủy
DH01738,KH00648,258,2024-03-26,3,12909089,38727267,Chuyển khoản,Đang giao
DH01739,KH00542,78,2024-05-15,1,10074989,10074989,COD,Đã giao
DH01740,KH00459,170,2024-05-06,3,18830250,56490750,COD,Đã giao
DH01741,KH01207,126,2025-08-20,1,7453646,7453646,Chuyển khoản,Đã giao
DH01742,KH00860,477,2024-09-12,2,17019502,34039004,Ví điện tử,Đang giao
DH01743,KH01418,1,2025-07-06,2,5597326,11194652,COD,Đã hủy
DH01744,KH01819,16,2025-05-16,2,1902478,3804956,COD,Đang giao
DH01745,KH00632,145,2024-02-25,1,13595803,13595803,Chuyển khoản,Đang giao
DH01746,KH01478,258,2024-05-13,1,12909089,12909089,Ví điện tử,Đã hủy
DH01747,KH00966,357,2025-07-31,1,4857102,4857102,Ví điện tử,Đã giao
DH01748,KH00485,467,2024-02-02,1,6408461,6408461,Ví điện tử,Đã hủy
DH01749,KH00387,485,2025-07-19,2,2937854,5875708,Ví điện tử,Đã giao
DH01750,KH00221,369,2025-09-16,3,10752264,32256792,Ví điện tử,Đã giao
DH01751,KH00628,36,2025-06-01,2,4440658,8881316,Chuyển khoản,Đang giao
DH01752,KH01626,492,2025-05-09,2,8668431,17336862,Chuyển khoản,Đang giao
DH01753,KH00086,76,2025-06-19,3,25092737,75278211,Thẻ ngân hàng,Đã giao
DH01754,KH01255,272,2025-07-14,1,15085613,15085613,Chuyển khoản,Đã hủy
DH01755,KH00179,330,2025-12-05,2,21871930,43743860,COD,Đang giao
DH01756,KH00860,45,2025-03-05,3,22446227,67338681,COD,Đang giao
DH01757,KH01758,115,2025-03-30,3,24228127,72684381,Ví điện tử,Đã giao
DH01758,KH00868,433,2024-02-04,1,2223429,2223429,Ví điện tử,Đã giao
DH01759,KH00576,363,2025-01-10,1,13943365,13943365,Ví điện tử,Đang giao
DH01760,KH00650,56,2024-10-16,2,3656281,7312562,Chuyển khoản,Đã hủy
DH01761,KH00072,174,2025-04-24,2,24577473,49154946,Ví điện tử,Đã giao
DH01762,KH01695,145,2024-10-16,3,13595803,40787409,Chuyển khoản,Đã hủy
DH01763,KH00250,465,2025-10-11,3,24131257,72393771,COD,Đã giao
DH01764,KH00771,257,2024-10-20,2,22709217,45418434,Ví điện tử,Đã hủy
DH01765,KH00782,443,2024-01-02,3,15873432,47620296,Thẻ ngân hàng,Đang giao
DH01766,KH00240,230,2024-03-17,2,4583309,9166618,Ví điện tử,Đã giao
DH01767,KH01042,391,2025-05-10,1,14598944,14598944,Thẻ ngân hàng,Đã giao
DH01768,KH01579,462,2025-12-05,2,16447832,32895664,Ví điện tử,Đã hủy
DH01769,KH00272,306,2025-12-06,1,9109540,9109540,COD,Đã giao
DH01770,KH00713,283,2025-10-11,1,9498824,9498824,Chuyển khoản,Đã giao
DH01771,KH00321,476,2024-05-06,2,5610573,11221146,COD,Đã giao
DH01772,KH01139,173,2025-10-25,2,8932665,17865330,COD,Đã hủy
DH01773,KH01999,302,2024-08-14,2,1904905,3809810,Chuyển khoản,Đã giao
DH01774,KH00886,332,2025-11-11,1,16273428,16273428,Ví điện tử,Đã hủy
DH01775,KH01717,499,2025-06-11,3,11225264,33675792,Ví điện tử,Đã giao
DH01776,KH01252,110,2024-02-08,2,2655742,5311484,Thẻ ngân hàng,Đã giao
DH01777,KH01579,79,2024-09-02,2,5712887,11425774,Thẻ ngân hàng,Đã giao
DH01778,KH01221,127,2024-05-17,1,23583550,23583550,Chuyển khoản,Đã giao
DH01779,KH00025,479,2024-07-19,1,24995661,24995661,Thẻ ngân hàng,Đang giao
DH01780,KH00542,475,2025-09-18,1,23514632,23514632,COD,Đang giao
DH01781,KH01426,496,2025-06-25,3,14220784,42662352,Thẻ ngân hàng,Đang giao
DH01782,KH01545,43,2024-05-08,3,14663576,43990728,COD,Đang giao
DH01783,KH00571,92,2024-08-20,2,11092983,22185966,COD,Đã giao
DH01784,KH01444,29,2025-10-25,1,8608366,8608366,Chuyển khoản,Đang giao
DH01785,KH01599,445,2024-05-26,2,3753037,7506074,Ví điện tử,Đã giao
DH01786,KH01583,395,2025-02-12,2,15941796,31883592,Chuyển khoản,Đã hủy
DH01787,KH01898,400,2025-05-26,1,19389256,19389256,Ví điện tử,Đã hủy
DH01788,KH01943,60,2024-02-14,1,10296353,10296353,COD,Đã giao
DH01789,KH01067,288,2025-12-10,1,11145011,11145011,Thẻ ngân hàng,Đang giao
DH01790,KH01638,399,2024-05-02,3,2042288,6126864,COD,Đang giao
DH01791,KH00677,247,2025-10-15,1,14840560,14840560,Thẻ ngân hàng,Đang giao
DH01792,KH00474,308,2025-08-03,1,23205555,23205555,Chuyển khoản,Đã giao
DH01793,KH01012,401,2024-02-08,1,3227628,3227628,Chuyển khoản,Đang giao
DH01794,KH01065,262,2025-11-07,2,15404344,30808688,Thẻ ngân hàng,Đang giao
DH01795,KH00692,400,2024-12-08,2,19389256,38778512,Ví điện tử,Đã giao
DH01796,KH01938,416,2025-01-13,3,17524717,52574151,Chuyển khoản,Đang giao
DH01797,KH01065,117,2024-02-19,1,1822241,1822241,Ví điện tử,Đã hủy
DH01798,KH01799,497,2024-09-12,3,20532926,61598778,Chuyển khoản,Đang giao
DH01799,KH01464,271,2024-02-05,1,8962577,8962577,Ví điện tử,Đã giao
DH01800,KH00044,344,2025-11-26,1,15192156,15192156,Chuyển khoản,Đang giao
DH01801,KH00076,394,2024-11-16,2,14325309,28650618,Ví điện tử,Đã hủy
DH01802,KH00391,394,2024-09-12,2,14325309,28650618,COD,Đã hủy
DH01803,KH01673,108,2024-11-18,1,16704100,16704100,COD,Đang giao
DH01804,KH01000,420,2024-10-23,2,7580608,15161216,Thẻ ngân hàng,Đang giao
DH01805,KH01098,379,2025-12-12,2,11024419,22048838,Ví điện tử,Đang giao
DH01806,KH00026,404,2024-07-30,1,24793579,24793579,COD,Đã giao
DH01807,KH00755,72,2025-05-14,1,11915298,11915298,COD,Đã giao
DH01808,KH00415,261,2024-11-12,2,8666850,17333700,Chuyển khoản,Đã hủy
DH01809,KH01907,137,2025-03-31,1,20559073,20559073,Chuyển khoản,Đã giao
DH01810,KH00843,88,2025-11-21,1,15268123,15268123,Thẻ ngân hàng,Đang giao
DH01811,KH00026,104,2024-01-29,3,21205978,63617934,Thẻ ngân hàng,Đã giao
DH01812,KH01791,4,2024-04-23,1,2033327,2033327,Ví điện tử,Đã giao
DH01813,KH00657,489,2025-03-21,2,23457899,46915798,COD,Đã giao
DH01814,KH01650,224,2025-07-29,1,17686916,17686916,Chuyển khoản,Đang giao
DH01815,KH01797,190,2025-04-09,2,19493368,38986736,Ví điện tử,Đã hủy
DH01816,KH00300,50,2025-05-02,1,16126277,16126277,COD,Đang giao
DH01817,KH00832,485,2024-07-01,1,2937854,2937854,COD,Đã giao
DH01818,KH01357,438,2024-02-21,2,19966047,39932094,Ví điện tử,Đã giao
DH01819,KH00291,224,2025-04-14,2,17686916,35373832,Chuyển khoản,Đã hủy
DH01820,KH00490,475,2025-05-31,3,23514632,70543896,COD,Đã hủy
DH01821,KH01586,71,2024-03-03,1,20920065,20920065,Ví điện tử,Đã giao
DH01822,KH01543,441,2025-01-29,2,18385006,36770012,Chuyển khoản,Đã giao
DH01823,KH00438,195,2025-04-29,1,2797518,2797518,Ví điện tử,Đang giao
DH01824,KH01240,459,2025-11-07,2,21165935,42331870,COD,Đã giao
DH01825,KH01803,398,2024-02-26,1,4672398,4672398,Thẻ ngân hàng,Đã giao
DH01826,KH00870,290,2025-01-21,2,14771023,29542046,Ví điện tử,Đã hủy
DH01827,KH00667,126,2025-11-03,1,7453646,7453646,Chuyển khoản,Đã giao
DH01828,KH01153,132,2024-01-01,3,16198314,48594942,Thẻ ngân hàng,Đã giao
DH01829,KH00836,393,2024-02-09,3,15902198,47706594,Chuyển khoản,Đã hủy
DH01830,KH00022,323,2024-08-24,3,8114299,24342897,Thẻ ngân hàng,Đã hủy
DH01831,KH00714,250,2025-08-29,2,5901364,11802728,Chuyển khoản,Đã giao
DH01832,KH01911,1,2024-10-12,2,5597326,11194652,COD,Đã hủy
DH01833,KH00664,105,2025-06-21,1,9768220,9768220,COD,Đang giao
DH01834,KH01853,366,2024-07-07,1,7038014,7038014,Ví điện tử,Đã giao
DH01835,KH01389,298,2025-08-08,2,19424399,38848798,COD,Đã hủy
DH01836,KH01978,274,2024-05-10,2,8049917,16099834,Thẻ ngân hàng,Đã giao
DH01837,KH01365,19,2025-05-06,1,6165758,6165758,COD,Đang giao
DH01838,KH01964,260,2024-10-07,2,5169564,10339128,Chuyển khoản,Đã hủy
DH01839,KH00810,168,2024-10-29,2,4959346,9918692,COD,Đã hủy
DH01840,KH00748,44,2024-11-06,1,12890144,12890144,Thẻ ngân hàng,Đang giao
DH01841,KH00358,92,2025-12-02,2,11092983,22185966,Ví điện tử,Đã giao
DH01842,KH00628,209,2025-04-26,3,11044537,33133611,Chuyển khoản,Đã giao
DH01843,KH00929,264,2025-09-17,3,7333700,22001100,Ví điện tử,Đang giao
DH01844,KH01600,148,2025-11-01,1,24016044,24016044,Ví điện tử,Đã giao
DH01845,KH00439,249,2024-07-01,2,12650029,25300058,Chuyển khoản,Đã hủy
DH01846,KH00525,439,2024-04-04,1,11444083,11444083,COD,Đang giao
DH01847,KH01789,456,2025-08-26,1,1907183,1907183,Thẻ ngân hàng,Đang giao
DH01848,KH01455,426,2024-01-23,2,22978827,45957654,Chuyển khoản,Đã giao
DH01849,KH00722,188,2024-10-18,1,2213985,2213985,Ví điện tử,Đã giao
DH01850,KH01229,123,2024-08-21,1,5880587,5880587,Thẻ ngân hàng,Đã hủy
DH01851,KH00246,135,2025-01-29,2,18508141,37016282,Chuyển khoản,Đã hủy
DH01852,KH01059,77,2024-06-06,3,20281855,60845565,Ví điện tử,Đang giao
DH01853,KH01561,324,2024-09-24,2,5235456,10470912,Chuyển khoản,Đang giao
DH01854,KH00226,167,2024-02-11,3,19477755,58433265,COD,Đã hủy
DH01855,KH01476,422,2024-10-01,2,12003004,24006008,Ví điện tử,Đã hủy
DH01856,KH01657,26,2024-11-14,2,23522794,47045588,Thẻ ngân hàng,Đang giao
DH01857,KH01941,7,2024-12-26,3,4357180,13071540,Ví điện tử,Đã giao
DH01858,KH00795,454,2025-12-25,3,24379043,73137129,COD,Đã hủy
DH01859,KH01611,6,2025-09-24,1,15618829,15618829,COD,Đã giao
DH01860,KH01571,125,2025-12-06,2,13225929,26451858,Thẻ ngân hàng,Đang giao
DH01861,KH01757,151,2025-11-08,3,14524360,43573080,COD,Đã hủy
DH01862,KH00536,268,2024-12-15,3,20509489,61528467,Chuyển khoản,Đang giao
DH01863,KH00053,402,2025-06-15,3,14448552,43345656,Ví điện tử,Đang giao
DH01864,KH00598,156,2024-08-04,2,23900042,47800084,Ví điện tử,Đã hủy
DH01865,KH00424,392,2024-04-12,3,2439684,7319052,COD,Đã hủy
DH01866,KH01496,67,2024-10-16,3,2603224,7809672,Thẻ ngân hàng,Đã hủy
DH01867,KH01645,397,2025-05-25,2,23886813,47773626,COD,Đã hủy
DH01868,KH00847,68,2024-04-05,3,14423549,43270647,Ví điện tử,Đã hủy
DH01869,KH00139,198,2024-06-16,1,13851809,13851809,Chuyển khoản,Đã giao
DH01870,KH00797,263,2025-10-22,2,5779215,11558430,Thẻ ngân hàng,Đã hủy
DH01871,KH00155,397,2025-06-11,3,23886813,71660439,Chuyển khoản,Đã hủy
DH01872,KH01117,374,2025-01-12,2,17616582,35233164,Chuyển khoản,Đã giao
DH01873,KH01117,114,2025-06-15,3,5461510,16384530,COD,Đang giao
DH01874,KH00688,261,2025-12-02,1,8666850,8666850,COD,Đang giao
DH01875,KH00046,412,2024-08-05,3,5966347,17899041,Ví điện tử,Đang giao
DH01876,KH00616,155,2025-03-20,2,23734363,47468726,Thẻ ngân hàng,Đã giao
DH01877,KH00616,295,2025-10-31,3,2326130,6978390,Chuyển khoản,Đã giao
DH01878,KH00043,89,2025-09-05,2,15656852,31313704,Ví điện tử,Đang giao
DH01879,KH00218,237,2025-11-01,2,5969756,11939512,COD,Đã giao
DH01880,KH01234,450,2024-07-25,3,19208894,57626682,Ví điện tử,Đã giao
DH01881,KH00009,81,2025-08-05,3,11760834,35282502,Ví điện tử,Đã giao
DH01882,KH01898,288,2025-07-10,1,11145011,11145011,Chuyển khoản,Đã giao
DH01883,KH00085,153,2024-04-23,1,9382132,9382132,Ví điện tử,Đã giao
DH01884,KH01240,61,2025-10-30,3,11543600,34630800,Ví điện tử,Đang giao
DH01885,KH01421,25,2024-09-22,2,7741025,15482050,Thẻ ngân hàng,Đã hủy
DH01886,KH00657,149,2025-09-24,3,20816892,62450676,Chuyển khoản,Đã hủy
DH01887,KH00774,9,2024-02-13,1,2348573,2348573,COD,Đã hủy
DH01888,KH00518,441,2025-10-02,2,18385006,36770012,Chuyển khoản,Đang giao
DH01889,KH01637,376,2024-04-23,1,7479061,7479061,Chuyển khoản,Đang giao
DH01890,KH01780,458,2025-01-10,3,3104580,9313740,Chuyển khoản,Đã giao
DH01891,KH01855,146,2024-04-06,1,19268450,19268450,Thẻ ngân hàng,Đang giao
DH01892,KH00797,121,2025-06-19,1,22194333,22194333,Thẻ ngân hàng,Đang giao
DH01893,KH00634,411,2024-07-02,1,15292733,15292733,Chuyển khoản,Đang giao
DH01894,KH00291,315,2025-03-10,2,7916762,15833524,Chuyển khoản,Đã giao
DH01895,KH00032,400,2024-02-18,1,19389256,19389256,COD,Đang giao
DH01896,KH01938,90,2025-02-09,2,19909796,39819592,Ví điện tử,Đang giao
DH01897,KH01893,321,2025-09-22,1,9556944,9556944,Chuyển khoản,Đã hủy
DH01898,KH00521,366,2025-09-05,3,7038014,21114042,COD,Đã hủy
DH01899,KH00955,485,2025-05-24,2,2937854,5875708,COD,Đã hủy
DH01900,KH01116,252,2024-03-02,1,18216160,18216160,Chuyển khoản,Đang giao
DH01901,KH01110,63,2024-02-10,2,25365618,50731236,Ví điện tử,Đang giao
DH01902,KH01378,13,2025-12-28,3,24933847,74801541,Ví điện tử,Đã hủy
DH01903,KH01519,153,2025-09-18,1,9382132,9382132,Thẻ ngân hàng,Đang giao
DH01904,KH01659,369,2025-10-23,1,10752264,10752264,COD,Đang giao
DH01905,KH01561,121,2025-09-19,2,22194333,44388666,COD,Đang giao
DH01906,KH00666,489,2025-05-18,2,23457899,46915798,COD,Đang giao
DH01907,KH01550,117,2024-06-27,1,1822241,1822241,Thẻ ngân hàng,Đã giao
DH01908,KH01539,106,2024-02-21,2,3358747,6717494,COD,Đang giao
DH01909,KH01216,238,2025-03-03,3,8768981,26306943,COD,Đã hủy
DH01910,KH00879,365,2025-09-18,2,15480351,30960702,Chuyển khoản,Đang giao
DH01911,KH00783,472,2025-10-24,2,24725902,49451804,COD,Đã giao
DH01912,KH00617,164,2025-10-17,1,12450217,12450217,Ví điện tử,Đã hủy
DH01913,KH00589,196,2024-12-25,2,9383000,18766000,Thẻ ngân hàng,Đã giao
DH01914,KH01559,129,2024-09-28,2,7748973,15497946,Chuyển khoản,Đã giao
DH01915,KH01533,60,2024-10-08,3,10296353,30889059,Ví điện tử,Đã hủy
DH01916,KH01806,333,2024-04-18,2,4723884,9447768,Ví điện tử,Đã hủy
DH01917,KH01316,452,2024-11-08,1,6422656,6422656,Chuyển khoản,Đã hủy
DH01918,KH00171,353,2025-10-08,2,17335247,34670494,Ví điện tử,Đã hủy
DH01919,KH00922,353,2025-10-09,1,17335247,17335247,Thẻ ngân hàng,Đã giao
DH01920,KH00379,432,2024-11-23,3,25961408,77884224,Thẻ ngân hàng,Đã hủy
DH01921,KH00837,289,2024-01-13,1,4921805,4921805,Thẻ ngân hàng,Đã giao
DH01922,KH00913,263,2025-09-03,1,5779215,5779215,Thẻ ngân hàng,Đang giao
DH01923,KH00253,432,2024-07-19,2,25961408,51922816,Ví điện tử,Đã hủy
DH01924,KH00195,413,2024-12-09,1,19949073,19949073,COD,Đang giao
DH01925,KH00688,468,2025-02-08,2,21281263,42562526,Thẻ ngân hàng,Đang giao
DH01926,KH01814,451,2024-12-19,2,18801455,37602910,Chuyển khoản,Đã hủy
DH01927,KH00206,49,2025-12-07,2,10127878,20255756,Ví điện tử,Đã giao
DH01928,KH01198,391,2025-08-07,3,14598944,43796832,COD,Đã hủy
DH01929,KH01987,217,2024-11-20,2,21518753,43037506,Chuyển khoản,Đã giao
DH01930,KH01739,462,2024-01-03,3,16447832,49343496,COD,Đã giao
DH01931,KH00404,80,2024-01-29,3,15432098,46296294,Thẻ ngân hàng,Đã hủy
DH01932,KH01285,166,2025-05-22,2,17284447,34568894,Thẻ ngân hàng,Đang giao
DH01933,KH01018,156,2025-03-13,2,23900042,47800084,Ví điện tử,Đang giao
DH01934,KH01509,126,2024-12-30,2,7453646,14907292,Ví điện tử,Đang giao
DH01935,KH01028,266,2025-03-25,2,8991711,17983422,Thẻ ngân hàng,Đã hủy
DH01936,KH01871,17,2024-01-15,3,11252793,33758379,Ví điện tử,Đang giao
DH01937,KH01442,384,2025-10-25,2,7946719,15893438,Chuyển khoản,Đã hủy
DH01938,KH00457,109,2024-02-11,2,8310763,16621526,Chuyển khoản,Đang giao
DH01939,KH00029,92,2024-01-28,1,11092983,11092983,COD,Đã hủy
DH01940,KH01363,327,2024-06-15,1,6561107,6561107,Thẻ ngân hàng,Đang giao
DH01941,KH01656,5,2024-01-17,3,6035905,18107715,Ví điện tử,Đã hủy
DH01942,KH01277,311,2025-06-15,2,20701272,41402544,Chuyển khoản,Đang giao
DH01943,KH01413,50,2024-08-30,3,16126277,48378831,COD,Đã giao
DH01944,KH01506,189,2024-08-19,2,21341902,42683804,COD,Đã hủy
DH01945,KH01795,116,2025-10-07,2,17991157,35982314,COD,Đã giao
DH01946,KH01284,176,2024-12-21,3,12520307,37560921,Ví điện tử,Đã hủy
DH01947,KH01580,98,2024-03-18,1,25849081,25849081,Ví điện tử,Đang giao
DH01948,KH00519,447,2024-02-05,3,13793804,41381412,Ví điện tử,Đã hủy
DH01949,KH00841,294,2024-12-11,2,20611090,41222180,Chuyển khoản,Đang giao
DH01950,KH00052,459,2025-11-22,2,21165935,42331870,COD,Đã giao
DH01951,KH00950,115,2025-06-20,3,24228127,72684381,Thẻ ngân hàng,Đang giao
DH01952,KH00992,348,2024-07-06,2,16075438,32150876,Ví điện tử,Đã hủy
DH01953,KH00405,37,2024-03-17,3,24694673,74084019,Thẻ ngân hàng,Đang giao
DH01954,KH00191,26,2024-02-08,3,23522794,70568382,Chuyển khoản,Đã giao
DH01955,KH01349,437,2025-05-07,2,20884762,41769524,Chuyển khoản,Đã hủy
DH01956,KH01456,28,2025-12-06,1,8340920,8340920,Chuyển khoản,Đang giao
DH01957,KH00042,188,2024-09-12,2,2213985,4427970,Ví điện tử,Đang giao
DH01958,KH00620,261,2025-12-20,3,8666850,26000550,Thẻ ngân hàng,Đã giao
DH01959,KH01030,112,2024-08-04,1,21786528,21786528,Thẻ ngân hàng,Đang giao
DH01960,KH01079,158,2025-01-10,3,2814097,8442291,Chuyển khoản,Đã hủy
DH01961,KH01307,432,2025-05-16,2,25961408,51922816,Chuyển khoản,Đang giao
DH01962,KH00161,343,2025-04-09,3,17874359,53623077,Thẻ ngân hàng,Đã hủy
DH01963,KH00050,404,2024-03-03,3,24793579,74380737,Thẻ ngân hàng,Đã hủy
DH01964,KH01861,9,2025-04-06,1,2348573,2348573,Ví điện tử,Đang giao
DH01965,KH00062,122,2025-01-19,3,18283116,54849348,COD,Đang giao
DH01966,KH01209,421,2024-06-03,3,22589235,67767705,Thẻ ngân hàng,Đang giao
DH01967,KH01164,438,2024-06-12,3,19966047,59898141,COD,Đã giao
DH01968,KH01510,332,2025-12-26,2,16273428,32546856,COD,Đang giao
DH01969,KH01879,38,2025-11-19,3,25625870,76877610,Thẻ ngân hàng,Đã hủy
DH01970,KH01314,356,2024-07-12,1,23139278,23139278,Thẻ ngân hàng,Đang giao
DH01971,KH01601,499,2025-12-22,1,11225264,11225264,Thẻ ngân hàng,Đã hủy
DH01972,KH01723,65,2025-01-20,1,20123002,20123002,COD,Đã giao
DH01973,KH00846,180,2024-08-14,3,5187803,15563409,Ví điện tử,Đã hủy
DH01974,KH00997,369,2024-07-20,3,10752264,32256792,Chuyển khoản,Đang giao
DH01975,KH00787,230,2025-04-18,3,4583309,13749927,Thẻ ngân hàng,Đã hủy
DH01976,KH01308,167,2025-12-03,2,19477755,38955510,COD,Đã giao
DH01977,KH00251,486,2024-11-22,2,14815928,29631856,Ví điện tử,Đã giao
DH01978,KH00142,292,2025-02-18,3,15283078,45849234,COD,Đã giao
DH01979,KH01244,463,2025-01-02,1,14123822,14123822,Chuyển khoản,Đã giao
DH01980,KH01098,210,2024-03-22,3,20061356,60184068,Thẻ ngân hàng,Đã hủy
DH01981,KH00472,195,2025-04-21,3,2797518,8392554,COD,Đang giao
DH01982,KH01265,433,2025-09-12,3,2223429,6670287,Thẻ ngân hàng,Đã giao
DH01983,KH01443,409,2024-04-19,1,25383281,25383281,Chuyển khoản,Đã hủy
DH01984,KH00757,234,2025-11-13,3,12378563,37135689,COD,Đã giao
DH01985,KH00575,148,2024-12-05,2,24016044,48032088,Thẻ ngân hàng,Đã hủy
DH01986,KH01349,80,2025-04-11,2,15432098,30864196,COD,Đã giao
DH01987,KH00839,170,2025-04-18,1,18830250,18830250,COD,Đang giao
DH01988,KH01987,181,2024-04-13,1,1690676,1690676,Thẻ ngân hàng,Đã hủy
DH01989,KH00598,197,2025-02-07,1,1767828,1767828,Ví điện tử,Đã giao
DH01990,KH00218,415,2024-08-10,1,23483261,23483261,COD,Đã hủy
DH01991,KH00733,243,2024-11-16,3,9384883,28154649,Ví điện tử,Đã giao
DH01992,KH00178,95,2024-02-10,3,17932883,53798649,Thẻ ngân hàng,Đang giao
DH01993,KH00973,295,2024-01-18,1,2326130,2326130,Chuyển khoản,Đã hủy
DH01994,KH01421,483,2024-06-21,1,9287345,9287345,Thẻ ngân hàng,Đang giao
DH01995,KH00392,125,2025-01-28,1,13225929,13225929,Chuyển khoản,Đã giao
DH01996,KH01991,161,2025-05-09,2,5421161,10842322,Thẻ ngân hàng,Đã hủy
DH01997,KH01366,419,2025-02-12,3,14450529,43351587,Ví điện tử,Đang giao
DH01998,KH01203,259,2024-03-05,2,2352165,4704330,Ví điện tử,Đã giao
DH01999,KH01263,309,2024-06-30,2,16160657,32321314,Chuyển khoản,Đang giao
DH02000,KH01773,206,2024-03-01,1,9160201,9160201,Chuyển khoản,Đã giao
DH02001,KH01160,131,2025-11-02,1,2156224,2156224,COD,Đang giao
DH02002,KH01870,79,2025-06-02,1,5712887,5712887,COD,Đang giao
DH02003,KH00150,450,2025-12-15,2,19208894,38417788,Ví điện tử,Đã hủy
DH02004,KH01879,122,2025-11-08,2,18283116,36566232,Chuyển khoản,Đang giao
DH02005,KH01709,197,2025-10-14,1,1767828,1767828,Chuyển khoản,Đã giao
DH02006,KH00353,26,2025-10-24,2,23522794,47045588,COD,Đang giao
DH02007,KH01871,428,2024-09-04,1,8623074,8623074,COD,Đã hủy
DH02008,KH01556,211,2024-04-08,3,19060983,57182949,Thẻ ngân hàng,Đã hủy
DH02009,KH00488,422,2025-09-07,2,12003004,24006008,Chuyển khoản,Đã giao
DH02010,KH01874,315,2025-03-18,3,7916762,23750286,Chuyển khoản,Đã giao
DH02011,KH01318,167,2025-02-05,1,19477755,19477755,Ví điện tử,Đã hủy
DH02012,KH01255,65,2024-11-23,2,20123002,40246004,Chuyển khoản,Đang giao
DH02013,KH00821,131,2024-06-14,1,2156224,2156224,Ví điện tử,Đang giao
DH02014,KH00980,426,2025-05-25,1,22978827,22978827,COD,Đang giao
DH02015,KH01313,73,2025-05-04,3,13467563,40402689,COD,Đã giao
DH02016,KH00394,340,2024-06-10,1,2512853,2512853,COD,Đang giao
DH02017,KH00772,143,2025-11-29,2,5091764,10183528,Thẻ ngân hàng,Đã giao
DH02018,KH01611,5,2025-01-03,2,6035905,12071810,Ví điện tử,Đang giao
DH02019,KH01596,30,2024-02-07,1,22850493,22850493,COD,Đã hủy
DH02020,KH00591,236,2024-08-21,3,25624479,76873437,Ví điện tử,Đang giao
DH02021,KH01833,196,2024-06-24,3,9383000,28149000,COD,Đã hủy
DH02022,KH00682,270,2024-04-03,1,15138021,15138021,Chuyển khoản,Đã giao
DH02023,KH00439,36,2025-11-10,1,4440658,4440658,Thẻ ngân hàng,Đang giao
DH02024,KH00270,435,2025-08-12,1,4349985,4349985,Chuyển khoản,Đã giao
DH02025,KH01214,47,2025-12-05,3,2363748,7091244,Ví điện tử,Đã giao
DH02026,KH01413,99,2024-10-23,3,22557878,67673634,COD,Đang giao
DH02027,KH00274,37,2024-01-17,3,24694673,74084019,Thẻ ngân hàng,Đang giao
DH02028,KH01757,227,2024-10-17,1,23575212,23575212,Ví điện tử,Đã hủy
DH02029,KH01504,150,2025-09-04,3,22175650,66526950,Chuyển khoản,Đã giao
DH02030,KH01309,302,2024-12-03,1,1904905,1904905,COD,Đang giao
DH02031,KH01453,426,2024-12-19,1,22978827,22978827,COD,Đã hủy
DH02032,KH00725,301,2024-10-18,3,23179464,69538392,Thẻ ngân hàng,Đã giao
DH02033,KH00706,287,2024-04-15,2,10898911,21797822,COD,Đã hủy
DH02034,KH01597,347,2025-01-18,2,10484449,20968898,COD,Đã hủy
DH02035,KH01358,55,2025-05-14,1,17890818,17890818,Chuyển khoản,Đã giao
DH02036,KH01845,150,2025-07-09,2,22175650,44351300,Chuyển khoản,Đang giao
DH02037,KH00349,469,2025-01-26,2,24833142,49666284,COD,Đã hủy
DH02038,KH00020,205,2025-03-19,1,11351137,11351137,Chuyển khoản,Đã hủy
DH02039,KH01597,305,2025-05-03,3,19848099,59544297,Thẻ ngân hàng,Đã giao
DH02040,KH00551,344,2024-09-08,1,15192156,15192156,Thẻ ngân hàng,Đã hủy
DH02041,KH00828,222,2025-09-07,3,24480557,73441671,Chuyển khoản,Đang giao
DH02042,KH01307,176,2025-06-21,1,12520307,12520307,Chuyển khoản,Đã hủy
DH02043,KH01582,277,2025-09-25,3,20673499,62020497,COD,Đã giao
DH02044,KH01164,423,2025-11-28,2,11205935,22411870,Ví điện tử,Đã hủy
DH02045,KH00008,271,2024-03-31,1,8962577,8962577,COD,Đang giao
DH02046,KH01170,130,2025-05-13,2,8364943,16729886,Ví điện tử,Đã giao
DH02047,KH01357,276,2024-10-17,3,11889649,35668947,Thẻ ngân hàng,Đang giao
DH02048,KH01016,89,2025-12-25,2,15656852,31313704,Thẻ ngân hàng,Đã giao
DH02049,KH00527,209,2024-07-20,3,11044537,33133611,Thẻ ngân hàng,Đang giao
DH02050,KH00125,226,2025-02-08,3,24912858,74738574,Chuyển khoản,Đã hủy
DH02051,KH01874,440,2025-02-19,2,21263667,42527334,Chuyển khoản,Đã giao
DH02052,KH00072,128,2025-01-14,2,5789660,11579320,Thẻ ngân hàng,Đã giao
DH02053,KH00845,435,2024-01-15,3,4349985,13049955,Thẻ ngân hàng,Đã hủy
DH02054,KH01437,308,2024-11-09,1,23205555,23205555,Ví điện tử,Đang giao
DH02055,KH01463,167,2024-03-16,3,19477755,58433265,COD,Đã hủy
DH02056,KH01692,230,2024-08-30,2,4583309,9166618,Chuyển khoản,Đang giao
DH02057,KH00224,303,2025-01-13,3,19460829,58382487,Ví điện tử,Đã hủy
DH02058,KH01201,492,2025-10-20,3,8668431,26005293,COD,Đã giao
DH02059,KH00232,42,2024-12-22,1,4888990,4888990,Ví điện tử,Đang giao
DH02060,KH00715,344,2024-05-31,1,15192156,15192156,Thẻ ngân hàng,Đã giao
DH02061,KH00524,103,2025-04-12,3,17996106,53988318,Ví điện tử,Đã hủy
DH02062,KH01505,176,2024-01-04,2,12520307,25040614,Chuyển khoản,Đang giao
DH02063,KH01097,226,2025-02-09,3,24912858,74738574,Thẻ ngân hàng,Đang giao
DH02064,KH00701,219,2025-09-28,3,20274689,60824067,Thẻ ngân hàng,Đang giao
DH02065,KH01194,332,2025-11-15,2,16273428,32546856,Chuyển khoản,Đã giao
DH02066,KH01064,369,2025-10-20,3,10752264,32256792,Thẻ ngân hàng,Đang giao
DH02067,KH01400,460,2025-06-02,1,15973168,15973168,Thẻ ngân hàng,Đã hủy
DH02068,KH01037,389,2024-12-24,2,2247745,4495490,Chuyển khoản,Đang giao
DH02069,KH00764,386,2024-12-27,3,11489944,34469832,COD,Đã hủy
DH02070,KH01875,274,2025-05-20,3,8049917,24149751,Ví điện tử,Đã giao
DH02071,KH00694,150,2024-07-27,1,22175650,22175650,Thẻ ngân hàng,Đang giao
DH02072,KH01018,107,2024-09-29,2,15707585,31415170,COD,Đang giao
DH02073,KH01089,31,2025-12-24,2,19561998,39123996,Ví điện tử,Đã giao
DH02074,KH01464,494,2024-12-17,1,4606985,4606985,Chuyển khoản,Đang giao
DH02075,KH01929,111,2024-10-26,3,5190528,15571584,Chuyển khoản,Đang giao
DH02076,KH00985,294,2025-03-03,3,20611090,61833270,Thẻ ngân hàng,Đã giao
DH02077,KH01794,404,2024-02-11,2,24793579,49587158,Chuyển khoản,Đã giao
DH02078,KH00944,263,2024-08-25,3,5779215,17337645,COD,Đang giao
DH02079,KH01018,82,2024-10-01,1,6348395,6348395,Thẻ ngân hàng,Đã hủy
DH02080,KH00280,279,2025-12-13,1,22313060,22313060,Thẻ ngân hàng,Đã giao
DH02081,KH01548,150,2024-03-19,3,22175650,66526950,Ví điện tử,Đã hủy
DH02082,KH00978,277,2025-01-13,2,20673499,41346998,Ví điện tử,Đang giao
DH02083,KH01696,33,2024-04-15,3,16395207,49185621,Ví điện tử,Đã hủy
DH02084,KH01147,302,2024-12-05,1,1904905,1904905,Chuyển khoản,Đang giao
DH02085,KH00225,264,2024-08-05,1,7333700,7333700,COD,Đã giao
DH02086,KH01527,353,2024-12-21,3,17335247,52005741,Thẻ ngân hàng,Đang giao
DH02087,KH01292,255,2024-04-11,3,11357464,34072392,Ví điện tử,Đã hủy
DH02088,KH01685,375,2025-12-22,2,22543381,45086762,Thẻ ngân hàng,Đã giao
DH02089,KH00351,16,2025-09-25,3,1902478,5707434,Thẻ ngân hàng,Đã giao
DH02090,KH01999,142,2025-03-23,3,23627613,70882839,Ví điện tử,Đã hủy
DH02091,KH01641,296,2024-03-12,2,7282780,14565560,Thẻ ngân hàng,Đã hủy
DH02092,KH01530,38,2024-01-15,2,25625870,51251740,COD,Đang giao
DH02093,KH01133,285,2025-09-19,2,6209359,12418718,COD,Đang giao
DH02094,KH00412,327,2025-04-03,2,6561107,13122214,Chuyển khoản,Đang giao
DH02095,KH00428,28,2025-10-24,2,8340920,16681840,COD,Đã giao
DH02096,KH01862,357,2024-11-30,2,4857102,9714204,Thẻ ngân hàng,Đã hủy
DH02097,KH00357,496,2024-03-24,3,14220784,42662352,COD,Đang giao
DH02098,KH01350,494,2025-12-10,2,4606985,9213970,Thẻ ngân hàng,Đã giao
DH02099,KH01617,482,2024-06-05,3,25397322,76191966,Ví điện tử,Đang giao
DH02100,KH00971,100,2024-07-03,2,3300603,6601206,Ví điện tử,Đang giao
DH02101,KH01695,348,2025-12-20,3,16075438,48226314,Chuyển khoản,Đã giao
DH02102,KH00277,287,2025-04-28,3,10898911,32696733,Thẻ ngân hàng,Đã giao
DH02103,KH00012,252,2024-12-29,1,18216160,18216160,COD,Đang giao
DH02104,KH01437,395,2024-06-09,1,15941796,15941796,COD,Đang giao
DH02105,KH01030,193,2024-01-15,3,12107524,36322572,Ví điện tử,Đang giao
DH02106,KH01910,57,2024-08-12,3,19310306,57930918,COD,Đang giao
DH02107,KH00740,442,2024-12-26,1,14674667,14674667,Ví điện tử,Đang giao
DH02108,KH01967,217,2024-08-01,3,21518753,64556259,Chuyển khoản,Đã hủy
DH02109,KH01515,92,2025-10-12,1,11092983,11092983,Thẻ ngân hàng,Đã hủy
DH02110,KH01669,305,2024-11-29,3,19848099,59544297,COD,Đang giao
DH02111,KH01338,346,2025-06-24,3,15198565,45595695,Chuyển khoản,Đang giao
DH02112,KH00041,30,2025-10-17,3,22850493,68551479,Chuyển khoản,Đã giao
DH02113,KH01203,45,2024-06-25,1,22446227,22446227,Ví điện tử,Đang giao
DH02114,KH00248,407,2024-11-28,1,22242654,22242654,Chuyển khoản,Đã hủy
DH02115,KH00935,68,2024-07-30,3,14423549,43270647,Ví điện tử,Đã giao
DH02116,KH00032,158,2024-01-18,1,2814097,2814097,Ví điện tử,Đang giao
DH02117,KH00657,79,2025-08-09,2,5712887,11425774,Chuyển khoản,Đang giao
DH02118,KH01856,353,2024-07-20,3,17335247,52005741,Ví điện tử,Đã hủy
DH02119,KH01421,390,2025-03-06,2,7428418,14856836,Ví điện tử,Đã hủy
DH02120,KH00330,308,2024-08-22,1,23205555,23205555,Ví điện tử,Đã giao
DH02121,KH01935,498,2025-08-08,3,19498927,58496781,COD,Đã hủy
DH02122,KH01837,325,2025-10-23,2,16561482,33122964,COD,Đã hủy
DH02123,KH01017,312,2025-04-08,3,22250953,66752859,Ví điện tử,Đã giao
DH02124,KH00417,237,2025-06-23,1,5969756,5969756,COD,Đã giao
DH02125,KH00565,15,2025-12-17,2,21879885,43759770,COD,Đang giao
DH02126,KH01098,482,2024-02-03,2,25397322,50794644,Thẻ ngân hàng,Đã giao
DH02127,KH01304,43,2024-01-10,3,14663576,43990728,Thẻ ngân hàng,Đang giao
DH02128,KH01485,349,2024-04-18,3,19870600,59611800,Thẻ ngân hàng,Đã giao
DH02129,KH00504,164,2025-03-29,2,12450217,24900434,Chuyển khoản,Đã giao
DH02130,KH00407,125,2024-07-25,1,13225929,13225929,Chuyển khoản,Đã giao
DH02131,KH00189,207,2025-09-18,2,11794425,23588850,COD,Đang giao
DH02132,KH00623,456,2025-11-27,3,1907183,5721549,COD,Đang giao
DH02133,KH00993,411,2025-12-04,1,15292733,15292733,COD,Đang giao
DH02134,KH00885,95,2024-10-12,2,17932883,35865766,COD,Đã hủy
DH02135,KH00238,193,2025-11-18,1,12107524,12107524,Chuyển khoản,Đã hủy
DH02136,KH00808,398,2025-11-06,2,4672398,9344796,Thẻ ngân hàng,Đang giao
DH02137,KH01637,429,2025-12-16,2,13157569,26315138,Chuyển khoản,Đã giao
DH02138,KH01497,224,2025-09-12,3,17686916,53060748,Thẻ ngân hàng,Đã hủy
DH02139,KH01778,498,2024-06-07,2,19498927,38997854,Ví điện tử,Đang giao
DH02140,KH01525,275,2024-12-25,1,1991880,1991880,Ví điện tử,Đã giao
DH02141,KH01361,141,2025-08-30,2,22227393,44454786,Ví điện tử,Đã hủy
DH02142,KH00371,221,2024-12-19,3,18603561,55810683,Ví điện tử,Đang giao
DH02143,KH00465,219,2025-10-05,2,20274689,40549378,COD,Đang giao
DH02144,KH00853,141,2025-06-25,2,22227393,44454786,Ví điện tử,Đã giao
DH02145,KH00349,128,2025-01-24,3,5789660,17368980,Chuyển khoản,Đang giao
DH02146,KH01363,476,2025-05-10,3,5610573,16831719,Ví điện tử,Đang giao
DH02147,KH00056,441,2024-04-01,2,18385006,36770012,COD,Đã giao
DH02148,KH00709,282,2024-04-10,3,9983595,29950785,COD,Đã hủy
DH02149,KH01953,471,2024-08-09,1,25755884,25755884,Ví điện tử,Đã hủy
DH02150,KH00293,183,2025-12-16,3,25583781,76751343,Thẻ ngân hàng,Đã hủy
DH02151,KH00065,106,2025-08-15,3,3358747,10076241,COD,Đã hủy
DH02152,KH01651,294,2025-03-25,2,20611090,41222180,Thẻ ngân hàng,Đang giao
DH02153,KH01445,91,2024-12-07,3,20666588,61999764,Chuyển khoản,Đã hủy
DH02154,KH00412,170,2025-12-15,2,18830250,37660500,Chuyển khoản,Đã hủy
DH02155,KH00853,84,2025-08-30,2,5916601,11833202,COD,Đã giao
DH02156,KH01072,206,2025-08-04,3,9160201,27480603,Chuyển khoản,Đã hủy
DH02157,KH00408,93,2025-12-26,3,14686287,44058861,Ví điện tử,Đã giao
DH02158,KH00495,314,2024-06-13,1,21535304,21535304,Ví điện tử,Đang giao
DH02159,KH00434,73,2025-10-29,3,13467563,40402689,COD,Đã giao
DH02160,KH01755,82,2025-01-02,2,6348395,12696790,Thẻ ngân hàng,Đã giao
DH02161,KH00238,365,2024-06-07,3,15480351,46441053,Thẻ ngân hàng,Đã giao
DH02162,KH01842,298,2025-11-06,2,19424399,38848798,Thẻ ngân hàng,Đã giao
DH02163,KH01868,40,2024-04-06,3,13768783,41306349,Chuyển khoản,Đã giao
DH02164,KH00438,251,2025-07-30,3,11288407,33865221,Chuyển khoản,Đã hủy
DH02165,KH00465,288,2025-11-06,1,11145011,11145011,Thẻ ngân hàng,Đã hủy
DH02166,KH01704,80,2025-05-01,3,15432098,46296294,Ví điện tử,Đã giao
DH02167,KH01932,384,2024-11-08,2,7946719,15893438,Chuyển khoản,Đã hủy
DH02168,KH00756,77,2025-10-13,2,20281855,40563710,Ví điện tử,Đã hủy
DH02169,KH00819,184,2025-05-09,2,17356432,34712864,Chuyển khoản,Đang giao
DH02170,KH01564,468,2024-07-10,1,21281263,21281263,Ví điện tử,Đã giao
DH02171,KH00242,76,2024-06-15,1,25092737,25092737,Chuyển khoản,Đã hủy
DH02172,KH01603,357,2024-01-02,2,4857102,9714204,COD,Đang giao
DH02173,KH00956,394,2025-03-11,1,14325309,14325309,Chuyển khoản,Đã hủy
DH02174,KH01886,80,2024-07-05,3,15432098,46296294,Thẻ ngân hàng,Đã hủy
DH02175,KH01293,152,2024-04-02,2,11691816,23383632,Thẻ ngân hàng,Đang giao
DH02176,KH01207,151,2024-12-29,1,14524360,14524360,Chuyển khoản,Đã hủy
DH02177,KH01397,198,2024-03-12,2,13851809,27703618,COD,Đã giao
DH02178,KH01887,97,2025-04-25,3,20721508,62164524,Ví điện tử,Đã hủy
DH02179,KH00390,450,2024-08-23,1,19208894,19208894,COD,Đang giao
DH02180,KH01887,469,2024-01-04,3,24833142,74499426,Thẻ ngân hàng,Đã giao
DH02181,KH00999,116,2025-08-17,1,17991157,17991157,COD,Đang giao
DH02182,KH00946,366,2025-02-17,3,7038014,21114042,COD,Đã giao
DH02183,KH00602,123,2025-11-29,3,5880587,17641761,Thẻ ngân hàng,Đã hủy
DH02184,KH01999,254,2025-03-28,1,7786382,7786382,COD,Đã hủy
DH02185,KH00826,334,2024-03-17,1,7901528,7901528,COD,Đang giao
DH02186,KH00522,425,2024-06-17,1,12382069,12382069,Thẻ ngân hàng,Đã hủy
DH02187,KH00487,41,2025-05-02,1,23214519,23214519,Thẻ ngân hàng,Đã hủy
DH02188,KH00371,324,2025-11-26,2,5235456,10470912,Thẻ ngân hàng,Đã hủy
DH02189,KH01489,138,2025-10-23,2,24036792,48073584,Thẻ ngân hàng,Đã hủy
DH02190,KH00853,147,2024-06-09,3,13624031,40872093,Ví điện tử,Đã giao
DH02191,KH01805,268,2024-07-11,1,20509489,20509489,Ví điện tử,Đang giao
DH02192,KH01628,387,2025-12-12,1,3436274,3436274,Ví điện tử,Đã hủy
DH02193,KH00348,89,2025-02-27,1,15656852,15656852,COD,Đang giao
DH02194,KH01188,313,2025-01-13,2,2770705,5541410,Thẻ ngân hàng,Đang giao
DH02195,KH00084,404,2024-06-01,1,24793579,24793579,COD,Đã giao
DH02196,KH01722,451,2024-07-22,3,18801455,56404365,Thẻ ngân hàng,Đã hủy
DH02197,KH01778,427,2025-09-08,2,12881666,25763332,Thẻ ngân hàng,Đang giao
DH02198,KH01037,307,2025-01-08,3,2970393,8911179,Thẻ ngân hàng,Đã giao
DH02199,KH01775,407,2024-06-05,2,22242654,44485308,Ví điện tử,Đã hủy
DH02200,KH00404,289,2025-08-08,2,4921805,9843610,Ví điện tử,Đã giao
DH02201,KH00734,297,2025-12-21,1,3729757,3729757,Ví điện tử,Đang giao
DH02202,KH00060,102,2024-05-25,1,13562744,13562744,Chuyển khoản,Đã giao
DH02203,KH01513,90,2024-10-03,3,19909796,59729388,Chuyển khoản,Đã hủy
DH02204,KH01260,260,2024-03-27,3,5169564,15508692,Chuyển khoản,Đã giao
DH02205,KH01008,107,2025-04-03,1,15707585,15707585,Ví điện tử,Đã giao
DH02206,KH00659,189,2024-02-18,2,21341902,42683804,Thẻ ngân hàng,Đã hủy
DH02207,KH01270,355,2024-04-19,2,19241391,38482782,Thẻ ngân hàng,Đã giao
DH02208,KH01182,50,2025-12-29,3,16126277,48378831,COD,Đang giao
DH02209,KH01913,264,2025-12-09,2,7333700,14667400,Ví điện tử,Đã giao
DH02210,KH01317,218,2025-04-26,3,7876105,23628315,Chuyển khoản,Đã hủy
DH02211,KH01676,486,2025-01-28,3,14815928,44447784,COD,Đã hủy
DH02212,KH00096,74,2025-05-07,3,2460854,7382562,Chuyển khoản,Đã hủy
DH02213,KH01585,402,2025-01-17,2,14448552,28897104,Ví điện tử,Đã hủy
DH02214,KH00540,78,2025-04-20,2,10074989,20149978,Thẻ ngân hàng,Đã hủy
DH02215,KH01655,332,2025-09-22,3,16273428,48820284,Ví điện tử,Đã giao
DH02216,KH00494,275,2025-09-21,2,1991880,3983760,Chuyển khoản,Đã hủy
DH02217,KH00523,457,2024-02-23,3,24221919,72665757,Ví điện tử,Đã giao
DH02218,KH00378,495,2024-12-08,1,24537951,24537951,Ví điện tử,Đã hủy
DH02219,KH00912,174,2024-01-12,1,24577473,24577473,Chuyển khoản,Đang giao
DH02220,KH01976,5,2025-01-26,2,6035905,12071810,Ví điện tử,Đã giao
DH02221,KH00173,215,2025-06-25,2,22688954,45377908,Thẻ ngân hàng,Đã hủy
DH02222,KH00289,492,2024-01-27,1,8668431,8668431,Thẻ ngân hàng,Đã hủy
DH02223,KH00999,410,2024-07-01,3,12647688,37943064,Chuyển khoản,Đã hủy
DH02224,KH01970,433,2024-06-20,3,2223429,6670287,Ví điện tử,Đang giao
DH02225,KH01580,222,2024-02-20,2,24480557,48961114,COD,Đang giao
DH02226,KH00396,288,2025-01-21,3,11145011,33435033,COD,Đang giao
DH02227,KH01021,229,2025-04-26,1,5955017,5955017,COD,Đang giao
DH02228,KH00993,275,2025-07-01,1,1991880,1991880,COD,Đã hủy
DH02229,KH00557,415,2025-07-08,2,23483261,46966522,Chuyển khoản,Đang giao
DH02230,KH01192,394,2025-11-04,1,14325309,14325309,Ví điện tử,Đã giao
DH02231,KH01879,223,2025-12-11,1,2575778,2575778,Chuyển khoản,Đã giao
DH02232,KH01246,223,2025-07-09,2,2575778,5151556,Ví điện tử,Đã giao
DH02233,KH00494,397,2025-01-23,1,23886813,23886813,Ví điện tử,Đã giao
DH02234,KH00850,140,2025-05-11,2,13589526,27179052,Chuyển khoản,Đã hủy
DH02235,KH00397,51,2024-08-21,3,18354531,55063593,COD,Đang giao
DH02236,KH00021,28,2025-09-14,3,8340920,25022760,Ví điện tử,Đang giao
DH02237,KH00683,183,2024-02-05,1,25583781,25583781,Chuyển khoản,Đang giao
DH02238,KH00008,56,2024-02-04,1,3656281,3656281,COD,Đang giao
DH02239,KH00495,22,2024-05-07,1,24114298,24114298,Thẻ ngân hàng,Đã hủy
DH02240,KH01457,206,2024-09-29,1,9160201,9160201,Ví điện tử,Đã hủy
DH02241,KH00106,325,2025-09-13,1,16561482,16561482,Ví điện tử,Đã hủy
DH02242,KH00009,241,2024-12-05,2,14883376,29766752,Thẻ ngân hàng,Đã hủy
DH02243,KH01838,36,2024-03-19,2,4440658,8881316,Chuyển khoản,Đang giao
DH02244,KH01564,226,2025-01-28,3,24912858,74738574,Chuyển khoản,Đang giao
DH02245,KH01281,272,2025-11-15,2,15085613,30171226,COD,Đã hủy
DH02246,KH01299,145,2025-04-03,3,13595803,40787409,COD,Đã hủy
DH02247,KH01797,74,2024-03-01,3,2460854,7382562,Thẻ ngân hàng,Đang giao
DH02248,KH00859,62,2025-01-09,3,17040933,51122799,COD,Đã hủy
DH02249,KH00861,153,2024-10-26,1,9382132,9382132,Chuyển khoản,Đã giao
DH02250,KH01937,281,2024-05-18,3,6520993,19562979,Ví điện tử,Đã giao
DH02251,KH00409,122,2025-01-20,3,18283116,54849348,Thẻ ngân hàng,Đang giao
DH02252,KH01165,459,2024-04-15,2,21165935,42331870,Thẻ ngân hàng,Đang giao
DH02253,KH00420,183,2024-06-11,3,25583781,76751343,Ví điện tử,Đang giao
DH02254,KH01289,271,2024-11-22,2,8962577,17925154,Chuyển khoản,Đã giao
DH02255,KH00669,385,2025-08-24,2,9022052,18044104,Thẻ ngân hàng,Đã hủy
DH02256,KH01782,296,2024-05-06,1,7282780,7282780,Thẻ ngân hàng,Đã giao
DH02257,KH01603,99,2024-09-07,1,22557878,22557878,COD,Đã giao
DH02258,KH00139,248,2025-02-01,2,22980553,45961106,COD,Đã hủy
DH02259,KH01972,248,2024-03-19,3,22980553,68941659,Chuyển khoản,Đã hủy
DH02260,KH01365,38,2024-06-06,2,25625870,51251740,COD,Đang giao
DH02261,KH01509,185,2024-10-20,2,5305149,10610298,Thẻ ngân hàng,Đã hủy
DH02262,KH01485,39,2024-04-26,2,5958851,11917702,Thẻ ngân hàng,Đã hủy
DH02263,KH01555,387,2025-03-29,1,3436274,3436274,Ví điện tử,Đang giao
DH02264,KH00438,53,2024-02-29,3,18088695,54266085,Chuyển khoản,Đã hủy
DH02265,KH01298,263,2024-08-09,3,5779215,17337645,Thẻ ngân hàng,Đã giao
DH02266,KH01966,318,2024-08-15,3,23570935,70712805,Ví điện tử,Đang giao
DH02267,KH01332,410,2025-09-14,1,12647688,12647688,COD,Đã giao
DH02268,KH00234,173,2024-07-24,1,8932665,8932665,Ví điện tử,Đang giao
DH02269,KH00120,177,2025-05-19,2,6101695,12203390,Thẻ ngân hàng,Đang giao
DH02270,KH00817,131,2024-09-20,2,2156224,4312448,Ví điện tử,Đã hủy
DH02271,KH01725,369,2024-06-17,1,10752264,10752264,Thẻ ngân hàng,Đã giao
DH02272,KH01140,485,2025-12-03,1,2937854,2937854,Chuyển khoản,Đã giao
DH02273,KH00878,369,2024-02-29,2,10752264,21504528,Ví điện tử,Đang giao
DH02274,KH01208,105,2025-10-27,1,9768220,9768220,Chuyển khoản,Đã giao
DH02275,KH00254,68,2025-01-18,1,14423549,14423549,Chuyển khoản,Đã giao
DH02276,KH01836,6,2025-04-07,2,15618829,31237658,Ví điện tử,Đã hủy
DH02277,KH01614,397,2025-07-20,1,23886813,23886813,Chuyển khoản,Đã giao
DH02278,KH01147,367,2024-05-05,3,21910738,65732214,Ví điện tử,Đang giao
DH02279,KH00712,299,2025-07-13,2,10443833,20887666,Ví điện tử,Đã hủy
DH02280,KH00764,408,2024-02-08,1,17462807,17462807,Ví điện tử,Đã hủy
DH02281,KH01168,237,2025-07-29,1,5969756,5969756,COD,Đã hủy
DH02282,KH00246,477,2025-05-10,3,17019502,51058506,COD,Đã giao
DH02283,KH00402,154,2025-05-24,2,5917692,11835384,Ví điện tử,Đã hủy
DH02284,KH00393,441,2025-05-15,1,18385006,18385006,Ví điện tử,Đã hủy
DH02285,KH01517,98,2025-03-20,3,25849081,77547243,Chuyển khoản,Đang giao
DH02286,KH01355,414,2025-08-21,3,8838663,26515989,Thẻ ngân hàng,Đã giao
DH02287,KH01273,218,2024-04-21,2,7876105,15752210,Ví điện tử,Đã giao
DH02288,KH01393,13,2024-09-09,3,24933847,74801541,Chuyển khoản,Đã hủy
DH02289,KH00333,333,2024-07-27,2,4723884,9447768,Thẻ ngân hàng,Đã giao
DH02290,KH01712,423,2025-11-07,1,11205935,11205935,Chuyển khoản,Đang giao
DH02291,KH00148,175,2025-08-20,2,4766108,9532216,Ví điện tử,Đã hủy
DH02292,KH01692,267,2025-06-12,2,20768736,41537472,Chuyển khoản,Đã giao
DH02293,KH01195,292,2025-07-11,1,15283078,15283078,Thẻ ngân hàng,Đã hủy
DH02294,KH01245,70,2024-10-06,2,24683647,49367294,Thẻ ngân hàng,Đã giao
DH02295,KH00582,347,2025-05-04,3,10484449,31453347,Thẻ ngân hàng,Đã giao
DH02296,KH01957,444,2025-03-27,3,24721344,74164032,Chuyển khoản,Đang giao
DH02297,KH00112,447,2024-09-22,1,13793804,13793804,Chuyển khoản,Đã giao
DH02298,KH01555,1,2025-07-10,1,5597326,5597326,Ví điện tử,Đã hủy
DH02299,KH00593,407,2025-03-10,1,22242654,22242654,Thẻ ngân hàng,Đã hủy
DH02300,KH01113,106,2025-01-20,3,3358747,10076241,Thẻ ngân hàng,Đang giao
DH02301,KH01835,359,2024-05-12,3,18193067,54579201,Thẻ ngân hàng,Đã giao
DH02302,KH01647,109,2025-10-13,2,8310763,16621526,Thẻ ngân hàng,Đã hủy
DH02303,KH01215,369,2025-03-28,3,10752264,32256792,Ví điện tử,Đang giao
DH02304,KH00148,412,2025-09-08,1,5966347,5966347,Ví điện tử,Đang giao
DH02305,KH01580,423,2025-01-03,3,11205935,33617805,Chuyển khoản,Đang giao
DH02306,KH00591,256,2024-05-08,2,7503626,15007252,COD,Đã giao
DH02307,KH01787,256,2024-03-04,3,7503626,22510878,Thẻ ngân hàng,Đã giao
DH02308,KH00567,16,2024-11-15,1,1902478,1902478,Chuyển khoản,Đã hủy
DH02309,KH01698,192,2024-05-10,1,10036440,10036440,Thẻ ngân hàng,Đang giao
DH02310,KH01415,381,2024-08-31,3,3635754,10907262,Thẻ ngân hàng,Đã giao
DH02311,KH00481,271,2024-04-06,2,8962577,17925154,COD,Đã giao
DH02312,KH00052,241,2024-03-14,3,14883376,44650128,COD,Đã hủy
DH02313,KH01034,228,2024-05-14,1,9625566,9625566,COD,Đang giao
DH02314,KH01032,142,2024-06-16,3,23627613,70882839,Chuyển khoản,Đã giao
DH02315,KH01356,469,2024-11-26,1,24833142,24833142,Thẻ ngân hàng,Đang giao
DH02316,KH01080,484,2025-03-05,3,9546339,28639017,Ví điện tử,Đã hủy
DH02317,KH01573,145,2025-05-23,3,13595803,40787409,COD,Đã hủy
DH02318,KH01690,407,2025-01-22,2,22242654,44485308,Chuyển khoản,Đã hủy
DH02319,KH01922,469,2025-12-06,1,24833142,24833142,Ví điện tử,Đã hủy
DH02320,KH00053,138,2025-10-18,2,24036792,48073584,Chuyển khoản,Đã giao
DH02321,KH00243,140,2025-01-02,1,13589526,13589526,COD,Đã hủy
DH02322,KH01552,81,2024-09-23,2,11760834,23521668,COD,Đang giao
DH02323,KH01503,379,2024-06-06,1,11024419,11024419,COD,Đã hủy
DH02324,KH01017,94,2024-07-14,1,4892461,4892461,Ví điện tử,Đã giao
DH02325,KH00600,404,2025-12-18,2,24793579,49587158,COD,Đã hủy
DH02326,KH01249,268,2024-01-04,1,20509489,20509489,Chuyển khoản,Đang giao
DH02327,KH00918,216,2024-05-03,1,13741880,13741880,COD,Đã hủy
DH02328,KH00829,324,2024-06-14,2,5235456,10470912,Ví điện tử,Đã giao
DH02329,KH00249,47,2025-12-02,1,2363748,2363748,Chuyển khoản,Đã giao
DH02330,KH01922,107,2024-03-07,3,15707585,47122755,Ví điện tử,Đang giao
DH02331,KH00323,448,2024-07-21,2,1655313,3310626,Chuyển khoản,Đang giao
DH02332,KH01120,216,2024-08-07,1,13741880,13741880,Thẻ ngân hàng,Đã hủy
DH02333,KH00474,388,2024-07-31,3,12500788,37502364,COD,Đã giao
DH02334,KH01566,48,2025-11-30,3,10369706,31109118,Ví điện tử,Đã giao
DH02335,KH00368,333,2025-05-13,3,4723884,14171652,Thẻ ngân hàng,Đã giao
DH02336,KH01857,179,2024-05-20,3,23021297,69063891,COD,Đang giao
DH02337,KH00739,326,2025-08-18,3,10657286,31971858,Ví điện tử,Đã giao
DH02338,KH00901,35,2025-12-10,1,5481589,5481589,Chuyển khoản,Đã hủy
DH02339,KH01578,403,2024-09-23,3,10108987,30326961,Ví điện tử,Đang giao
DH02340,KH01663,47,2025-06-24,2,2363748,4727496,Ví điện tử,Đã giao
DH02341,KH00837,230,2025-12-02,3,4583309,13749927,Ví điện tử,Đã giao
DH02342,KH00955,275,2024-01-15,1,1991880,1991880,Chuyển khoản,Đã giao
DH02343,KH00895,8,2024-02-12,2,16791775,33583550,Thẻ ngân hàng,Đã hủy
DH02344,KH00175,430,2024-04-27,3,11677101,35031303,Ví điện tử,Đã giao
DH02345,KH00705,136,2024-11-28,1,13200645,13200645,Ví điện tử,Đang giao
DH02346,KH01766,384,2025-08-03,2,7946719,15893438,Thẻ ngân hàng,Đang giao
DH02347,KH00357,359,2024-06-06,1,18193067,18193067,Chuyển khoản,Đang giao
DH02348,KH01889,426,2024-09-01,3,22978827,68936481,Thẻ ngân hàng,Đang giao
DH02349,KH01873,478,2025-05-01,2,8623329,17246658,Chuyển khoản,Đang giao
DH02350,KH01735,296,2024-09-24,1,7282780,7282780,Ví điện tử,Đã hủy
DH02351,KH00874,145,2024-07-04,2,13595803,27191606,Chuyển khoản,Đã giao
DH02352,KH00768,389,2024-10-02,3,2247745,6743235,Ví điện tử,Đã hủy
DH02353,KH01862,272,2025-06-30,1,15085613,15085613,COD,Đã giao
DH02354,KH00366,157,2024-06-07,2,10354320,20708640,COD,Đã hủy
DH02355,KH01189,382,2025-08-21,2,23997672,47995344,Chuyển khoản,Đang giao
DH02356,KH01862,111,2025-01-23,3,5190528,15571584,Ví điện tử,Đã hủy
DH02357,KH01506,434,2025-01-25,2,20511341,41022682,Thẻ ngân hàng,Đang giao
DH02358,KH01129,405,2025-07-17,3,6786774,20360322,Ví điện tử,Đã hủy
DH02359,KH01875,204,2025-03-01,1,6098253,6098253,COD,Đã giao
DH02360,KH01627,196,2024-06-05,1,9383000,9383000,Chuyển khoản,Đã hủy
DH02361,KH01457,263,2025-02-09,2,5779215,11558430,Ví điện tử,Đã giao
DH02362,KH01504,117,2024-11-30,3,1822241,5466723,COD,Đang giao
DH02363,KH01010,367,2024-09-20,2,21910738,43821476,Chuyển khoản,Đang giao
DH02364,KH00062,381,2025-12-23,2,3635754,7271508,Ví điện tử,Đang giao
DH02365,KH00488,288,2024-05-03,2,11145011,22290022,COD,Đã hủy
DH02366,KH01308,75,2025-08-31,3,1572912,4718736,Chuyển khoản,Đã hủy
DH02367,KH01383,62,2025-01-13,3,17040933,51122799,Ví điện tử,Đã giao
DH02368,KH01179,261,2024-11-24,2,8666850,17333700,Thẻ ngân hàng,Đã giao
DH02369,KH01077,262,2025-09-17,2,15404344,30808688,COD,Đã hủy
DH02370,KH01341,265,2025-04-12,2,18875655,37751310,COD,Đã hủy
DH02371,KH00552,94,2025-11-29,3,4892461,14677383,Chuyển khoản,Đã giao
DH02372,KH01507,230,2024-08-30,3,4583309,13749927,Thẻ ngân hàng,Đã hủy
DH02373,KH00788,493,2024-12-21,1,5355143,5355143,COD,Đang giao
DH02374,KH00409,277,2024-06-16,2,20673499,41346998,Thẻ ngân hàng,Đã giao
DH02375,KH01408,392,2024-02-22,2,2439684,4879368,Ví điện tử,Đã giao
DH02376,KH00315,355,2025-07-22,2,19241391,38482782,Chuyển khoản,Đã giao
DH02377,KH01151,294,2025-05-31,2,20611090,41222180,Ví điện tử,Đã giao
DH02378,KH00474,461,2024-11-24,3,13898840,41696520,Chuyển khoản,Đã giao
DH02379,KH00587,298,2024-03-16,2,19424399,38848798,Thẻ ngân hàng,Đã giao
DH02380,KH00614,113,2024-06-18,2,9188480,18376960,COD,Đang giao
DH02381,KH01053,411,2025-01-31,1,15292733,15292733,Chuyển khoản,Đang giao
DH02382,KH00037,109,2025-10-08,2,8310763,16621526,Ví điện tử,Đã giao
DH02383,KH01950,276,2024-02-09,3,11889649,35668947,Ví điện tử,Đã hủy
DH02384,KH00143,386,2024-05-26,1,11489944,11489944,Ví điện tử,Đã giao
DH02385,KH01633,243,2025-03-23,3,9384883,28154649,Chuyển khoản,Đã giao
DH02386,KH01456,41,2024-10-19,3,23214519,69643557,COD,Đã hủy
DH02387,KH00518,11,2025-10-25,1,10235878,10235878,Thẻ ngân hàng,Đã hủy
DH02388,KH01080,461,2024-08-13,1,13898840,13898840,Chuyển khoản,Đang giao
DH02389,KH00921,44,2025-03-03,1,12890144,12890144,Chuyển khoản,Đã giao
DH02390,KH01196,136,2024-12-29,2,13200645,26401290,Thẻ ngân hàng,Đã hủy
DH02391,KH01327,496,2025-03-04,3,14220784,42662352,Thẻ ngân hàng,Đang giao
DH02392,KH00098,56,2024-03-16,2,3656281,7312562,Chuyển khoản,Đang giao
DH02393,KH01398,445,2025-08-16,3,3753037,11259111,Thẻ ngân hàng,Đang giao
DH02394,KH00162,161,2024-09-28,2,5421161,10842322,Thẻ ngân hàng,Đã hủy
DH02395,KH01682,179,2024-01-05,3,23021297,69063891,Ví điện tử,Đã giao
DH02396,KH01932,223,2024-05-31,2,2575778,5151556,Thẻ ngân hàng,Đã giao
DH02397,KH00457,339,2025-08-04,1,7585126,7585126,Chuyển khoản,Đã giao
DH02398,KH00344,165,2024-04-28,2,25319024,50638048,Chuyển khoản,Đã giao
DH02399,KH01987,74,2024-10-25,1,2460854,2460854,Ví điện tử,Đã giao
DH02400,KH00121,358,2025-04-03,2,8803419,17606838,Ví điện tử,Đã giao
DH02401,KH01902,437,2025-07-19,3,20884762,62654286,Ví điện tử,Đang giao
DH02402,KH00409,11,2025-03-22,3,10235878,30707634,Chuyển khoản,Đã giao
DH02403,KH01972,78,2025-07-08,3,10074989,30224967,Ví điện tử,Đã giao
DH02404,KH01637,149,2024-07-04,1,20816892,20816892,Thẻ ngân hàng,Đã giao
DH02405,KH00116,337,2024-11-12,2,16155694,32311388,Thẻ ngân hàng,Đã giao
DH02406,KH00947,45,2025-05-22,3,22446227,67338681,Chuyển khoản,Đã giao
DH02407,KH00306,297,2025-12-09,3,3729757,11189271,Thẻ ngân hàng,Đã giao
DH02408,KH00900,479,2025-11-10,2,24995661,49991322,Chuyển khoản,Đang giao
DH02409,KH00716,83,2024-06-18,3,10278942,30836826,COD,Đã hủy
DH02410,KH01932,364,2024-05-15,2,14254399,28508798,Ví điện tử,Đã giao
DH02411,KH01505,89,2025-03-02,3,15656852,46970556,Chuyển khoản,Đang giao
DH02412,KH00683,323,2024-01-01,3,8114299,24342897,Chuyển khoản,Đã giao
DH02413,KH01170,291,2025-02-03,2,19063989,38127978,Thẻ ngân hàng,Đã giao
DH02414,KH01279,103,2024-12-17,2,17996106,35992212,Chuyển khoản,Đang giao
DH02415,KH00003,1,2025-11-09,2,5597326,11194652,Ví điện tử,Đã giao
DH02416,KH00510,481,2024-05-18,1,11804603,11804603,Ví điện tử,Đã hủy
DH02417,KH01370,91,2025-06-24,3,20666588,61999764,Thẻ ngân hàng,Đã giao
DH02418,KH00565,109,2025-12-20,2,8310763,16621526,Thẻ ngân hàng,Đã hủy
DH02419,KH00263,71,2024-09-25,3,20920065,62760195,Ví điện tử,Đã giao
DH02420,KH01419,194,2025-03-23,1,10519150,10519150,Ví điện tử,Đã giao
DH02421,KH00789,3,2024-11-02,2,23951194,47902388,Ví điện tử,Đã hủy
DH02422,KH01616,462,2024-02-12,1,16447832,16447832,Chuyển khoản,Đã giao
DH02423,KH01893,472,2024-07-26,3,24725902,74177706,Thẻ ngân hàng,Đang giao
DH02424,KH00158,241,2024-03-30,1,14883376,14883376,Chuyển khoản,Đã giao
DH02425,KH00695,328,2025-12-29,1,19906025,19906025,Thẻ ngân hàng,Đã hủy
DH02426,KH00029,287,2025-08-29,3,10898911,32696733,Chuyển khoản,Đã giao
DH02427,KH00475,75,2024-05-03,2,1572912,3145824,Thẻ ngân hàng,Đã hủy
DH02428,KH00970,210,2025-06-02,3,20061356,60184068,Chuyển khoản,Đang giao
DH02429,KH01280,186,2025-05-12,1,11833611,11833611,Chuyển khoản,Đang giao
DH02430,KH00884,317,2025-06-01,3,3451035,10353105,Thẻ ngân hàng,Đã hủy
DH02431,KH00186,407,2024-10-27,2,22242654,44485308,Thẻ ngân hàng,Đã giao
DH02432,KH00431,335,2025-10-01,1,6359823,6359823,Ví điện tử,Đã giao
DH02433,KH00135,197,2025-05-14,3,1767828,5303484,COD,Đang giao
DH02434,KH00198,494,2024-05-26,2,4606985,9213970,Ví điện tử,Đã hủy
DH02435,KH00453,243,2025-12-15,3,9384883,28154649,Ví điện tử,Đã giao
DH02436,KH01044,87,2025-05-08,3,1388487,4165461,COD,Đang giao
DH02437,KH00073,230,2024-02-19,2,4583309,9166618,Ví điện tử,Đang giao
DH02438,KH00171,16,2024-09-03,1,1902478,1902478,COD,Đang giao
DH02439,KH00032,249,2024-12-16,1,12650029,12650029,Thẻ ngân hàng,Đã hủy
DH02440,KH00189,370,2024-03-20,3,16487087,49461261,Chuyển khoản,Đã hủy
DH02441,KH01056,131,2024-08-12,1,2156224,2156224,Chuyển khoản,Đã hủy
DH02442,KH00702,188,2025-07-27,3,2213985,6641955,Thẻ ngân hàng,Đã hủy
DH02443,KH00757,87,2024-09-13,1,1388487,1388487,Ví điện tử,Đã giao
DH02444,KH00879,90,2024-10-13,3,19909796,59729388,Thẻ ngân hàng,Đã hủy
DH02445,KH01028,462,2025-01-14,1,16447832,16447832,Thẻ ngân hàng,Đã giao
DH02446,KH01832,422,2025-05-07,2,12003004,24006008,Chuyển khoản,Đã giao
DH02447,KH01437,359,2025-04-02,1,18193067,18193067,Ví điện tử,Đang giao
DH02448,KH00828,225,2025-11-18,2,17350639,34701278,Thẻ ngân hàng,Đã giao
DH02449,KH01386,483,2024-07-11,2,9287345,18574690,Ví điện tử,Đã hủy
DH02450,KH00077,451,2025-07-07,2,18801455,37602910,Thẻ ngân hàng,Đã hủy
DH02451,KH00653,31,2024-08-10,2,19561998,39123996,Ví điện tử,Đang giao
DH02452,KH00585,355,2024-02-22,1,19241391,19241391,Chuyển khoản,Đã giao
DH02453,KH01030,197,2025-09-11,3,1767828,5303484,Ví điện tử,Đã giao
DH02454,KH00280,314,2024-05-11,3,21535304,64605912,COD,Đã giao
DH02455,KH01743,460,2025-08-10,3,15973168,47919504,Chuyển khoản,Đã giao
DH02456,KH01194,48,2025-04-10,3,10369706,31109118,Ví điện tử,Đang giao
DH02457,KH00769,45,2025-10-23,1,22446227,22446227,COD,Đã giao
DH02458,KH01734,162,2024-11-14,2,16154689,32309378,Ví điện tử,Đang giao
DH02459,KH00185,276,2025-05-17,1,11889649,11889649,COD,Đang giao
DH02460,KH00510,16,2024-11-29,2,1902478,3804956,Chuyển khoản,Đã hủy
DH02461,KH01434,399,2025-10-22,1,2042288,2042288,Chuyển khoản,Đã hủy
DH02462,KH01003,272,2025-12-25,1,15085613,15085613,Thẻ ngân hàng,Đang giao
DH02463,KH00832,388,2025-10-08,1,12500788,12500788,Thẻ ngân hàng,Đang giao
DH02464,KH01837,368,2024-10-30,3,21192004,63576012,Ví điện tử,Đang giao
DH02465,KH00486,295,2024-04-17,2,2326130,4652260,Ví điện tử,Đã giao
DH02466,KH00882,247,2024-05-14,1,14840560,14840560,Thẻ ngân hàng,Đã giao
DH02467,KH01291,107,2025-08-10,1,15707585,15707585,Thẻ ngân hàng,Đã hủy
DH02468,KH00760,277,2024-06-18,2,20673499,41346998,Chuyển khoản,Đã giao
DH02469,KH01978,485,2024-04-14,1,2937854,2937854,COD,Đã hủy
DH02470,KH00383,8,2024-10-06,2,16791775,33583550,COD,Đang giao
DH02471,KH01198,389,2024-11-19,2,2247745,4495490,Thẻ ngân hàng,Đã giao
DH02472,KH00663,484,2024-12-08,2,9546339,19092678,Thẻ ngân hàng,Đã hủy
DH02473,KH01410,334,2024-08-02,3,7901528,23704584,Ví điện tử,Đang giao
DH02474,KH01026,55,2025-10-13,2,17890818,35781636,Thẻ ngân hàng,Đang giao
DH02475,KH01915,92,2024-01-16,1,11092983,11092983,Thẻ ngân hàng,Đã hủy
DH02476,KH00878,238,2024-06-07,1,8768981,8768981,Thẻ ngân hàng,Đã giao
DH02477,KH00462,80,2024-02-25,1,15432098,15432098,Thẻ ngân hàng,Đang giao
DH02478,KH01039,494,2024-08-30,3,4606985,13820955,Ví điện tử,Đang giao
DH02479,KH00803,205,2024-03-31,2,11351137,22702274,Ví điện tử,Đang giao
DH02480,KH01159,16,2024-04-21,1,1902478,1902478,COD,Đã hủy
DH02481,KH00384,170,2025-03-05,1,18830250,18830250,COD,Đã hủy
DH02482,KH01069,280,2025-03-31,1,25571963,25571963,Chuyển khoản,Đã hủy
DH02483,KH01387,89,2024-06-19,1,15656852,15656852,Ví điện tử,Đang giao
DH02484,KH00613,257,2024-11-17,3,22709217,68127651,Ví điện tử,Đã giao
DH02485,KH01442,138,2024-10-23,1,24036792,24036792,COD,Đang giao
DH02486,KH01732,91,2025-06-17,1,20666588,20666588,Thẻ ngân hàng,Đang giao
DH02487,KH01498,469,2024-01-22,3,24833142,74499426,Thẻ ngân hàng,Đã giao
DH02488,KH01856,80,2024-07-20,2,15432098,30864196,Thẻ ngân hàng,Đang giao
DH02489,KH00592,210,2024-05-04,1,20061356,20061356,COD,Đã giao
DH02490,KH01873,343,2025-03-14,1,17874359,17874359,Ví điện tử,Đã hủy
DH02491,KH01684,247,2024-11-24,2,14840560,29681120,Ví điện tử,Đã hủy
DH02492,KH01111,224,2025-03-02,2,17686916,35373832,COD,Đã hủy
DH02493,KH00571,270,2025-09-24,1,15138021,15138021,Ví điện tử,Đang giao
DH02494,KH01018,380,2025-03-01,3,7759711,23279133,Thẻ ngân hàng,Đã hủy
DH02495,KH01982,280,2025-09-09,1,25571963,25571963,Ví điện tử,Đã hủy
DH02496,KH00243,14,2025-06-10,1,7886377,7886377,Chuyển khoản,Đã giao
DH02497,KH00338,134,2024-07-08,1,24009450,24009450,COD,Đã giao
DH02498,KH01215,378,2024-01-19,1,5459248,5459248,Chuyển khoản,Đã hủy
DH02499,KH00906,342,2024-01-22,3,3872319,11616957,Chuyển khoản,Đang giao
DH02500,KH01365,117,2025-08-23,3,1822241,5466723,Chuyển khoản,Đang giao
DH02501,KH01503,302,2024-11-19,1,1904905,1904905,Thẻ ngân hàng,Đang giao
DH02502,KH00965,176,2024-06-20,1,12520307,12520307,Chuyển khoản,Đã hủy
DH02503,KH01470,464,2024-09-01,3,10451249,31353747,COD,Đang giao
DH02504,KH01323,279,2024-10-17,2,22313060,44626120,COD,Đã giao
DH02505,KH00589,158,2025-11-10,3,2814097,8442291,Ví điện tử,Đã giao
DH02506,KH01397,410,2025-10-25,3,12647688,37943064,Chuyển khoản,Đã hủy
DH02507,KH00257,164,2025-08-22,3,12450217,37350651,Thẻ ngân hàng,Đã giao
DH02508,KH00488,50,2024-08-20,1,16126277,16126277,Chuyển khoản,Đã giao
DH02509,KH01716,290,2025-02-02,2,14771023,29542046,Chuyển khoản,Đã giao
DH02510,KH01106,56,2024-09-10,2,3656281,7312562,Chuyển khoản,Đã giao
DH02511,KH00703,257,2025-09-02,3,22709217,68127651,Chuyển khoản,Đã giao
DH02512,KH01333,118,2024-10-03,2,6945092,13890184,Ví điện tử,Đã hủy
DH02513,KH01403,286,2024-10-05,1,3106273,3106273,COD,Đã hủy
DH02514,KH01270,163,2024-10-06,3,5148746,15446238,Ví điện tử,Đang giao
DH02515,KH00604,245,2024-11-08,2,11838005,23676010,Chuyển khoản,Đã giao
DH02516,KH01805,36,2025-09-14,1,4440658,4440658,Chuyển khoản,Đã hủy
DH02517,KH00108,183,2024-04-22,1,25583781,25583781,Thẻ ngân hàng,Đã giao
DH02518,KH00188,332,2024-03-04,2,16273428,32546856,Thẻ ngân hàng,Đã hủy
DH02519,KH00911,142,2025-02-12,1,23627613,23627613,Thẻ ngân hàng,Đã giao
DH02520,KH00309,97,2024-09-03,3,20721508,62164524,Thẻ ngân hàng,Đang giao
DH02521,KH00410,283,2025-07-15,1,9498824,9498824,Chuyển khoản,Đã giao
DH02522,KH00301,204,2024-05-01,3,6098253,18294759,Chuyển khoản,Đã giao
DH02523,KH01889,45,2025-08-25,3,22446227,67338681,Thẻ ngân hàng,Đã giao
DH02524,KH00286,195,2025-06-18,3,2797518,8392554,Ví điện tử,Đang giao
DH02525,KH01736,337,2025-07-17,3,16155694,48467082,Chuyển khoản,Đang giao
DH02526,KH00467,407,2024-04-07,1,22242654,22242654,Thẻ ngân hàng,Đã hủy
DH02527,KH01811,78,2024-02-07,2,10074989,20149978,COD,Đang giao
DH02528,KH00492,155,2025-10-17,2,23734363,47468726,Chuyển khoản,Đã giao
DH02529,KH00901,464,2025-03-26,3,10451249,31353747,Thẻ ngân hàng,Đã giao
DH02530,KH00449,260,2025-06-21,2,5169564,10339128,COD,Đang giao
DH02531,KH00561,349,2024-01-02,3,19870600,59611800,Chuyển khoản,Đã giao
DH02532,KH00043,124,2025-05-26,2,18670083,37340166,Ví điện tử,Đã hủy
DH02533,KH00430,154,2025-05-13,2,5917692,11835384,Ví điện tử,Đã hủy
DH02534,KH01954,309,2024-11-30,3,16160657,48481971,Thẻ ngân hàng,Đã hủy
DH02535,KH00011,181,2024-09-01,3,1690676,5072028,COD,Đã giao
DH02536,KH01846,132,2025-10-26,3,16198314,48594942,Ví điện tử,Đang giao
DH02537,KH00648,3,2024-10-07,3,23951194,71853582,Ví điện tử,Đã giao
DH02538,KH01878,420,2025-11-04,3,7580608,22741824,Chuyển khoản,Đang giao
DH02539,KH01177,374,2025-10-22,1,17616582,17616582,Ví điện tử,Đang giao
DH02540,KH01240,496,2024-05-18,1,14220784,14220784,Chuyển khoản,Đã giao
DH02541,KH00807,408,2024-07-18,3,17462807,52388421,Ví điện tử,Đã giao
DH02542,KH01830,108,2024-09-16,1,16704100,16704100,Chuyển khoản,Đang giao
DH02543,KH00896,365,2025-01-08,3,15480351,46441053,Thẻ ngân hàng,Đã hủy
DH02544,KH00481,190,2025-07-28,1,19493368,19493368,Chuyển khoản,Đang giao
DH02545,KH00694,19,2024-08-19,1,6165758,6165758,COD,Đã hủy
DH02546,KH00576,317,2025-01-27,2,3451035,6902070,COD,Đã giao
DH02547,KH00149,163,2024-03-30,3,5148746,15446238,Ví điện tử,Đang giao
DH02548,KH00710,234,2025-03-03,2,12378563,24757126,Ví điện tử,Đã hủy
DH02549,KH00448,156,2024-10-21,1,23900042,23900042,COD,Đã giao
DH02550,KH01290,276,2024-10-03,2,11889649,23779298,Thẻ ngân hàng,Đang giao
DH02551,KH01694,116,2024-03-22,2,17991157,35982314,Ví điện tử,Đã giao
DH02552,KH00424,1,2024-02-02,3,5597326,16791978,Thẻ ngân hàng,Đang giao
DH02553,KH00139,393,2024-02-06,2,15902198,31804396,COD,Đã giao
DH02554,KH01937,104,2025-07-06,2,21205978,42411956,COD,Đang giao
DH02555,KH00348,61,2024-06-07,2,11543600,23087200,COD,Đã hủy
DH02556,KH00614,126,2025-01-04,3,7453646,22360938,Ví điện tử,Đang giao
DH02557,KH01870,440,2024-09-13,1,21263667,21263667,Ví điện tử,Đang giao
DH02558,KH00634,104,2024-01-16,1,21205978,21205978,Chuyển khoản,Đã giao
DH02559,KH00726,231,2025-07-21,1,7056866,7056866,Chuyển khoản,Đang giao
DH02560,KH00879,468,2025-02-13,1,21281263,21281263,Chuyển khoản,Đang giao
DH02561,KH00530,50,2024-03-07,3,16126277,48378831,COD,Đang giao
DH02562,KH00091,157,2024-04-28,3,10354320,31062960,Ví điện tử,Đã hủy
DH02563,KH01208,321,2025-08-20,2,9556944,19113888,Chuyển khoản,Đã giao
DH02564,KH00245,442,2025-07-24,3,14674667,44024001,Thẻ ngân hàng,Đã giao
DH02565,KH01462,301,2024-10-12,3,23179464,69538392,COD,Đang giao
DH02566,KH00252,94,2025-05-22,1,4892461,4892461,Ví điện tử,Đang giao
DH02567,KH01697,169,2024-08-30,3,25706307,77118921,Thẻ ngân hàng,Đã giao
DH02568,KH01559,222,2025-10-11,1,24480557,24480557,COD,Đã giao
DH02569,KH01762,323,2024-09-02,1,8114299,8114299,COD,Đã hủy
DH02570,KH00825,34,2024-11-09,1,21526031,21526031,Thẻ ngân hàng,Đã giao
DH02571,KH00666,175,2025-06-05,1,4766108,4766108,Thẻ ngân hàng,Đã hủy
DH02572,KH00095,110,2025-02-10,3,2655742,7967226,Ví điện tử,Đang giao
DH02573,KH01770,218,2025-05-28,3,7876105,23628315,COD,Đã hủy
DH02574,KH01996,315,2024-02-05,2,7916762,15833524,COD,Đang giao
DH02575,KH01195,57,2025-02-02,2,19310306,38620612,Ví điện tử,Đã hủy
DH02576,KH01974,189,2024-01-15,1,21341902,21341902,Ví điện tử,Đã giao
DH02577,KH01609,106,2024-12-19,3,3358747,10076241,COD,Đang giao
DH02578,KH01266,124,2024-05-29,2,18670083,37340166,COD,Đang giao
DH02579,KH00676,411,2025-11-04,3,15292733,45878199,COD,Đã hủy
DH02580,KH01793,161,2024-07-24,1,5421161,5421161,Thẻ ngân hàng,Đã hủy
DH02581,KH01350,447,2025-08-31,1,13793804,13793804,Chuyển khoản,Đã giao
DH02582,KH01187,12,2025-02-11,3,11992784,35978352,Ví điện tử,Đã giao
DH02583,KH01628,342,2024-09-13,1,3872319,3872319,Thẻ ngân hàng,Đã giao
DH02584,KH01922,246,2024-09-14,2,4574511,9149022,Chuyển khoản,Đang giao
DH02585,KH01986,271,2025-09-19,3,8962577,26887731,Chuyển khoản,Đã giao
DH02586,KH01759,8,2024-11-24,2,16791775,33583550,COD,Đang giao
DH02587,KH01671,176,2025-04-15,3,12520307,37560921,Thẻ ngân hàng,Đã giao
DH02588,KH01261,301,2024-02-23,3,23179464,69538392,COD,Đã giao
DH02589,KH01780,127,2025-05-05,1,23583550,23583550,Thẻ ngân hàng,Đang giao
DH02590,KH01137,77,2025-06-09,3,20281855,60845565,Ví điện tử,Đã giao
DH02591,KH01183,372,2025-05-06,1,11933021,11933021,Thẻ ngân hàng,Đã giao
DH02592,KH01003,314,2024-10-01,2,21535304,43070608,Chuyển khoản,Đang giao
DH02593,KH00492,466,2024-10-29,1,16269792,16269792,COD,Đã hủy
DH02594,KH00512,356,2024-03-08,3,23139278,69417834,Ví điện tử,Đã hủy
DH02595,KH00105,65,2024-07-10,3,20123002,60369006,Thẻ ngân hàng,Đang giao
DH02596,KH01443,195,2024-01-13,2,2797518,5595036,COD,Đã hủy
DH02597,KH00744,274,2025-12-28,1,8049917,8049917,Ví điện tử,Đã giao
DH02598,KH00603,193,2025-04-10,1,12107524,12107524,Thẻ ngân hàng,Đang giao
DH02599,KH00270,210,2024-11-23,3,20061356,60184068,Chuyển khoản,Đã giao
DH02600,KH01106,96,2024-11-13,2,2158473,4316946,Ví điện tử,Đang giao
DH02601,KH00371,234,2025-12-08,3,12378563,37135689,COD,Đã giao
DH02602,KH01421,485,2025-02-01,1,2937854,2937854,Ví điện tử,Đã hủy
DH02603,KH00583,373,2024-03-29,2,17596085,35192170,Chuyển khoản,Đang giao
DH02604,KH00217,412,2024-05-03,2,5966347,11932694,Chuyển khoản,Đang giao
DH02605,KH01943,244,2025-03-22,1,16782990,16782990,Chuyển khoản,Đã hủy
DH02606,KH00224,437,2024-04-17,2,20884762,41769524,Ví điện tử,Đã hủy
DH02607,KH00674,469,2025-03-16,3,24833142,74499426,COD,Đã hủy
DH02608,KH01838,236,2024-05-20,3,25624479,76873437,COD,Đã giao
DH02609,KH00092,461,2024-02-16,2,13898840,27797680,Chuyển khoản,Đã giao
DH02610,KH00844,357,2025-10-19,3,4857102,14571306,COD,Đang giao
DH02611,KH00794,456,2024-06-22,3,1907183,5721549,Chuyển khoản,Đã giao
DH02612,KH01874,2,2024-05-21,1,2619639,2619639,Chuyển khoản,Đang giao
DH02613,KH00368,185,2025-07-12,3,5305149,15915447,Thẻ ngân hàng,Đã hủy
DH02614,KH01227,351,2024-08-26,2,13618008,27236016,COD,Đã giao
DH02615,KH00626,379,2024-05-15,2,11024419,22048838,Chuyển khoản,Đã hủy
DH02616,KH00319,366,2024-05-05,1,7038014,7038014,Ví điện tử,Đang giao
DH02617,KH01195,74,2025-05-20,1,2460854,2460854,Chuyển khoản,Đã giao
DH02618,KH01086,157,2025-11-22,1,10354320,10354320,Chuyển khoản,Đã hủy
DH02619,KH00348,310,2024-11-24,3,10351478,31054434,Chuyển khoản,Đã giao
DH02620,KH01096,332,2025-10-24,2,16273428,32546856,COD,Đã hủy
DH02621,KH00458,69,2025-10-09,1,13005856,13005856,Ví điện tử,Đã hủy
DH02622,KH01525,3,2025-06-12,2,23951194,47902388,Chuyển khoản,Đã giao
DH02623,KH01733,88,2025-08-20,1,15268123,15268123,Thẻ ngân hàng,Đang giao
DH02624,KH01983,53,2024-09-21,1,18088695,18088695,COD,Đã hủy
DH02625,KH00113,9,2025-01-11,1,2348573,2348573,Chuyển khoản,Đã hủy
DH02626,KH01287,273,2025-11-12,1,13267090,13267090,Ví điện tử,Đã giao
DH02627,KH00752,108,2025-02-02,1,16704100,16704100,Ví điện tử,Đã hủy
DH02628,KH01689,168,2024-10-01,3,4959346,14878038,Thẻ ngân hàng,Đã giao
DH02629,KH00630,314,2024-11-14,2,21535304,43070608,Ví điện tử,Đang giao
DH02630,KH01925,124,2025-04-10,2,18670083,37340166,COD,Đã giao
DH02631,KH00182,97,2025-11-25,1,20721508,20721508,COD,Đang giao
DH02632,KH00201,136,2024-09-07,1,13200645,13200645,Chuyển khoản,Đang giao
DH02633,KH01339,212,2025-05-05,1,9801647,9801647,Chuyển khoản,Đang giao
DH02634,KH01036,388,2025-10-21,1,12500788,12500788,Chuyển khoản,Đang giao
DH02635,KH00508,176,2025-01-09,1,12520307,12520307,COD,Đã giao
DH02636,KH01693,363,2024-11-18,1,13943365,13943365,COD,Đã hủy
DH02637,KH01496,419,2025-07-30,1,14450529,14450529,Ví điện tử,Đang giao
DH02638,KH00559,115,2025-05-12,1,24228127,24228127,Chuyển khoản,Đã giao
DH02639,KH01797,202,2025-04-20,3,10502987,31508961,COD,Đã hủy
DH02640,KH01509,468,2024-12-25,1,21281263,21281263,Thẻ ngân hàng,Đã hủy
DH02641,KH01554,34,2025-03-17,1,21526031,21526031,Chuyển khoản,Đang giao
DH02642,KH01414,234,2024-08-25,2,12378563,24757126,Chuyển khoản,Đang giao
DH02643,KH01632,286,2024-05-24,1,3106273,3106273,Chuyển khoản,Đang giao
DH02644,KH00660,449,2025-09-02,1,7676975,7676975,Chuyển khoản,Đã giao
DH02645,KH01864,330,2024-10-21,1,21871930,21871930,Chuyển khoản,Đã hủy
DH02646,KH00232,224,2025-04-06,1,17686916,17686916,Ví điện tử,Đã hủy
DH02647,KH01931,426,2024-02-26,1,22978827,22978827,Ví điện tử,Đã hủy
DH02648,KH00262,248,2025-04-07,2,22980553,45961106,COD,Đã giao
DH02649,KH00326,212,2024-04-14,3,9801647,29404941,Ví điện tử,Đã hủy
DH02650,KH00425,326,2024-05-11,2,10657286,21314572,COD,Đang giao
DH02651,KH01169,78,2024-12-15,2,10074989,20149978,Chuyển khoản,Đã hủy
DH02652,KH01463,496,2025-02-23,2,14220784,28441568,Ví điện tử,Đã giao
DH02653,KH00243,481,2025-01-09,3,11804603,35413809,Chuyển khoản,Đang giao
DH02654,KH01571,118,2025-08-15,1,6945092,6945092,Ví điện tử,Đang giao
DH02655,KH01434,24,2025-01-04,1,1688485,1688485,COD,Đang giao
DH02656,KH00011,57,2024-12-24,3,19310306,57930918,Ví điện tử,Đã hủy
DH02657,KH00681,87,2025-09-10,1,1388487,1388487,Thẻ ngân hàng,Đang giao
DH02658,KH00560,18,2025-05-05,1,8089438,8089438,Chuyển khoản,Đã giao
DH02659,KH01986,11,2025-04-05,2,10235878,20471756,Thẻ ngân hàng,Đã hủy
DH02660,KH01106,174,2025-02-17,1,24577473,24577473,COD,Đã hủy
DH02661,KH01255,43,2025-01-23,3,14663576,43990728,COD,Đang giao
DH02662,KH00322,343,2024-09-13,2,17874359,35748718,Thẻ ngân hàng,Đã giao
DH02663,KH01277,296,2024-05-24,2,7282780,14565560,COD,Đã hủy
DH02664,KH01522,483,2024-12-28,1,9287345,9287345,Chuyển khoản,Đã hủy
DH02665,KH00153,482,2025-06-11,1,25397322,25397322,Thẻ ngân hàng,Đã hủy
DH02666,KH00778,260,2025-06-05,3,5169564,15508692,COD,Đã giao
DH02667,KH01780,138,2025-09-08,3,24036792,72110376,Chuyển khoản,Đã hủy
DH02668,KH01413,311,2024-05-04,3,20701272,62103816,Thẻ ngân hàng,Đang giao
DH02669,KH01061,153,2025-12-17,3,9382132,28146396,Thẻ ngân hàng,Đã hủy
DH02670,KH01205,19,2025-01-05,2,6165758,12331516,Ví điện tử,Đã giao
DH02671,KH01632,493,2024-06-09,2,5355143,10710286,Chuyển khoản,Đã hủy
DH02672,KH01105,403,2024-01-02,2,10108987,20217974,Thẻ ngân hàng,Đã giao
DH02673,KH01688,212,2024-03-16,3,9801647,29404941,Thẻ ngân hàng,Đã hủy
DH02674,KH01766,143,2024-02-18,1,5091764,5091764,Thẻ ngân hàng,Đã giao
DH02675,KH01215,401,2024-06-11,3,3227628,9682884,Chuyển khoản,Đã hủy
DH02676,KH00973,433,2025-07-28,3,2223429,6670287,COD,Đã hủy
DH02677,KH00892,306,2024-06-03,2,9109540,18219080,Thẻ ngân hàng,Đã hủy
DH02678,KH01990,284,2025-11-24,3,7510427,22531281,Thẻ ngân hàng,Đang giao
DH02679,KH01642,376,2024-01-30,1,7479061,7479061,Thẻ ngân hàng,Đã giao
DH02680,KH01528,211,2025-09-07,1,19060983,19060983,COD,Đã giao
DH02681,KH01846,48,2024-01-13,1,10369706,10369706,COD,Đã hủy
DH02682,KH00424,302,2024-07-19,2,1904905,3809810,Chuyển khoản,Đã hủy
DH02683,KH00959,410,2025-11-07,1,12647688,12647688,Chuyển khoản,Đã giao
DH02684,KH01674,7,2025-06-29,1,4357180,4357180,COD,Đã giao
DH02685,KH01856,203,2025-09-25,1,2141244,2141244,Ví điện tử,Đã hủy
DH02686,KH01558,241,2025-01-25,3,14883376,44650128,Thẻ ngân hàng,Đã giao
DH02687,KH01667,315,2024-07-08,2,7916762,15833524,Ví điện tử,Đã hủy
DH02688,KH01084,413,2025-01-27,3,19949073,59847219,COD,Đã hủy
DH02689,KH01362,205,2024-03-24,2,11351137,22702274,Chuyển khoản,Đã giao
DH02690,KH01824,303,2024-12-02,2,19460829,38921658,COD,Đã giao
DH02691,KH00214,240,2025-12-27,2,23483447,46966894,Thẻ ngân hàng,Đang giao
DH02692,KH00302,106,2025-05-30,2,3358747,6717494,Thẻ ngân hàng,Đang giao
DH02693,KH01804,230,2025-06-14,3,4583309,13749927,COD,Đang giao
DH02694,KH01717,3,2024-05-22,3,23951194,71853582,Chuyển khoản,Đã giao
DH02695,KH01784,500,2025-11-10,2,12716509,25433018,Ví điện tử,Đã hủy
DH02696,KH01220,31,2024-10-18,1,19561998,19561998,Chuyển khoản,Đang giao
DH02697,KH01730,226,2025-05-24,2,24912858,49825716,COD,Đã hủy
DH02698,KH01002,257,2025-03-20,3,22709217,68127651,Ví điện tử,Đang giao
DH02699,KH01139,227,2024-07-29,2,23575212,47150424,Ví điện tử,Đang giao
DH02700,KH01241,167,2025-05-22,2,19477755,38955510,Ví điện tử,Đang giao
DH02701,KH01046,446,2024-01-11,1,10227214,10227214,COD,Đang giao
DH02702,KH00699,166,2025-12-02,1,17284447,17284447,Thẻ ngân hàng,Đã giao
DH02703,KH00646,195,2024-02-04,2,2797518,5595036,COD,Đã giao
DH02704,KH00886,463,2025-09-28,1,14123822,14123822,COD,Đã giao
DH02705,KH00168,362,2025-11-07,1,18686057,18686057,Chuyển khoản,Đã hủy
DH02706,KH00444,413,2025-03-21,1,19949073,19949073,Ví điện tử,Đã giao
DH02707,KH00944,31,2024-03-21,3,19561998,58685994,Ví điện tử,Đã giao
DH02708,KH00052,301,2024-09-05,1,23179464,23179464,Ví điện tử,Đã hủy
DH02709,KH00905,412,2025-06-15,1,5966347,5966347,COD,Đã giao
DH02710,KH00042,210,2024-04-08,3,20061356,60184068,Chuyển khoản,Đã hủy
DH02711,KH00983,414,2025-12-27,1,8838663,8838663,Thẻ ngân hàng,Đang giao
DH02712,KH00332,378,2024-03-30,3,5459248,16377744,Thẻ ngân hàng,Đang giao
DH02713,KH01152,104,2025-04-07,1,21205978,21205978,Chuyển khoản,Đã giao
DH02714,KH00809,267,2025-03-13,1,20768736,20768736,Ví điện tử,Đang giao
DH02715,KH00299,475,2024-07-29,1,23514632,23514632,Thẻ ngân hàng,Đang giao
DH02716,KH00018,25,2024-09-02,1,7741025,7741025,Thẻ ngân hàng,Đã giao
DH02717,KH01309,90,2025-08-05,3,19909796,59729388,COD,Đang giao
DH02718,KH00933,193,2025-11-03,1,12107524,12107524,Ví điện tử,Đã giao
DH02719,KH00812,160,2025-10-23,2,7269450,14538900,COD,Đã giao
DH02720,KH01914,238,2024-03-23,3,8768981,26306943,COD,Đã giao
DH02721,KH01250,33,2024-09-11,2,16395207,32790414,COD,Đã giao
DH02722,KH01661,275,2024-10-25,2,1991880,3983760,Ví điện tử,Đang giao
DH02723,KH00663,376,2024-03-11,1,7479061,7479061,Chuyển khoản,Đang giao
DH02724,KH00316,140,2024-11-23,2,13589526,27179052,Chuyển khoản,Đã hủy
DH02725,KH00369,232,2025-01-17,1,17350864,17350864,Ví điện tử,Đang giao
DH02726,KH00764,321,2024-09-01,3,9556944,28670832,COD,Đã hủy
DH02727,KH00667,462,2024-12-06,3,16447832,49343496,COD,Đang giao
DH02728,KH00072,414,2025-11-10,2,8838663,17677326,COD,Đã hủy
DH02729,KH01207,50,2025-10-07,1,16126277,16126277,Ví điện tử,Đã giao
DH02730,KH00143,212,2025-11-21,1,9801647,9801647,Ví điện tử,Đã hủy
DH02731,KH00383,495,2025-11-13,3,24537951,73613853,Thẻ ngân hàng,Đã hủy
DH02732,KH01869,254,2025-05-02,2,7786382,15572764,Ví điện tử,Đã giao
DH02733,KH01811,165,2024-04-17,1,25319024,25319024,Ví điện tử,Đã hủy
DH02734,KH00803,14,2024-03-09,3,7886377,23659131,Chuyển khoản,Đã hủy
DH02735,KH00963,38,2024-07-25,3,25625870,76877610,Chuyển khoản,Đã hủy
DH02736,KH01752,169,2025-05-28,3,25706307,77118921,Ví điện tử,Đang giao
DH02737,KH01763,257,2024-07-23,1,22709217,22709217,COD,Đang giao
DH02738,KH01500,105,2024-07-15,1,9768220,9768220,Thẻ ngân hàng,Đang giao
DH02739,KH00739,129,2024-01-28,3,7748973,23246919,COD,Đã hủy
DH02740,KH00528,280,2024-03-28,3,25571963,76715889,Thẻ ngân hàng,Đã giao
DH02741,KH01908,208,2025-12-29,2,16507221,33014442,Thẻ ngân hàng,Đã hủy
DH02742,KH01264,361,2025-04-13,3,2131412,6394236,Chuyển khoản,Đang giao
DH02743,KH00866,150,2025-03-28,3,22175650,66526950,Chuyển khoản,Đã hủy
DH02744,KH01632,305,2025-12-22,2,19848099,39696198,Thẻ ngân hàng,Đã hủy
DH02745,KH00266,226,2025-09-27,1,24912858,24912858,Thẻ ngân hàng,Đã giao
DH02746,KH01470,256,2024-11-13,1,7503626,7503626,Chuyển khoản,Đang giao
DH02747,KH01050,297,2024-10-30,3,3729757,11189271,Thẻ ngân hàng,Đã hủy
DH02748,KH01227,288,2025-12-18,3,11145011,33435033,Ví điện tử,Đang giao
DH02749,KH00775,344,2024-11-17,1,15192156,15192156,Ví điện tử,Đã hủy
DH02750,KH01952,124,2024-03-21,1,18670083,18670083,Ví điện tử,Đang giao
DH02751,KH01267,148,2024-04-22,2,24016044,48032088,Thẻ ngân hàng,Đang giao
DH02752,KH00458,440,2025-11-25,1,21263667,21263667,COD,Đang giao
DH02753,KH01222,228,2025-06-27,1,9625566,9625566,Thẻ ngân hàng,Đã hủy
DH02754,KH00175,476,2025-11-22,3,5610573,16831719,Ví điện tử,Đang giao
DH02755,KH01679,377,2024-06-15,2,12231914,24463828,Ví điện tử,Đang giao
DH02756,KH00743,2,2025-04-30,1,2619639,2619639,Thẻ ngân hàng,Đang giao
DH02757,KH01073,467,2025-03-22,2,6408461,12816922,COD,Đang giao
DH02758,KH01820,189,2025-08-25,1,21341902,21341902,Chuyển khoản,Đã giao
DH02759,KH01453,236,2025-06-10,3,25624479,76873437,Chuyển khoản,Đang giao
DH02760,KH00989,277,2024-01-04,3,20673499,62020497,COD,Đang giao
DH02761,KH01325,450,2025-11-13,1,19208894,19208894,Chuyển khoản,Đang giao
DH02762,KH00617,212,2025-10-30,1,9801647,9801647,Chuyển khoản,Đang giao
DH02763,KH00998,214,2025-01-17,2,21742788,43485576,COD,Đang giao
DH02764,KH01401,209,2025-12-17,3,11044537,33133611,Chuyển khoản,Đã hủy
DH02765,KH00132,123,2024-02-11,1,5880587,5880587,Thẻ ngân hàng,Đang giao
DH02766,KH01936,341,2025-01-03,2,24878704,49757408,COD,Đã giao
DH02767,KH00915,320,2024-10-08,3,13927009,41781027,COD,Đã hủy
DH02768,KH00826,360,2025-08-30,3,17479616,52438848,Thẻ ngân hàng,Đã hủy
DH02769,KH01423,274,2024-09-12,2,8049917,16099834,Ví điện tử,Đã hủy
DH02770,KH01205,194,2025-06-04,2,10519150,21038300,Chuyển khoản,Đã hủy
DH02771,KH00481,371,2024-06-29,2,15596681,31193362,Thẻ ngân hàng,Đã hủy
DH02772,KH01759,146,2024-05-14,2,19268450,38536900,Chuyển khoản,Đã hủy
DH02773,KH01593,138,2024-03-01,2,24036792,48073584,Thẻ ngân hàng,Đã giao
DH02774,KH00916,365,2025-05-27,2,15480351,30960702,COD,Đã hủy
DH02775,KH01959,252,2024-08-02,2,18216160,36432320,COD,Đang giao
DH02776,KH01208,181,2024-05-20,1,1690676,1690676,COD,Đang giao
DH02777,KH00706,442,2024-09-17,3,14674667,44024001,Ví điện tử,Đang giao
DH02778,KH00027,195,2025-01-08,3,2797518,8392554,Ví điện tử,Đang giao
DH02779,KH00088,358,2024-01-26,3,8803419,26410257,Thẻ ngân hàng,Đã hủy
DH02780,KH01443,350,2025-01-03,2,12090591,24181182,Thẻ ngân hàng,Đã giao
DH02781,KH00983,222,2025-04-29,1,24480557,24480557,Thẻ ngân hàng,Đã hủy
DH02782,KH00990,228,2025-02-19,2,9625566,19251132,Thẻ ngân hàng,Đang giao
DH02783,KH00450,79,2024-04-19,2,5712887,11425774,Ví điện tử,Đã giao
DH02784,KH01890,414,2024-08-08,1,8838663,8838663,COD,Đã hủy
DH02785,KH00230,72,2025-05-21,2,11915298,23830596,Ví điện tử,Đang giao
DH02786,KH01344,257,2024-11-09,2,22709217,45418434,Ví điện tử,Đã hủy
DH02787,KH00991,47,2025-03-15,1,2363748,2363748,COD,Đã giao
DH02788,KH01014,173,2024-07-06,2,8932665,17865330,Thẻ ngân hàng,Đang giao
DH02789,KH00205,211,2025-03-10,3,19060983,57182949,Thẻ ngân hàng,Đang giao
DH02790,KH00616,22,2024-04-26,3,24114298,72342894,Thẻ ngân hàng,Đã hủy
DH02791,KH00773,194,2025-05-18,3,10519150,31557450,Ví điện tử,Đã hủy
DH02792,KH00764,483,2024-10-11,1,9287345,9287345,Thẻ ngân hàng,Đã hủy
DH02793,KH01883,197,2025-07-22,3,1767828,5303484,Thẻ ngân hàng,Đang giao
DH02794,KH00440,337,2025-06-29,1,16155694,16155694,Ví điện tử,Đã giao
DH02795,KH01575,151,2024-06-16,1,14524360,14524360,Ví điện tử,Đã giao
DH02796,KH01309,289,2024-07-10,3,4921805,14765415,COD,Đã hủy
DH02797,KH01694,234,2025-08-31,2,12378563,24757126,Chuyển khoản,Đang giao
DH02798,KH00501,71,2024-02-20,3,20920065,62760195,COD,Đang giao
DH02799,KH00120,438,2025-03-26,2,19966047,39932094,Thẻ ngân hàng,Đã hủy
DH02800,KH00214,287,2025-04-27,3,10898911,32696733,Thẻ ngân hàng,Đã hủy
DH02801,KH01627,87,2024-10-01,2,1388487,2776974,Thẻ ngân hàng,Đã giao
DH02802,KH01075,387,2025-08-10,2,3436274,6872548,COD,Đã giao
DH02803,KH00128,242,2025-02-24,3,1536406,4609218,Chuyển khoản,Đang giao
DH02804,KH00727,436,2025-11-02,3,8088441,24265323,COD,Đã giao
DH02805,KH01773,321,2025-12-01,3,9556944,28670832,Chuyển khoản,Đã hủy
DH02806,KH01649,40,2024-09-22,1,13768783,13768783,Chuyển khoản,Đang giao
DH02807,KH00518,102,2024-10-19,2,13562744,27125488,Ví điện tử,Đang giao
DH02808,KH01336,26,2025-11-23,1,23522794,23522794,COD,Đã giao
DH02809,KH00995,168,2025-07-09,3,4959346,14878038,Thẻ ngân hàng,Đang giao
DH02810,KH01197,457,2025-01-22,3,24221919,72665757,Chuyển khoản,Đã giao
DH02811,KH01999,83,2024-03-10,2,10278942,20557884,Ví điện tử,Đã giao
DH02812,KH00304,390,2024-11-12,1,7428418,7428418,Ví điện tử,Đã giao
DH02813,KH01978,255,2024-07-24,1,11357464,11357464,Thẻ ngân hàng,Đang giao
DH02814,KH00656,48,2024-06-26,3,10369706,31109118,Ví điện tử,Đang giao
DH02815,KH01612,406,2024-05-18,2,1821869,3643738,Chuyển khoản,Đang giao
DH02816,KH00645,472,2024-05-20,1,24725902,24725902,Thẻ ngân hàng,Đang giao
DH02817,KH01173,151,2024-01-21,2,14524360,29048720,COD,Đang giao
DH02818,KH01874,293,2024-02-22,3,5223702,15671106,Chuyển khoản,Đã giao
DH02819,KH00325,173,2025-05-18,1,8932665,8932665,Ví điện tử,Đã giao
DH02820,KH01838,448,2024-07-11,2,1655313,3310626,Chuyển khoản,Đã hủy
DH02821,KH01979,307,2024-03-15,1,2970393,2970393,Thẻ ngân hàng,Đã hủy
DH02822,KH01424,203,2025-12-07,1,2141244,2141244,Thẻ ngân hàng,Đã hủy
DH02823,KH01917,317,2025-04-23,3,3451035,10353105,Ví điện tử,Đã hủy
DH02824,KH00683,323,2025-09-07,2,8114299,16228598,COD,Đã hủy
DH02825,KH00761,398,2025-07-19,2,4672398,9344796,Thẻ ngân hàng,Đã giao
DH02826,KH01847,242,2025-10-25,3,1536406,4609218,COD,Đã hủy
DH02827,KH01841,69,2025-01-22,2,13005856,26011712,COD,Đang giao
DH02828,KH01450,5,2025-09-21,2,6035905,12071810,Thẻ ngân hàng,Đang giao
DH02829,KH01512,110,2025-11-11,3,2655742,7967226,Thẻ ngân hàng,Đã giao
DH02830,KH01852,464,2025-01-05,2,10451249,20902498,Ví điện tử,Đã giao
DH02831,KH01544,215,2024-10-03,2,22688954,45377908,Ví điện tử,Đang giao
DH02832,KH00664,287,2025-01-18,1,10898911,10898911,COD,Đã hủy
DH02833,KH01254,54,2025-02-02,2,18474415,36948830,Ví điện tử,Đã hủy
DH02834,KH01868,64,2024-08-01,2,9718506,19437012,COD,Đã hủy
DH02835,KH01344,97,2024-03-24,2,20721508,41443016,Thẻ ngân hàng,Đã hủy
DH02836,KH00981,312,2024-08-24,2,22250953,44501906,COD,Đã hủy
DH02837,KH01170,179,2024-02-27,3,23021297,69063891,COD,Đang giao
DH02838,KH00228,227,2024-11-04,1,23575212,23575212,Thẻ ngân hàng,Đã giao
DH02839,KH01482,409,2025-09-08,2,25383281,50766562,COD,Đang giao
DH02840,KH00699,18,2024-05-07,3,8089438,24268314,COD,Đang giao
DH02841,KH01072,167,2024-11-16,1,19477755,19477755,Chuyển khoản,Đã hủy
DH02842,KH00168,284,2025-03-05,2,7510427,15020854,Chuyển khoản,Đang giao
DH02843,KH01555,397,2025-04-09,1,23886813,23886813,Ví điện tử,Đang giao
DH02844,KH01363,81,2024-10-05,3,11760834,35282502,COD,Đã giao
DH02845,KH01354,41,2024-02-12,1,23214519,23214519,Chuyển khoản,Đã hủy
DH02846,KH00587,2,2024-03-16,1,2619639,2619639,Thẻ ngân hàng,Đang giao
DH02847,KH00842,166,2025-10-11,3,17284447,51853341,Thẻ ngân hàng,Đang giao
DH02848,KH00169,143,2024-10-02,1,5091764,5091764,Thẻ ngân hàng,Đã hủy
DH02849,KH00062,133,2024-07-24,2,25260384,50520768,Thẻ ngân hàng,Đang giao
DH02850,KH00953,315,2025-08-16,2,7916762,15833524,COD,Đã hủy
DH02851,KH01733,455,2025-08-20,1,2445683,2445683,Thẻ ngân hàng,Đã hủy
DH02852,KH00513,140,2025-06-03,1,13589526,13589526,COD,Đã hủy
DH02853,KH01143,188,2025-09-01,2,2213985,4427970,Thẻ ngân hàng,Đang giao
DH02854,KH01051,342,2025-02-17,1,3872319,3872319,Chuyển khoản,Đã giao
DH02855,KH01839,362,2025-08-27,3,18686057,56058171,Ví điện tử,Đã giao
DH02856,KH01569,236,2024-11-27,3,25624479,76873437,Thẻ ngân hàng,Đã hủy
DH02857,KH01003,269,2025-05-24,2,13567100,27134200,COD,Đã giao
DH02858,KH01457,210,2025-02-05,2,20061356,40122712,Ví điện tử,Đang giao
DH02859,KH01109,6,2025-11-04,1,15618829,15618829,Chuyển khoản,Đã giao
DH02860,KH01511,399,2024-06-14,1,2042288,2042288,Thẻ ngân hàng,Đã giao
DH02861,KH00105,1,2024-07-14,2,5597326,11194652,Thẻ ngân hàng,Đã hủy
DH02862,KH01203,123,2025-01-08,2,5880587,11761174,COD,Đã giao
DH02863,KH01746,199,2025-03-25,1,15317157,15317157,Thẻ ngân hàng,Đang giao
DH02864,KH00087,127,2025-11-22,1,23583550,23583550,Ví điện tử,Đã giao
DH02865,KH01039,390,2025-12-04,1,7428418,7428418,Ví điện tử,Đang giao
DH02866,KH01292,271,2024-03-29,2,8962577,17925154,Chuyển khoản,Đã hủy
DH02867,KH01045,382,2025-11-22,3,23997672,71993016,Ví điện tử,Đã hủy
DH02868,KH00938,120,2025-10-29,1,23629104,23629104,COD,Đã giao
DH02869,KH01625,183,2024-01-28,3,25583781,76751343,Chuyển khoản,Đã hủy
DH02870,KH01648,288,2025-11-30,2,11145011,22290022,Ví điện tử,Đang giao
DH02871,KH00713,104,2025-01-23,2,21205978,42411956,Thẻ ngân hàng,Đã hủy
DH02872,KH00354,495,2025-10-19,2,24537951,49075902,Chuyển khoản,Đã giao
DH02873,KH01183,487,2024-09-24,2,9625660,19251320,Thẻ ngân hàng,Đã giao
DH02874,KH01733,438,2024-04-07,1,19966047,19966047,COD,Đang giao
DH02875,KH00687,490,2025-03-10,1,24697745,24697745,Thẻ ngân hàng,Đã hủy
DH02876,KH01845,101,2024-02-28,2,4709001,9418002,COD,Đã hủy
DH02877,KH01085,225,2024-12-07,2,17350639,34701278,Thẻ ngân hàng,Đang giao
DH02878,KH00493,103,2024-06-21,3,17996106,53988318,Chuyển khoản,Đã giao
DH02879,KH00641,229,2025-09-20,2,5955017,11910034,Thẻ ngân hàng,Đã hủy
DH02880,KH00043,375,2025-09-27,1,22543381,22543381,Ví điện tử,Đang giao
DH02881,KH00415,403,2025-08-27,1,10108987,10108987,Chuyển khoản,Đã giao
DH02882,KH00214,291,2025-08-08,1,19063989,19063989,Thẻ ngân hàng,Đang giao
DH02883,KH00784,23,2024-11-13,3,18730487,56191461,COD,Đã hủy
DH02884,KH01308,240,2025-08-29,3,23483447,70450341,Ví điện tử,Đang giao
DH02885,KH00401,157,2025-09-03,2,10354320,20708640,Thẻ ngân hàng,Đã giao
DH02886,KH00581,262,2025-05-12,2,15404344,30808688,COD,Đang giao
DH02887,KH00893,106,2025-04-10,2,3358747,6717494,Thẻ ngân hàng,Đã hủy
DH02888,KH00091,432,2025-12-30,3,25961408,77884224,COD,Đã giao
DH02889,KH00085,174,2024-11-24,3,24577473,73732419,Chuyển khoản,Đang giao
DH02890,KH00634,336,2025-04-12,2,20788903,41577806,COD,Đang giao
DH02891,KH00437,251,2025-03-21,2,11288407,22576814,Ví điện tử,Đang giao
DH02892,KH00824,1,2025-01-12,1,5597326,5597326,COD,Đã giao
DH02893,KH00450,40,2025-05-06,1,13768783,13768783,Ví điện tử,Đã hủy
DH02894,KH00084,492,2024-05-13,3,8668431,26005293,Chuyển khoản,Đã hủy
DH02895,KH00992,218,2024-10-13,3,7876105,23628315,Thẻ ngân hàng,Đã giao
DH02896,KH01092,334,2025-12-06,1,7901528,7901528,Thẻ ngân hàng,Đã giao
DH02897,KH01398,72,2025-06-19,2,11915298,23830596,Thẻ ngân hàng,Đã giao
DH02898,KH01781,398,2024-07-10,1,4672398,4672398,COD,Đang giao
DH02899,KH00425,278,2025-10-20,2,16871480,33742960,COD,Đã hủy
DH02900,KH00595,463,2025-10-21,2,14123822,28247644,Thẻ ngân hàng,Đang giao
DH02901,KH00849,110,2025-12-24,1,2655742,2655742,Thẻ ngân hàng,Đã hủy
DH02902,KH00261,256,2024-12-23,3,7503626,22510878,COD,Đang giao
DH02903,KH01425,81,2024-11-05,1,11760834,11760834,COD,Đã giao
DH02904,KH00559,53,2024-08-25,2,18088695,36177390,COD,Đang giao
DH02905,KH01993,18,2024-09-08,2,8089438,16178876,Ví điện tử,Đang giao
DH02906,KH00801,225,2024-08-06,1,17350639,17350639,Chuyển khoản,Đã giao
DH02907,KH01752,109,2024-03-05,2,8310763,16621526,Thẻ ngân hàng,Đã hủy
DH02908,KH01809,166,2025-12-23,3,17284447,51853341,Thẻ ngân hàng,Đã giao
DH02909,KH01384,148,2024-09-22,2,24016044,48032088,Thẻ ngân hàng,Đang giao
DH02910,KH01028,251,2025-09-13,2,11288407,22576814,COD,Đang giao
DH02911,KH01136,205,2025-11-02,1,11351137,11351137,Chuyển khoản,Đang giao
DH02912,KH01145,336,2024-11-27,2,20788903,41577806,COD,Đã giao
DH02913,KH01619,189,2025-03-22,2,21341902,42683804,Thẻ ngân hàng,Đã giao
DH02914,KH01386,215,2025-06-11,2,22688954,45377908,Thẻ ngân hàng,Đã giao
DH02915,KH01557,370,2024-10-18,1,16487087,16487087,Chuyển khoản,Đang giao
DH02916,KH00076,387,2025-03-25,3,3436274,10308822,COD,Đã giao
DH02917,KH00886,256,2025-07-27,2,7503626,15007252,Ví điện tử,Đã hủy
DH02918,KH00279,215,2024-04-29,3,22688954,68066862,Ví điện tử,Đã hủy
DH02919,KH01255,130,2025-06-21,2,8364943,16729886,Chuyển khoản,Đang giao
DH02920,KH01369,392,2024-11-13,3,2439684,7319052,Chuyển khoản,Đang giao
DH02921,KH01277,218,2025-01-12,3,7876105,23628315,Ví điện tử,Đã hủy
DH02922,KH00227,467,2025-12-09,3,6408461,19225383,Chuyển khoản,Đang giao
DH02923,KH00163,68,2024-06-16,2,14423549,28847098,Chuyển khoản,Đã hủy
DH02924,KH01282,237,2024-03-13,1,5969756,5969756,COD,Đang giao
DH02925,KH00774,306,2024-10-14,1,9109540,9109540,COD,Đã giao
DH02926,KH01455,464,2025-03-29,3,10451249,31353747,Chuyển khoản,Đang giao
DH02927,KH00973,60,2024-08-16,1,10296353,10296353,Thẻ ngân hàng,Đang giao
DH02928,KH01898,361,2024-09-21,3,2131412,6394236,Chuyển khoản,Đang giao
DH02929,KH00623,456,2024-07-22,1,1907183,1907183,Chuyển khoản,Đã giao
DH02930,KH00198,190,2024-05-08,1,19493368,19493368,Ví điện tử,Đã giao
DH02931,KH00810,301,2025-08-25,3,23179464,69538392,COD,Đang giao
DH02932,KH01092,176,2024-04-06,1,12520307,12520307,COD,Đã giao
DH02933,KH00433,438,2025-03-30,2,19966047,39932094,COD,Đã giao
DH02934,KH01276,218,2024-04-13,3,7876105,23628315,COD,Đang giao
DH02935,KH01684,9,2024-12-22,2,2348573,4697146,Ví điện tử,Đã hủy
DH02936,KH00675,74,2025-10-22,1,2460854,2460854,Ví điện tử,Đã hủy
DH02937,KH00844,343,2024-12-05,2,17874359,35748718,Thẻ ngân hàng,Đã hủy
DH02938,KH00432,82,2024-12-26,2,6348395,12696790,Ví điện tử,Đang giao
DH02939,KH00811,435,2025-06-16,2,4349985,8699970,Thẻ ngân hàng,Đã hủy
DH02940,KH00148,263,2025-08-04,2,5779215,11558430,Ví điện tử,Đang giao
DH02941,KH00715,426,2024-04-25,2,22978827,45957654,Ví điện tử,Đã hủy
DH02942,KH00142,43,2025-05-04,2,14663576,29327152,Chuyển khoản,Đã giao
DH02943,KH01765,41,2024-08-13,3,23214519,69643557,Thẻ ngân hàng,Đã hủy
DH02944,KH00953,160,2025-12-15,3,7269450,21808350,Chuyển khoản,Đang giao
DH02945,KH00219,186,2025-03-14,3,11833611,35500833,Ví điện tử,Đang giao
DH02946,KH01020,488,2024-07-05,3,1330310,3990930,Chuyển khoản,Đã hủy
DH02947,KH00440,90,2025-08-16,1,19909796,19909796,Chuyển khoản,Đang giao
DH02948,KH01031,25,2025-07-25,3,7741025,23223075,COD,Đang giao
DH02949,KH00853,134,2025-06-01,1,24009450,24009450,Chuyển khoản,Đang giao
DH02950,KH01422,92,2025-05-04,2,11092983,22185966,Thẻ ngân hàng,Đã giao
DH02951,KH00238,359,2024-07-11,3,18193067,54579201,Chuyển khoản,Đang giao
DH02952,KH01880,390,2025-10-03,3,7428418,22285254,Chuyển khoản,Đang giao
DH02953,KH00875,323,2025-06-21,2,8114299,16228598,Thẻ ngân hàng,Đã hủy
DH02954,KH00949,369,2024-03-24,1,10752264,10752264,Chuyển khoản,Đang giao
DH02955,KH00994,224,2024-09-16,3,17686916,53060748,Chuyển khoản,Đang giao
DH02956,KH01006,349,2024-11-19,1,19870600,19870600,COD,Đã giao
DH02957,KH00860,143,2024-01-18,1,5091764,5091764,COD,Đã hủy
DH02958,KH00585,486,2025-02-10,2,14815928,29631856,Thẻ ngân hàng,Đang giao
DH02959,KH01229,4,2025-04-19,1,2033327,2033327,Chuyển khoản,Đã hủy
DH02960,KH01508,18,2024-12-30,2,8089438,16178876,Chuyển khoản,Đã giao
DH02961,KH00868,95,2025-01-29,1,17932883,17932883,Chuyển khoản,Đã giao
DH02962,KH01554,313,2025-06-10,2,2770705,5541410,Ví điện tử,Đã hủy
DH02963,KH01820,355,2024-06-09,1,19241391,19241391,COD,Đã hủy
DH02964,KH00673,243,2025-12-22,1,9384883,9384883,Ví điện tử,Đã hủy
DH02965,KH00703,48,2024-08-04,1,10369706,10369706,COD,Đã hủy
DH02966,KH01271,192,2024-10-03,2,10036440,20072880,Thẻ ngân hàng,Đã hủy
DH02967,KH01611,336,2024-04-16,2,20788903,41577806,Thẻ ngân hàng,Đã hủy
DH02968,KH00196,257,2024-10-20,3,22709217,68127651,Ví điện tử,Đã giao
DH02969,KH01305,350,2025-10-12,1,12090591,12090591,Chuyển khoản,Đã hủy
DH02970,KH01130,144,2024-12-29,2,6059706,12119412,Ví điện tử,Đang giao
DH02971,KH00352,395,2024-03-10,1,15941796,15941796,Thẻ ngân hàng,Đang giao
DH02972,KH00384,403,2024-12-11,3,10108987,30326961,Ví điện tử,Đã hủy
DH02973,KH00288,21,2025-07-30,1,20692785,20692785,Ví điện tử,Đang giao
DH02974,KH00960,106,2024-12-04,3,3358747,10076241,Thẻ ngân hàng,Đã hủy
DH02975,KH01393,307,2025-12-14,1,2970393,2970393,Thẻ ngân hàng,Đang giao
DH02976,KH00177,55,2024-11-17,2,17890818,35781636,COD,Đang giao
DH02977,KH01077,265,2024-10-22,2,18875655,37751310,Ví điện tử,Đã giao
DH02978,KH00174,95,2024-08-10,2,17932883,35865766,COD,Đang giao
DH02979,KH00226,495,2025-12-18,3,24537951,73613853,Chuyển khoản,Đã giao
DH02980,KH00530,275,2025-10-04,2,1991880,3983760,Chuyển khoản,Đang giao
DH02981,KH01259,122,2025-01-14,2,18283116,36566232,Thẻ ngân hàng,Đang giao
DH02982,KH01302,322,2024-04-15,3,4789634,14368902,Ví điện tử,Đã hủy
DH02983,KH01305,221,2025-11-15,3,18603561,55810683,Chuyển khoản,Đã giao
DH02984,KH00746,244,2025-06-10,3,16782990,50348970,Thẻ ngân hàng,Đã hủy
DH02985,KH00405,33,2025-07-26,1,16395207,16395207,Ví điện tử,Đã giao
DH02986,KH00629,330,2025-04-04,2,21871930,43743860,Thẻ ngân hàng,Đang giao
DH02987,KH01042,380,2024-11-26,3,7759711,23279133,Chuyển khoản,Đã giao
DH02988,KH00709,160,2025-09-29,3,7269450,21808350,Thẻ ngân hàng,Đã hủy
DH02989,KH00971,201,2024-03-19,1,14510585,14510585,Ví điện tử,Đã giao
DH02990,KH00592,484,2024-02-02,1,9546339,9546339,Chuyển khoản,Đang giao
DH02991,KH00564,363,2024-10-11,3,13943365,41830095,Thẻ ngân hàng,Đã hủy
DH02992,KH00705,422,2024-03-31,3,12003004,36009012,Thẻ ngân hàng,Đã hủy
DH02993,KH00865,229,2025-07-11,2,5955017,11910034,COD,Đã giao
DH02994,KH00266,111,2024-04-17,3,5190528,15571584,Ví điện tử,Đã giao
DH02995,KH01735,426,2024-08-23,3,22978827,68936481,Ví điện tử,Đã giao
DH02996,KH01306,439,2025-07-12,1,11444083,11444083,Ví điện tử,Đã hủy
DH02997,KH00605,306,2025-10-29,1,9109540,9109540,COD,Đã giao
DH02998,KH00958,486,2024-03-30,1,14815928,14815928,Thẻ ngân hàng,Đang giao
DH02999,KH00786,479,2024-12-09,3,24995661,74986983,COD,Đang giao
DH03000,KH00959,53,2024-04-12,3,18088695,54266085,Thẻ ngân hàng,Đã hủy
DH03001,KH00720,327,2025-10-14,2,6561107,13122214,COD,Đang giao
DH03002,KH01570,124,2024-03-01,3,18670083,56010249,COD,Đã giao
DH03003,KH01929,158,2025-08-23,3,2814097,8442291,COD,Đang giao
DH03004,KH00701,136,2024-08-04,3,13200645,39601935,Ví điện tử,Đã giao
DH03005,KH01926,309,2025-05-26,2,16160657,32321314,Thẻ ngân hàng,Đã hủy
DH03006,KH00012,466,2024-04-29,1,16269792,16269792,Ví điện tử,Đang giao
DH03007,KH00890,436,2025-10-10,2,8088441,16176882,Ví điện tử,Đang giao
DH03008,KH01729,437,2024-09-08,2,20884762,41769524,Thẻ ngân hàng,Đã giao
DH03009,KH00618,440,2024-04-11,3,21263667,63791001,Chuyển khoản,Đã hủy
DH03010,KH00210,449,2025-12-01,3,7676975,23030925,COD,Đang giao
DH03011,KH00485,6,2025-01-31,2,15618829,31237658,COD,Đã giao
DH03012,KH01072,260,2025-02-14,2,5169564,10339128,Ví điện tử,Đã giao
DH03013,KH00474,380,2024-04-21,2,7759711,15519422,Chuyển khoản,Đang giao
DH03014,KH00805,12,2025-12-24,1,11992784,11992784,Ví điện tử,Đã giao
DH03015,KH01247,90,2024-10-23,3,19909796,59729388,Thẻ ngân hàng,Đã hủy
DH03016,KH01162,226,2024-01-15,3,24912858,74738574,Ví điện tử,Đã hủy
DH03017,KH00511,206,2025-10-22,3,9160201,27480603,Ví điện tử,Đã hủy
DH03018,KH00528,33,2025-01-04,2,16395207,32790414,Thẻ ngân hàng,Đã giao
DH03019,KH00075,266,2024-03-28,3,8991711,26975133,COD,Đã hủy
DH03020,KH00216,116,2025-03-28,2,17991157,35982314,Ví điện tử,Đã giao
DH03021,KH01719,51,2025-11-04,2,18354531,36709062,Ví điện tử,Đang giao
DH03022,KH01492,125,2024-01-29,2,13225929,26451858,Thẻ ngân hàng,Đã hủy
DH03023,KH00296,269,2024-10-19,3,13567100,40701300,Thẻ ngân hàng,Đã giao
DH03024,KH00666,133,2025-03-06,2,25260384,50520768,Ví điện tử,Đã hủy
DH03025,KH00312,338,2024-01-23,2,11491142,22982284,Chuyển khoản,Đang giao
DH03026,KH00190,455,2024-04-29,3,2445683,7337049,Thẻ ngân hàng,Đã hủy
DH03027,KH00484,194,2024-09-24,3,10519150,31557450,Ví điện tử,Đang giao
DH03028,KH00445,305,2025-03-15,1,19848099,19848099,COD,Đang giao
DH03029,KH01567,255,2024-10-21,1,11357464,11357464,Ví điện tử,Đã hủy
DH03030,KH01907,162,2025-08-18,1,16154689,16154689,Ví điện tử,Đang giao
DH03031,KH00089,119,2025-12-27,3,13510580,40531740,Thẻ ngân hàng,Đã giao
DH03032,KH01230,289,2025-08-15,3,4921805,14765415,Ví điện tử,Đã hủy
DH03033,KH00179,317,2024-04-19,3,3451035,10353105,Chuyển khoản,Đang giao
DH03034,KH00080,266,2025-09-25,2,8991711,17983422,Ví điện tử,Đã hủy
DH03035,KH01066,477,2024-06-05,2,17019502,34039004,Chuyển khoản,Đã hủy
DH03036,KH01165,297,2024-02-02,3,3729757,11189271,Thẻ ngân hàng,Đang giao
DH03037,KH00163,284,2024-07-28,3,7510427,22531281,Chuyển khoản,Đã hủy
DH03038,KH00103,328,2024-10-27,2,19906025,39812050,Thẻ ngân hàng,Đã hủy
DH03039,KH01004,213,2024-03-14,3,9135747,27407241,Chuyển khoản,Đã giao
DH03040,KH00130,307,2025-03-15,3,2970393,8911179,Chuyển khoản,Đã hủy
DH03041,KH00114,471,2025-06-06,1,25755884,25755884,Ví điện tử,Đã giao
DH03042,KH01526,291,2025-06-28,2,19063989,38127978,Ví điện tử,Đã hủy
DH03043,KH01872,403,2025-03-13,2,10108987,20217974,Thẻ ngân hàng,Đã hủy
DH03044,KH00420,293,2025-12-14,2,5223702,10447404,Chuyển khoản,Đang giao
DH03045,KH01971,455,2024-03-24,1,2445683,2445683,COD,Đã hủy
DH03046,KH01943,241,2025-12-11,3,14883376,44650128,COD,Đã hủy
DH03047,KH01153,355,2025-03-02,1,19241391,19241391,Thẻ ngân hàng,Đang giao
DH03048,KH01031,88,2024-05-17,2,15268123,30536246,Chuyển khoản,Đã giao
DH03049,KH01991,53,2025-09-30,3,18088695,54266085,COD,Đang giao
DH03050,KH00885,25,2025-05-02,2,7741025,15482050,Chuyển khoản,Đang giao
DH03051,KH00794,264,2025-03-14,1,7333700,7333700,Thẻ ngân hàng,Đã giao
DH03052,KH00386,247,2025-03-12,3,14840560,44521680,Ví điện tử,Đã giao
DH03053,KH01551,69,2025-12-14,1,13005856,13005856,COD,Đã hủy
DH03054,KH01179,274,2025-03-22,1,8049917,8049917,Chuyển khoản,Đang giao
DH03055,KH00792,310,2025-06-15,1,10351478,10351478,COD,Đã giao
DH03056,KH00758,184,2025-12-21,3,17356432,52069296,Thẻ ngân hàng,Đã giao
DH03057,KH01124,119,2024-06-13,1,13510580,13510580,Thẻ ngân hàng,Đã hủy
DH03058,KH01588,214,2025-04-26,2,21742788,43485576,COD,Đang giao
DH03059,KH00754,68,2024-12-20,1,14423549,14423549,COD,Đang giao
DH03060,KH01985,166,2024-11-29,1,17284447,17284447,Thẻ ngân hàng,Đã giao
DH03061,KH00776,11,2024-07-11,3,10235878,30707634,Thẻ ngân hàng,Đã hủy
DH03062,KH01095,171,2024-09-30,1,16022163,16022163,Thẻ ngân hàng,Đã hủy
DH03063,KH00147,188,2025-09-11,3,2213985,6641955,Thẻ ngân hàng,Đã hủy
DH03064,KH01656,329,2024-03-04,3,13517918,40553754,COD,Đã hủy
DH03065,KH01599,237,2025-12-15,2,5969756,11939512,Ví điện tử,Đang giao
DH03066,KH00461,248,2025-05-05,3,22980553,68941659,Chuyển khoản,Đã giao
DH03067,KH01305,85,2025-12-11,1,22953739,22953739,Thẻ ngân hàng,Đang giao
DH03068,KH00818,411,2025-02-12,1,15292733,15292733,Ví điện tử,Đang giao
DH03069,KH01327,258,2025-07-21,2,12909089,25818178,Chuyển khoản,Đã giao
DH03070,KH00521,471,2024-10-03,1,25755884,25755884,Chuyển khoản,Đang giao
DH03071,KH01441,195,2024-03-30,1,2797518,2797518,Thẻ ngân hàng,Đã hủy
DH03072,KH00059,333,2025-09-15,2,4723884,9447768,Ví điện tử,Đã hủy
DH03073,KH01477,377,2024-03-09,2,12231914,24463828,COD,Đã hủy
DH03074,KH01968,63,2025-12-26,1,25365618,25365618,Ví điện tử,Đã hủy
DH03075,KH00789,207,2025-06-07,1,11794425,11794425,Thẻ ngân hàng,Đã giao
DH03076,KH01865,26,2024-11-25,2,23522794,47045588,Ví điện tử,Đã hủy
DH03077,KH01749,482,2024-06-07,2,25397322,50794644,Ví điện tử,Đã giao
DH03078,KH01380,460,2024-12-02,3,15973168,47919504,Ví điện tử,Đã giao
DH03079,KH01825,125,2025-03-23,1,13225929,13225929,Thẻ ngân hàng,Đang giao
DH03080,KH00491,101,2025-03-14,2,4709001,9418002,Ví điện tử,Đang giao
DH03081,KH01553,430,2024-08-24,1,11677101,11677101,Ví điện tử,Đã hủy
DH03082,KH01721,257,2024-05-26,1,22709217,22709217,Chuyển khoản,Đã giao
DH03083,KH00833,50,2025-04-24,2,16126277,32252554,Chuyển khoản,Đã hủy
DH03084,KH00248,127,2024-04-19,3,23583550,70750650,Ví điện tử,Đang giao
DH03085,KH00940,77,2024-12-26,2,20281855,40563710,COD,Đã giao
DH03086,KH00722,83,2024-09-14,1,10278942,10278942,Ví điện tử,Đã giao
DH03087,KH01698,309,2024-06-26,1,16160657,16160657,Ví điện tử,Đã hủy
DH03088,KH00862,390,2025-05-08,1,7428418,7428418,Ví điện tử,Đã hủy
DH03089,KH01525,35,2024-01-05,1,5481589,5481589,Ví điện tử,Đã giao
DH03090,KH00036,275,2025-01-13,1,1991880,1991880,Thẻ ngân hàng,Đang giao
DH03091,KH01859,383,2025-06-30,1,21556385,21556385,COD,Đã hủy
DH03092,KH01122,141,2024-09-10,2,22227393,44454786,Thẻ ngân hàng,Đã giao
DH03093,KH01104,129,2025-08-06,3,7748973,23246919,Thẻ ngân hàng,Đang giao
DH03094,KH01923,239,2024-06-04,1,9904462,9904462,COD,Đã giao
DH03095,KH00921,325,2025-04-04,2,16561482,33122964,COD,Đang giao
DH03096,KH01892,282,2025-04-06,1,9983595,9983595,COD,Đang giao
DH03097,KH00819,280,2024-01-19,3,25571963,76715889,Thẻ ngân hàng,Đã hủy
DH03098,KH01757,35,2025-02-16,1,5481589,5481589,COD,Đã hủy
DH03099,KH00749,72,2025-01-12,1,11915298,11915298,Chuyển khoản,Đã hủy
DH03100,KH00472,296,2025-08-07,1,7282780,7282780,Chuyển khoản,Đã hủy
DH03101,KH01409,32,2024-11-09,1,16788448,16788448,Ví điện tử,Đã giao
DH03102,KH01434,152,2024-11-01,2,11691816,23383632,COD,Đang giao
DH03103,KH00979,97,2024-11-23,1,20721508,20721508,Thẻ ngân hàng,Đã giao
DH03104,KH00195,74,2024-10-22,3,2460854,7382562,COD,Đã giao
DH03105,KH00679,309,2025-09-04,1,16160657,16160657,Chuyển khoản,Đã hủy
DH03106,KH00785,202,2025-03-30,1,10502987,10502987,Ví điện tử,Đã hủy
DH03107,KH00643,388,2025-02-01,3,12500788,37502364,Thẻ ngân hàng,Đang giao
DH03108,KH00169,196,2025-09-28,3,9383000,28149000,Chuyển khoản,Đang giao
DH03109,KH00913,222,2024-04-14,3,24480557,73441671,Ví điện tử,Đã giao
DH03110,KH01387,261,2024-03-31,3,8666850,26000550,Ví điện tử,Đang giao
DH03111,KH01634,149,2025-11-21,3,20816892,62450676,Ví điện tử,Đã giao
DH03112,KH01863,448,2025-04-02,2,1655313,3310626,COD,Đang giao
DH03113,KH01091,339,2024-01-06,1,7585126,7585126,Thẻ ngân hàng,Đã giao
DH03114,KH00388,205,2024-03-22,3,11351137,34053411,COD,Đã hủy
DH03115,KH00196,368,2024-06-22,3,21192004,63576012,Thẻ ngân hàng,Đã hủy
DH03116,KH01809,231,2025-06-23,2,7056866,14113732,Thẻ ngân hàng,Đang giao
DH03117,KH01023,196,2025-06-18,3,9383000,28149000,Ví điện tử,Đang giao
DH03118,KH00215,457,2024-04-19,2,24221919,48443838,COD,Đang giao
DH03119,KH01163,212,2025-09-26,2,9801647,19603294,Ví điện tử,Đã giao
DH03120,KH01703,448,2025-06-01,3,1655313,4965939,Thẻ ngân hàng,Đã giao
DH03121,KH01304,11,2024-05-10,1,10235878,10235878,Chuyển khoản,Đang giao
DH03122,KH01822,473,2024-06-08,3,8143318,24429954,Thẻ ngân hàng,Đã giao
DH03123,KH01251,63,2024-06-27,3,25365618,76096854,Chuyển khoản,Đã giao
DH03124,KH01547,299,2024-03-04,1,10443833,10443833,COD,Đã hủy
DH03125,KH01880,199,2024-03-11,2,15317157,30634314,Thẻ ngân hàng,Đã hủy
DH03126,KH01745,60,2024-10-05,2,10296353,20592706,Chuyển khoản,Đang giao
DH03127,KH01512,243,2025-03-13,3,9384883,28154649,Chuyển khoản,Đã giao
DH03128,KH00764,309,2024-01-11,3,16160657,48481971,COD,Đã giao
DH03129,KH00635,35,2025-08-29,3,5481589,16444767,COD,Đã giao
DH03130,KH00018,206,2025-06-16,1,9160201,9160201,COD,Đã hủy
DH03131,KH00816,151,2024-10-11,1,14524360,14524360,COD,Đang giao
DH03132,KH00443,153,2025-06-23,3,9382132,28146396,Thẻ ngân hàng,Đang giao
DH03133,KH00945,380,2024-12-03,3,7759711,23279133,Thẻ ngân hàng,Đã hủy
DH03134,KH00944,136,2024-02-12,3,13200645,39601935,Thẻ ngân hàng,Đã giao
DH03135,KH01100,129,2024-12-31,1,7748973,7748973,Ví điện tử,Đã hủy
DH03136,KH01648,351,2024-05-20,3,13618008,40854024,Ví điện tử,Đang giao
DH03137,KH01345,436,2025-05-13,3,8088441,24265323,Thẻ ngân hàng,Đã giao
DH03138,KH01395,312,2025-01-14,3,22250953,66752859,Ví điện tử,Đã hủy
DH03139,KH01077,244,2025-09-06,2,16782990,33565980,COD,Đang giao
DH03140,KH01606,297,2025-05-08,1,3729757,3729757,COD,Đã hủy
DH03141,KH00631,457,2025-03-02,2,24221919,48443838,Chuyển khoản,Đang giao
DH03142,KH01370,195,2025-03-03,1,2797518,2797518,Chuyển khoản,Đang giao
DH03143,KH01072,127,2025-04-10,3,23583550,70750650,COD,Đã giao
DH03144,KH01892,51,2025-11-28,3,18354531,55063593,Ví điện tử,Đã giao
DH03145,KH00192,194,2024-11-14,2,10519150,21038300,COD,Đã hủy
DH03146,KH01229,193,2024-08-25,1,12107524,12107524,Thẻ ngân hàng,Đã giao
DH03147,KH01534,302,2025-09-10,2,1904905,3809810,Chuyển khoản,Đã giao
DH03148,KH01083,420,2025-12-04,2,7580608,15161216,COD,Đã hủy
DH03149,KH00173,424,2025-08-09,2,19568438,39136876,Chuyển khoản,Đã hủy
DH03150,KH01012,233,2024-04-11,2,5799781,11599562,Thẻ ngân hàng,Đã giao
DH03151,KH00759,114,2024-08-30,2,5461510,10923020,Ví điện tử,Đã giao
DH03152,KH01981,313,2025-03-22,2,2770705,5541410,Chuyển khoản,Đang giao
DH03153,KH00440,161,2024-06-08,2,5421161,10842322,Ví điện tử,Đã giao
DH03154,KH00526,184,2024-08-12,1,17356432,17356432,COD,Đã giao
DH03155,KH01996,146,2025-11-17,3,19268450,57805350,Chuyển khoản,Đang giao
DH03156,KH01301,275,2025-05-07,1,1991880,1991880,Chuyển khoản,Đã hủy
DH03157,KH01520,35,2024-01-17,1,5481589,5481589,Chuyển khoản,Đã giao
DH03158,KH00077,290,2025-09-04,2,14771023,29542046,Thẻ ngân hàng,Đang giao
DH03159,KH00426,117,2024-08-25,3,1822241,5466723,Thẻ ngân hàng,Đang giao
DH03160,KH00297,6,2025-09-26,1,15618829,15618829,COD,Đang giao
DH03161,KH01631,69,2025-03-31,2,13005856,26011712,COD,Đã hủy
DH03162,KH00082,131,2024-09-16,2,2156224,4312448,Ví điện tử,Đã hủy
DH03163,KH00413,321,2024-04-19,2,9556944,19113888,Ví điện tử,Đang giao
DH03164,KH01777,436,2025-04-07,2,8088441,16176882,Ví điện tử,Đã giao
DH03165,KH01646,476,2025-02-12,1,5610573,5610573,Thẻ ngân hàng,Đã giao
DH03166,KH00548,115,2024-09-14,2,24228127,48456254,Thẻ ngân hàng,Đã giao
DH03167,KH00225,125,2025-12-17,3,13225929,39677787,Ví điện tử,Đang giao
DH03168,KH00176,339,2024-10-12,1,7585126,7585126,Thẻ ngân hàng,Đã hủy
DH03169,KH01622,255,2025-04-11,2,11357464,22714928,COD,Đang giao
DH03170,KH00216,471,2025-08-24,1,25755884,25755884,Ví điện tử,Đã hủy
DH03171,KH01967,7,2025-03-18,2,4357180,8714360,Thẻ ngân hàng,Đã giao
DH03172,KH00313,119,2025-03-22,1,13510580,13510580,Chuyển khoản,Đang giao
DH03173,KH00120,174,2025-07-25,2,24577473,49154946,Chuyển khoản,Đã giao
DH03174,KH00301,432,2025-06-03,2,25961408,51922816,Chuyển khoản,Đang giao
DH03175,KH00605,146,2024-03-21,2,19268450,38536900,COD,Đã giao
DH03176,KH00350,441,2024-03-29,1,18385006,18385006,Chuyển khoản,Đã giao
DH03177,KH00311,400,2024-11-08,2,19389256,38778512,Ví điện tử,Đang giao
DH03178,KH01867,417,2024-07-22,3,1927702,5783106,Thẻ ngân hàng,Đã hủy
DH03179,KH01461,87,2024-05-03,3,1388487,4165461,COD,Đang giao
DH03180,KH01582,230,2025-01-13,2,4583309,9166618,COD,Đang giao
DH03181,KH00341,16,2025-11-25,1,1902478,1902478,Ví điện tử,Đã hủy
DH03182,KH00436,344,2025-03-24,3,15192156,45576468,Ví điện tử,Đã hủy
DH03183,KH01522,372,2025-01-26,1,11933021,11933021,Chuyển khoản,Đã giao
DH03184,KH01687,96,2025-03-30,1,2158473,2158473,COD,Đã giao
DH03185,KH00445,27,2024-01-16,2,12159304,24318608,Ví điện tử,Đang giao
DH03186,KH00179,401,2025-04-08,3,3227628,9682884,COD,Đã hủy
DH03187,KH01879,258,2025-03-05,3,12909089,38727267,Chuyển khoản,Đã giao
DH03188,KH01392,371,2025-10-15,1,15596681,15596681,Ví điện tử,Đã hủy
DH03189,KH01985,275,2025-02-21,1,1991880,1991880,Thẻ ngân hàng,Đã hủy
DH03190,KH01689,306,2024-04-27,1,9109540,9109540,Ví điện tử,Đang giao
DH03191,KH00100,464,2025-08-23,3,10451249,31353747,COD,Đã giao
DH03192,KH00956,126,2024-06-29,3,7453646,22360938,Thẻ ngân hàng,Đang giao
DH03193,KH01494,82,2024-04-30,1,6348395,6348395,COD,Đã hủy
DH03194,KH00368,369,2025-05-15,3,10752264,32256792,Chuyển khoản,Đã giao
DH03195,KH01275,438,2025-07-05,1,19966047,19966047,COD,Đã hủy
DH03196,KH00558,239,2025-06-30,3,9904462,29713386,Ví điện tử,Đã giao
DH03197,KH01558,224,2024-05-28,3,17686916,53060748,COD,Đang giao
DH03198,KH01580,103,2025-01-21,2,17996106,35992212,Chuyển khoản,Đã giao
DH03199,KH00801,486,2024-12-14,1,14815928,14815928,COD,Đã hủy
DH03200,KH01722,251,2025-06-25,3,11288407,33865221,Ví điện tử,Đã giao
DH03201,KH01486,465,2024-11-25,2,24131257,48262514,Thẻ ngân hàng,Đã giao
DH03202,KH01244,316,2025-04-16,3,19653730,58961190,Thẻ ngân hàng,Đang giao
DH03203,KH00426,322,2025-11-22,3,4789634,14368902,Chuyển khoản,Đã hủy
DH03204,KH01038,12,2024-10-28,2,11992784,23985568,Thẻ ngân hàng,Đã giao
DH03205,KH00677,231,2025-01-01,3,7056866,21170598,Chuyển khoản,Đang giao
DH03206,KH01550,224,2024-08-10,3,17686916,53060748,Thẻ ngân hàng,Đang giao
DH03207,KH00022,471,2025-11-23,1,25755884,25755884,Chuyển khoản,Đã hủy
DH03208,KH00167,439,2024-09-30,2,11444083,22888166,Chuyển khoản,Đang giao
DH03209,KH00709,19,2024-04-28,2,6165758,12331516,Ví điện tử,Đã hủy
DH03210,KH00339,470,2025-06-05,2,2362889,4725778,COD,Đã giao
DH03211,KH00205,175,2025-10-01,2,4766108,9532216,Chuyển khoản,Đã hủy
DH03212,KH00671,146,2024-02-04,2,19268450,38536900,Chuyển khoản,Đã hủy
DH03213,KH01887,118,2024-04-04,1,6945092,6945092,Thẻ ngân hàng,Đã giao
DH03214,KH01161,349,2024-07-17,3,19870600,59611800,Chuyển khoản,Đã giao
DH03215,KH00444,116,2025-03-18,2,17991157,35982314,COD,Đã giao
DH03216,KH00748,371,2025-09-15,3,15596681,46790043,Ví điện tử,Đã giao
DH03217,KH00731,497,2025-04-10,2,20532926,41065852,Thẻ ngân hàng,Đã hủy
DH03218,KH00160,3,2024-08-02,3,23951194,71853582,Chuyển khoản,Đang giao
DH03219,KH01771,493,2024-09-15,3,5355143,16065429,Chuyển khoản,Đã giao
DH03220,KH01875,432,2025-03-27,2,25961408,51922816,Chuyển khoản,Đang giao
DH03221,KH01199,271,2025-10-28,3,8962577,26887731,Chuyển khoản,Đang giao
DH03222,KH00762,127,2024-01-01,1,23583550,23583550,Thẻ ngân hàng,Đang giao
DH03223,KH01429,345,2025-12-22,3,24716330,74148990,Ví điện tử,Đã hủy
DH03224,KH00227,373,2024-04-13,2,17596085,35192170,Thẻ ngân hàng,Đang giao
DH03225,KH01478,459,2024-01-18,2,21165935,42331870,Ví điện tử,Đã hủy
DH03226,KH00276,458,2024-09-30,1,3104580,3104580,COD,Đang giao
DH03227,KH00688,497,2025-10-13,1,20532926,20532926,Chuyển khoản,Đã hủy
DH03228,KH00741,126,2025-02-17,3,7453646,22360938,Chuyển khoản,Đã hủy
DH03229,KH00975,344,2025-11-03,1,15192156,15192156,Thẻ ngân hàng,Đang giao
DH03230,KH00652,9,2024-09-28,2,2348573,4697146,Chuyển khoản,Đã hủy
DH03231,KH01552,126,2025-04-22,1,7453646,7453646,Chuyển khoản,Đang giao
DH03232,KH00912,16,2025-08-31,1,1902478,1902478,Chuyển khoản,Đã hủy
DH03233,KH00389,198,2025-10-10,1,13851809,13851809,Thẻ ngân hàng,Đã hủy
DH03234,KH00317,259,2025-08-06,2,2352165,4704330,Chuyển khoản,Đang giao
DH03235,KH00161,76,2024-09-22,3,25092737,75278211,Chuyển khoản,Đang giao
DH03236,KH01043,165,2025-05-21,3,25319024,75957072,Ví điện tử,Đang giao
DH03237,KH00819,118,2025-04-29,1,6945092,6945092,Chuyển khoản,Đã hủy
DH03238,KH00075,113,2024-11-26,2,9188480,18376960,COD,Đang giao
DH03239,KH01801,193,2024-12-27,3,12107524,36322572,COD,Đang giao
DH03240,KH01038,16,2024-12-24,3,1902478,5707434,Chuyển khoản,Đã hủy
DH03241,KH00111,286,2025-02-18,3,3106273,9318819,Chuyển khoản,Đang giao
DH03242,KH00456,228,2024-02-06,1,9625566,9625566,COD,Đang giao
DH03243,KH01212,164,2024-01-14,1,12450217,12450217,Thẻ ngân hàng,Đã giao
DH03244,KH01214,270,2024-06-14,3,15138021,45414063,Ví điện tử,Đã hủy
DH03245,KH00262,488,2025-05-17,3,1330310,3990930,Ví điện tử,Đã hủy
DH03246,KH01853,108,2024-05-23,1,16704100,16704100,Chuyển khoản,Đã giao
DH03247,KH00899,390,2025-09-18,1,7428418,7428418,Chuyển khoản,Đang giao
DH03248,KH00215,151,2024-01-12,3,14524360,43573080,Thẻ ngân hàng,Đã hủy
DH03249,KH00349,82,2024-09-23,2,6348395,12696790,Thẻ ngân hàng,Đang giao
DH03250,KH00933,215,2024-05-21,1,22688954,22688954,COD,Đã hủy
DH03251,KH00545,375,2025-02-19,3,22543381,67630143,Ví điện tử,Đang giao
DH03252,KH00783,402,2025-12-19,3,14448552,43345656,COD,Đã hủy
DH03253,KH00404,307,2025-01-21,1,2970393,2970393,COD,Đã giao
DH03254,KH00517,255,2024-10-24,2,11357464,22714928,Thẻ ngân hàng,Đang giao
DH03255,KH00348,51,2025-03-01,3,18354531,55063593,Chuyển khoản,Đang giao
DH03256,KH00320,463,2025-04-20,2,14123822,28247644,Ví điện tử,Đã hủy
DH03257,KH01742,225,2024-12-01,2,17350639,34701278,COD,Đang giao
DH03258,KH01604,120,2025-09-20,2,23629104,47258208,Chuyển khoản,Đã hủy
DH03259,KH00712,457,2025-06-01,3,24221919,72665757,Chuyển khoản,Đã giao
DH03260,KH00405,70,2024-01-31,3,24683647,74050941,Thẻ ngân hàng,Đang giao
DH03261,KH00621,383,2025-01-12,2,21556385,43112770,Thẻ ngân hàng,Đã giao
DH03262,KH00348,133,2025-05-17,1,25260384,25260384,Thẻ ngân hàng,Đã giao
DH03263,KH01351,387,2024-08-29,1,3436274,3436274,COD,Đang giao
DH03264,KH01896,57,2025-05-22,2,19310306,38620612,COD,Đã hủy
DH03265,KH00149,152,2025-02-19,1,11691816,11691816,COD,Đã hủy
DH03266,KH01261,275,2024-07-03,2,1991880,3983760,Ví điện tử,Đã hủy
DH03267,KH01494,398,2024-11-17,1,4672398,4672398,Ví điện tử,Đang giao
DH03268,KH00761,368,2024-01-06,2,21192004,42384008,Thẻ ngân hàng,Đã hủy
DH03269,KH00957,123,2024-03-23,3,5880587,17641761,Ví điện tử,Đang giao
DH03270,KH01804,5,2024-07-06,3,6035905,18107715,COD,Đang giao
DH03271,KH01886,25,2024-08-24,2,7741025,15482050,Ví điện tử,Đã giao
DH03272,KH00538,149,2025-09-23,1,20816892,20816892,Thẻ ngân hàng,Đã giao
DH03273,KH00609,77,2024-05-12,1,20281855,20281855,Thẻ ngân hàng,Đã hủy
DH03274,KH00821,27,2024-12-12,1,12159304,12159304,COD,Đã giao
DH03275,KH00494,98,2024-03-19,1,25849081,25849081,Chuyển khoản,Đã hủy
DH03276,KH01297,334,2024-09-14,3,7901528,23704584,Thẻ ngân hàng,Đã hủy
DH03277,KH01745,316,2025-08-11,1,19653730,19653730,Ví điện tử,Đã giao
DH03278,KH00251,204,2025-12-28,1,6098253,6098253,COD,Đã hủy
DH03279,KH01864,410,2024-10-06,1,12647688,12647688,Chuyển khoản,Đã giao
DH03280,KH01617,287,2024-03-04,2,10898911,21797822,Thẻ ngân hàng,Đã hủy
DH03281,KH00990,328,2025-09-04,2,19906025,39812050,Chuyển khoản,Đã hủy
DH03282,KH00419,360,2025-09-13,1,17479616,17479616,COD,Đang giao
DH03283,KH00544,88,2024-09-01,1,15268123,15268123,Ví điện tử,Đã giao
DH03284,KH00507,100,2025-10-31,1,3300603,3300603,Chuyển khoản,Đã hủy
DH03285,KH01117,353,2025-12-24,2,17335247,34670494,Thẻ ngân hàng,Đã giao
DH03286,KH01640,218,2024-07-19,1,7876105,7876105,Thẻ ngân hàng,Đã hủy
DH03287,KH00926,265,2025-09-18,3,18875655,56626965,Chuyển khoản,Đang giao
DH03288,KH01268,447,2024-11-28,3,13793804,41381412,Thẻ ngân hàng,Đã giao
DH03289,KH01020,69,2025-01-19,1,13005856,13005856,Ví điện tử,Đang giao
DH03290,KH01874,415,2025-11-25,2,23483261,46966522,COD,Đang giao
DH03291,KH01599,480,2024-10-10,2,9066937,18133874,Ví điện tử,Đã giao
DH03292,KH01944,429,2024-05-08,2,13157569,26315138,COD,Đang giao
DH03293,KH01185,320,2024-11-13,3,13927009,41781027,COD,Đang giao
DH03294,KH01437,108,2025-04-15,2,16704100,33408200,Thẻ ngân hàng,Đã giao
DH03295,KH00819,25,2024-08-13,2,7741025,15482050,Ví điện tử,Đang giao
DH03296,KH00870,294,2024-12-02,2,20611090,41222180,Thẻ ngân hàng,Đã hủy
DH03297,KH01745,175,2024-01-30,1,4766108,4766108,COD,Đã giao
DH03298,KH00515,93,2024-07-10,2,14686287,29372574,Thẻ ngân hàng,Đã giao
DH03299,KH00495,95,2025-06-13,1,17932883,17932883,Ví điện tử,Đã giao
DH03300,KH01405,3,2024-07-30,3,23951194,71853582,Ví điện tử,Đang giao
DH03301,KH00348,214,2025-01-18,3,21742788,65228364,Chuyển khoản,Đang giao
DH03302,KH00402,434,2024-11-09,2,20511341,41022682,Ví điện tử,Đang giao
DH03303,KH00522,237,2025-03-26,2,5969756,11939512,COD,Đã giao
DH03304,KH00107,159,2024-01-14,3,18319776,54959328,Chuyển khoản,Đang giao
DH03305,KH01770,358,2024-05-17,2,8803419,17606838,COD,Đã hủy
DH03306,KH01220,247,2024-10-15,3,14840560,44521680,Chuyển khoản,Đã giao
DH03307,KH00893,468,2024-11-26,3,21281263,63843789,Thẻ ngân hàng,Đã hủy
DH03308,KH00789,39,2024-04-21,2,5958851,11917702,Ví điện tử,Đang giao
DH03309,KH00299,400,2025-12-20,1,19389256,19389256,Thẻ ngân hàng,Đã giao
DH03310,KH01753,439,2024-08-04,2,11444083,22888166,COD,Đang giao
DH03311,KH01151,118,2025-09-02,2,6945092,13890184,Chuyển khoản,Đã giao
DH03312,KH00513,267,2025-12-02,3,20768736,62306208,Ví điện tử,Đang giao
DH03313,KH01346,463,2025-05-25,1,14123822,14123822,Ví điện tử,Đã giao
DH03314,KH00736,40,2024-09-24,2,13768783,27537566,Thẻ ngân hàng,Đã giao
DH03315,KH01905,253,2025-06-14,1,9232276,9232276,Ví điện tử,Đã hủy
DH03316,KH00849,23,2025-07-06,1,18730487,18730487,Ví điện tử,Đã giao
DH03317,KH00578,299,2025-01-10,3,10443833,31331499,Thẻ ngân hàng,Đang giao
DH03318,KH00141,111,2024-04-13,1,5190528,5190528,Thẻ ngân hàng,Đã giao
DH03319,KH00091,373,2024-04-01,1,17596085,17596085,Ví điện tử,Đang giao
DH03320,KH01197,394,2024-06-17,2,14325309,28650618,COD,Đang giao
DH03321,KH01358,499,2025-06-09,2,11225264,22450528,COD,Đang giao
DH03322,KH00052,471,2025-05-25,3,25755884,77267652,Ví điện tử,Đang giao
DH03323,KH01635,448,2024-08-01,1,1655313,1655313,Thẻ ngân hàng,Đang giao
DH03324,KH01147,260,2025-10-04,2,5169564,10339128,COD,Đang giao
DH03325,KH01917,303,2025-01-11,2,19460829,38921658,Ví điện tử,Đang giao
DH03326,KH00270,83,2024-12-03,1,10278942,10278942,Chuyển khoản,Đã giao
DH03327,KH00373,429,2025-03-21,2,13157569,26315138,Ví điện tử,Đã hủy
DH03328,KH01254,475,2025-07-11,3,23514632,70543896,Thẻ ngân hàng,Đã giao
DH03329,KH00250,195,2024-03-17,1,2797518,2797518,Thẻ ngân hàng,Đã hủy
DH03330,KH01787,229,2024-09-22,1,5955017,5955017,COD,Đang giao
DH03331,KH00475,81,2025-01-23,3,11760834,35282502,Thẻ ngân hàng,Đang giao
DH03332,KH00273,74,2024-07-12,2,2460854,4921708,Thẻ ngân hàng,Đã hủy
DH03333,KH01007,240,2025-07-13,1,23483447,23483447,Thẻ ngân hàng,Đã giao
DH03334,KH00813,325,2025-04-16,2,16561482,33122964,Chuyển khoản,Đã hủy
DH03335,KH01048,118,2024-11-06,2,6945092,13890184,Ví điện tử,Đã giao
DH03336,KH00280,17,2024-07-24,3,11252793,33758379,Chuyển khoản,Đã giao
DH03337,KH00528,485,2024-07-21,3,2937854,8813562,Ví điện tử,Đang giao
DH03338,KH00637,138,2025-01-25,2,24036792,48073584,Ví điện tử,Đang giao
DH03339,KH01926,162,2024-02-09,1,16154689,16154689,Thẻ ngân hàng,Đang giao
DH03340,KH00129,127,2024-02-07,3,23583550,70750650,Ví điện tử,Đã hủy
DH03341,KH01691,144,2025-04-04,2,6059706,12119412,Ví điện tử,Đang giao
DH03342,KH01044,386,2025-06-26,3,11489944,34469832,COD,Đang giao
DH03343,KH01185,414,2024-02-23,2,8838663,17677326,Thẻ ngân hàng,Đã giao
DH03344,KH01302,425,2024-10-21,3,12382069,37146207,Chuyển khoản,Đã hủy
DH03345,KH00548,318,2024-07-18,1,23570935,23570935,Chuyển khoản,Đang giao
DH03346,KH01247,462,2024-08-22,2,16447832,32895664,Chuyển khoản,Đã hủy
DH03347,KH01238,89,2025-12-27,3,15656852,46970556,Chuyển khoản,Đang giao
DH03348,KH01634,254,2025-10-10,2,7786382,15572764,Chuyển khoản,Đã hủy
DH03349,KH00163,157,2025-11-10,2,10354320,20708640,Chuyển khoản,Đang giao
DH03350,KH00216,87,2024-02-29,1,1388487,1388487,COD,Đang giao
DH03351,KH00001,40,2024-06-16,1,13768783,13768783,COD,Đã giao
DH03352,KH01942,38,2025-09-10,2,25625870,51251740,COD,Đã hủy
DH03353,KH01340,315,2024-08-01,2,7916762,15833524,Chuyển khoản,Đang giao
DH03354,KH00117,365,2024-04-11,1,15480351,15480351,COD,Đã giao
DH03355,KH00805,183,2025-08-15,3,25583781,76751343,COD,Đã giao
DH03356,KH00945,80,2025-10-28,3,15432098,46296294,Ví điện tử,Đã hủy
DH03357,KH01133,263,2024-11-11,3,5779215,17337645,COD,Đã giao
DH03358,KH00541,268,2024-04-01,3,20509489,61528467,Ví điện tử,Đã giao
DH03359,KH00766,480,2024-12-14,3,9066937,27200811,Ví điện tử,Đang giao
DH03360,KH01029,216,2024-06-17,1,13741880,13741880,COD,Đã giao
DH03361,KH00232,467,2024-01-01,1,6408461,6408461,Thẻ ngân hàng,Đã hủy
DH03362,KH01610,22,2024-04-06,2,24114298,48228596,Thẻ ngân hàng,Đã hủy
DH03363,KH00954,192,2024-03-27,3,10036440,30109320,COD,Đã giao
DH03364,KH00296,217,2025-05-12,3,21518753,64556259,COD,Đã giao
DH03365,KH00741,205,2025-11-18,1,11351137,11351137,COD,Đã giao
DH03366,KH01044,346,2024-02-03,3,15198565,45595695,Chuyển khoản,Đã hủy
DH03367,KH00745,357,2025-10-23,3,4857102,14571306,Ví điện tử,Đã hủy
DH03368,KH00935,378,2025-10-08,1,5459248,5459248,Thẻ ngân hàng,Đang giao
DH03369,KH01660,37,2024-06-25,2,24694673,49389346,Ví điện tử,Đã hủy
DH03370,KH01593,398,2025-06-25,1,4672398,4672398,COD,Đã giao
DH03371,KH00735,275,2025-04-08,2,1991880,3983760,Ví điện tử,Đã hủy
DH03372,KH00526,223,2024-06-19,3,2575778,7727334,Chuyển khoản,Đã giao
DH03373,KH01184,272,2025-02-22,1,15085613,15085613,COD,Đang giao
DH03374,KH01971,117,2025-10-25,1,1822241,1822241,COD,Đang giao
DH03375,KH01105,155,2024-10-14,3,23734363,71203089,Chuyển khoản,Đã hủy
DH03376,KH01937,234,2025-03-29,2,12378563,24757126,Ví điện tử,Đang giao
DH03377,KH01337,277,2025-05-07,3,20673499,62020497,Ví điện tử,Đã giao
DH03378,KH01578,317,2025-09-27,1,3451035,3451035,COD,Đã hủy
DH03379,KH01902,401,2024-02-22,3,3227628,9682884,Thẻ ngân hàng,Đang giao
DH03380,KH00819,71,2025-08-26,2,20920065,41840130,COD,Đã hủy
DH03381,KH00364,497,2024-07-25,3,20532926,61598778,Thẻ ngân hàng,Đã giao
DH03382,KH01183,393,2025-01-06,1,15902198,15902198,COD,Đã hủy
DH03383,KH00835,391,2024-10-04,3,14598944,43796832,COD,Đã hủy
DH03384,KH00908,20,2024-10-19,2,14519905,29039810,Chuyển khoản,Đã giao
DH03385,KH01430,308,2024-01-25,1,23205555,23205555,Chuyển khoản,Đã giao
DH03386,KH00369,442,2024-09-20,2,14674667,29349334,Ví điện tử,Đang giao
DH03387,KH00114,141,2024-01-01,1,22227393,22227393,COD,Đã hủy
DH03388,KH01752,209,2024-04-01,3,11044537,33133611,Thẻ ngân hàng,Đang giao
DH03389,KH00599,341,2024-04-15,3,24878704,74636112,Thẻ ngân hàng,Đã giao
DH03390,KH00254,318,2024-12-21,1,23570935,23570935,Thẻ ngân hàng,Đã hủy
DH03391,KH00315,430,2025-09-23,2,11677101,23354202,Thẻ ngân hàng,Đã giao
DH03392,KH00253,466,2025-11-20,3,16269792,48809376,Chuyển khoản,Đã giao
DH03393,KH00941,462,2024-08-17,2,16447832,32895664,Chuyển khoản,Đã giao
DH03394,KH00145,371,2025-03-05,3,15596681,46790043,Chuyển khoản,Đã hủy
DH03395,KH01807,141,2024-05-18,3,22227393,66682179,Ví điện tử,Đã giao
DH03396,KH00106,111,2024-02-24,2,5190528,10381056,Chuyển khoản,Đã giao
DH03397,KH00394,120,2025-06-27,2,23629104,47258208,Chuyển khoản,Đã giao
DH03398,KH00881,97,2025-03-08,3,20721508,62164524,Thẻ ngân hàng,Đã giao
DH03399,KH00918,195,2025-10-20,1,2797518,2797518,Ví điện tử,Đã giao
DH03400,KH00029,473,2024-04-10,3,8143318,24429954,Ví điện tử,Đã hủy
DH03401,KH00884,14,2025-01-03,1,7886377,7886377,Thẻ ngân hàng,Đang giao
DH03402,KH01994,138,2024-06-05,3,24036792,72110376,Ví điện tử,Đã hủy
DH03403,KH01846,73,2025-10-14,3,13467563,40402689,Chuyển khoản,Đang giao
DH03404,KH01491,416,2025-01-04,1,17524717,17524717,Chuyển khoản,Đã giao
DH03405,KH01233,71,2024-08-04,2,20920065,41840130,Ví điện tử,Đã giao
DH03406,KH00421,268,2024-07-24,2,20509489,41018978,Thẻ ngân hàng,Đang giao
DH03407,KH00591,196,2024-10-26,2,9383000,18766000,Ví điện tử,Đã giao
DH03408,KH00143,412,2024-03-08,2,5966347,11932694,COD,Đang giao
DH03409,KH00821,183,2024-07-11,1,25583781,25583781,Ví điện tử,Đang giao
DH03410,KH00017,228,2024-12-15,1,9625566,9625566,Ví điện tử,Đã giao
DH03411,KH01162,415,2025-01-17,3,23483261,70449783,Ví điện tử,Đã giao
DH03412,KH01067,444,2025-03-28,1,24721344,24721344,Chuyển khoản,Đang giao
DH03413,KH01429,3,2024-12-20,2,23951194,47902388,Ví điện tử,Đang giao
DH03414,KH01524,75,2024-10-18,2,1572912,3145824,Ví điện tử,Đã hủy
DH03415,KH01946,168,2024-12-21,1,4959346,4959346,Chuyển khoản,Đã giao
DH03416,KH01492,487,2024-04-21,2,9625660,19251320,Thẻ ngân hàng,Đang giao
DH03417,KH01934,271,2024-12-14,1,8962577,8962577,Chuyển khoản,Đã giao
DH03418,KH00475,376,2024-03-11,3,7479061,22437183,Thẻ ngân hàng,Đã giao
DH03419,KH01152,54,2024-12-16,2,18474415,36948830,Ví điện tử,Đang giao
DH03420,KH00676,231,2024-09-16,3,7056866,21170598,COD,Đã hủy
DH03421,KH00315,299,2025-06-02,1,10443833,10443833,Chuyển khoản,Đang giao
DH03422,KH01089,403,2024-09-13,2,10108987,20217974,Thẻ ngân hàng,Đã giao
DH03423,KH01446,268,2024-07-03,2,20509489,41018978,Ví điện tử,Đang giao
DH03424,KH00728,361,2024-10-30,2,2131412,4262824,Chuyển khoản,Đang giao
DH03425,KH01272,148,2025-07-23,1,24016044,24016044,COD,Đang giao
DH03426,KH01040,199,2024-12-13,1,15317157,15317157,COD,Đã hủy
DH03427,KH00601,148,2025-06-09,3,24016044,72048132,Chuyển khoản,Đã giao
DH03428,KH00041,394,2025-11-11,2,14325309,28650618,Thẻ ngân hàng,Đã hủy
DH03429,KH01154,192,2024-03-16,3,10036440,30109320,Ví điện tử,Đang giao
DH03430,KH00926,202,2024-05-20,2,10502987,21005974,Chuyển khoản,Đang giao
DH03431,KH00013,127,2024-03-21,1,23583550,23583550,Thẻ ngân hàng,Đang giao
DH03432,KH00079,49,2025-12-15,2,10127878,20255756,Thẻ ngân hàng,Đã giao
DH03433,KH00890,416,2025-01-05,2,17524717,35049434,Chuyển khoản,Đã hủy
DH03434,KH00107,336,2024-11-19,3,20788903,62366709,Thẻ ngân hàng,Đã giao
DH03435,KH01923,331,2025-11-19,3,16419785,49259355,Thẻ ngân hàng,Đã giao
DH03436,KH01330,211,2025-05-09,2,19060983,38121966,COD,Đang giao
DH03437,KH01099,39,2025-04-17,2,5958851,11917702,Thẻ ngân hàng,Đã giao
DH03438,KH00940,61,2025-01-14,3,11543600,34630800,COD,Đang giao
DH03439,KH01742,94,2024-09-05,3,4892461,14677383,COD,Đang giao
DH03440,KH01683,21,2025-01-20,1,20692785,20692785,Thẻ ngân hàng,Đã hủy
DH03441,KH01584,409,2025-12-04,1,25383281,25383281,COD,Đã giao
DH03442,KH00658,451,2024-09-28,2,18801455,37602910,COD,Đã hủy
DH03443,KH00993,90,2025-07-21,3,19909796,59729388,Ví điện tử,Đã giao
DH03444,KH00708,249,2025-01-24,2,12650029,25300058,COD,Đang giao
DH03445,KH00998,200,2024-07-15,2,25326262,50652524,COD,Đang giao
DH03446,KH01673,456,2025-03-03,2,1907183,3814366,Chuyển khoản,Đã giao
DH03447,KH01890,418,2024-03-02,2,6732468,13464936,Chuyển khoản,Đã giao
DH03448,KH01896,98,2025-03-22,3,25849081,77547243,Thẻ ngân hàng,Đã hủy
DH03449,KH01847,342,2025-01-06,2,3872319,7744638,Chuyển khoản,Đã hủy
DH03450,KH00717,227,2024-09-25,1,23575212,23575212,COD,Đang giao
DH03451,KH00418,206,2025-02-03,3,9160201,27480603,Ví điện tử,Đã giao
DH03452,KH01062,35,2024-12-19,3,5481589,16444767,COD,Đang giao
DH03453,KH00098,413,2025-12-26,2,19949073,39898146,Ví điện tử,Đang giao
DH03454,KH01653,178,2024-11-19,3,25162917,75488751,Ví điện tử,Đang giao
DH03455,KH00155,91,2025-09-12,3,20666588,61999764,Chuyển khoản,Đã hủy
DH03456,KH01871,326,2025-10-30,3,10657286,31971858,Ví điện tử,Đang giao
DH03457,KH01936,227,2025-08-16,1,23575212,23575212,COD,Đã giao
DH03458,KH00035,218,2025-12-11,1,7876105,7876105,Ví điện tử,Đang giao
DH03459,KH00362,37,2025-02-27,3,24694673,74084019,Ví điện tử,Đã hủy
DH03460,KH01014,471,2025-11-15,2,25755884,51511768,Chuyển khoản,Đang giao
DH03461,KH01756,166,2024-10-04,1,17284447,17284447,COD,Đã hủy
DH03462,KH00163,7,2024-08-19,3,4357180,13071540,Ví điện tử,Đã hủy
DH03463,KH00020,320,2024-01-11,1,13927009,13927009,Ví điện tử,Đang giao
DH03464,KH00353,309,2024-02-09,2,16160657,32321314,Chuyển khoản,Đang giao
DH03465,KH00027,354,2025-03-21,2,14109722,28219444,Ví điện tử,Đã hủy
DH03466,KH01979,324,2025-07-26,1,5235456,5235456,Chuyển khoản,Đang giao
DH03467,KH01548,108,2025-11-17,3,16704100,50112300,Chuyển khoản,Đang giao
DH03468,KH00598,124,2025-07-10,2,18670083,37340166,Thẻ ngân hàng,Đã hủy
DH03469,KH01257,164,2025-10-31,2,12450217,24900434,COD,Đã hủy
DH03470,KH00092,379,2025-04-15,1,11024419,11024419,Chuyển khoản,Đang giao
DH03471,KH00131,499,2024-11-30,1,11225264,11225264,COD,Đã hủy
DH03472,KH00138,180,2024-06-23,2,5187803,10375606,COD,Đang giao
DH03473,KH00637,203,2025-07-29,3,2141244,6423732,Chuyển khoản,Đang giao
DH03474,KH00436,83,2024-06-18,1,10278942,10278942,COD,Đã giao
DH03475,KH01717,45,2025-01-05,3,22446227,67338681,Chuyển khoản,Đang giao
DH03476,KH00686,209,2024-07-20,2,11044537,22089074,Chuyển khoản,Đã giao
DH03477,KH00381,67,2024-09-21,2,2603224,5206448,COD,Đã hủy
DH03478,KH01334,266,2024-06-15,2,8991711,17983422,Chuyển khoản,Đã hủy
DH03479,KH00450,72,2024-07-05,1,11915298,11915298,COD,Đang giao
DH03480,KH01424,300,2024-12-05,1,20713031,20713031,Chuyển khoản,Đã giao
DH03481,KH00775,364,2025-10-22,3,14254399,42763197,COD,Đang giao
DH03482,KH01455,226,2025-09-27,2,24912858,49825716,COD,Đã hủy
DH03483,KH01388,260,2024-08-12,2,5169564,10339128,Ví điện tử,Đã giao
DH03484,KH01968,448,2024-03-08,1,1655313,1655313,Ví điện tử,Đã giao
DH03485,KH01234,410,2024-04-16,2,12647688,25295376,Ví điện tử,Đã giao
DH03486,KH00147,160,2025-03-06,2,7269450,14538900,COD,Đã hủy
DH03487,KH00283,320,2024-05-20,2,13927009,27854018,Ví điện tử,Đã hủy
DH03488,KH00995,187,2025-08-24,3,8866140,26598420,COD,Đang giao
DH03489,KH00041,351,2025-11-12,3,13618008,40854024,Thẻ ngân hàng,Đang giao
DH03490,KH01314,287,2025-11-05,2,10898911,21797822,COD,Đã hủy
DH03491,KH01998,303,2024-10-26,2,19460829,38921658,COD,Đang giao
DH03492,KH00627,476,2025-01-13,2,5610573,11221146,Chuyển khoản,Đã hủy
DH03493,KH00715,72,2025-05-03,2,11915298,23830596,COD,Đã hủy
DH03494,KH00430,126,2025-03-13,3,7453646,22360938,Chuyển khoản,Đã hủy
DH03495,KH00066,139,2025-03-12,3,8176702,24530106,COD,Đã giao
DH03496,KH01427,314,2024-04-12,3,21535304,64605912,Ví điện tử,Đang giao
DH03497,KH01290,418,2024-11-29,1,6732468,6732468,Ví điện tử,Đã giao
DH03498,KH00460,189,2025-08-20,2,21341902,42683804,Thẻ ngân hàng,Đã hủy
DH03499,KH00955,50,2025-09-16,3,16126277,48378831,Ví điện tử,Đã giao
DH03500,KH01236,178,2025-08-11,1,25162917,25162917,COD,Đang giao
DH03501,KH00908,105,2025-02-17,1,9768220,9768220,COD,Đã giao
DH03502,KH01815,299,2024-09-26,1,10443833,10443833,COD,Đang giao
DH03503,KH01315,360,2025-07-12,1,17479616,17479616,COD,Đã giao
DH03504,KH01318,187,2025-07-17,2,8866140,17732280,Thẻ ngân hàng,Đã hủy
DH03505,KH01060,269,2025-11-15,2,13567100,27134200,Chuyển khoản,Đang giao
DH03506,KH00088,235,2024-01-20,1,1672401,1672401,Chuyển khoản,Đã giao
DH03507,KH01186,318,2024-07-28,1,23570935,23570935,Chuyển khoản,Đã giao
DH03508,KH01463,407,2025-07-23,1,22242654,22242654,COD,Đang giao
DH03509,KH01895,90,2024-09-28,3,19909796,59729388,Chuyển khoản,Đã giao
DH03510,KH01876,300,2025-08-14,1,20713031,20713031,COD,Đã hủy
DH03511,KH00431,190,2025-02-10,1,19493368,19493368,Chuyển khoản,Đã hủy
DH03512,KH00834,188,2024-10-07,3,2213985,6641955,Thẻ ngân hàng,Đã giao
DH03513,KH00615,428,2025-04-15,3,8623074,25869222,COD,Đang giao
DH03514,KH01584,343,2025-11-02,3,17874359,53623077,Chuyển khoản,Đã hủy
DH03515,KH00464,140,2025-08-30,1,13589526,13589526,Thẻ ngân hàng,Đang giao
DH03516,KH00991,228,2025-01-06,2,9625566,19251132,Ví điện tử,Đang giao
DH03517,KH00098,346,2025-07-06,1,15198565,15198565,Chuyển khoản,Đã giao
DH03518,KH00671,384,2024-03-23,2,7946719,15893438,Chuyển khoản,Đã giao
DH03519,KH01406,70,2025-08-13,3,24683647,74050941,Ví điện tử,Đã giao
DH03520,KH00316,248,2024-05-22,3,22980553,68941659,Thẻ ngân hàng,Đã giao
DH03521,KH01699,294,2024-09-12,2,20611090,41222180,Ví điện tử,Đã giao
DH03522,KH01046,14,2025-01-07,1,7886377,7886377,Ví điện tử,Đã giao
DH03523,KH00300,346,2025-07-11,1,15198565,15198565,Thẻ ngân hàng,Đã giao
DH03524,KH00533,260,2024-04-01,1,5169564,5169564,COD,Đang giao
DH03525,KH01146,134,2025-08-13,2,24009450,48018900,Ví điện tử,Đã giao
DH03526,KH01427,142,2024-09-16,2,23627613,47255226,Thẻ ngân hàng,Đã giao
DH03527,KH00944,345,2024-12-13,2,24716330,49432660,Ví điện tử,Đã hủy
DH03528,KH00047,457,2024-07-12,3,24221919,72665757,Chuyển khoản,Đã giao
DH03529,KH00307,1,2024-03-29,3,5597326,16791978,COD,Đang giao
DH03530,KH00069,348,2025-10-07,3,16075438,48226314,Thẻ ngân hàng,Đã hủy
DH03531,KH01337,16,2025-10-24,1,1902478,1902478,COD,Đã giao
DH03532,KH00720,56,2024-03-24,2,3656281,7312562,Chuyển khoản,Đã giao
DH03533,KH01324,38,2024-05-06,2,25625870,51251740,Thẻ ngân hàng,Đang giao
DH03534,KH01227,286,2025-09-27,2,3106273,6212546,Chuyển khoản,Đã giao
DH03535,KH00602,254,2024-08-26,3,7786382,23359146,Ví điện tử,Đang giao
DH03536,KH01467,263,2024-12-18,2,5779215,11558430,Thẻ ngân hàng,Đã giao
DH03537,KH00267,303,2024-09-12,2,19460829,38921658,COD,Đang giao
DH03538,KH00398,175,2024-08-07,3,4766108,14298324,Ví điện tử,Đã hủy
DH03539,KH00369,112,2024-07-05,2,21786528,43573056,COD,Đang giao
DH03540,KH01894,429,2024-06-14,1,13157569,13157569,Chuyển khoản,Đang giao
DH03541,KH00068,421,2024-11-08,2,22589235,45178470,Thẻ ngân hàng,Đang giao
DH03542,KH01826,483,2025-11-16,3,9287345,27862035,Thẻ ngân hàng,Đã giao
DH03543,KH00206,127,2024-11-06,3,23583550,70750650,Ví điện tử,Đã hủy
DH03544,KH01526,344,2025-09-24,3,15192156,45576468,Ví điện tử,Đã hủy
DH03545,KH00597,210,2024-08-25,3,20061356,60184068,Chuyển khoản,Đã giao
DH03546,KH00929,454,2024-09-18,2,24379043,48758086,Chuyển khoản,Đã giao
DH03547,KH00717,196,2024-01-08,1,9383000,9383000,Ví điện tử,Đã giao
DH03548,KH00611,278,2024-04-20,2,16871480,33742960,Ví điện tử,Đã hủy
DH03549,KH01095,73,2024-02-23,3,13467563,40402689,COD,Đã giao
DH03550,KH01486,189,2025-07-07,2,21341902,42683804,Ví điện tử,Đã hủy
DH03551,KH00624,161,2024-09-12,1,5421161,5421161,COD,Đã giao
DH03552,KH00568,168,2024-11-28,1,4959346,4959346,Thẻ ngân hàng,Đã giao
DH03553,KH01039,49,2024-04-23,3,10127878,30383634,Thẻ ngân hàng,Đã giao
DH03554,KH00535,73,2025-06-02,2,13467563,26935126,COD,Đang giao
DH03555,KH00914,299,2024-10-19,2,10443833,20887666,COD,Đã hủy
DH03556,KH00634,412,2024-09-15,1,5966347,5966347,Thẻ ngân hàng,Đã giao
DH03557,KH01811,183,2024-10-18,1,25583781,25583781,Ví điện tử,Đang giao
DH03558,KH01892,161,2024-03-09,3,5421161,16263483,Chuyển khoản,Đang giao
DH03559,KH00702,15,2025-10-17,2,21879885,43759770,Ví điện tử,Đang giao
DH03560,KH01138,236,2024-04-01,2,25624479,51248958,Chuyển khoản,Đã hủy
DH03561,KH01876,482,2024-08-13,1,25397322,25397322,Ví điện tử,Đã hủy
DH03562,KH00586,116,2025-09-27,3,17991157,53973471,Thẻ ngân hàng,Đang giao
DH03563,KH00286,132,2025-08-01,3,16198314,48594942,Ví điện tử,Đã hủy
DH03564,KH00430,54,2025-11-18,2,18474415,36948830,COD,Đã hủy
DH03565,KH01887,220,2024-05-18,3,21154109,63462327,Thẻ ngân hàng,Đã hủy
DH03566,KH01113,61,2024-02-16,2,11543600,23087200,Chuyển khoản,Đã giao
DH03567,KH01405,310,2025-03-09,2,10351478,20702956,Chuyển khoản,Đã hủy
DH03568,KH00056,229,2025-12-17,3,5955017,17865051,COD,Đã giao
DH03569,KH01734,488,2024-10-28,1,1330310,1330310,COD,Đã giao
DH03570,KH00671,101,2025-12-18,2,4709001,9418002,Thẻ ngân hàng,Đang giao
DH03571,KH01906,423,2024-05-03,2,11205935,22411870,Thẻ ngân hàng,Đang giao
DH03572,KH00166,60,2024-12-04,1,10296353,10296353,Thẻ ngân hàng,Đã giao
DH03573,KH01231,495,2025-03-21,3,24537951,73613853,COD,Đang giao
DH03574,KH00675,115,2024-04-05,1,24228127,24228127,Chuyển khoản,Đang giao
DH03575,KH01897,174,2024-08-30,2,24577473,49154946,Chuyển khoản,Đang giao
DH03576,KH00905,152,2024-11-20,3,11691816,35075448,COD,Đã giao
DH03577,KH00171,142,2024-11-21,3,23627613,70882839,Chuyển khoản,Đang giao
DH03578,KH01653,384,2025-04-08,1,7946719,7946719,COD,Đã hủy
DH03579,KH01828,119,2025-10-19,3,13510580,40531740,Ví điện tử,Đang giao
DH03580,KH00510,392,2024-04-26,3,2439684,7319052,Chuyển khoản,Đang giao
DH03581,KH01191,69,2025-05-16,2,13005856,26011712,Chuyển khoản,Đã giao
DH03582,KH00534,215,2025-07-12,2,22688954,45377908,COD,Đang giao
DH03583,KH00661,34,2024-12-17,1,21526031,21526031,Ví điện tử,Đã giao
DH03584,KH01457,138,2025-10-08,2,24036792,48073584,COD,Đã hủy
DH03585,KH01953,294,2025-04-29,3,20611090,61833270,COD,Đang giao
DH03586,KH01439,288,2024-11-06,2,11145011,22290022,COD,Đã hủy
DH03587,KH01122,42,2024-11-12,3,4888990,14666970,COD,Đã giao
DH03588,KH01467,331,2025-06-15,2,16419785,32839570,Ví điện tử,Đã hủy
DH03589,KH00717,12,2025-05-09,2,11992784,23985568,Thẻ ngân hàng,Đã hủy
DH03590,KH00270,186,2025-06-25,3,11833611,35500833,Thẻ ngân hàng,Đang giao
DH03591,KH01500,274,2024-06-07,1,8049917,8049917,Thẻ ngân hàng,Đã giao
DH03592,KH00638,276,2025-03-16,3,11889649,35668947,COD,Đang giao
DH03593,KH01681,244,2025-01-21,2,16782990,33565980,Thẻ ngân hàng,Đã hủy
DH03594,KH00766,353,2025-12-17,3,17335247,52005741,Thẻ ngân hàng,Đã hủy
DH03595,KH00996,95,2025-04-23,3,17932883,53798649,COD,Đã hủy
DH03596,KH00090,371,2024-05-26,3,15596681,46790043,Ví điện tử,Đã hủy
DH03597,KH00114,332,2025-01-08,2,16273428,32546856,Ví điện tử,Đã giao
DH03598,KH00710,93,2025-11-13,1,14686287,14686287,COD,Đã giao
DH03599,KH00638,50,2024-04-19,2,16126277,32252554,Chuyển khoản,Đang giao
DH03600,KH00650,443,2025-11-03,3,15873432,47620296,Thẻ ngân hàng,Đã hủy
DH03601,KH01432,103,2025-05-25,3,17996106,53988318,COD,Đang giao
DH03602,KH01569,201,2024-09-04,1,14510585,14510585,Ví điện tử,Đã giao
DH03603,KH00827,481,2025-09-30,1,11804603,11804603,Ví điện tử,Đã hủy
DH03604,KH01231,118,2024-10-23,3,6945092,20835276,Ví điện tử,Đang giao
DH03605,KH01462,34,2025-10-14,2,21526031,43052062,COD,Đã hủy
DH03606,KH01650,345,2024-12-13,3,24716330,74148990,Chuyển khoản,Đang giao
DH03607,KH00327,39,2025-03-30,2,5958851,11917702,Chuyển khoản,Đang giao
DH03608,KH00528,422,2024-07-12,1,12003004,12003004,Thẻ ngân hàng,Đã hủy
DH03609,KH01855,436,2025-02-06,1,8088441,8088441,COD,Đã hủy
DH03610,KH00174,317,2025-10-06,3,3451035,10353105,Chuyển khoản,Đã hủy
DH03611,KH01440,89,2025-01-01,1,15656852,15656852,Ví điện tử,Đang giao
DH03612,KH01158,13,2024-12-07,2,24933847,49867694,Thẻ ngân hàng,Đã giao
DH03613,KH00856,487,2024-05-31,3,9625660,28876980,Chuyển khoản,Đang giao
DH03614,KH01332,123,2025-10-09,2,5880587,11761174,Chuyển khoản,Đã hủy
DH03615,KH01856,167,2025-10-06,3,19477755,58433265,Ví điện tử,Đang giao
DH03616,KH01640,384,2024-10-21,1,7946719,7946719,Chuyển khoản,Đã giao
DH03617,KH01921,294,2024-07-16,2,20611090,41222180,Ví điện tử,Đang giao
DH03618,KH00576,58,2025-05-27,2,4846247,9692494,Thẻ ngân hàng,Đang giao
DH03619,KH01140,162,2025-07-10,3,16154689,48464067,Thẻ ngân hàng,Đã hủy
DH03620,KH00514,168,2024-03-09,3,4959346,14878038,Thẻ ngân hàng,Đã hủy
DH03621,KH01859,169,2024-03-21,3,25706307,77118921,COD,Đã giao
DH03622,KH00709,166,2024-06-30,3,17284447,51853341,COD,Đã giao
DH03623,KH01364,341,2025-05-22,3,24878704,74636112,COD,Đang giao
DH03624,KH01532,342,2025-05-09,1,3872319,3872319,COD,Đã giao
DH03625,KH00436,53,2025-07-08,2,18088695,36177390,Chuyển khoản,Đã hủy
DH03626,KH00333,84,2024-10-01,1,5916601,5916601,Chuyển khoản,Đã hủy
DH03627,KH00972,244,2025-03-07,1,16782990,16782990,Chuyển khoản,Đã giao
DH03628,KH01864,170,2024-05-30,1,18830250,18830250,COD,Đang giao
DH03629,KH00670,276,2024-09-22,2,11889649,23779298,COD,Đã giao
DH03630,KH01380,292,2025-01-26,1,15283078,15283078,Chuyển khoản,Đã giao
DH03631,KH01349,54,2024-11-16,1,18474415,18474415,Thẻ ngân hàng,Đã hủy
DH03632,KH01024,424,2025-02-06,1,19568438,19568438,COD,Đang giao
DH03633,KH00370,168,2025-02-10,3,4959346,14878038,COD,Đã hủy
DH03634,KH01133,69,2025-12-26,3,13005856,39017568,COD,Đã giao
DH03635,KH00762,297,2024-06-27,1,3729757,3729757,Ví điện tử,Đã giao
DH03636,KH01832,326,2024-01-04,3,10657286,31971858,COD,Đã giao
DH03637,KH01054,109,2025-08-22,1,8310763,8310763,Chuyển khoản,Đang giao
DH03638,KH01883,49,2025-03-18,1,10127878,10127878,Ví điện tử,Đã giao
DH03639,KH00399,394,2025-08-04,2,14325309,28650618,Ví điện tử,Đã hủy
DH03640,KH01881,450,2024-03-29,3,19208894,57626682,Chuyển khoản,Đã hủy
DH03641,KH00550,174,2025-12-15,3,24577473,73732419,COD,Đã hủy
DH03642,KH00803,27,2025-04-23,2,12159304,24318608,Chuyển khoản,Đã hủy
DH03643,KH01440,449,2024-06-12,1,7676975,7676975,Thẻ ngân hàng,Đang giao
DH03644,KH00454,84,2025-03-11,3,5916601,17749803,COD,Đã hủy
DH03645,KH01040,453,2024-07-26,2,24897288,49794576,Thẻ ngân hàng,Đã hủy
DH03646,KH01049,422,2025-02-24,2,12003004,24006008,Thẻ ngân hàng,Đã giao
DH03647,KH01518,282,2025-02-04,2,9983595,19967190,Chuyển khoản,Đã hủy
DH03648,KH01380,203,2024-12-11,1,2141244,2141244,Chuyển khoản,Đang giao
DH03649,KH00164,175,2024-03-11,1,4766108,4766108,COD,Đã hủy
DH03650,KH00437,350,2025-04-03,2,12090591,24181182,Chuyển khoản,Đã hủy
DH03651,KH01985,404,2024-07-16,1,24793579,24793579,Thẻ ngân hàng,Đang giao
DH03652,KH00037,323,2025-08-13,3,8114299,24342897,Thẻ ngân hàng,Đang giao
DH03653,KH01136,367,2025-02-03,2,21910738,43821476,Ví điện tử,Đang giao
DH03654,KH01583,64,2025-01-22,3,9718506,29155518,Ví điện tử,Đã hủy
DH03655,KH01272,242,2025-12-28,3,1536406,4609218,Ví điện tử,Đã giao
DH03656,KH01225,291,2024-02-04,2,19063989,38127978,Ví điện tử,Đã giao
DH03657,KH00749,221,2025-09-01,2,18603561,37207122,Chuyển khoản,Đang giao
DH03658,KH00563,135,2025-01-09,3,18508141,55524423,Chuyển khoản,Đã hủy
DH03659,KH01597,385,2025-07-17,3,9022052,27066156,Ví điện tử,Đang giao
DH03660,KH00170,260,2024-02-05,2,5169564,10339128,Thẻ ngân hàng,Đang giao
DH03661,KH01295,292,2025-04-24,1,15283078,15283078,Thẻ ngân hàng,Đã hủy
DH03662,KH00991,480,2024-09-25,2,9066937,18133874,COD,Đang giao
DH03663,KH00721,131,2024-10-13,1,2156224,2156224,COD,Đang giao
DH03664,KH01349,193,2025-02-20,1,12107524,12107524,Ví điện tử,Đã giao
DH03665,KH01418,339,2025-01-18,2,7585126,15170252,Chuyển khoản,Đã giao
DH03666,KH00702,471,2025-06-12,2,25755884,51511768,Chuyển khoản,Đã giao
DH03667,KH01698,172,2025-10-25,3,11563207,34689621,COD,Đã giao
DH03668,KH00299,14,2025-06-24,1,7886377,7886377,Ví điện tử,Đã giao
DH03669,KH01959,157,2024-07-08,1,10354320,10354320,Chuyển khoản,Đã hủy
DH03670,KH00450,229,2025-01-09,1,5955017,5955017,Ví điện tử,Đã giao
DH03671,KH01702,55,2025-06-29,2,17890818,35781636,Thẻ ngân hàng,Đang giao
DH03672,KH01593,386,2024-03-05,2,11489944,22979888,Ví điện tử,Đã giao
DH03673,KH01042,81,2024-02-20,1,11760834,11760834,COD,Đã giao
DH03674,KH01857,133,2024-01-28,1,25260384,25260384,Thẻ ngân hàng,Đang giao
DH03675,KH00086,373,2024-02-03,2,17596085,35192170,Chuyển khoản,Đã giao
DH03676,KH00238,253,2025-05-04,1,9232276,9232276,Thẻ ngân hàng,Đang giao
DH03677,KH01528,366,2024-12-19,3,7038014,21114042,Chuyển khoản,Đã giao
DH03678,KH00125,270,2025-01-21,2,15138021,30276042,Thẻ ngân hàng,Đang giao
DH03679,KH00721,253,2025-07-19,2,9232276,18464552,Chuyển khoản,Đã hủy
DH03680,KH01339,388,2024-12-13,3,12500788,37502364,COD,Đang giao
DH03681,KH00349,213,2024-09-17,3,9135747,27407241,COD,Đang giao
DH03682,KH00368,321,2024-09-28,1,9556944,9556944,Chuyển khoản,Đã hủy
DH03683,KH00301,317,2024-07-15,2,3451035,6902070,COD,Đã giao
DH03684,KH01266,68,2024-01-18,1,14423549,14423549,Ví điện tử,Đã giao
DH03685,KH00857,16,2024-09-04,3,1902478,5707434,Chuyển khoản,Đang giao
DH03686,KH00418,3,2025-10-20,3,23951194,71853582,Thẻ ngân hàng,Đang giao
DH03687,KH00297,188,2025-10-09,1,2213985,2213985,COD,Đã giao
DH03688,KH00743,380,2024-07-06,3,7759711,23279133,Chuyển khoản,Đã hủy
DH03689,KH00782,74,2024-11-08,2,2460854,4921708,Chuyển khoản,Đang giao
DH03690,KH01778,428,2024-03-21,3,8623074,25869222,Chuyển khoản,Đang giao
DH03691,KH01532,127,2024-01-20,2,23583550,47167100,Ví điện tử,Đang giao
DH03692,KH00810,28,2025-08-20,2,8340920,16681840,Ví điện tử,Đã giao
DH03693,KH01019,10,2025-11-11,1,8245338,8245338,Chuyển khoản,Đã giao
DH03694,KH00083,43,2025-05-13,3,14663576,43990728,COD,Đang giao
DH03695,KH01103,214,2024-11-01,2,21742788,43485576,Ví điện tử,Đang giao
DH03696,KH00313,129,2025-11-26,3,7748973,23246919,COD,Đã hủy
DH03697,KH01581,263,2024-05-23,3,5779215,17337645,Ví điện tử,Đã giao
DH03698,KH00431,398,2024-11-27,3,4672398,14017194,COD,Đã giao
DH03699,KH01841,40,2024-05-10,2,13768783,27537566,Chuyển khoản,Đã hủy
DH03700,KH00316,273,2024-08-31,2,13267090,26534180,COD,Đã giao
DH03701,KH00962,420,2025-08-05,2,7580608,15161216,Chuyển khoản,Đang giao
DH03702,KH01388,486,2024-03-14,2,14815928,29631856,Chuyển khoản,Đang giao
DH03703,KH01557,416,2025-02-28,1,17524717,17524717,Thẻ ngân hàng,Đã giao
DH03704,KH00755,76,2024-08-23,3,25092737,75278211,COD,Đang giao
DH03705,KH01072,172,2025-02-11,1,11563207,11563207,Chuyển khoản,Đã hủy
DH03706,KH01712,192,2024-01-02,3,10036440,30109320,Chuyển khoản,Đang giao
DH03707,KH00629,441,2024-12-29,2,18385006,36770012,Thẻ ngân hàng,Đã giao
DH03708,KH01374,192,2024-06-12,1,10036440,10036440,Ví điện tử,Đã giao
DH03709,KH00945,344,2025-08-29,3,15192156,45576468,Ví điện tử,Đã hủy
DH03710,KH01084,340,2024-03-30,1,2512853,2512853,Chuyển khoản,Đang giao
DH03711,KH01946,7,2025-10-14,2,4357180,8714360,Chuyển khoản,Đang giao
DH03712,KH01336,262,2024-03-17,3,15404344,46213032,Thẻ ngân hàng,Đang giao
DH03713,KH01167,287,2024-12-26,2,10898911,21797822,Ví điện tử,Đang giao
DH03714,KH01740,303,2025-12-30,2,19460829,38921658,Thẻ ngân hàng,Đã giao
DH03715,KH00300,473,2024-12-19,3,8143318,24429954,Thẻ ngân hàng,Đang giao
DH03716,KH00063,227,2024-09-26,2,23575212,47150424,Ví điện tử,Đang giao
DH03717,KH01664,258,2025-07-24,1,12909089,12909089,Thẻ ngân hàng,Đang giao
DH03718,KH00428,51,2024-11-27,3,18354531,55063593,Ví điện tử,Đang giao
DH03719,KH01695,295,2025-09-23,1,2326130,2326130,Chuyển khoản,Đã hủy
DH03720,KH01786,237,2024-09-15,1,5969756,5969756,Ví điện tử,Đã hủy
DH03721,KH01122,61,2025-09-19,3,11543600,34630800,Thẻ ngân hàng,Đang giao
DH03722,KH00594,124,2025-05-04,3,18670083,56010249,COD,Đang giao
DH03723,KH00099,461,2024-01-08,3,13898840,41696520,COD,Đang giao
DH03724,KH00317,395,2025-04-03,3,15941796,47825388,COD,Đã giao
DH03725,KH01021,496,2024-02-17,2,14220784,28441568,Ví điện tử,Đã giao
DH03726,KH00987,414,2024-05-16,3,8838663,26515989,COD,Đã giao
DH03727,KH01094,113,2025-12-02,1,9188480,9188480,COD,Đã giao
DH03728,KH01588,47,2025-08-31,2,2363748,4727496,COD,Đã hủy
DH03729,KH01567,215,2024-06-11,2,22688954,45377908,COD,Đã giao
DH03730,KH00391,431,2024-03-21,1,3483711,3483711,Ví điện tử,Đang giao
DH03731,KH01284,63,2025-01-10,2,25365618,50731236,Ví điện tử,Đã hủy
DH03732,KH00734,284,2025-05-09,2,7510427,15020854,COD,Đã hủy
DH03733,KH01421,251,2024-08-26,3,11288407,33865221,Ví điện tử,Đã giao
DH03734,KH01170,29,2025-04-02,2,8608366,17216732,Thẻ ngân hàng,Đã giao
DH03735,KH00226,361,2024-01-30,3,2131412,6394236,Thẻ ngân hàng,Đang giao
DH03736,KH00125,180,2024-12-06,2,5187803,10375606,Chuyển khoản,Đã giao
DH03737,KH00993,217,2025-12-26,1,21518753,21518753,Thẻ ngân hàng,Đã hủy
DH03738,KH00247,266,2024-03-15,3,8991711,26975133,Thẻ ngân hàng,Đã hủy
DH03739,KH00996,261,2025-11-17,2,8666850,17333700,Chuyển khoản,Đã giao
DH03740,KH00081,414,2024-07-10,2,8838663,17677326,Chuyển khoản,Đã giao
DH03741,KH01362,313,2025-02-05,3,2770705,8312115,Chuyển khoản,Đang giao
DH03742,KH00546,119,2024-03-23,2,13510580,27021160,Thẻ ngân hàng,Đã hủy
DH03743,KH00929,284,2024-12-02,2,7510427,15020854,Ví điện tử,Đã giao
DH03744,KH01030,194,2024-03-28,2,10519150,21038300,Ví điện tử,Đang giao
DH03745,KH01638,320,2025-12-05,1,13927009,13927009,Chuyển khoản,Đang giao
DH03746,KH01794,262,2025-03-04,3,15404344,46213032,COD,Đã hủy
DH03747,KH00458,267,2025-04-20,2,20768736,41537472,Ví điện tử,Đã hủy
DH03748,KH00251,373,2024-07-20,3,17596085,52788255,COD,Đã giao
DH03749,KH00751,85,2025-10-02,2,22953739,45907478,COD,Đã hủy
DH03750,KH01197,56,2024-02-01,3,3656281,10968843,Ví điện tử,Đã giao
DH03751,KH00897,337,2025-07-15,1,16155694,16155694,Chuyển khoản,Đang giao
DH03752,KH01955,132,2024-09-11,3,16198314,48594942,Chuyển khoản,Đã giao
DH03753,KH00078,456,2024-05-15,1,1907183,1907183,Chuyển khoản,Đã hủy
DH03754,KH00713,492,2024-10-23,1,8668431,8668431,Ví điện tử,Đã hủy
DH03755,KH00875,110,2025-06-03,1,2655742,2655742,Ví điện tử,Đã giao
DH03756,KH01854,459,2025-01-16,2,21165935,42331870,COD,Đang giao
DH03757,KH01074,315,2025-05-15,2,7916762,15833524,Thẻ ngân hàng,Đã hủy
DH03758,KH00121,204,2025-01-06,2,6098253,12196506,Thẻ ngân hàng,Đã giao
DH03759,KH01518,281,2024-01-18,2,6520993,13041986,Ví điện tử,Đang giao
DH03760,KH01092,285,2025-03-29,2,6209359,12418718,Ví điện tử,Đang giao
DH03761,KH00018,26,2025-12-05,3,23522794,70568382,Ví điện tử,Đã giao
DH03762,KH01956,41,2025-10-27,1,23214519,23214519,Ví điện tử,Đã giao
DH03763,KH01301,249,2025-10-28,2,12650029,25300058,Thẻ ngân hàng,Đã hủy
DH03764,KH01358,177,2024-09-12,3,6101695,18305085,COD,Đang giao
DH03765,KH01772,391,2025-11-07,2,14598944,29197888,Chuyển khoản,Đã giao
DH03766,KH01207,287,2024-07-13,3,10898911,32696733,Chuyển khoản,Đang giao
DH03767,KH00955,41,2025-08-24,2,23214519,46429038,Chuyển khoản,Đã giao
DH03768,KH01422,475,2025-08-02,1,23514632,23514632,Ví điện tử,Đã hủy
DH03769,KH01200,382,2025-10-30,2,23997672,47995344,COD,Đã giao
DH03770,KH01980,357,2025-06-12,1,4857102,4857102,Chuyển khoản,Đã giao
DH03771,KH01113,4,2025-05-29,3,2033327,6099981,Chuyển khoản,Đang giao
DH03772,KH01208,45,2025-10-03,3,22446227,67338681,Thẻ ngân hàng,Đang giao
DH03773,KH01002,102,2024-09-11,2,13562744,27125488,COD,Đang giao
DH03774,KH00727,396,2025-03-13,1,2735462,2735462,Chuyển khoản,Đã hủy
DH03775,KH00174,474,2024-10-07,3,13191529,39574587,COD,Đã hủy
DH03776,KH00619,138,2025-04-04,3,24036792,72110376,COD,Đã hủy
DH03777,KH01374,67,2024-05-14,2,2603224,5206448,Ví điện tử,Đang giao
DH03778,KH01353,359,2024-06-14,2,18193067,36386134,COD,Đã giao
DH03779,KH00712,244,2024-11-23,2,16782990,33565980,Thẻ ngân hàng,Đã hủy
DH03780,KH00702,260,2025-11-11,3,5169564,15508692,Thẻ ngân hàng,Đã hủy
DH03781,KH01863,350,2024-04-10,3,12090591,36271773,Chuyển khoản,Đang giao
DH03782,KH00132,6,2024-11-23,3,15618829,46856487,COD,Đã hủy
DH03783,KH01302,21,2025-04-13,1,20692785,20692785,Chuyển khoản,Đã hủy
DH03784,KH01379,168,2024-11-05,2,4959346,9918692,Thẻ ngân hàng,Đã giao
DH03785,KH00748,156,2024-12-04,2,23900042,47800084,COD,Đã hủy
DH03786,KH00317,51,2025-08-06,2,18354531,36709062,Thẻ ngân hàng,Đã giao
DH03787,KH01174,315,2024-10-01,2,7916762,15833524,Thẻ ngân hàng,Đang giao
DH03788,KH00708,416,2025-02-05,1,17524717,17524717,Chuyển khoản,Đã giao
DH03789,KH01159,19,2024-05-11,3,6165758,18497274,Ví điện tử,Đang giao
DH03790,KH01376,291,2025-06-16,2,19063989,38127978,Ví điện tử,Đã hủy
DH03791,KH01915,110,2024-08-05,1,2655742,2655742,COD,Đã hủy
DH03792,KH01100,96,2024-07-22,2,2158473,4316946,Ví điện tử,Đã giao
DH03793,KH00389,97,2025-04-22,1,20721508,20721508,Ví điện tử,Đang giao
DH03794,KH00047,331,2025-09-26,1,16419785,16419785,Thẻ ngân hàng,Đang giao
DH03795,KH00251,56,2025-09-20,2,3656281,7312562,COD,Đã giao
DH03796,KH01802,461,2025-02-15,3,13898840,41696520,COD,Đã hủy
DH03797,KH00081,162,2025-07-31,2,16154689,32309378,Chuyển khoản,Đã hủy
DH03798,KH01755,116,2025-10-14,3,17991157,53973471,Ví điện tử,Đã giao
DH03799,KH00930,339,2024-06-12,3,7585126,22755378,COD,Đã giao
DH03800,KH01456,41,2025-04-23,3,23214519,69643557,Ví điện tử,Đang giao
DH03801,KH00822,219,2025-01-08,2,20274689,40549378,Thẻ ngân hàng,Đã hủy
DH03802,KH00240,329,2024-11-13,1,13517918,13517918,Ví điện tử,Đã hủy
DH03803,KH01257,109,2024-03-04,3,8310763,24932289,Chuyển khoản,Đang giao
DH03804,KH01281,260,2025-06-30,1,5169564,5169564,Ví điện tử,Đang giao
DH03805,KH00543,180,2025-06-22,2,5187803,10375606,Chuyển khoản,Đã giao
DH03806,KH01089,202,2024-01-18,3,10502987,31508961,Chuyển khoản,Đã hủy
DH03807,KH00220,348,2024-02-09,3,16075438,48226314,COD,Đang giao
DH03808,KH00314,486,2025-01-02,2,14815928,29631856,COD,Đang giao
DH03809,KH01542,236,2024-04-10,2,25624479,51248958,Thẻ ngân hàng,Đang giao
DH03810,KH00786,334,2024-09-29,1,7901528,7901528,Thẻ ngân hàng,Đang giao
DH03811,KH00068,371,2024-01-27,2,15596681,31193362,Chuyển khoản,Đã giao
DH03812,KH01890,199,2024-09-10,3,15317157,45951471,Ví điện tử,Đang giao
DH03813,KH01827,356,2025-09-26,1,23139278,23139278,COD,Đã hủy
DH03814,KH01399,114,2025-07-04,2,5461510,10923020,Ví điện tử,Đã giao
DH03815,KH01624,34,2025-06-24,3,21526031,64578093,Thẻ ngân hàng,Đang giao
DH03816,KH00567,202,2024-04-29,1,10502987,10502987,Thẻ ngân hàng,Đã hủy
DH03817,KH01624,327,2024-09-06,1,6561107,6561107,Thẻ ngân hàng,Đã giao
DH03818,KH00338,402,2024-07-02,1,14448552,14448552,COD,Đang giao
DH03819,KH01891,393,2025-02-24,3,15902198,47706594,Chuyển khoản,Đang giao
DH03820,KH00926,409,2024-04-25,3,25383281,76149843,COD,Đang giao
DH03821,KH01779,92,2024-05-02,3,11092983,33278949,Thẻ ngân hàng,Đã giao
DH03822,KH01698,469,2024-10-07,3,24833142,74499426,Ví điện tử,Đã giao
DH03823,KH00728,333,2025-07-11,3,4723884,14171652,Chuyển khoản,Đã hủy
DH03824,KH00617,417,2024-08-31,2,1927702,3855404,COD,Đã giao
DH03825,KH00812,351,2024-09-13,3,13618008,40854024,Thẻ ngân hàng,Đang giao
DH03826,KH01198,35,2025-02-19,3,5481589,16444767,COD,Đã giao
DH03827,KH01066,310,2025-02-22,1,10351478,10351478,Ví điện tử,Đã giao
DH03828,KH01522,53,2025-01-20,2,18088695,36177390,Ví điện tử,Đã giao
DH03829,KH01156,148,2025-11-05,1,24016044,24016044,Chuyển khoản,Đã giao
DH03830,KH01430,268,2025-04-03,2,20509489,41018978,Chuyển khoản,Đang giao
DH03831,KH01430,86,2025-01-12,1,8568170,8568170,Chuyển khoản,Đang giao
DH03832,KH00421,73,2025-04-25,1,13467563,13467563,Thẻ ngân hàng,Đang giao
DH03833,KH01875,66,2024-11-08,1,9292701,9292701,COD,Đang giao
DH03834,KH00444,405,2025-07-02,3,6786774,20360322,COD,Đã hủy
DH03835,KH01345,221,2024-10-09,2,18603561,37207122,COD,Đã hủy
DH03836,KH01742,362,2025-05-26,2,18686057,37372114,Chuyển khoản,Đã giao
DH03837,KH01482,222,2024-08-15,3,24480557,73441671,Chuyển khoản,Đã giao
DH03838,KH00134,483,2025-07-30,3,9287345,27862035,COD,Đã giao
DH03839,KH01382,347,2024-08-29,1,10484449,10484449,Thẻ ngân hàng,Đã giao
DH03840,KH01475,196,2025-10-23,1,9383000,9383000,COD,Đã hủy
DH03841,KH00739,350,2024-07-09,2,12090591,24181182,Thẻ ngân hàng,Đã giao
DH03842,KH00806,396,2025-02-14,1,2735462,2735462,Thẻ ngân hàng,Đang giao
DH03843,KH01178,427,2025-12-30,2,12881666,25763332,Chuyển khoản,Đang giao
DH03844,KH00347,267,2025-07-15,2,20768736,41537472,Thẻ ngân hàng,Đã hủy
DH03845,KH01734,301,2025-03-12,3,23179464,69538392,COD,Đang giao
DH03846,KH00387,332,2024-01-16,3,16273428,48820284,Chuyển khoản,Đã giao
DH03847,KH00315,215,2024-10-12,3,22688954,68066862,Ví điện tử,Đang giao
DH03848,KH00155,91,2024-11-24,3,20666588,61999764,Thẻ ngân hàng,Đã giao
DH03849,KH01596,416,2024-10-08,1,17524717,17524717,Thẻ ngân hàng,Đã giao
DH03850,KH00247,320,2024-06-14,2,13927009,27854018,COD,Đang giao
DH03851,KH00037,290,2025-05-25,3,14771023,44313069,Thẻ ngân hàng,Đã giao
DH03852,KH01142,146,2024-12-19,3,19268450,57805350,Thẻ ngân hàng,Đã hủy
DH03853,KH00766,159,2024-03-23,1,18319776,18319776,Chuyển khoản,Đã hủy
DH03854,KH00260,107,2025-08-26,1,15707585,15707585,Thẻ ngân hàng,Đã hủy
DH03855,KH00774,34,2024-02-10,1,21526031,21526031,Chuyển khoản,Đang giao
DH03856,KH01925,34,2025-10-11,1,21526031,21526031,Thẻ ngân hàng,Đang giao
DH03857,KH00943,399,2024-11-24,2,2042288,4084576,Ví điện tử,Đang giao
DH03858,KH01778,60,2024-05-07,3,10296353,30889059,COD,Đã giao
DH03859,KH00810,425,2025-11-02,2,12382069,24764138,Thẻ ngân hàng,Đã hủy
DH03860,KH00691,86,2024-04-08,3,8568170,25704510,Ví điện tử,Đang giao
DH03861,KH01701,287,2025-09-07,2,10898911,21797822,COD,Đã hủy
DH03862,KH00199,142,2025-10-03,2,23627613,47255226,Thẻ ngân hàng,Đang giao
DH03863,KH01503,428,2025-03-25,1,8623074,8623074,Chuyển khoản,Đang giao
DH03864,KH00719,370,2024-06-03,3,16487087,49461261,Ví điện tử,Đã giao
DH03865,KH01816,219,2024-04-16,1,20274689,20274689,Thẻ ngân hàng,Đang giao
DH03866,KH00778,106,2025-01-30,2,3358747,6717494,Ví điện tử,Đang giao
DH03867,KH00564,115,2024-04-21,2,24228127,48456254,Chuyển khoản,Đã giao
DH03868,KH01247,324,2024-10-29,2,5235456,10470912,Chuyển khoản,Đã giao
DH03869,KH01851,205,2024-10-29,2,11351137,22702274,Chuyển khoản,Đã hủy
DH03870,KH01097,115,2024-01-15,1,24228127,24228127,COD,Đã giao
DH03871,KH00474,308,2024-01-04,2,23205555,46411110,Thẻ ngân hàng,Đang giao
DH03872,KH00610,383,2025-06-07,2,21556385,43112770,Chuyển khoản,Đã hủy
DH03873,KH00053,417,2025-03-11,1,1927702,1927702,Thẻ ngân hàng,Đã hủy
DH03874,KH01154,92,2025-10-01,1,11092983,11092983,Chuyển khoản,Đã hủy
DH03875,KH00076,309,2024-04-12,1,16160657,16160657,Ví điện tử,Đã hủy
DH03876,KH01990,99,2024-06-24,1,22557878,22557878,COD,Đã hủy
DH03877,KH01629,217,2024-04-09,3,21518753,64556259,COD,Đã hủy
DH03878,KH01010,345,2024-11-29,2,24716330,49432660,Ví điện tử,Đã hủy
DH03879,KH01131,176,2024-12-19,1,12520307,12520307,Thẻ ngân hàng,Đã giao
DH03880,KH01655,239,2024-03-28,1,9904462,9904462,COD,Đang giao
DH03881,KH00791,459,2025-08-19,2,21165935,42331870,Ví điện tử,Đã hủy
DH03882,KH00934,7,2025-03-08,2,4357180,8714360,COD,Đang giao
DH03883,KH01022,337,2025-10-19,2,16155694,32311388,Chuyển khoản,Đã giao
DH03884,KH01823,200,2025-01-01,2,25326262,50652524,Thẻ ngân hàng,Đang giao
DH03885,KH01209,187,2025-07-16,2,8866140,17732280,Thẻ ngân hàng,Đang giao
DH03886,KH01064,6,2024-11-11,1,15618829,15618829,COD,Đã giao
DH03887,KH01504,387,2024-01-29,1,3436274,3436274,Ví điện tử,Đã hủy
DH03888,KH01373,336,2024-12-11,3,20788903,62366709,COD,Đã giao
DH03889,KH00471,185,2025-11-29,1,5305149,5305149,Thẻ ngân hàng,Đã hủy
DH03890,KH01834,494,2025-03-09,2,4606985,9213970,COD,Đã hủy
DH03891,KH00430,264,2024-11-25,2,7333700,14667400,Thẻ ngân hàng,Đã hủy
DH03892,KH00392,272,2024-05-11,1,15085613,15085613,Ví điện tử,Đã giao
DH03893,KH00481,364,2025-05-01,1,14254399,14254399,Thẻ ngân hàng,Đã giao
DH03894,KH00375,107,2025-01-05,3,15707585,47122755,Ví điện tử,Đã hủy
DH03895,KH00947,117,2025-11-15,2,1822241,3644482,Chuyển khoản,Đang giao
DH03896,KH01085,345,2025-11-26,1,24716330,24716330,Ví điện tử,Đã giao
DH03897,KH00729,52,2025-03-07,2,14404540,28809080,Chuyển khoản,Đang giao
DH03898,KH00770,96,2024-06-02,3,2158473,6475419,Ví điện tử,Đã giao
DH03899,KH01470,453,2024-09-13,3,24897288,74691864,Thẻ ngân hàng,Đã hủy
DH03900,KH01584,75,2025-10-25,2,1572912,3145824,Thẻ ngân hàng,Đã hủy
DH03901,KH01955,471,2024-10-12,2,25755884,51511768,Chuyển khoản,Đang giao
DH03902,KH01220,186,2024-09-18,3,11833611,35500833,Chuyển khoản,Đã hủy
DH03903,KH00960,301,2024-09-16,1,23179464,23179464,Chuyển khoản,Đang giao
DH03904,KH00318,428,2024-05-19,1,8623074,8623074,Chuyển khoản,Đang giao
DH03905,KH01844,45,2025-10-15,3,22446227,67338681,COD,Đang giao
DH03906,KH00952,375,2024-06-02,3,22543381,67630143,Chuyển khoản,Đang giao
DH03907,KH01076,254,2024-06-17,2,7786382,15572764,Thẻ ngân hàng,Đã giao
DH03908,KH01177,210,2024-10-29,1,20061356,20061356,Chuyển khoản,Đã giao
DH03909,KH00130,404,2025-03-16,1,24793579,24793579,COD,Đang giao
DH03910,KH00597,475,2024-02-26,3,23514632,70543896,Ví điện tử,Đang giao
DH03911,KH01865,476,2025-12-11,1,5610573,5610573,Thẻ ngân hàng,Đang giao
DH03912,KH01026,385,2024-05-18,3,9022052,27066156,COD,Đang giao
DH03913,KH00291,159,2025-03-13,2,18319776,36639552,COD,Đã giao
DH03914,KH01489,106,2025-11-04,1,3358747,3358747,Chuyển khoản,Đã hủy
DH03915,KH01283,129,2024-12-26,3,7748973,23246919,Ví điện tử,Đã giao
DH03916,KH01275,344,2024-11-29,2,15192156,30384312,Thẻ ngân hàng,Đã giao
DH03917,KH01983,281,2024-08-27,2,6520993,13041986,COD,Đã giao
DH03918,KH00700,353,2024-10-08,1,17335247,17335247,Chuyển khoản,Đang giao
DH03919,KH01282,156,2025-09-21,1,23900042,23900042,Chuyển khoản,Đang giao
DH03920,KH01912,378,2024-03-23,1,5459248,5459248,Chuyển khoản,Đang giao
DH03921,KH01561,253,2025-09-05,3,9232276,27696828,COD,Đã giao
DH03922,KH01136,82,2024-05-30,2,6348395,12696790,Ví điện tử,Đã giao
DH03923,KH00786,316,2024-10-15,2,19653730,39307460,Chuyển khoản,Đã hủy
DH03924,KH01049,107,2024-02-17,3,15707585,47122755,Thẻ ngân hàng,Đã giao
DH03925,KH00327,495,2024-05-08,2,24537951,49075902,Ví điện tử,Đã giao
DH03926,KH00259,339,2025-02-20,3,7585126,22755378,Ví điện tử,Đã giao
DH03927,KH00949,157,2025-06-29,2,10354320,20708640,COD,Đang giao
DH03928,KH00362,319,2024-03-31,2,17175754,34351508,Ví điện tử,Đang giao
DH03929,KH01329,362,2025-07-28,2,18686057,37372114,Ví điện tử,Đã giao
DH03930,KH00589,62,2024-10-14,1,17040933,17040933,Chuyển khoản,Đã hủy
DH03931,KH00784,344,2025-11-10,2,15192156,30384312,Ví điện tử,Đang giao
DH03932,KH01388,15,2024-07-16,1,21879885,21879885,Ví điện tử,Đã hủy
DH03933,KH00330,221,2024-08-19,2,18603561,37207122,Thẻ ngân hàng,Đã giao
DH03934,KH01022,286,2025-07-21,2,3106273,6212546,Chuyển khoản,Đã hủy
DH03935,KH01625,496,2024-07-04,3,14220784,42662352,Thẻ ngân hàng,Đang giao
DH03936,KH01893,364,2025-11-09,3,14254399,42763197,Chuyển khoản,Đã hủy
DH03937,KH01956,352,2025-10-15,3,22014922,66044766,Chuyển khoản,Đã hủy
DH03938,KH00977,364,2025-09-09,1,14254399,14254399,Chuyển khoản,Đang giao
DH03939,KH01808,500,2024-06-28,2,12716509,25433018,COD,Đã hủy
DH03940,KH01588,155,2024-05-01,1,23734363,23734363,Ví điện tử,Đã giao
DH03941,KH01008,350,2025-01-03,3,12090591,36271773,Ví điện tử,Đã giao
DH03942,KH00511,259,2025-01-12,3,2352165,7056495,Chuyển khoản,Đang giao
DH03943,KH01584,193,2024-03-21,1,12107524,12107524,Chuyển khoản,Đã hủy
DH03944,KH00129,377,2024-04-10,1,12231914,12231914,Thẻ ngân hàng,Đang giao
DH03945,KH01244,199,2024-01-12,2,15317157,30634314,Thẻ ngân hàng,Đã hủy
DH03946,KH01680,335,2025-11-21,1,6359823,6359823,COD,Đã giao
DH03947,KH01485,412,2025-08-21,2,5966347,11932694,Ví điện tử,Đang giao
DH03948,KH00732,411,2025-06-10,1,15292733,15292733,COD,Đã giao
DH03949,KH01025,278,2024-04-30,3,16871480,50614440,Ví điện tử,Đã giao
DH03950,KH00292,201,2024-12-12,3,14510585,43531755,Thẻ ngân hàng,Đang giao
DH03951,KH01800,201,2024-08-18,3,14510585,43531755,Ví điện tử,Đã hủy
DH03952,KH00194,39,2025-01-14,1,5958851,5958851,Ví điện tử,Đã hủy
DH03953,KH00811,144,2025-01-20,3,6059706,18179118,Ví điện tử,Đã giao
DH03954,KH00731,352,2024-03-09,1,22014922,22014922,Thẻ ngân hàng,Đang giao
DH03955,KH01615,302,2024-10-15,2,1904905,3809810,Thẻ ngân hàng,Đang giao
DH03956,KH00258,71,2024-03-09,2,20920065,41840130,COD,Đang giao
DH03957,KH00584,373,2025-08-21,2,17596085,35192170,COD,Đang giao
DH03958,KH00414,105,2024-05-03,1,9768220,9768220,COD,Đã hủy
DH03959,KH00955,103,2024-12-07,1,17996106,17996106,Chuyển khoản,Đang giao
DH03960,KH01191,134,2025-06-18,1,24009450,24009450,Chuyển khoản,Đã giao
DH03961,KH01415,317,2025-02-05,1,3451035,3451035,Ví điện tử,Đang giao
DH03962,KH00814,364,2025-06-07,1,14254399,14254399,Chuyển khoản,Đã giao
DH03963,KH00279,170,2024-06-10,3,18830250,56490750,Thẻ ngân hàng,Đang giao
DH03964,KH01813,77,2024-04-17,1,20281855,20281855,Chuyển khoản,Đã hủy
DH03965,KH00673,75,2024-09-03,3,1572912,4718736,Chuyển khoản,Đã hủy
DH03966,KH01735,51,2024-06-23,1,18354531,18354531,Ví điện tử,Đang giao
DH03967,KH00522,122,2025-11-20,2,18283116,36566232,COD,Đã hủy
DH03968,KH00649,292,2024-10-10,1,15283078,15283078,Ví điện tử,Đang giao
DH03969,KH01809,302,2025-01-31,1,1904905,1904905,Chuyển khoản,Đã hủy
DH03970,KH01216,143,2024-04-08,1,5091764,5091764,Ví điện tử,Đang giao
DH03971,KH01089,128,2024-07-03,2,5789660,11579320,Ví điện tử,Đang giao
DH03972,KH00389,198,2024-04-22,2,13851809,27703618,Chuyển khoản,Đang giao
DH03973,KH00050,196,2025-03-24,2,9383000,18766000,Thẻ ngân hàng,Đang giao
DH03974,KH01894,58,2024-08-25,2,4846247,9692494,COD,Đã giao
DH03975,KH01598,16,2025-06-17,2,1902478,3804956,Chuyển khoản,Đã hủy
DH03976,KH01596,205,2025-05-04,3,11351137,34053411,Ví điện tử,Đã giao
DH03977,KH00728,413,2024-02-04,1,19949073,19949073,COD,Đã giao
DH03978,KH01847,215,2024-02-10,3,22688954,68066862,Ví điện tử,Đã hủy
DH03979,KH01792,92,2024-03-18,2,11092983,22185966,Chuyển khoản,Đã giao
DH03980,KH00812,272,2024-12-18,1,15085613,15085613,Chuyển khoản,Đang giao
DH03981,KH00008,27,2025-06-21,1,12159304,12159304,Thẻ ngân hàng,Đã hủy
DH03982,KH00994,91,2024-12-13,2,20666588,41333176,COD,Đã hủy
DH03983,KH01132,172,2025-04-04,1,11563207,11563207,Ví điện tử,Đã giao
DH03984,KH01326,130,2025-03-12,1,8364943,8364943,COD,Đang giao
DH03985,KH01643,403,2025-09-23,3,10108987,30326961,Ví điện tử,Đang giao
DH03986,KH00372,36,2024-12-03,3,4440658,13321974,COD,Đang giao
DH03987,KH01847,227,2024-09-14,2,23575212,47150424,Ví điện tử,Đã giao
DH03988,KH01044,193,2024-07-01,1,12107524,12107524,Ví điện tử,Đang giao
DH03989,KH01420,138,2025-10-20,1,24036792,24036792,COD,Đã hủy
DH03990,KH01266,267,2025-08-11,3,20768736,62306208,COD,Đã hủy
DH03991,KH01943,6,2025-03-10,3,15618829,46856487,COD,Đang giao
DH03992,KH01824,189,2024-05-27,1,21341902,21341902,COD,Đã giao
DH03993,KH00796,322,2024-05-24,1,4789634,4789634,COD,Đã giao
DH03994,KH01396,488,2024-10-03,2,1330310,2660620,Ví điện tử,Đã giao
DH03995,KH01974,435,2025-02-23,2,4349985,8699970,Thẻ ngân hàng,Đã giao
DH03996,KH00323,459,2025-03-01,1,21165935,21165935,COD,Đang giao
DH03997,KH00715,351,2025-02-08,3,13618008,40854024,COD,Đã giao
DH03998,KH01286,448,2025-05-26,2,1655313,3310626,Ví điện tử,Đã hủy
DH03999,KH01746,407,2025-01-25,2,22242654,44485308,Chuyển khoản,Đang giao
DH04000,KH00005,29,2024-11-29,3,8608366,25825098,Thẻ ngân hàng,Đã hủy
DH04001,KH00333,451,2025-05-21,3,18801455,56404365,Chuyển khoản,Đang giao
DH04002,KH00208,50,2025-05-13,2,16126277,32252554,Ví điện tử,Đang giao
DH04003,KH01913,294,2024-11-06,3,20611090,61833270,Thẻ ngân hàng,Đã giao
DH04004,KH01220,426,2025-08-31,2,22978827,45957654,Thẻ ngân hàng,Đang giao
DH04005,KH00003,50,2025-09-03,1,16126277,16126277,Thẻ ngân hàng,Đã giao
DH04006,KH00020,162,2025-05-16,2,16154689,32309378,Chuyển khoản,Đã giao
DH04007,KH01163,360,2025-01-07,2,17479616,34959232,Thẻ ngân hàng,Đã hủy
DH04008,KH00166,157,2025-11-25,1,10354320,10354320,Thẻ ngân hàng,Đang giao
DH04009,KH00636,454,2025-05-31,3,24379043,73137129,Thẻ ngân hàng,Đang giao
DH04010,KH00898,142,2025-08-31,2,23627613,47255226,Chuyển khoản,Đã hủy
DH04011,KH01970,481,2024-09-22,2,11804603,23609206,Ví điện tử,Đã giao
DH04012,KH01867,56,2024-03-24,2,3656281,7312562,Ví điện tử,Đang giao
DH04013,KH01267,500,2024-07-17,2,12716509,25433018,Ví điện tử,Đã hủy
DH04014,KH01430,125,2024-02-03,1,13225929,13225929,Thẻ ngân hàng,Đang giao
DH04015,KH01614,407,2024-10-15,2,22242654,44485308,COD,Đã hủy
DH04016,KH01705,438,2025-12-19,3,19966047,59898141,COD,Đang giao
DH04017,KH01107,74,2024-11-13,2,2460854,4921708,Thẻ ngân hàng,Đang giao
DH04018,KH00545,29,2025-01-10,2,8608366,17216732,Thẻ ngân hàng,Đã hủy
DH04019,KH01082,482,2024-08-08,1,25397322,25397322,COD,Đã hủy
DH04020,KH01625,99,2025-11-15,3,22557878,67673634,Ví điện tử,Đã hủy
DH04021,KH01704,291,2024-07-24,2,19063989,38127978,COD,Đang giao
DH04022,KH00951,260,2025-11-05,3,5169564,15508692,COD,Đã giao
DH04023,KH01665,233,2024-07-01,1,5799781,5799781,Chuyển khoản,Đã hủy
DH04024,KH00851,83,2024-12-03,3,10278942,30836826,Chuyển khoản,Đã hủy
DH04025,KH00178,461,2024-05-02,2,13898840,27797680,Chuyển khoản,Đã hủy
DH04026,KH00636,243,2025-11-10,2,9384883,18769766,Ví điện tử,Đang giao
DH04027,KH01629,100,2025-08-27,3,3300603,9901809,COD,Đã giao
DH04028,KH00759,167,2024-03-09,3,19477755,58433265,Thẻ ngân hàng,Đã giao
DH04029,KH01813,180,2025-04-27,3,5187803,15563409,Ví điện tử,Đã giao
DH04030,KH01799,433,2025-03-02,2,2223429,4446858,Thẻ ngân hàng,Đang giao
DH04031,KH00228,108,2025-05-19,3,16704100,50112300,Ví điện tử,Đã giao
DH04032,KH01688,203,2024-10-09,2,2141244,4282488,COD,Đang giao
DH04033,KH01805,224,2024-11-22,3,17686916,53060748,COD,Đã giao
DH04034,KH01511,253,2024-01-08,3,9232276,27696828,COD,Đang giao
DH04035,KH01039,433,2024-03-01,3,2223429,6670287,Thẻ ngân hàng,Đã hủy
DH04036,KH01531,423,2024-01-14,3,11205935,33617805,COD,Đã hủy
DH04037,KH00029,100,2024-05-21,1,3300603,3300603,Thẻ ngân hàng,Đã hủy
DH04038,KH01984,495,2025-03-16,2,24537951,49075902,Thẻ ngân hàng,Đã hủy
DH04039,KH01956,144,2024-03-20,3,6059706,18179118,Chuyển khoản,Đã giao
DH04040,KH00451,120,2024-12-30,2,23629104,47258208,Thẻ ngân hàng,Đã giao
DH04041,KH00666,6,2024-09-16,3,15618829,46856487,COD,Đang giao
DH04042,KH01689,159,2024-08-03,2,18319776,36639552,Ví điện tử,Đã hủy
DH04043,KH01907,353,2025-05-13,2,17335247,34670494,Chuyển khoản,Đang giao
DH04044,KH00312,143,2024-06-29,3,5091764,15275292,Ví điện tử,Đã giao
DH04045,KH01276,261,2025-03-06,3,8666850,26000550,COD,Đã giao
DH04046,KH00128,91,2024-02-23,1,20666588,20666588,COD,Đang giao
DH04047,KH01696,464,2025-08-09,3,10451249,31353747,COD,Đã hủy
DH04048,KH00318,7,2024-02-18,3,4357180,13071540,Chuyển khoản,Đang giao
DH04049,KH01633,379,2024-01-28,3,11024419,33073257,COD,Đang giao
DH04050,KH00642,88,2025-07-05,1,15268123,15268123,Thẻ ngân hàng,Đang giao
DH04051,KH01656,89,2024-09-14,2,15656852,31313704,Thẻ ngân hàng,Đã hủy
DH04052,KH00163,374,2025-03-08,1,17616582,17616582,COD,Đã giao
DH04053,KH00066,342,2025-10-01,3,3872319,11616957,COD,Đã giao
DH04054,KH00317,406,2025-12-20,3,1821869,5465607,Thẻ ngân hàng,Đang giao
DH04055,KH01806,15,2025-11-19,2,21879885,43759770,Chuyển khoản,Đã giao
DH04056,KH00847,368,2024-01-08,2,21192004,42384008,COD,Đang giao
DH04057,KH00042,304,2025-11-15,1,24317139,24317139,Thẻ ngân hàng,Đã giao
DH04058,KH01254,432,2024-06-05,1,25961408,25961408,COD,Đang giao
DH04059,KH01909,313,2025-10-15,3,2770705,8312115,COD,Đang giao
DH04060,KH00747,30,2024-12-27,1,22850493,22850493,Chuyển khoản,Đã giao
DH04061,KH00715,142,2025-04-19,3,23627613,70882839,Thẻ ngân hàng,Đã giao
DH04062,KH01757,259,2024-02-20,3,2352165,7056495,Chuyển khoản,Đã hủy
DH04063,KH00636,195,2024-01-30,2,2797518,5595036,Chuyển khoản,Đang giao
DH04064,KH00328,8,2024-01-27,1,16791775,16791775,Thẻ ngân hàng,Đã giao
DH04065,KH00695,300,2024-12-14,1,20713031,20713031,Chuyển khoản,Đã hủy
DH04066,KH00433,292,2025-09-21,3,15283078,45849234,Ví điện tử,Đã hủy
DH04067,KH01929,179,2025-05-13,1,23021297,23021297,COD,Đã giao
DH04068,KH00910,229,2024-04-22,3,5955017,17865051,Thẻ ngân hàng,Đã giao
DH04069,KH01262,146,2025-04-02,2,19268450,38536900,Ví điện tử,Đang giao
DH04070,KH00839,239,2024-07-16,2,9904462,19808924,COD,Đã giao
DH04071,KH00766,79,2024-02-07,2,5712887,11425774,Ví điện tử,Đã giao
DH04072,KH01922,196,2025-07-13,1,9383000,9383000,COD,Đã giao
DH04073,KH01843,454,2024-04-11,2,24379043,48758086,Chuyển khoản,Đã hủy
DH04074,KH01625,480,2024-09-17,3,9066937,27200811,Ví điện tử,Đã giao
DH04075,KH00257,183,2025-03-17,2,25583781,51167562,Ví điện tử,Đang giao
DH04076,KH01814,15,2024-03-29,2,21879885,43759770,Chuyển khoản,Đang giao
DH04077,KH00439,372,2025-12-09,2,11933021,23866042,COD,Đang giao
DH04078,KH01517,481,2025-07-24,2,11804603,23609206,Chuyển khoản,Đang giao
DH04079,KH00965,392,2025-10-16,2,2439684,4879368,Ví điện tử,Đã giao
DH04080,KH01949,458,2025-06-30,2,3104580,6209160,COD,Đã giao
DH04081,KH01217,490,2024-03-08,1,24697745,24697745,Ví điện tử,Đã giao
DH04082,KH01954,122,2024-11-08,2,18283116,36566232,Chuyển khoản,Đã hủy
DH04083,KH01231,367,2024-01-04,1,21910738,21910738,Thẻ ngân hàng,Đã hủy
DH04084,KH00103,478,2024-11-06,2,8623329,17246658,Chuyển khoản,Đang giao
DH04085,KH01892,187,2024-08-19,1,8866140,8866140,COD,Đã hủy
DH04086,KH00652,451,2025-10-31,3,18801455,56404365,Thẻ ngân hàng,Đang giao
DH04087,KH00548,373,2024-03-08,2,17596085,35192170,Ví điện tử,Đã hủy
DH04088,KH01682,465,2024-08-28,1,24131257,24131257,Chuyển khoản,Đã hủy
DH04089,KH00862,115,2024-12-23,1,24228127,24228127,Chuyển khoản,Đang giao
DH04090,KH00078,426,2025-06-21,1,22978827,22978827,COD,Đang giao
DH04091,KH01884,59,2024-04-18,1,11020945,11020945,Thẻ ngân hàng,Đã hủy
DH04092,KH01766,494,2024-07-31,1,4606985,4606985,Thẻ ngân hàng,Đã hủy
DH04093,KH01556,266,2025-11-03,3,8991711,26975133,Chuyển khoản,Đã giao
DH04094,KH00238,297,2025-06-03,3,3729757,11189271,Ví điện tử,Đã giao
DH04095,KH01339,58,2025-09-23,3,4846247,14538741,COD,Đang giao
DH04096,KH01196,403,2024-03-29,1,10108987,10108987,Thẻ ngân hàng,Đã hủy
DH04097,KH00259,123,2024-08-28,2,5880587,11761174,COD,Đã hủy
DH04098,KH01592,421,2025-04-08,1,22589235,22589235,COD,Đã hủy
DH04099,KH00991,475,2024-06-13,1,23514632,23514632,Ví điện tử,Đang giao
DH04100,KH01869,166,2025-05-20,3,17284447,51853341,Chuyển khoản,Đã hủy
DH04101,KH00710,114,2024-10-12,2,5461510,10923020,Ví điện tử,Đã hủy
DH04102,KH00382,469,2025-01-27,3,24833142,74499426,Chuyển khoản,Đang giao
DH04103,KH01457,62,2025-12-01,1,17040933,17040933,COD,Đã giao
DH04104,KH01274,85,2025-12-30,1,22953739,22953739,Chuyển khoản,Đang giao
DH04105,KH00818,59,2025-08-31,2,11020945,22041890,Chuyển khoản,Đã hủy
DH04106,KH00935,135,2025-09-05,2,18508141,37016282,Thẻ ngân hàng,Đã giao
DH04107,KH01866,45,2024-10-17,3,22446227,67338681,COD,Đang giao
DH04108,KH01560,210,2024-09-15,1,20061356,20061356,Thẻ ngân hàng,Đang giao
DH04109,KH01091,433,2024-09-20,2,2223429,4446858,Thẻ ngân hàng,Đang giao
DH04110,KH01721,76,2024-09-17,2,25092737,50185474,COD,Đã hủy
DH04111,KH01031,500,2024-03-27,1,12716509,12716509,Chuyển khoản,Đã hủy
DH04112,KH00182,480,2024-04-09,3,9066937,27200811,Chuyển khoản,Đang giao
DH04113,KH01492,310,2024-08-13,2,10351478,20702956,COD,Đang giao
DH04114,KH00250,175,2025-01-16,2,4766108,9532216,Ví điện tử,Đã giao
DH04115,KH00807,488,2024-07-17,2,1330310,2660620,COD,Đã hủy
DH04116,KH00575,399,2025-05-04,3,2042288,6126864,Chuyển khoản,Đã hủy
DH04117,KH00655,399,2024-06-15,1,2042288,2042288,Chuyển khoản,Đang giao
DH04118,KH00874,391,2024-06-07,1,14598944,14598944,Thẻ ngân hàng,Đã giao
DH04119,KH01526,123,2025-06-08,2,5880587,11761174,COD,Đang giao
DH04120,KH00781,114,2024-08-25,1,5461510,5461510,COD,Đã hủy
DH04121,KH00536,74,2024-11-26,3,2460854,7382562,Thẻ ngân hàng,Đã giao
DH04122,KH01268,74,2025-05-01,3,2460854,7382562,Thẻ ngân hàng,Đang giao
DH04123,KH01279,435,2025-06-18,3,4349985,13049955,Chuyển khoản,Đã giao
DH04124,KH00994,206,2025-03-28,3,9160201,27480603,Thẻ ngân hàng,Đã giao
DH04125,KH01080,55,2025-02-21,1,17890818,17890818,Thẻ ngân hàng,Đã giao
DH04126,KH01572,353,2024-09-19,3,17335247,52005741,Thẻ ngân hàng,Đã hủy
DH04127,KH01101,492,2024-06-24,3,8668431,26005293,Chuyển khoản,Đang giao
DH04128,KH01347,395,2024-05-29,2,15941796,31883592,Ví điện tử,Đang giao
DH04129,KH00376,338,2025-06-28,3,11491142,34473426,Chuyển khoản,Đã giao
DH04130,KH00373,72,2024-03-11,1,11915298,11915298,Ví điện tử,Đã giao
DH04131,KH00701,373,2024-04-21,3,17596085,52788255,Ví điện tử,Đã giao
DH04132,KH01516,456,2025-08-22,2,1907183,3814366,COD,Đã hủy
DH04133,KH00456,408,2024-09-02,1,17462807,17462807,COD,Đã hủy
DH04134,KH01213,222,2025-08-20,2,24480557,48961114,Chuyển khoản,Đã giao
DH04135,KH00217,459,2024-07-31,1,21165935,21165935,Thẻ ngân hàng,Đã giao
DH04136,KH00256,440,2025-04-29,3,21263667,63791001,Chuyển khoản,Đã hủy
DH04137,KH01391,349,2024-10-13,1,19870600,19870600,Chuyển khoản,Đã giao
DH04138,KH01942,327,2025-06-14,1,6561107,6561107,Thẻ ngân hàng,Đã giao
DH04139,KH00800,136,2025-02-17,1,13200645,13200645,Thẻ ngân hàng,Đã hủy
DH04140,KH01809,110,2024-10-18,1,2655742,2655742,Chuyển khoản,Đang giao
DH04141,KH00657,48,2025-10-12,1,10369706,10369706,Ví điện tử,Đã giao
DH04142,KH00915,340,2025-03-25,2,2512853,5025706,COD,Đã giao
DH04143,KH00371,121,2025-08-09,3,22194333,66582999,Thẻ ngân hàng,Đã hủy
DH04144,KH00196,394,2025-08-26,2,14325309,28650618,Chuyển khoản,Đang giao
DH04145,KH00148,427,2024-03-18,1,12881666,12881666,Ví điện tử,Đã hủy
DH04146,KH01638,145,2024-03-14,3,13595803,40787409,Thẻ ngân hàng,Đã giao
DH04147,KH00694,326,2025-07-02,1,10657286,10657286,Ví điện tử,Đã hủy
DH04148,KH00119,174,2024-10-15,3,24577473,73732419,Thẻ ngân hàng,Đã giao
DH04149,KH01792,482,2024-01-14,1,25397322,25397322,Chuyển khoản,Đang giao
DH04150,KH01045,238,2025-02-21,2,8768981,17537962,Chuyển khoản,Đang giao
DH04151,KH00102,449,2025-08-18,2,7676975,15353950,Chuyển khoản,Đang giao
DH04152,KH00441,40,2024-12-02,3,13768783,41306349,Thẻ ngân hàng,Đã giao
DH04153,KH00087,4,2025-10-17,2,2033327,4066654,Thẻ ngân hàng,Đã hủy
DH04154,KH00980,495,2025-11-27,1,24537951,24537951,Ví điện tử,Đã hủy
DH04155,KH01514,315,2025-04-20,2,7916762,15833524,Thẻ ngân hàng,Đã hủy
DH04156,KH00082,195,2024-08-15,1,2797518,2797518,Chuyển khoản,Đã hủy
DH04157,KH01225,224,2024-03-26,2,17686916,35373832,Chuyển khoản,Đang giao
DH04158,KH00437,208,2025-02-24,2,16507221,33014442,Ví điện tử,Đã giao
DH04159,KH00724,203,2025-07-23,3,2141244,6423732,Thẻ ngân hàng,Đang giao
DH04160,KH00847,478,2025-01-03,2,8623329,17246658,Thẻ ngân hàng,Đã hủy
DH04161,KH01385,56,2024-04-16,2,3656281,7312562,Ví điện tử,Đã giao
DH04162,KH00563,194,2024-05-04,2,10519150,21038300,Ví điện tử,Đã hủy
DH04163,KH01856,383,2024-09-07,1,21556385,21556385,Ví điện tử,Đã hủy
DH04164,KH00673,59,2025-06-24,3,11020945,33062835,Chuyển khoản,Đang giao
DH04165,KH00368,117,2025-07-05,1,1822241,1822241,COD,Đã giao
DH04166,KH01846,345,2024-08-05,3,24716330,74148990,Chuyển khoản,Đã giao
DH04167,KH01162,166,2024-05-06,3,17284447,51853341,Ví điện tử,Đã hủy
DH04168,KH01329,127,2025-08-19,2,23583550,47167100,Thẻ ngân hàng,Đã giao
DH04169,KH01605,64,2024-06-12,2,9718506,19437012,Thẻ ngân hàng,Đang giao
DH04170,KH00594,407,2024-07-04,1,22242654,22242654,Ví điện tử,Đang giao
DH04171,KH01460,323,2024-01-08,1,8114299,8114299,COD,Đã hủy
DH04172,KH00768,102,2024-01-22,2,13562744,27125488,Thẻ ngân hàng,Đang giao
DH04173,KH01793,326,2025-02-15,3,10657286,31971858,COD,Đã giao
DH04174,KH01885,65,2025-11-07,3,20123002,60369006,COD,Đã giao
DH04175,KH00394,451,2025-04-28,2,18801455,37602910,COD,Đang giao
DH04176,KH00255,486,2025-11-30,2,14815928,29631856,COD,Đang giao
DH04177,KH01673,60,2025-01-06,1,10296353,10296353,Chuyển khoản,Đã hủy
DH04178,KH00858,187,2025-07-12,3,8866140,26598420,Chuyển khoản,Đã hủy
DH04179,KH00659,407,2024-03-10,1,22242654,22242654,Ví điện tử,Đã giao
DH04180,KH00217,395,2024-12-07,2,15941796,31883592,Ví điện tử,Đã giao
DH04181,KH00233,86,2025-01-25,2,8568170,17136340,Ví điện tử,Đang giao
DH04182,KH01059,403,2025-04-17,2,10108987,20217974,COD,Đang giao
DH04183,KH00808,454,2025-11-10,3,24379043,73137129,Chuyển khoản,Đã giao
DH04184,KH01167,34,2024-02-01,2,21526031,43052062,Ví điện tử,Đã hủy
DH04185,KH01418,442,2024-02-16,1,14674667,14674667,Chuyển khoản,Đã giao
DH04186,KH00858,463,2025-03-20,2,14123822,28247644,Thẻ ngân hàng,Đã giao
DH04187,KH00620,213,2025-12-03,2,9135747,18271494,Thẻ ngân hàng,Đã hủy
DH04188,KH00777,64,2024-08-18,3,9718506,29155518,Chuyển khoản,Đang giao
DH04189,KH01489,449,2024-01-02,2,7676975,15353950,Thẻ ngân hàng,Đang giao
DH04190,KH01596,312,2024-10-18,1,22250953,22250953,Ví điện tử,Đã giao
DH04191,KH01516,479,2024-08-26,3,24995661,74986983,COD,Đã giao
DH04192,KH01551,387,2024-12-10,3,3436274,10308822,COD,Đã giao
DH04193,KH01538,111,2025-02-25,2,5190528,10381056,COD,Đang giao
DH04194,KH01710,229,2025-04-27,1,5955017,5955017,Ví điện tử,Đã hủy
DH04195,KH01002,361,2025-10-30,1,2131412,2131412,Chuyển khoản,Đã hủy
DH04196,KH00686,463,2025-08-14,3,14123822,42371466,Chuyển khoản,Đã giao
DH04197,KH01938,378,2025-04-26,1,5459248,5459248,Chuyển khoản,Đã giao
DH04198,KH01591,150,2025-02-15,2,22175650,44351300,COD,Đã hủy
DH04199,KH01017,475,2024-06-03,2,23514632,47029264,Thẻ ngân hàng,Đã hủy
DH04200,KH01685,225,2024-04-06,1,17350639,17350639,Thẻ ngân hàng,Đang giao
DH04201,KH01596,113,2024-09-06,1,9188480,9188480,Ví điện tử,Đã hủy
DH04202,KH01604,389,2024-08-21,3,2247745,6743235,Chuyển khoản,Đã hủy
DH04203,KH01121,456,2025-07-28,1,1907183,1907183,Ví điện tử,Đang giao
DH04204,KH00330,170,2024-11-30,2,18830250,37660500,Chuyển khoản,Đang giao
DH04205,KH00647,96,2025-08-27,2,2158473,4316946,Ví điện tử,Đang giao
DH04206,KH00059,227,2025-07-22,2,23575212,47150424,COD,Đã hủy
DH04207,KH01555,218,2025-03-18,2,7876105,15752210,Chuyển khoản,Đang giao
DH04208,KH01772,320,2025-10-26,3,13927009,41781027,Ví điện tử,Đang giao
DH04209,KH00049,68,2024-11-05,1,14423549,14423549,Thẻ ngân hàng,Đã hủy
DH04210,KH01319,233,2025-09-12,1,5799781,5799781,Chuyển khoản,Đang giao
DH04211,KH01373,362,2025-03-23,3,18686057,56058171,COD,Đang giao
DH04212,KH01903,250,2024-03-08,3,5901364,17704092,Ví điện tử,Đã giao
DH04213,KH01614,343,2025-06-27,1,17874359,17874359,Ví điện tử,Đã giao
DH04214,KH00430,318,2024-03-30,3,23570935,70712805,Ví điện tử,Đã hủy
DH04215,KH00213,496,2024-01-18,3,14220784,42662352,COD,Đang giao
DH04216,KH00395,446,2024-09-25,3,10227214,30681642,COD,Đã hủy
DH04217,KH00624,33,2025-03-07,3,16395207,49185621,Chuyển khoản,Đã giao
DH04218,KH01546,439,2024-03-15,2,11444083,22888166,Ví điện tử,Đã hủy
DH04219,KH01862,389,2024-01-14,3,2247745,6743235,Ví điện tử,Đã hủy
DH04220,KH00163,300,2025-01-24,3,20713031,62139093,Ví điện tử,Đã giao
DH04221,KH01435,177,2024-04-25,2,6101695,12203390,Chuyển khoản,Đã giao
DH04222,KH00701,294,2024-01-26,3,20611090,61833270,COD,Đã hủy
DH04223,KH01002,193,2024-05-18,3,12107524,36322572,COD,Đang giao
DH04224,KH00726,114,2025-09-10,2,5461510,10923020,COD,Đang giao
DH04225,KH01564,74,2024-12-18,1,2460854,2460854,COD,Đã giao
DH04226,KH00174,170,2024-10-13,3,18830250,56490750,Ví điện tử,Đã giao
DH04227,KH01492,242,2024-12-31,1,1536406,1536406,Thẻ ngân hàng,Đang giao
DH04228,KH01162,57,2025-03-30,2,19310306,38620612,Chuyển khoản,Đã hủy
DH04229,KH01901,418,2024-02-17,3,6732468,20197404,Chuyển khoản,Đã hủy
DH04230,KH00376,32,2025-06-19,1,16788448,16788448,Thẻ ngân hàng,Đã hủy
DH04231,KH00872,388,2025-11-14,2,12500788,25001576,COD,Đã giao
DH04232,KH01216,19,2025-07-11,3,6165758,18497274,Ví điện tử,Đã giao
DH04233,KH01401,337,2025-12-22,2,16155694,32311388,Chuyển khoản,Đã giao
DH04234,KH01922,167,2025-09-29,1,19477755,19477755,COD,Đang giao
DH04235,KH00604,57,2025-04-08,2,19310306,38620612,Chuyển khoản,Đang giao
DH04236,KH01843,417,2024-12-21,1,1927702,1927702,COD,Đã giao
DH04237,KH00834,98,2024-03-16,2,25849081,51698162,Thẻ ngân hàng,Đang giao
DH04238,KH00046,455,2025-09-03,3,2445683,7337049,Ví điện tử,Đang giao
DH04239,KH00222,381,2025-09-09,2,3635754,7271508,COD,Đã hủy
DH04240,KH00927,424,2025-11-17,2,19568438,39136876,Chuyển khoản,Đang giao
DH04241,KH01216,454,2025-05-16,2,24379043,48758086,Chuyển khoản,Đang giao
DH04242,KH01697,255,2024-11-20,2,11357464,22714928,COD,Đã giao
DH04243,KH01990,500,2025-02-24,3,12716509,38149527,Chuyển khoản,Đang giao
DH04244,KH01038,467,2024-07-31,3,6408461,19225383,Ví điện tử,Đang giao
DH04245,KH01585,326,2024-03-20,2,10657286,21314572,COD,Đã giao
DH04246,KH00898,297,2025-09-21,3,3729757,11189271,Ví điện tử,Đã giao
DH04247,KH01057,276,2024-11-02,1,11889649,11889649,COD,Đang giao
DH04248,KH00395,188,2025-04-22,1,2213985,2213985,Chuyển khoản,Đã hủy
DH04249,KH00730,380,2025-05-17,3,7759711,23279133,Chuyển khoản,Đang giao
DH04250,KH00051,376,2024-05-31,1,7479061,7479061,Chuyển khoản,Đang giao
DH04251,KH00837,366,2025-04-18,2,7038014,14076028,Ví điện tử,Đã giao
DH04252,KH01045,102,2024-04-29,2,13562744,27125488,Thẻ ngân hàng,Đang giao
DH04253,KH01161,80,2025-01-06,1,15432098,15432098,COD,Đang giao
DH04254,KH00568,295,2024-02-24,1,2326130,2326130,Ví điện tử,Đã giao
DH04255,KH01862,4,2024-03-24,1,2033327,2033327,Ví điện tử,Đã hủy
DH04256,KH00105,339,2024-04-15,2,7585126,15170252,Ví điện tử,Đã giao
DH04257,KH00446,142,2025-04-11,1,23627613,23627613,COD,Đã hủy
DH04258,KH00741,49,2025-08-27,1,10127878,10127878,Thẻ ngân hàng,Đang giao
DH04259,KH01754,30,2025-06-12,1,22850493,22850493,Chuyển khoản,Đã giao
DH04260,KH00315,251,2024-04-15,1,11288407,11288407,Chuyển khoản,Đang giao
DH04261,KH00432,310,2024-05-13,2,10351478,20702956,Ví điện tử,Đã hủy
DH04262,KH01396,124,2025-07-01,3,18670083,56010249,Thẻ ngân hàng,Đã giao
DH04263,KH01049,492,2025-12-14,2,8668431,17336862,COD,Đã giao
DH04264,KH00763,115,2025-07-07,1,24228127,24228127,COD,Đã hủy
DH04265,KH00890,241,2025-07-04,1,14883376,14883376,Ví điện tử,Đã giao
DH04266,KH00802,75,2025-10-17,3,1572912,4718736,Thẻ ngân hàng,Đang giao
DH04267,KH01752,194,2025-04-25,1,10519150,10519150,Chuyển khoản,Đã giao
DH04268,KH00821,342,2025-10-05,1,3872319,3872319,COD,Đã hủy
DH04269,KH01891,386,2025-07-08,3,11489944,34469832,Chuyển khoản,Đang giao
DH04270,KH00171,127,2024-05-19,3,23583550,70750650,Ví điện tử,Đang giao
DH04271,KH00090,287,2025-03-27,1,10898911,10898911,Chuyển khoản,Đã giao
DH04272,KH00473,204,2025-01-10,1,6098253,6098253,COD,Đã giao
DH04273,KH01393,453,2024-02-23,2,24897288,49794576,Chuyển khoản,Đã giao
DH04274,KH01135,108,2025-10-16,1,16704100,16704100,Ví điện tử,Đã giao
DH04275,KH01300,75,2025-10-31,3,1572912,4718736,Ví điện tử,Đã hủy
DH04276,KH01237,69,2024-01-17,2,13005856,26011712,Ví điện tử,Đang giao
DH04277,KH01606,463,2024-04-22,3,14123822,42371466,Thẻ ngân hàng,Đang giao
DH04278,KH01974,291,2025-02-08,2,19063989,38127978,Chuyển khoản,Đã giao
DH04279,KH01436,397,2025-08-11,1,23886813,23886813,Thẻ ngân hàng,Đang giao
DH04280,KH01616,33,2024-04-25,3,16395207,49185621,Chuyển khoản,Đã giao
DH04281,KH01388,66,2025-08-27,1,9292701,9292701,Chuyển khoản,Đã giao
DH04282,KH00436,212,2025-07-09,3,9801647,29404941,Ví điện tử,Đang giao
DH04283,KH00405,382,2024-07-25,3,23997672,71993016,Chuyển khoản,Đang giao
DH04284,KH01804,392,2024-09-28,3,2439684,7319052,Chuyển khoản,Đang giao
DH04285,KH01849,483,2024-09-20,3,9287345,27862035,COD,Đã hủy
DH04286,KH01905,30,2024-09-20,1,22850493,22850493,COD,Đang giao
DH04287,KH00044,330,2025-06-03,3,21871930,65615790,COD,Đang giao
DH04288,KH01886,256,2025-09-11,3,7503626,22510878,Thẻ ngân hàng,Đã hủy
DH04289,KH01837,131,2024-02-28,2,2156224,4312448,Ví điện tử,Đã giao
DH04290,KH00131,153,2025-08-23,3,9382132,28146396,Ví điện tử,Đã hủy
DH04291,KH00230,29,2025-11-18,3,8608366,25825098,Thẻ ngân hàng,Đã giao
DH04292,KH01132,24,2025-06-18,2,1688485,3376970,Chuyển khoản,Đang giao
DH04293,KH01239,431,2025-11-20,2,3483711,6967422,Chuyển khoản,Đã hủy
DH04294,KH01573,356,2025-12-06,2,23139278,46278556,Chuyển khoản,Đã giao
DH04295,KH00663,43,2024-05-15,2,14663576,29327152,COD,Đã hủy
DH04296,KH00503,298,2025-06-30,2,19424399,38848798,Thẻ ngân hàng,Đang giao
DH04297,KH01473,233,2025-03-10,3,5799781,17399343,Thẻ ngân hàng,Đã hủy
DH04298,KH00934,220,2024-11-05,3,21154109,63462327,COD,Đang giao
DH04299,KH00902,141,2025-07-26,2,22227393,44454786,COD,Đang giao
DH04300,KH00799,159,2025-09-12,2,18319776,36639552,Chuyển khoản,Đã hủy
DH04301,KH01491,431,2025-09-28,2,3483711,6967422,Thẻ ngân hàng,Đã hủy
DH04302,KH00215,33,2024-08-16,2,16395207,32790414,Chuyển khoản,Đã hủy
DH04303,KH00023,108,2024-03-17,2,16704100,33408200,COD,Đang giao
DH04304,KH00340,342,2024-09-28,3,3872319,11616957,Ví điện tử,Đã hủy
DH04305,KH00457,451,2025-11-22,3,18801455,56404365,Chuyển khoản,Đã hủy
DH04306,KH00028,27,2025-04-21,2,12159304,24318608,Thẻ ngân hàng,Đã hủy
DH04307,KH00232,123,2024-04-06,2,5880587,11761174,COD,Đã giao
DH04308,KH00350,455,2024-08-11,1,2445683,2445683,COD,Đã giao
DH04309,KH01219,189,2025-11-14,1,21341902,21341902,COD,Đang giao
DH04310,KH01577,492,2025-05-20,2,8668431,17336862,COD,Đang giao
DH04311,KH00521,40,2024-01-19,2,13768783,27537566,COD,Đã hủy
DH04312,KH00913,330,2024-04-10,3,21871930,65615790,Chuyển khoản,Đã hủy
DH04313,KH01866,3,2025-05-16,3,23951194,71853582,Ví điện tử,Đã giao
DH04314,KH01587,225,2024-09-30,1,17350639,17350639,Chuyển khoản,Đã hủy
DH04315,KH00352,68,2025-09-29,2,14423549,28847098,Chuyển khoản,Đã hủy
DH04316,KH00920,121,2024-10-12,3,22194333,66582999,Ví điện tử,Đang giao
DH04317,KH00655,12,2024-05-21,3,11992784,35978352,Thẻ ngân hàng,Đang giao
DH04318,KH01056,332,2025-06-22,3,16273428,48820284,Chuyển khoản,Đã giao
DH04319,KH01112,368,2025-07-24,2,21192004,42384008,Ví điện tử,Đã hủy
DH04320,KH01732,312,2025-09-08,1,22250953,22250953,Ví điện tử,Đã hủy
DH04321,KH00318,90,2024-11-11,1,19909796,19909796,COD,Đã giao
DH04322,KH00639,343,2025-12-23,3,17874359,53623077,Thẻ ngân hàng,Đang giao
DH04323,KH01381,208,2024-12-24,2,16507221,33014442,Ví điện tử,Đang giao
DH04324,KH01543,449,2024-05-08,1,7676975,7676975,COD,Đã giao
DH04325,KH00294,406,2024-05-28,1,1821869,1821869,COD,Đã hủy
DH04326,KH01922,4,2024-06-08,2,2033327,4066654,Thẻ ngân hàng,Đã giao
DH04327,KH00164,384,2025-05-01,2,7946719,15893438,COD,Đã giao
DH04328,KH01317,492,2024-04-24,2,8668431,17336862,COD,Đã giao
DH04329,KH01931,8,2024-02-02,2,16791775,33583550,COD,Đã giao
DH04330,KH01806,392,2024-04-11,2,2439684,4879368,COD,Đã hủy
DH04331,KH00395,22,2025-01-09,3,24114298,72342894,Thẻ ngân hàng,Đang giao
DH04332,KH01627,351,2025-08-15,2,13618008,27236016,COD,Đã giao
DH04333,KH00462,11,2025-06-18,1,10235878,10235878,COD,Đã giao
DH04334,KH01113,81,2024-07-10,1,11760834,11760834,Thẻ ngân hàng,Đã hủy
DH04335,KH01957,13,2025-01-13,1,24933847,24933847,Chuyển khoản,Đã hủy
DH04336,KH01363,239,2024-10-05,2,9904462,19808924,Chuyển khoản,Đang giao
DH04337,KH01491,373,2024-03-02,3,17596085,52788255,COD,Đang giao
DH04338,KH00955,400,2025-05-26,1,19389256,19389256,Chuyển khoản,Đã giao
DH04339,KH01856,411,2024-06-29,1,15292733,15292733,Ví điện tử,Đang giao
DH04340,KH00882,377,2024-11-08,1,12231914,12231914,Thẻ ngân hàng,Đang giao
DH04341,KH00742,214,2024-04-01,1,21742788,21742788,Chuyển khoản,Đang giao
DH04342,KH00549,3,2024-08-07,2,23951194,47902388,Chuyển khoản,Đã hủy
DH04343,KH00074,246,2025-08-12,3,4574511,13723533,Ví điện tử,Đã giao
DH04344,KH00008,414,2024-01-20,1,8838663,8838663,Ví điện tử,Đã hủy
DH04345,KH00882,479,2024-09-14,1,24995661,24995661,COD,Đã hủy
DH04346,KH01608,95,2024-08-08,1,17932883,17932883,COD,Đã hủy
DH04347,KH00175,336,2024-04-08,2,20788903,41577806,Thẻ ngân hàng,Đang giao
DH04348,KH00575,60,2024-04-07,2,10296353,20592706,Ví điện tử,Đã giao
DH04349,KH01089,222,2025-02-26,2,24480557,48961114,Chuyển khoản,Đang giao
DH04350,KH00002,395,2025-05-08,1,15941796,15941796,Thẻ ngân hàng,Đã hủy
DH04351,KH01629,258,2025-10-22,2,12909089,25818178,Thẻ ngân hàng,Đang giao
DH04352,KH01256,374,2024-03-27,2,17616582,35233164,Ví điện tử,Đã hủy
DH04353,KH00675,361,2024-10-23,1,2131412,2131412,COD,Đang giao
DH04354,KH00767,453,2024-03-09,2,24897288,49794576,Chuyển khoản,Đã giao
DH04355,KH00697,262,2024-06-16,1,15404344,15404344,Ví điện tử,Đã hủy
DH04356,KH01313,144,2025-04-24,2,6059706,12119412,Thẻ ngân hàng,Đang giao
DH04357,KH00799,195,2025-04-08,1,2797518,2797518,COD,Đang giao
DH04358,KH01983,56,2025-07-18,1,3656281,3656281,Ví điện tử,Đã hủy
DH04359,KH01186,467,2024-08-28,2,6408461,12816922,COD,Đã giao
DH04360,KH00451,395,2024-10-05,3,15941796,47825388,Ví điện tử,Đang giao
DH04361,KH00814,359,2025-11-06,1,18193067,18193067,Chuyển khoản,Đã hủy
DH04362,KH01171,487,2024-04-25,3,9625660,28876980,Chuyển khoản,Đã hủy
DH04363,KH00987,319,2025-05-29,3,17175754,51527262,Chuyển khoản,Đã hủy
DH04364,KH01526,227,2024-04-08,1,23575212,23575212,Chuyển khoản,Đã giao
DH04365,KH00306,82,2025-01-15,3,6348395,19045185,Chuyển khoản,Đã hủy
DH04366,KH01805,231,2024-07-22,2,7056866,14113732,Thẻ ngân hàng,Đã hủy
DH04367,KH00507,486,2025-03-18,2,14815928,29631856,COD,Đang giao
DH04368,KH01180,431,2024-04-02,3,3483711,10451133,COD,Đang giao
DH04369,KH00850,146,2024-01-30,2,19268450,38536900,COD,Đang giao
DH04370,KH00690,195,2025-01-27,3,2797518,8392554,Chuyển khoản,Đã giao
DH04371,KH00277,70,2024-01-26,2,24683647,49367294,Chuyển khoản,Đã hủy
DH04372,KH01300,281,2025-12-23,3,6520993,19562979,Ví điện tử,Đã giao
DH04373,KH00659,432,2024-10-14,2,25961408,51922816,Ví điện tử,Đang giao
DH04374,KH00985,239,2025-03-08,3,9904462,29713386,Ví điện tử,Đã hủy
DH04375,KH01291,192,2025-04-12,1,10036440,10036440,Chuyển khoản,Đang giao
DH04376,KH00762,121,2025-03-21,3,22194333,66582999,Thẻ ngân hàng,Đã giao
DH04377,KH01607,414,2025-09-17,2,8838663,17677326,Thẻ ngân hàng,Đang giao
DH04378,KH01668,313,2024-10-22,1,2770705,2770705,COD,Đã giao
DH04379,KH00331,283,2024-11-15,3,9498824,28496472,Ví điện tử,Đang giao
DH04380,KH01295,56,2025-01-17,1,3656281,3656281,Ví điện tử,Đã giao
DH04381,KH01863,163,2024-04-19,1,5148746,5148746,Thẻ ngân hàng,Đã hủy
DH04382,KH01858,210,2024-04-02,2,20061356,40122712,Chuyển khoản,Đã hủy
DH04383,KH00403,344,2025-05-19,1,15192156,15192156,COD,Đã giao
DH04384,KH01138,152,2024-09-28,3,11691816,35075448,Ví điện tử,Đã giao
DH04385,KH01417,442,2025-01-21,2,14674667,29349334,COD,Đang giao
DH04386,KH01183,457,2024-04-25,3,24221919,72665757,COD,Đã hủy
DH04387,KH01864,105,2025-12-08,3,9768220,29304660,Ví điện tử,Đang giao
DH04388,KH01701,19,2025-11-30,3,6165758,18497274,COD,Đang giao
DH04389,KH00171,228,2025-07-19,3,9625566,28876698,Chuyển khoản,Đã hủy
DH04390,KH00331,302,2024-12-11,3,1904905,5714715,Thẻ ngân hàng,Đang giao
DH04391,KH01441,174,2025-02-11,3,24577473,73732419,Chuyển khoản,Đã hủy
DH04392,KH01960,461,2025-02-25,3,13898840,41696520,Ví điện tử,Đã hủy
DH04393,KH00967,212,2024-09-14,2,9801647,19603294,Chuyển khoản,Đang giao
DH04394,KH00297,64,2024-01-11,2,9718506,19437012,Chuyển khoản,Đã hủy
DH04395,KH01228,181,2025-06-29,2,1690676,3381352,Thẻ ngân hàng,Đang giao
DH04396,KH00537,449,2024-12-04,3,7676975,23030925,Ví điện tử,Đã hủy
DH04397,KH00311,120,2024-11-29,1,23629104,23629104,Chuyển khoản,Đang giao
DH04398,KH01968,349,2025-10-12,3,19870600,59611800,COD,Đã giao
DH04399,KH01981,120,2025-02-05,2,23629104,47258208,Thẻ ngân hàng,Đã giao
DH04400,KH01984,133,2025-09-21,1,25260384,25260384,Ví điện tử,Đã giao
DH04401,KH00219,388,2024-09-26,3,12500788,37502364,Thẻ ngân hàng,Đã hủy
DH04402,KH00660,121,2025-12-28,2,22194333,44388666,COD,Đang giao
DH04403,KH00165,492,2025-04-22,2,8668431,17336862,Thẻ ngân hàng,Đã hủy
DH04404,KH01218,152,2025-03-20,2,11691816,23383632,COD,Đã hủy
DH04405,KH00635,128,2024-06-15,3,5789660,17368980,Chuyển khoản,Đang giao
DH04406,KH01823,184,2024-06-18,2,17356432,34712864,Ví điện tử,Đã hủy
DH04407,KH00089,400,2024-06-25,1,19389256,19389256,COD,Đã giao
DH04408,KH00641,408,2024-01-14,2,17462807,34925614,COD,Đã hủy
DH04409,KH01323,177,2025-11-10,2,6101695,12203390,Chuyển khoản,Đã hủy
DH04410,KH00141,31,2025-04-18,1,19561998,19561998,Chuyển khoản,Đang giao
DH04411,KH01321,1,2024-11-18,3,5597326,16791978,Thẻ ngân hàng,Đang giao
DH04412,KH00857,433,2025-06-01,3,2223429,6670287,Ví điện tử,Đã giao
DH04413,KH00827,425,2024-08-20,3,12382069,37146207,Ví điện tử,Đã giao
DH04414,KH01466,88,2025-02-17,3,15268123,45804369,Ví điện tử,Đã giao
DH04415,KH00550,28,2024-07-21,2,8340920,16681840,Ví điện tử,Đã giao
DH04416,KH01608,430,2024-04-14,3,11677101,35031303,COD,Đã hủy
DH04417,KH01489,448,2025-05-09,3,1655313,4965939,Chuyển khoản,Đã hủy
DH04418,KH00617,91,2025-04-19,1,20666588,20666588,Thẻ ngân hàng,Đang giao
DH04419,KH01765,354,2024-01-29,3,14109722,42329166,COD,Đang giao
DH04420,KH00398,212,2025-02-19,1,9801647,9801647,Ví điện tử,Đã giao
DH04421,KH00476,191,2025-12-24,3,2180855,6542565,Thẻ ngân hàng,Đang giao
DH04422,KH00698,461,2025-08-14,2,13898840,27797680,COD,Đã hủy
DH04423,KH01974,156,2025-01-29,2,23900042,47800084,COD,Đã hủy
DH04424,KH00877,87,2025-12-08,2,1388487,2776974,Ví điện tử,Đã giao
DH04425,KH01347,20,2025-07-14,2,14519905,29039810,COD,Đang giao
DH04426,KH01673,35,2025-07-15,1,5481589,5481589,COD,Đang giao
DH04427,KH01173,21,2024-03-26,2,20692785,41385570,Thẻ ngân hàng,Đang giao
DH04428,KH00153,39,2024-11-17,2,5958851,11917702,Thẻ ngân hàng,Đã hủy
DH04429,KH01855,418,2025-05-26,1,6732468,6732468,COD,Đang giao
DH04430,KH01870,70,2024-09-05,2,24683647,49367294,Thẻ ngân hàng,Đã hủy
DH04431,KH01764,1,2025-05-13,3,5597326,16791978,Chuyển khoản,Đã hủy
DH04432,KH01762,331,2025-06-21,3,16419785,49259355,Thẻ ngân hàng,Đang giao
DH04433,KH00097,392,2024-11-05,3,2439684,7319052,Thẻ ngân hàng,Đã giao
DH04434,KH00065,84,2024-11-17,1,5916601,5916601,COD,Đã giao
DH04435,KH00658,134,2025-07-10,1,24009450,24009450,Ví điện tử,Đã giao
DH04436,KH00208,58,2024-09-10,1,4846247,4846247,Chuyển khoản,Đang giao
DH04437,KH01787,42,2024-10-06,2,4888990,9777980,Thẻ ngân hàng,Đang giao
DH04438,KH01206,446,2024-02-17,1,10227214,10227214,COD,Đã hủy
DH04439,KH01797,233,2024-09-25,2,5799781,11599562,Ví điện tử,Đang giao
DH04440,KH01721,399,2024-05-04,1,2042288,2042288,Thẻ ngân hàng,Đang giao
DH04441,KH00555,327,2024-08-20,2,6561107,13122214,Ví điện tử,Đã giao
DH04442,KH01546,391,2024-03-31,1,14598944,14598944,Ví điện tử,Đã giao
DH04443,KH01997,116,2024-10-03,1,17991157,17991157,Ví điện tử,Đang giao
DH04444,KH01660,80,2024-02-18,2,15432098,30864196,COD,Đã hủy
DH04445,KH00373,39,2025-01-23,2,5958851,11917702,Chuyển khoản,Đã hủy
DH04446,KH01175,146,2025-09-17,1,19268450,19268450,Thẻ ngân hàng,Đã hủy
DH04447,KH00881,417,2025-08-31,1,1927702,1927702,Chuyển khoản,Đang giao
DH04448,KH00268,111,2024-01-15,3,5190528,15571584,Ví điện tử,Đã hủy
DH04449,KH00373,375,2024-12-26,2,22543381,45086762,Thẻ ngân hàng,Đang giao
DH04450,KH00250,484,2025-09-23,1,9546339,9546339,Ví điện tử,Đang giao
DH04451,KH00042,348,2025-09-16,3,16075438,48226314,Chuyển khoản,Đã giao
DH04452,KH00763,422,2024-03-31,3,12003004,36009012,Chuyển khoản,Đã giao
DH04453,KH00588,289,2024-11-09,3,4921805,14765415,Chuyển khoản,Đang giao
DH04454,KH01423,309,2024-12-14,2,16160657,32321314,COD,Đã giao
DH04455,KH01824,189,2024-06-16,3,21341902,64025706,Ví điện tử,Đang giao
DH04456,KH00866,111,2024-03-14,1,5190528,5190528,Ví điện tử,Đã hủy
DH04457,KH01108,70,2024-08-06,1,24683647,24683647,Chuyển khoản,Đang giao
DH04458,KH01589,372,2025-04-06,1,11933021,11933021,Thẻ ngân hàng,Đã giao
DH04459,KH00735,212,2025-05-16,2,9801647,19603294,Thẻ ngân hàng,Đang giao
DH04460,KH01410,343,2024-12-07,1,17874359,17874359,Ví điện tử,Đã hủy
DH04461,KH00094,249,2025-07-06,3,12650029,37950087,COD,Đã giao
DH04462,KH01465,217,2024-03-06,1,21518753,21518753,Thẻ ngân hàng,Đang giao
DH04463,KH00893,262,2024-02-11,1,15404344,15404344,Ví điện tử,Đã hủy
DH04464,KH00420,147,2025-04-22,3,13624031,40872093,Ví điện tử,Đã hủy
DH04465,KH00472,316,2024-06-22,1,19653730,19653730,Ví điện tử,Đã hủy
DH04466,KH00116,403,2025-01-29,1,10108987,10108987,Ví điện tử,Đang giao
DH04467,KH00035,243,2025-05-25,3,9384883,28154649,COD,Đã hủy
DH04468,KH00506,425,2024-05-13,1,12382069,12382069,Ví điện tử,Đang giao
DH04469,KH01149,72,2025-12-20,1,11915298,11915298,Chuyển khoản,Đã giao
DH04470,KH01592,131,2024-03-31,1,2156224,2156224,COD,Đã hủy
DH04471,KH01930,93,2024-12-22,2,14686287,29372574,COD,Đã hủy
DH04472,KH00201,97,2025-11-28,2,20721508,41443016,Chuyển khoản,Đang giao
DH04473,KH00002,200,2025-12-29,3,25326262,75978786,Thẻ ngân hàng,Đã giao
DH04474,KH00785,116,2025-03-04,3,17991157,53973471,Thẻ ngân hàng,Đã hủy
DH04475,KH00786,81,2025-10-14,1,11760834,11760834,Ví điện tử,Đã giao
DH04476,KH01959,432,2024-12-02,1,25961408,25961408,Ví điện tử,Đã hủy
DH04477,KH00262,248,2024-10-31,1,22980553,22980553,Thẻ ngân hàng,Đang giao
DH04478,KH01847,235,2024-04-03,2,1672401,3344802,Chuyển khoản,Đã hủy
DH04479,KH01155,347,2024-08-30,2,10484449,20968898,Thẻ ngân hàng,Đã hủy
DH04480,KH01898,83,2025-07-29,3,10278942,30836826,Chuyển khoản,Đã giao
DH04481,KH01355,132,2024-10-06,2,16198314,32396628,Chuyển khoản,Đang giao
DH04482,KH01939,449,2024-01-04,3,7676975,23030925,Thẻ ngân hàng,Đang giao
DH04483,KH01155,338,2025-10-24,3,11491142,34473426,Ví điện tử,Đang giao
DH04484,KH01898,429,2024-02-18,3,13157569,39472707,Chuyển khoản,Đã hủy
DH04485,KH00744,421,2025-04-30,1,22589235,22589235,Ví điện tử,Đã giao
DH04486,KH01839,352,2025-07-02,2,22014922,44029844,COD,Đã giao
DH04487,KH00417,426,2024-08-22,2,22978827,45957654,Ví điện tử,Đã giao
DH04488,KH01485,316,2024-04-30,1,19653730,19653730,Thẻ ngân hàng,Đã giao
DH04489,KH00303,278,2025-06-01,3,16871480,50614440,Thẻ ngân hàng,Đang giao
DH04490,KH00283,273,2024-02-01,1,13267090,13267090,Ví điện tử,Đã hủy
DH04491,KH00917,317,2025-03-30,2,3451035,6902070,Chuyển khoản,Đã hủy
DH04492,KH00885,32,2025-09-28,1,16788448,16788448,Chuyển khoản,Đang giao
DH04493,KH00180,208,2025-08-10,3,16507221,49521663,COD,Đã giao
DH04494,KH01724,255,2025-09-10,1,11357464,11357464,COD,Đã hủy
DH04495,KH00302,92,2025-05-12,2,11092983,22185966,Thẻ ngân hàng,Đang giao
DH04496,KH01423,12,2024-09-17,3,11992784,35978352,Thẻ ngân hàng,Đã hủy
DH04497,KH00716,81,2025-02-18,1,11760834,11760834,COD,Đã giao
DH04498,KH01991,387,2025-07-09,3,3436274,10308822,Thẻ ngân hàng,Đang giao
DH04499,KH00101,22,2024-03-02,1,24114298,24114298,Thẻ ngân hàng,Đã hủy
DH04500,KH00237,245,2024-12-28,3,11838005,35514015,Chuyển khoản,Đã hủy
DH04501,KH01185,105,2025-07-26,2,9768220,19536440,Thẻ ngân hàng,Đã giao
DH04502,KH01742,40,2024-09-01,3,13768783,41306349,Thẻ ngân hàng,Đang giao
DH04503,KH00334,431,2024-04-06,2,3483711,6967422,Ví điện tử,Đã hủy
DH04504,KH01804,465,2025-06-24,2,24131257,48262514,Ví điện tử,Đang giao
DH04505,KH01272,424,2024-12-31,3,19568438,58705314,COD,Đã hủy
DH04506,KH01184,262,2024-02-17,1,15404344,15404344,COD,Đã giao
DH04507,KH00259,267,2024-06-26,3,20768736,62306208,Ví điện tử,Đã hủy
DH04508,KH01099,5,2025-06-29,2,6035905,12071810,Ví điện tử,Đã hủy
DH04509,KH00069,412,2024-06-14,2,5966347,11932694,Ví điện tử,Đã hủy
DH04510,KH00085,140,2025-09-03,3,13589526,40768578,Chuyển khoản,Đang giao
DH04511,KH00220,155,2024-07-18,3,23734363,71203089,COD,Đã hủy
DH04512,KH01392,432,2025-07-17,2,25961408,51922816,Chuyển khoản,Đang giao
DH04513,KH01966,86,2024-02-21,2,8568170,17136340,COD,Đã hủy
DH04514,KH01473,81,2025-07-21,2,11760834,23521668,Ví điện tử,Đã giao
DH04515,KH00593,100,2024-01-14,3,3300603,9901809,COD,Đã giao
DH04516,KH00102,355,2024-02-11,2,19241391,38482782,Thẻ ngân hàng,Đang giao
DH04517,KH01591,398,2025-10-22,2,4672398,9344796,COD,Đã hủy
DH04518,KH00703,310,2025-04-21,1,10351478,10351478,Thẻ ngân hàng,Đã hủy
DH04519,KH00215,201,2024-01-07,1,14510585,14510585,Thẻ ngân hàng,Đang giao
DH04520,KH01287,316,2025-04-17,3,19653730,58961190,COD,Đã hủy
DH04521,KH00461,321,2025-11-26,1,9556944,9556944,COD,Đang giao
DH04522,KH01686,405,2025-07-31,1,6786774,6786774,Thẻ ngân hàng,Đã hủy
DH04523,KH01046,149,2025-08-30,2,20816892,41633784,COD,Đang giao
DH04524,KH00043,235,2025-01-28,3,1672401,5017203,Thẻ ngân hàng,Đã giao
DH04525,KH01267,483,2024-07-22,3,9287345,27862035,Thẻ ngân hàng,Đang giao
DH04526,KH01464,482,2024-04-26,3,25397322,76191966,COD,Đã giao
DH04527,KH00528,3,2025-01-21,2,23951194,47902388,Ví điện tử,Đang giao
DH04528,KH01583,340,2024-07-10,3,2512853,7538559,COD,Đã hủy
DH04529,KH00212,267,2025-01-22,1,20768736,20768736,Thẻ ngân hàng,Đã giao
DH04530,KH00218,376,2025-09-21,1,7479061,7479061,COD,Đang giao
DH04531,KH00602,162,2025-12-04,3,16154689,48464067,Ví điện tử,Đã hủy
DH04532,KH00787,183,2025-11-06,3,25583781,76751343,Thẻ ngân hàng,Đã giao
DH04533,KH00509,21,2024-07-02,2,20692785,41385570,Thẻ ngân hàng,Đã hủy
DH04534,KH01720,5,2024-03-23,3,6035905,18107715,Chuyển khoản,Đã giao
DH04535,KH01343,451,2025-03-15,2,18801455,37602910,Ví điện tử,Đã hủy
DH04536,KH00987,319,2025-08-03,2,17175754,34351508,COD,Đã hủy
DH04537,KH00848,342,2025-09-27,3,3872319,11616957,Thẻ ngân hàng,Đã giao
DH04538,KH01942,125,2024-03-28,3,13225929,39677787,Ví điện tử,Đã hủy
DH04539,KH00868,307,2025-05-07,2,2970393,5940786,COD,Đang giao
DH04540,KH01869,1,2024-10-06,2,5597326,11194652,Chuyển khoản,Đang giao
DH04541,KH01954,195,2024-04-26,1,2797518,2797518,COD,Đã hủy
DH04542,KH01179,254,2024-04-23,3,7786382,23359146,COD,Đã giao
DH04543,KH01201,409,2025-07-17,3,25383281,76149843,Chuyển khoản,Đang giao
DH04544,KH00130,147,2024-04-18,3,13624031,40872093,Chuyển khoản,Đã hủy
DH04545,KH01763,420,2025-08-10,1,7580608,7580608,Ví điện tử,Đã hủy
DH04546,KH00220,142,2025-03-04,3,23627613,70882839,COD,Đang giao
DH04547,KH01553,219,2025-04-02,2,20274689,40549378,Chuyển khoản,Đã hủy
DH04548,KH00869,204,2024-04-10,3,6098253,18294759,Chuyển khoản,Đã giao
DH04549,KH00426,52,2025-06-14,2,14404540,28809080,Ví điện tử,Đang giao
DH04550,KH00951,27,2024-10-21,3,12159304,36477912,Chuyển khoản,Đã giao
DH04551,KH00479,483,2024-05-11,1,9287345,9287345,Chuyển khoản,Đang giao
DH04552,KH00279,327,2024-05-14,2,6561107,13122214,Ví điện tử,Đang giao
DH04553,KH00365,225,2025-02-20,2,17350639,34701278,COD,Đang giao
DH04554,KH01676,218,2025-07-31,3,7876105,23628315,Ví điện tử,Đã giao
DH04555,KH01201,473,2025-10-27,3,8143318,24429954,Thẻ ngân hàng,Đã hủy
DH04556,KH00843,500,2024-02-08,2,12716509,25433018,COD,Đã hủy
DH04557,KH00056,90,2025-10-25,2,19909796,39819592,Thẻ ngân hàng,Đã hủy
DH04558,KH00957,338,2025-09-20,3,11491142,34473426,Ví điện tử,Đang giao
DH04559,KH01253,339,2025-01-13,3,7585126,22755378,COD,Đã giao
DH04560,KH01733,378,2025-03-18,3,5459248,16377744,Ví điện tử,Đã hủy
DH04561,KH01192,375,2025-12-23,2,22543381,45086762,Thẻ ngân hàng,Đã hủy
DH04562,KH00179,131,2025-11-25,2,2156224,4312448,Chuyển khoản,Đã giao
DH04563,KH00454,42,2024-03-11,1,4888990,4888990,COD,Đã giao
DH04564,KH00509,3,2024-02-10,1,23951194,23951194,Ví điện tử,Đã hủy
DH04565,KH00761,175,2025-03-03,2,4766108,9532216,Ví điện tử,Đã giao
DH04566,KH00615,414,2025-09-23,1,8838663,8838663,Chuyển khoản,Đã hủy
DH04567,KH01280,220,2025-12-06,3,21154109,63462327,Ví điện tử,Đã giao
DH04568,KH01801,83,2025-08-05,1,10278942,10278942,COD,Đã hủy
DH04569,KH01069,347,2025-11-17,1,10484449,10484449,Ví điện tử,Đã hủy
DH04570,KH01762,383,2025-05-12,3,21556385,64669155,Chuyển khoản,Đang giao
DH04571,KH00365,1,2024-09-05,1,5597326,5597326,Chuyển khoản,Đang giao
DH04572,KH01027,151,2025-11-14,3,14524360,43573080,Ví điện tử,Đang giao
DH04573,KH00692,390,2025-04-26,3,7428418,22285254,Ví điện tử,Đã giao
DH04574,KH01175,328,2024-04-11,1,19906025,19906025,Chuyển khoản,Đã hủy
DH04575,KH01981,96,2025-11-14,2,2158473,4316946,Thẻ ngân hàng,Đã giao
DH04576,KH00799,253,2025-08-06,1,9232276,9232276,Ví điện tử,Đã giao
DH04577,KH00460,152,2024-11-24,3,11691816,35075448,Ví điện tử,Đã hủy
DH04578,KH01848,346,2025-02-13,2,15198565,30397130,Ví điện tử,Đang giao
DH04579,KH00509,452,2025-07-15,3,6422656,19267968,Ví điện tử,Đã hủy
DH04580,KH00111,160,2024-10-15,2,7269450,14538900,COD,Đang giao
DH04581,KH01484,353,2024-10-21,2,17335247,34670494,COD,Đang giao
DH04582,KH01152,302,2025-06-24,3,1904905,5714715,Thẻ ngân hàng,Đã giao
DH04583,KH00244,373,2025-02-28,2,17596085,35192170,Chuyển khoản,Đang giao
DH04584,KH00374,199,2024-08-25,3,15317157,45951471,Ví điện tử,Đang giao
DH04585,KH00823,172,2025-08-26,2,11563207,23126414,Ví điện tử,Đang giao
DH04586,KH00215,250,2024-04-04,3,5901364,17704092,Thẻ ngân hàng,Đang giao
DH04587,KH00719,78,2024-10-15,3,10074989,30224967,Chuyển khoản,Đã hủy
DH04588,KH01412,266,2025-07-01,3,8991711,26975133,Ví điện tử,Đang giao
DH04589,KH01939,31,2024-10-03,2,19561998,39123996,Thẻ ngân hàng,Đã giao
DH04590,KH01748,227,2025-04-18,1,23575212,23575212,COD,Đang giao
DH04591,KH00653,55,2025-08-05,2,17890818,35781636,Thẻ ngân hàng,Đã hủy
DH04592,KH00324,161,2024-04-25,1,5421161,5421161,Thẻ ngân hàng,Đang giao
DH04593,KH00176,493,2025-07-08,3,5355143,16065429,Ví điện tử,Đã giao
DH04594,KH00810,245,2025-05-26,1,11838005,11838005,COD,Đã hủy
DH04595,KH00643,61,2025-12-05,1,11543600,11543600,Chuyển khoản,Đã giao
DH04596,KH00256,260,2024-11-21,1,5169564,5169564,Ví điện tử,Đã giao
DH04597,KH01903,282,2025-09-05,1,9983595,9983595,Chuyển khoản,Đã hủy
DH04598,KH00437,202,2024-02-13,3,10502987,31508961,Thẻ ngân hàng,Đã hủy
DH04599,KH01634,405,2024-06-12,1,6786774,6786774,Ví điện tử,Đang giao
DH04600,KH01455,155,2024-10-29,3,23734363,71203089,Chuyển khoản,Đã hủy
DH04601,KH01516,395,2024-07-31,1,15941796,15941796,Ví điện tử,Đã giao
DH04602,KH01017,170,2025-08-03,1,18830250,18830250,Thẻ ngân hàng,Đã giao
DH04603,KH01613,462,2024-06-15,2,16447832,32895664,Chuyển khoản,Đang giao
DH04604,KH01228,362,2024-08-17,1,18686057,18686057,Thẻ ngân hàng,Đã hủy
DH04605,KH00517,360,2025-03-02,3,17479616,52438848,COD,Đã hủy
DH04606,KH00603,481,2024-02-27,3,11804603,35413809,Chuyển khoản,Đã hủy
DH04607,KH00937,397,2025-04-17,1,23886813,23886813,Thẻ ngân hàng,Đã hủy
DH04608,KH00348,387,2025-10-28,2,3436274,6872548,Thẻ ngân hàng,Đang giao
DH04609,KH01382,451,2025-05-07,2,18801455,37602910,Chuyển khoản,Đã hủy
DH04610,KH00108,175,2024-08-09,1,4766108,4766108,Chuyển khoản,Đã hủy
DH04611,KH01700,167,2024-10-14,3,19477755,58433265,Chuyển khoản,Đã hủy
DH04612,KH00698,266,2025-07-26,1,8991711,8991711,Thẻ ngân hàng,Đang giao
DH04613,KH00197,117,2024-04-08,1,1822241,1822241,COD,Đang giao
DH04614,KH01286,52,2025-06-07,2,14404540,28809080,Ví điện tử,Đã hủy
DH04615,KH00898,385,2024-05-27,3,9022052,27066156,Chuyển khoản,Đã giao
DH04616,KH01682,398,2024-09-02,1,4672398,4672398,Ví điện tử,Đã giao
DH04617,KH01688,108,2024-09-03,2,16704100,33408200,COD,Đã hủy
DH04618,KH01651,254,2025-09-29,2,7786382,15572764,Ví điện tử,Đang giao
DH04619,KH00636,275,2024-11-30,2,1991880,3983760,Chuyển khoản,Đã hủy
DH04620,KH00407,416,2024-05-13,3,17524717,52574151,Ví điện tử,Đã hủy
DH04621,KH01069,9,2024-07-26,3,2348573,7045719,Chuyển khoản,Đã hủy
DH04622,KH01960,3,2025-05-09,2,23951194,47902388,Chuyển khoản,Đã giao
DH04623,KH00725,214,2025-05-31,3,21742788,65228364,Chuyển khoản,Đã hủy
DH04624,KH00090,151,2024-07-27,3,14524360,43573080,Chuyển khoản,Đã giao
DH04625,KH01089,88,2024-05-03,3,15268123,45804369,Chuyển khoản,Đang giao
DH04626,KH00734,132,2024-04-20,2,16198314,32396628,Ví điện tử,Đã giao
DH04627,KH00950,5,2024-05-05,1,6035905,6035905,Thẻ ngân hàng,Đã giao
DH04628,KH01506,404,2024-02-25,3,24793579,74380737,Ví điện tử,Đã hủy
DH04629,KH01939,56,2024-02-16,1,3656281,3656281,COD,Đã giao
DH04630,KH00096,430,2025-09-16,1,11677101,11677101,Ví điện tử,Đã hủy
DH04631,KH00207,207,2025-12-15,2,11794425,23588850,Thẻ ngân hàng,Đã hủy
DH04632,KH01889,177,2025-07-05,2,6101695,12203390,Ví điện tử,Đang giao
DH04633,KH00700,39,2025-05-17,3,5958851,17876553,COD,Đã giao
DH04634,KH01531,474,2024-10-31,3,13191529,39574587,COD,Đã giao
DH04635,KH00797,124,2025-03-17,3,18670083,56010249,COD,Đã hủy
DH04636,KH00360,183,2025-05-06,1,25583781,25583781,COD,Đang giao
DH04637,KH01653,403,2024-03-25,2,10108987,20217974,Thẻ ngân hàng,Đang giao
DH04638,KH01319,192,2024-03-05,2,10036440,20072880,Thẻ ngân hàng,Đang giao
DH04639,KH00366,455,2025-04-12,2,2445683,4891366,Ví điện tử,Đã hủy
DH04640,KH01410,391,2024-11-21,3,14598944,43796832,Chuyển khoản,Đã hủy
DH04641,KH00077,213,2024-11-12,1,9135747,9135747,Chuyển khoản,Đang giao
DH04642,KH00973,1,2024-10-14,1,5597326,5597326,Ví điện tử,Đã hủy
DH04643,KH00474,200,2025-10-15,1,25326262,25326262,Chuyển khoản,Đã hủy
DH04644,KH00159,55,2024-06-02,3,17890818,53672454,COD,Đã giao
DH04645,KH00744,16,2024-07-22,2,1902478,3804956,Ví điện tử,Đang giao
DH04646,KH01491,175,2024-11-16,2,4766108,9532216,Ví điện tử,Đã giao
DH04647,KH00279,208,2025-09-07,1,16507221,16507221,Thẻ ngân hàng,Đã giao
DH04648,KH01670,499,2024-01-13,2,11225264,22450528,Chuyển khoản,Đã hủy
DH04649,KH01458,493,2024-07-04,3,5355143,16065429,Thẻ ngân hàng,Đang giao
DH04650,KH01224,172,2025-03-18,3,11563207,34689621,Ví điện tử,Đã giao
DH04651,KH01384,375,2024-11-04,2,22543381,45086762,Thẻ ngân hàng,Đã hủy
DH04652,KH00865,280,2025-11-26,2,25571963,51143926,Chuyển khoản,Đã hủy
DH04653,KH00056,222,2024-03-30,2,24480557,48961114,Chuyển khoản,Đang giao
DH04654,KH00843,244,2024-02-06,3,16782990,50348970,COD,Đang giao
DH04655,KH00732,280,2025-07-21,2,25571963,51143926,Thẻ ngân hàng,Đã giao
DH04656,KH00541,54,2024-01-19,2,18474415,36948830,COD,Đã giao
DH04657,KH01086,351,2025-02-15,3,13618008,40854024,COD,Đã giao
DH04658,KH00235,458,2024-11-23,2,3104580,6209160,Ví điện tử,Đang giao
DH04659,KH00297,77,2024-09-13,2,20281855,40563710,Ví điện tử,Đã giao
DH04660,KH00310,311,2025-01-19,2,20701272,41402544,Chuyển khoản,Đang giao
DH04661,KH00431,218,2024-01-11,3,7876105,23628315,Ví điện tử,Đang giao
DH04662,KH01116,293,2025-04-03,3,5223702,15671106,COD,Đã hủy
DH04663,KH01751,397,2025-09-09,1,23886813,23886813,Thẻ ngân hàng,Đã hủy
DH04664,KH01008,197,2024-03-30,3,1767828,5303484,COD,Đã giao
DH04665,KH01004,345,2025-12-07,3,24716330,74148990,Ví điện tử,Đang giao
DH04666,KH00993,47,2024-01-20,1,2363748,2363748,COD,Đang giao
DH04667,KH01273,279,2024-12-09,1,22313060,22313060,COD,Đã giao
DH04668,KH01817,214,2024-11-18,2,21742788,43485576,COD,Đã hủy
DH04669,KH00734,311,2024-09-29,3,20701272,62103816,COD,Đã hủy
DH04670,KH00088,130,2024-09-10,3,8364943,25094829,Chuyển khoản,Đã hủy
DH04671,KH00899,479,2024-01-10,2,24995661,49991322,Ví điện tử,Đã hủy
DH04672,KH01572,132,2024-05-21,1,16198314,16198314,Chuyển khoản,Đã hủy
DH04673,KH01579,136,2025-01-22,1,13200645,13200645,Ví điện tử,Đã giao
DH04674,KH00554,55,2025-02-01,1,17890818,17890818,COD,Đã giao
DH04675,KH01320,366,2024-04-26,2,7038014,14076028,Thẻ ngân hàng,Đã hủy
DH04676,KH01614,135,2025-03-16,1,18508141,18508141,Thẻ ngân hàng,Đã giao
DH04677,KH00559,180,2025-12-08,2,5187803,10375606,Thẻ ngân hàng,Đã giao
DH04678,KH00695,130,2024-11-28,2,8364943,16729886,COD,Đang giao
DH04679,KH00496,321,2024-01-21,1,9556944,9556944,Thẻ ngân hàng,Đã hủy
DH04680,KH00706,211,2024-08-28,1,19060983,19060983,Chuyển khoản,Đang giao
DH04681,KH01893,381,2024-05-19,2,3635754,7271508,Chuyển khoản,Đang giao
DH04682,KH01712,136,2025-11-20,1,13200645,13200645,Chuyển khoản,Đang giao
DH04683,KH01080,116,2025-11-01,1,17991157,17991157,Thẻ ngân hàng,Đã hủy
DH04684,KH00886,465,2024-09-20,3,24131257,72393771,Ví điện tử,Đang giao
DH04685,KH00865,168,2024-03-02,1,4959346,4959346,Thẻ ngân hàng,Đã giao
DH04686,KH01073,40,2024-01-30,3,13768783,41306349,Thẻ ngân hàng,Đang giao
DH04687,KH01736,305,2025-01-27,1,19848099,19848099,COD,Đã giao
DH04688,KH01974,435,2024-12-08,3,4349985,13049955,Thẻ ngân hàng,Đã giao
DH04689,KH01964,56,2025-06-09,3,3656281,10968843,COD,Đã giao
DH04690,KH01745,358,2025-11-10,1,8803419,8803419,Ví điện tử,Đã hủy
DH04691,KH01397,208,2025-09-16,1,16507221,16507221,Chuyển khoản,Đã giao
DH04692,KH01180,419,2024-04-28,3,14450529,43351587,Ví điện tử,Đã giao
DH04693,KH00233,167,2024-01-29,2,19477755,38955510,COD,Đang giao
DH04694,KH00630,445,2025-06-02,3,3753037,11259111,Chuyển khoản,Đã hủy
DH04695,KH01629,179,2025-12-30,2,23021297,46042594,COD,Đang giao
DH04696,KH00043,232,2024-07-27,1,17350864,17350864,Thẻ ngân hàng,Đang giao
DH04697,KH01895,187,2024-09-30,3,8866140,26598420,Chuyển khoản,Đã hủy
DH04698,KH00002,415,2024-01-12,3,23483261,70449783,Thẻ ngân hàng,Đang giao
DH04699,KH01197,203,2024-05-08,1,2141244,2141244,COD,Đang giao
DH04700,KH00226,55,2024-04-21,2,17890818,35781636,Chuyển khoản,Đang giao
DH04701,KH01587,383,2024-06-25,1,21556385,21556385,Chuyển khoản,Đã hủy
DH04702,KH01681,213,2025-07-03,3,9135747,27407241,Ví điện tử,Đã giao
DH04703,KH00178,333,2025-08-13,1,4723884,4723884,COD,Đã hủy
DH04704,KH00317,341,2024-04-26,2,24878704,49757408,Chuyển khoản,Đã giao
DH04705,KH01715,223,2025-08-12,3,2575778,7727334,Ví điện tử,Đang giao
DH04706,KH01293,433,2024-10-21,2,2223429,4446858,Ví điện tử,Đang giao
DH04707,KH01924,31,2024-07-11,3,19561998,58685994,Thẻ ngân hàng,Đang giao
DH04708,KH00254,325,2025-02-06,1,16561482,16561482,Ví điện tử,Đã hủy
DH04709,KH01020,381,2025-07-29,1,3635754,3635754,COD,Đã hủy
DH04710,KH00176,218,2025-09-25,3,7876105,23628315,Thẻ ngân hàng,Đang giao
DH04711,KH00196,314,2025-10-15,2,21535304,43070608,Chuyển khoản,Đang giao
DH04712,KH01134,460,2024-06-03,3,15973168,47919504,Thẻ ngân hàng,Đang giao
DH04713,KH01846,437,2025-09-07,3,20884762,62654286,Thẻ ngân hàng,Đã giao
DH04714,KH01779,97,2025-06-07,1,20721508,20721508,COD,Đã giao
DH04715,KH00290,294,2024-04-26,3,20611090,61833270,COD,Đã hủy
DH04716,KH01328,183,2024-02-29,1,25583781,25583781,Chuyển khoản,Đã giao
DH04717,KH00992,170,2024-09-21,2,18830250,37660500,Ví điện tử,Đã hủy
DH04718,KH00378,343,2024-12-12,3,17874359,53623077,COD,Đã hủy
DH04719,KH00160,322,2025-07-18,3,4789634,14368902,Ví điện tử,Đang giao
DH04720,KH00518,82,2025-03-08,1,6348395,6348395,Chuyển khoản,Đã hủy
DH04721,KH00369,18,2025-06-07,3,8089438,24268314,Chuyển khoản,Đã giao
DH04722,KH01959,329,2024-05-03,1,13517918,13517918,Ví điện tử,Đã giao
DH04723,KH01160,127,2024-02-20,2,23583550,47167100,COD,Đã giao
DH04724,KH00326,448,2024-03-27,2,1655313,3310626,Chuyển khoản,Đã giao
DH04725,KH01866,148,2024-03-31,2,24016044,48032088,Chuyển khoản,Đang giao
DH04726,KH01136,290,2024-11-03,3,14771023,44313069,Chuyển khoản,Đã giao
DH04727,KH00627,35,2024-06-15,1,5481589,5481589,Thẻ ngân hàng,Đã giao
DH04728,KH01895,352,2024-12-28,3,22014922,66044766,Thẻ ngân hàng,Đã giao
DH04729,KH01244,233,2025-08-17,2,5799781,11599562,Ví điện tử,Đã giao
DH04730,KH00966,361,2025-02-06,3,2131412,6394236,Chuyển khoản,Đã hủy
DH04731,KH00295,357,2025-12-09,1,4857102,4857102,Chuyển khoản,Đang giao
DH04732,KH00618,102,2024-08-18,2,13562744,27125488,Thẻ ngân hàng,Đã giao
DH04733,KH00015,7,2024-10-24,3,4357180,13071540,Ví điện tử,Đang giao
DH04734,KH01265,397,2024-04-16,3,23886813,71660439,COD,Đang giao
DH04735,KH00480,221,2024-01-10,1,18603561,18603561,Chuyển khoản,Đã hủy
DH04736,KH00281,141,2024-12-25,1,22227393,22227393,Chuyển khoản,Đang giao
DH04737,KH01241,47,2024-10-08,1,2363748,2363748,Thẻ ngân hàng,Đã giao
DH04738,KH01465,372,2025-11-08,1,11933021,11933021,Chuyển khoản,Đã hủy
DH04739,KH01307,333,2025-07-04,3,4723884,14171652,Ví điện tử,Đã giao
DH04740,KH01813,113,2025-07-28,1,9188480,9188480,COD,Đã hủy
DH04741,KH00136,226,2024-08-15,3,24912858,74738574,COD,Đang giao
DH04742,KH00657,177,2024-09-02,3,6101695,18305085,COD,Đã giao
DH04743,KH00999,453,2024-04-06,1,24897288,24897288,Thẻ ngân hàng,Đã hủy
DH04744,KH00244,305,2025-06-21,3,19848099,59544297,COD,Đã hủy
DH04745,KH01109,56,2024-11-23,1,3656281,3656281,COD,Đang giao
DH04746,KH01322,340,2025-08-11,2,2512853,5025706,COD,Đang giao
DH04747,KH00542,481,2025-05-04,2,11804603,23609206,COD,Đã hủy
DH04748,KH00599,197,2024-02-14,2,1767828,3535656,Ví điện tử,Đã hủy
DH04749,KH01999,377,2024-04-17,3,12231914,36695742,COD,Đã giao
DH04750,KH01154,126,2024-01-18,1,7453646,7453646,Ví điện tử,Đã giao
DH04751,KH00110,35,2025-09-20,2,5481589,10963178,Thẻ ngân hàng,Đang giao
DH04752,KH01367,442,2024-06-15,1,14674667,14674667,COD,Đã hủy
DH04753,KH00903,185,2025-07-01,3,5305149,15915447,Thẻ ngân hàng,Đang giao
DH04754,KH00597,249,2024-06-12,3,12650029,37950087,Chuyển khoản,Đang giao
DH04755,KH01894,237,2024-10-24,1,5969756,5969756,Ví điện tử,Đã hủy
DH04756,KH01839,173,2024-04-13,1,8932665,8932665,COD,Đang giao
DH04757,KH01220,253,2024-09-01,3,9232276,27696828,COD,Đã hủy
DH04758,KH01292,80,2025-12-08,2,15432098,30864196,Thẻ ngân hàng,Đã giao
DH04759,KH01111,244,2025-08-06,3,16782990,50348970,Ví điện tử,Đã hủy
DH04760,KH01572,316,2025-12-20,2,19653730,39307460,Thẻ ngân hàng,Đã giao
DH04761,KH00625,18,2025-04-09,3,8089438,24268314,Thẻ ngân hàng,Đã giao
DH04762,KH01028,496,2024-08-26,1,14220784,14220784,Chuyển khoản,Đã giao
DH04763,KH01638,62,2024-02-12,1,17040933,17040933,Thẻ ngân hàng,Đang giao
DH04764,KH00260,165,2025-09-08,1,25319024,25319024,Chuyển khoản,Đã hủy
DH04765,KH00567,201,2025-11-28,1,14510585,14510585,COD,Đã hủy
DH04766,KH00592,50,2025-03-17,1,16126277,16126277,Chuyển khoản,Đã hủy
DH04767,KH01487,455,2025-04-24,1,2445683,2445683,Chuyển khoản,Đã giao
DH04768,KH00343,37,2024-09-09,1,24694673,24694673,COD,Đã giao
DH04769,KH01386,289,2024-07-22,1,4921805,4921805,Thẻ ngân hàng,Đã giao
DH04770,KH01826,148,2025-06-08,1,24016044,24016044,Chuyển khoản,Đã giao
DH04771,KH01244,407,2024-03-07,2,22242654,44485308,Thẻ ngân hàng,Đang giao
DH04772,KH01865,298,2025-07-19,1,19424399,19424399,COD,Đã giao
DH04773,KH01321,410,2024-02-19,3,12647688,37943064,COD,Đã hủy
DH04774,KH01895,454,2024-09-12,2,24379043,48758086,COD,Đang giao
DH04775,KH00991,340,2025-12-08,1,2512853,2512853,Ví điện tử,Đã giao
DH04776,KH01920,409,2025-11-23,3,25383281,76149843,Chuyển khoản,Đã hủy
DH04777,KH00308,19,2025-01-30,1,6165758,6165758,Chuyển khoản,Đang giao
DH04778,KH01677,460,2024-09-18,1,15973168,15973168,Thẻ ngân hàng,Đã hủy
DH04779,KH01165,225,2024-05-10,3,17350639,52051917,Thẻ ngân hàng,Đã hủy
DH04780,KH00529,435,2024-01-24,1,4349985,4349985,Ví điện tử,Đã giao
DH04781,KH00848,371,2025-06-09,3,15596681,46790043,COD,Đang giao
DH04782,KH00782,280,2024-06-11,1,25571963,25571963,Ví điện tử,Đã hủy
DH04783,KH01078,176,2024-11-10,1,12520307,12520307,Chuyển khoản,Đang giao
DH04784,KH00426,479,2025-05-02,1,24995661,24995661,COD,Đã hủy
DH04785,KH01479,423,2024-01-11,3,11205935,33617805,Ví điện tử,Đã giao
DH04786,KH01827,87,2024-12-01,1,1388487,1388487,COD,Đã hủy
DH04787,KH00357,128,2024-08-30,1,5789660,5789660,COD,Đã hủy
DH04788,KH00433,325,2024-09-30,2,16561482,33122964,Ví điện tử,Đã hủy
DH04789,KH00733,172,2024-05-06,2,11563207,23126414,Thẻ ngân hàng,Đang giao
DH04790,KH00740,3,2024-01-26,2,23951194,47902388,COD,Đã hủy
DH04791,KH01963,150,2025-08-31,1,22175650,22175650,Thẻ ngân hàng,Đang giao
DH04792,KH01396,496,2025-12-05,3,14220784,42662352,COD,Đã hủy
DH04793,KH00107,71,2025-06-06,3,20920065,62760195,COD,Đã hủy
DH04794,KH01969,280,2024-08-24,1,25571963,25571963,Chuyển khoản,Đang giao
DH04795,KH01229,22,2024-02-03,2,24114298,48228596,Chuyển khoản,Đã hủy
DH04796,KH00179,171,2025-09-26,3,16022163,48066489,COD,Đang giao
DH04797,KH01404,76,2024-06-12,3,25092737,75278211,COD,Đang giao
DH04798,KH00563,78,2025-01-23,2,10074989,20149978,Chuyển khoản,Đang giao
DH04799,KH00515,400,2024-01-15,2,19389256,38778512,Ví điện tử,Đang giao
DH04800,KH00911,156,2024-01-11,1,23900042,23900042,Chuyển khoản,Đang giao
DH04801,KH00899,446,2025-07-13,2,10227214,20454428,COD,Đã giao
DH04802,KH01575,169,2024-08-15,3,25706307,77118921,Chuyển khoản,Đang giao
DH04803,KH00891,59,2024-02-23,2,11020945,22041890,Ví điện tử,Đang giao
DH04804,KH01123,191,2025-08-09,2,2180855,4361710,Thẻ ngân hàng,Đã giao
DH04805,KH01794,477,2025-06-28,2,17019502,34039004,Ví điện tử,Đã hủy
DH04806,KH00806,297,2024-10-05,3,3729757,11189271,Chuyển khoản,Đã hủy
DH04807,KH00279,112,2024-05-28,2,21786528,43573056,Ví điện tử,Đã giao
DH04808,KH01257,260,2025-02-01,2,5169564,10339128,Ví điện tử,Đã hủy
DH04809,KH00148,130,2025-09-09,2,8364943,16729886,Thẻ ngân hàng,Đã giao
DH04810,KH00269,254,2025-05-19,1,7786382,7786382,Chuyển khoản,Đã giao
DH04811,KH00235,296,2024-05-30,3,7282780,21848340,Ví điện tử,Đã giao
DH04812,KH01610,258,2025-10-11,1,12909089,12909089,COD,Đã giao
DH04813,KH00739,68,2024-04-01,2,14423549,28847098,Chuyển khoản,Đã giao
DH04814,KH01228,266,2024-05-03,1,8991711,8991711,Chuyển khoản,Đã hủy
DH04815,KH01627,188,2024-08-25,3,2213985,6641955,COD,Đã hủy
DH04816,KH00444,365,2025-07-15,2,15480351,30960702,Ví điện tử,Đã hủy
DH04817,KH01500,472,2025-12-26,2,24725902,49451804,Thẻ ngân hàng,Đã hủy
DH04818,KH01275,455,2025-07-23,3,2445683,7337049,Chuyển khoản,Đang giao
DH04819,KH01929,388,2025-05-01,1,12500788,12500788,Ví điện tử,Đã giao
DH04820,KH00032,303,2024-01-15,3,19460829,58382487,COD,Đã giao
DH04821,KH00078,238,2024-07-29,2,8768981,17537962,Ví điện tử,Đã giao
DH04822,KH00465,123,2024-08-22,3,5880587,17641761,Thẻ ngân hàng,Đã giao
DH04823,KH00098,248,2025-04-04,1,22980553,22980553,Thẻ ngân hàng,Đã hủy
DH04824,KH01376,331,2025-04-14,2,16419785,32839570,Ví điện tử,Đã giao
DH04825,KH01286,386,2024-06-04,1,11489944,11489944,COD,Đang giao
DH04826,KH00054,316,2024-02-02,1,19653730,19653730,Chuyển khoản,Đã hủy
DH04827,KH01245,45,2024-08-29,3,22446227,67338681,Thẻ ngân hàng,Đã giao
DH04828,KH01777,13,2025-02-11,1,24933847,24933847,Thẻ ngân hàng,Đã hủy
DH04829,KH00620,24,2024-06-18,2,1688485,3376970,Thẻ ngân hàng,Đang giao
DH04830,KH01705,78,2025-07-31,3,10074989,30224967,Chuyển khoản,Đã giao
DH04831,KH01249,187,2024-12-08,2,8866140,17732280,COD,Đã hủy
DH04832,KH00416,199,2024-06-22,2,15317157,30634314,Thẻ ngân hàng,Đã hủy
DH04833,KH01959,15,2024-10-10,1,21879885,21879885,Ví điện tử,Đã hủy
DH04834,KH00331,478,2024-12-26,3,8623329,25869987,COD,Đang giao
DH04835,KH00569,328,2025-02-04,2,19906025,39812050,Thẻ ngân hàng,Đã hủy
DH04836,KH00649,13,2025-05-13,2,24933847,49867694,COD,Đã giao
DH04837,KH01508,479,2025-11-19,1,24995661,24995661,Thẻ ngân hàng,Đã hủy
DH04838,KH00594,443,2025-12-27,2,15873432,31746864,Chuyển khoản,Đã giao
DH04839,KH00458,39,2024-09-19,3,5958851,17876553,Ví điện tử,Đã hủy
DH04840,KH00074,479,2025-03-31,1,24995661,24995661,Thẻ ngân hàng,Đã hủy
DH04841,KH01208,184,2024-03-11,3,17356432,52069296,Chuyển khoản,Đã giao
DH04842,KH01952,245,2024-12-03,2,11838005,23676010,COD,Đã hủy
DH04843,KH01362,131,2024-08-08,2,2156224,4312448,Chuyển khoản,Đã giao
DH04844,KH01780,11,2025-03-25,1,10235878,10235878,Thẻ ngân hàng,Đã hủy
DH04845,KH01526,12,2025-04-20,2,11992784,23985568,Thẻ ngân hàng,Đã hủy
DH04846,KH01918,422,2025-01-30,1,12003004,12003004,COD,Đang giao
DH04847,KH00750,274,2025-08-03,2,8049917,16099834,Ví điện tử,Đang giao
DH04848,KH01990,18,2024-02-19,3,8089438,24268314,Ví điện tử,Đã hủy
DH04849,KH00048,494,2024-04-04,1,4606985,4606985,Ví điện tử,Đã giao
DH04850,KH00946,86,2025-09-05,1,8568170,8568170,COD,Đang giao
DH04851,KH00810,431,2024-02-22,3,3483711,10451133,Ví điện tử,Đã giao
DH04852,KH01333,112,2025-04-25,2,21786528,43573056,Ví điện tử,Đã giao
DH04853,KH01530,342,2025-06-15,3,3872319,11616957,Chuyển khoản,Đang giao
DH04854,KH01897,483,2024-06-26,3,9287345,27862035,COD,Đang giao
DH04855,KH01580,7,2025-08-22,1,4357180,4357180,Chuyển khoản,Đang giao
DH04856,KH01863,403,2024-10-12,2,10108987,20217974,COD,Đang giao
DH04857,KH01293,122,2025-06-16,2,18283116,36566232,Ví điện tử,Đã giao
DH04858,KH00758,394,2025-10-05,1,14325309,14325309,Chuyển khoản,Đã hủy
DH04859,KH01976,45,2025-05-01,3,22446227,67338681,Thẻ ngân hàng,Đang giao
DH04860,KH01536,307,2024-11-08,3,2970393,8911179,Chuyển khoản,Đã hủy
DH04861,KH01823,408,2024-05-31,1,17462807,17462807,COD,Đang giao
DH04862,KH00790,315,2025-03-28,1,7916762,7916762,Ví điện tử,Đã giao
DH04863,KH00748,492,2025-01-23,1,8668431,8668431,COD,Đã hủy
DH04864,KH01540,89,2024-05-14,2,15656852,31313704,Thẻ ngân hàng,Đã hủy
DH04865,KH00413,220,2024-12-31,1,21154109,21154109,COD,Đã giao
DH04866,KH00118,303,2025-10-02,3,19460829,58382487,Ví điện tử,Đang giao
DH04867,KH00707,95,2025-02-15,2,17932883,35865766,Thẻ ngân hàng,Đã giao
DH04868,KH01319,428,2025-02-27,2,8623074,17246148,COD,Đã hủy
DH04869,KH01835,468,2024-08-27,3,21281263,63843789,COD,Đã hủy
DH04870,KH01242,162,2024-08-20,2,16154689,32309378,Chuyển khoản,Đã giao
DH04871,KH01445,447,2025-11-02,2,13793804,27587608,COD,Đang giao
DH04872,KH01828,265,2024-05-30,1,18875655,18875655,Thẻ ngân hàng,Đang giao
DH04873,KH01913,264,2024-02-26,2,7333700,14667400,COD,Đã hủy
DH04874,KH00388,79,2024-10-07,3,5712887,17138661,Chuyển khoản,Đang giao
DH04875,KH00508,24,2024-02-09,3,1688485,5065455,Ví điện tử,Đang giao
DH04876,KH00493,209,2025-11-01,1,11044537,11044537,Ví điện tử,Đang giao
DH04877,KH00626,270,2025-01-12,3,15138021,45414063,Ví điện tử,Đã giao
DH04878,KH01700,104,2024-08-12,3,21205978,63617934,Thẻ ngân hàng,Đã giao
DH04879,KH00082,276,2024-10-13,3,11889649,35668947,Ví điện tử,Đã giao
DH04880,KH00334,203,2024-08-20,1,2141244,2141244,Chuyển khoản,Đã hủy
DH04881,KH00375,23,2025-12-24,2,18730487,37460974,Ví điện tử,Đã hủy
DH04882,KH00581,52,2025-05-22,1,14404540,14404540,Chuyển khoản,Đang giao
DH04883,KH01648,406,2025-07-25,1,1821869,1821869,Thẻ ngân hàng,Đã hủy
DH04884,KH00607,242,2024-10-04,1,1536406,1536406,Thẻ ngân hàng,Đã hủy
DH04885,KH01525,128,2025-07-28,2,5789660,11579320,Chuyển khoản,Đã hủy
DH04886,KH01430,434,2024-02-02,3,20511341,61534023,Ví điện tử,Đã hủy
DH04887,KH01194,78,2025-01-20,3,10074989,30224967,Ví điện tử,Đã giao
DH04888,KH01568,99,2024-10-10,2,22557878,45115756,Thẻ ngân hàng,Đã giao
DH04889,KH00773,243,2025-05-21,2,9384883,18769766,COD,Đang giao
DH04890,KH00292,322,2025-09-06,1,4789634,4789634,COD,Đang giao
DH04891,KH00411,221,2024-11-17,1,18603561,18603561,COD,Đã giao
DH04892,KH01227,104,2025-09-08,3,21205978,63617934,COD,Đã hủy
DH04893,KH01809,15,2025-03-14,1,21879885,21879885,Chuyển khoản,Đã giao
DH04894,KH00526,315,2024-07-02,2,7916762,15833524,COD,Đã giao
DH04895,KH01592,124,2024-01-31,1,18670083,18670083,Chuyển khoản,Đã hủy
DH04896,KH01184,303,2024-03-18,3,19460829,58382487,Ví điện tử,Đang giao
DH04897,KH01380,114,2024-08-25,1,5461510,5461510,COD,Đang giao
DH04898,KH00904,170,2024-10-14,3,18830250,56490750,COD,Đang giao
DH04899,KH01901,433,2025-12-28,1,2223429,2223429,COD,Đã giao
DH04900,KH01420,298,2025-06-29,2,19424399,38848798,COD,Đã hủy
DH04901,KH00896,428,2025-09-22,2,8623074,17246148,COD,Đã hủy
DH04902,KH01151,14,2025-03-01,3,7886377,23659131,Thẻ ngân hàng,Đã hủy
DH04903,KH00942,244,2025-06-19,2,16782990,33565980,Chuyển khoản,Đang giao
DH04904,KH01589,218,2025-01-01,1,7876105,7876105,Chuyển khoản,Đã hủy
DH04905,KH01742,325,2025-05-02,1,16561482,16561482,COD,Đã hủy
DH04906,KH01205,289,2024-12-16,1,4921805,4921805,Chuyển khoản,Đang giao
DH04907,KH00371,244,2024-03-14,1,16782990,16782990,Thẻ ngân hàng,Đang giao
DH04908,KH00333,258,2025-07-08,3,12909089,38727267,COD,Đang giao
DH04909,KH01922,481,2024-08-23,3,11804603,35413809,Chuyển khoản,Đã hủy
DH04910,KH01672,329,2025-04-23,1,13517918,13517918,COD,Đã hủy
DH04911,KH00666,215,2024-02-01,3,22688954,68066862,COD,Đang giao
DH04912,KH00169,215,2024-10-13,1,22688954,22688954,COD,Đang giao
DH04913,KH00844,64,2024-07-03,2,9718506,19437012,Thẻ ngân hàng,Đang giao
DH04914,KH01646,248,2025-10-20,1,22980553,22980553,Thẻ ngân hàng,Đã hủy
DH04915,KH00509,159,2025-03-15,1,18319776,18319776,Chuyển khoản,Đã giao
DH04916,KH00622,333,2024-11-03,1,4723884,4723884,Chuyển khoản,Đã hủy
DH04917,KH00186,452,2024-08-24,1,6422656,6422656,Thẻ ngân hàng,Đã hủy
DH04918,KH00508,443,2025-08-04,2,15873432,31746864,Thẻ ngân hàng,Đã giao
DH04919,KH00676,249,2025-07-14,3,12650029,37950087,Ví điện tử,Đang giao
DH04920,KH00333,99,2024-03-14,2,22557878,45115756,Thẻ ngân hàng,Đang giao
DH04921,KH01247,247,2024-09-20,1,14840560,14840560,Thẻ ngân hàng,Đang giao
DH04922,KH00611,422,2024-01-24,3,12003004,36009012,Ví điện tử,Đã giao
DH04923,KH01965,458,2024-09-29,1,3104580,3104580,Chuyển khoản,Đã hủy
DH04924,KH00908,5,2025-05-23,2,6035905,12071810,Thẻ ngân hàng,Đang giao
DH04925,KH01681,145,2024-04-15,1,13595803,13595803,Thẻ ngân hàng,Đang giao
DH04926,KH00584,172,2024-06-28,3,11563207,34689621,Chuyển khoản,Đã hủy
DH04927,KH00304,288,2024-06-08,2,11145011,22290022,Ví điện tử,Đã giao
DH04928,KH01159,324,2024-10-24,2,5235456,10470912,Ví điện tử,Đã giao
DH04929,KH01783,446,2025-06-25,2,10227214,20454428,COD,Đã hủy
DH04930,KH00595,411,2024-03-03,2,15292733,30585466,COD,Đã hủy
DH04931,KH00985,197,2025-08-11,1,1767828,1767828,Thẻ ngân hàng,Đang giao
DH04932,KH01014,28,2024-03-27,3,8340920,25022760,Thẻ ngân hàng,Đã giao
DH04933,KH01513,372,2025-09-10,3,11933021,35799063,Thẻ ngân hàng,Đang giao
DH04934,KH01757,179,2024-09-22,2,23021297,46042594,Thẻ ngân hàng,Đang giao
DH04935,KH00855,371,2025-01-05,3,15596681,46790043,Ví điện tử,Đã hủy
DH04936,KH01161,113,2024-04-23,1,9188480,9188480,Ví điện tử,Đang giao
DH04937,KH00297,14,2025-12-01,1,7886377,7886377,Thẻ ngân hàng,Đã giao
DH04938,KH00666,317,2024-03-05,2,3451035,6902070,Chuyển khoản,Đang giao
DH04939,KH01743,492,2025-10-08,3,8668431,26005293,COD,Đã giao
DH04940,KH01937,156,2024-12-29,3,23900042,71700126,COD,Đã giao
DH04941,KH01243,225,2025-09-14,1,17350639,17350639,Chuyển khoản,Đang giao
DH04942,KH00065,401,2025-06-03,2,3227628,6455256,Chuyển khoản,Đã giao
DH04943,KH00971,344,2025-02-02,3,15192156,45576468,Chuyển khoản,Đang giao
DH04944,KH00632,402,2025-01-09,1,14448552,14448552,COD,Đã hủy
DH04945,KH00893,91,2025-06-21,1,20666588,20666588,COD,Đã giao
DH04946,KH01988,54,2024-12-31,2,18474415,36948830,Ví điện tử,Đã giao
DH04947,KH01703,191,2025-10-03,3,2180855,6542565,Chuyển khoản,Đã giao
DH04948,KH00099,463,2024-09-06,2,14123822,28247644,Thẻ ngân hàng,Đã giao
DH04949,KH00043,317,2025-06-29,3,3451035,10353105,Chuyển khoản,Đã hủy
DH04950,KH01639,255,2025-01-19,1,11357464,11357464,Ví điện tử,Đang giao
DH04951,KH01127,409,2024-11-01,3,25383281,76149843,Chuyển khoản,Đã hủy
DH04952,KH01288,332,2024-11-23,2,16273428,32546856,Chuyển khoản,Đang giao
DH04953,KH00074,93,2025-11-02,1,14686287,14686287,COD,Đang giao
DH04954,KH00566,224,2024-11-10,2,17686916,35373832,Thẻ ngân hàng,Đã hủy
DH04955,KH00749,144,2025-11-02,2,6059706,12119412,COD,Đang giao
DH04956,KH01511,326,2025-07-08,2,10657286,21314572,Chuyển khoản,Đã giao
DH04957,KH00595,140,2025-10-13,2,13589526,27179052,Chuyển khoản,Đã hủy
DH04958,KH01379,327,2025-10-17,2,6561107,13122214,Ví điện tử,Đã giao
DH04959,KH00383,264,2024-08-03,1,7333700,7333700,Chuyển khoản,Đã hủy
DH04960,KH01809,403,2024-03-26,2,10108987,20217974,Thẻ ngân hàng,Đã giao
DH04961,KH01431,431,2025-06-22,1,3483711,3483711,Chuyển khoản,Đang giao
DH04962,KH01676,437,2024-09-06,2,20884762,41769524,Chuyển khoản,Đã hủy
DH04963,KH01798,193,2024-10-07,1,12107524,12107524,COD,Đang giao
DH04964,KH01195,99,2025-12-22,1,22557878,22557878,Thẻ ngân hàng,Đã hủy
DH04965,KH01099,386,2024-10-16,1,11489944,11489944,Ví điện tử,Đã hủy
DH04966,KH00130,126,2024-02-02,1,7453646,7453646,Thẻ ngân hàng,Đang giao
DH04967,KH00381,146,2024-07-24,1,19268450,19268450,Thẻ ngân hàng,Đã hủy
DH04968,KH00578,110,2025-11-10,1,2655742,2655742,Ví điện tử,Đã hủy
DH04969,KH01293,241,2024-11-12,1,14883376,14883376,Thẻ ngân hàng,Đang giao
DH04970,KH01544,213,2024-10-29,1,9135747,9135747,COD,Đang giao
DH04971,KH01025,471,2024-10-11,1,25755884,25755884,Thẻ ngân hàng,Đã giao
DH04972,KH00933,295,2024-08-02,3,2326130,6978390,COD,Đã giao
DH04973,KH01436,121,2025-09-01,2,22194333,44388666,COD,Đang giao
DH04974,KH00327,43,2024-01-31,2,14663576,29327152,Thẻ ngân hàng,Đang giao
DH04975,KH00329,465,2024-09-25,2,24131257,48262514,COD,Đang giao
DH04976,KH00073,456,2024-06-26,3,1907183,5721549,Thẻ ngân hàng,Đang giao
DH04977,KH01318,73,2024-12-30,3,13467563,40402689,COD,Đã giao
DH04978,KH01364,312,2024-02-04,1,22250953,22250953,Ví điện tử,Đã giao
DH04979,KH01744,354,2025-01-13,2,14109722,28219444,COD,Đã giao
DH04980,KH00388,342,2024-02-02,3,3872319,11616957,Ví điện tử,Đã hủy
DH04981,KH00100,80,2024-11-06,3,15432098,46296294,Ví điện tử,Đang giao
DH04982,KH00968,80,2025-02-16,2,15432098,30864196,COD,Đã giao
DH04983,KH01721,339,2024-02-26,3,7585126,22755378,COD,Đang giao
DH04984,KH01267,52,2025-01-09,1,14404540,14404540,Chuyển khoản,Đã giao
DH04985,KH01961,28,2025-10-15,3,8340920,25022760,Ví điện tử,Đang giao
DH04986,KH00325,29,2024-10-05,1,8608366,8608366,Chuyển khoản,Đã hủy
DH04987,KH00744,291,2025-06-09,3,19063989,57191967,COD,Đã giao
DH04988,KH01371,44,2025-09-08,1,12890144,12890144,COD,Đang giao
DH04989,KH00580,83,2025-11-12,3,10278942,30836826,COD,Đang giao
DH04990,KH01238,295,2025-12-12,2,2326130,4652260,Thẻ ngân hàng,Đã giao
DH04991,KH00467,399,2024-01-06,2,2042288,4084576,Chuyển khoản,Đang giao
DH04992,KH01007,76,2024-09-20,1,25092737,25092737,Chuyển khoản,Đã giao
DH04993,KH01841,435,2025-01-06,3,4349985,13049955,Ví điện tử,Đang giao
DH04994,KH01203,422,2025-10-09,1,12003004,12003004,Chuyển khoản,Đã hủy
DH04995,KH00744,394,2024-02-15,3,14325309,42975927,Chuyển khoản,Đã giao
DH04996,KH01082,357,2025-10-17,1,4857102,4857102,Chuyển khoản,Đang giao
DH04997,KH01413,26,2024-12-05,2,23522794,47045588,Thẻ ngân hàng,Đã giao
DH04998,KH00048,110,2024-08-30,3,2655742,7967226,Ví điện tử,Đang giao
DH04999,KH01276,491,2025-08-04,3,23791756,71375268,Thẻ ngân hàng,Đã hủy
DH05000,KH00374,350,2024-11-28,2,12090591,24181182,Ví điện tử,Đang giao
DH05001,KH00216,254,2025-11-29,1,7786382,7786382,Thẻ ngân hàng,Đang giao
DH05002,KH00518,69,2025-06-18,1,13005856,13005856,Ví điện tử,Đã hủy
DH05003,KH00291,239,2024-05-17,3,9904462,29713386,COD,Đã giao
DH05004,KH01809,50,2024-09-10,2,16126277,32252554,Ví điện tử,Đã hủy
DH05005,KH00823,322,2024-08-03,3,4789634,14368902,COD,Đang giao
DH05006,KH01961,492,2024-06-09,3,8668431,26005293,Chuyển khoản,Đã hủy
DH05007,KH00350,75,2025-01-18,3,1572912,4718736,Chuyển khoản,Đã giao
DH05008,KH01029,179,2024-08-29,1,23021297,23021297,Chuyển khoản,Đã giao
DH05009,KH01467,109,2025-12-28,2,8310763,16621526,Ví điện tử,Đang giao
DH05010,KH00872,269,2025-08-16,2,13567100,27134200,Thẻ ngân hàng,Đã hủy
DH05011,KH01208,263,2024-07-06,3,5779215,17337645,Chuyển khoản,Đã hủy
DH05012,KH01222,94,2024-06-10,3,4892461,14677383,Thẻ ngân hàng,Đã giao
DH05013,KH00876,159,2024-09-19,3,18319776,54959328,Chuyển khoản,Đang giao
DH05014,KH01990,139,2024-07-23,3,8176702,24530106,Thẻ ngân hàng,Đã hủy
DH05015,KH00214,439,2025-05-12,3,11444083,34332249,COD,Đã hủy
DH05016,KH00849,134,2024-12-14,3,24009450,72028350,Ví điện tử,Đã hủy
DH05017,KH01974,409,2025-05-02,3,25383281,76149843,Chuyển khoản,Đã giao
DH05018,KH01879,318,2024-08-31,1,23570935,23570935,Thẻ ngân hàng,Đang giao
DH05019,KH01486,431,2024-10-01,3,3483711,10451133,Thẻ ngân hàng,Đã hủy
DH05020,KH01630,180,2025-11-19,2,5187803,10375606,Ví điện tử,Đã hủy
DH05021,KH00749,256,2025-11-28,1,7503626,7503626,Thẻ ngân hàng,Đang giao
DH05022,KH01015,373,2025-06-30,1,17596085,17596085,Thẻ ngân hàng,Đã giao
DH05023,KH00078,129,2025-09-18,1,7748973,7748973,Thẻ ngân hàng,Đã giao
DH05024,KH01133,395,2024-12-30,3,15941796,47825388,Chuyển khoản,Đã hủy
DH05025,KH01153,71,2024-09-12,3,20920065,62760195,Thẻ ngân hàng,Đang giao
DH05026,KH01371,63,2024-01-24,1,25365618,25365618,COD,Đã giao
DH05027,KH00323,385,2024-10-02,2,9022052,18044104,COD,Đã hủy
DH05028,KH01239,434,2024-09-07,3,20511341,61534023,Chuyển khoản,Đã giao
DH05029,KH00646,257,2024-07-28,3,22709217,68127651,Chuyển khoản,Đang giao
DH05030,KH01281,15,2024-11-13,1,21879885,21879885,Thẻ ngân hàng,Đã hủy
DH05031,KH01513,200,2025-09-06,3,25326262,75978786,Thẻ ngân hàng,Đã hủy
DH05032,KH01369,66,2024-09-14,2,9292701,18585402,Ví điện tử,Đã hủy
DH05033,KH00601,295,2025-05-22,2,2326130,4652260,COD,Đã hủy
DH05034,KH01508,325,2025-05-02,2,16561482,33122964,Thẻ ngân hàng,Đã giao
DH05035,KH01206,154,2024-06-12,3,5917692,17753076,Ví điện tử,Đã hủy
DH05036,KH01653,458,2025-09-15,2,3104580,6209160,Ví điện tử,Đang giao
DH05037,KH00065,148,2025-10-15,3,24016044,72048132,Thẻ ngân hàng,Đã giao
DH05038,KH01711,345,2024-04-22,1,24716330,24716330,Ví điện tử,Đã hủy
DH05039,KH01320,149,2025-11-23,1,20816892,20816892,Ví điện tử,Đã giao
DH05040,KH00646,239,2025-04-21,2,9904462,19808924,Thẻ ngân hàng,Đang giao
DH05041,KH01781,401,2024-02-19,3,3227628,9682884,Chuyển khoản,Đã hủy
DH05042,KH00382,427,2025-12-31,3,12881666,38644998,Thẻ ngân hàng,Đã hủy
DH05043,KH01442,130,2024-01-18,3,8364943,25094829,Chuyển khoản,Đang giao
DH05044,KH00014,478,2024-08-28,3,8623329,25869987,Ví điện tử,Đã hủy
DH05045,KH01332,461,2025-04-04,2,13898840,27797680,Chuyển khoản,Đã hủy
DH05046,KH00059,371,2025-08-29,3,15596681,46790043,Chuyển khoản,Đã giao
DH05047,KH00178,73,2024-10-23,1,13467563,13467563,Ví điện tử,Đang giao
DH05048,KH01424,164,2025-11-24,2,12450217,24900434,COD,Đang giao
DH05049,KH01550,223,2024-12-23,2,2575778,5151556,COD,Đã hủy
DH05050,KH01725,461,2025-10-01,3,13898840,41696520,COD,Đã hủy
DH05051,KH00905,105,2025-12-07,3,9768220,29304660,Chuyển khoản,Đã hủy
DH05052,KH01381,193,2024-03-25,3,12107524,36322572,Thẻ ngân hàng,Đã hủy
DH05053,KH00215,490,2025-10-31,2,24697745,49395490,COD,Đã giao
DH05054,KH00923,230,2024-09-15,1,4583309,4583309,Thẻ ngân hàng,Đã giao
DH05055,KH00240,258,2024-08-25,2,12909089,25818178,COD,Đã hủy
DH05056,KH00666,99,2025-05-17,2,22557878,45115756,Chuyển khoản,Đã hủy
DH05057,KH00531,419,2025-04-29,2,14450529,28901058,COD,Đang giao
DH05058,KH00399,423,2025-08-13,3,11205935,33617805,Ví điện tử,Đã giao
DH05059,KH01835,292,2024-01-13,3,15283078,45849234,Ví điện tử,Đang giao
DH05060,KH00136,151,2024-02-12,3,14524360,43573080,Thẻ ngân hàng,Đang giao
DH05061,KH01558,336,2024-07-06,1,20788903,20788903,Chuyển khoản,Đang giao
DH05062,KH00096,352,2024-09-25,1,22014922,22014922,Ví điện tử,Đã giao
DH05063,KH01438,448,2024-03-24,1,1655313,1655313,Ví điện tử,Đã hủy
DH05064,KH01143,236,2024-07-31,2,25624479,51248958,COD,Đã giao
DH05065,KH00636,50,2024-07-26,2,16126277,32252554,Chuyển khoản,Đã hủy
DH05066,KH00386,43,2025-12-13,2,14663576,29327152,Thẻ ngân hàng,Đang giao
DH05067,KH01435,435,2025-09-16,1,4349985,4349985,COD,Đang giao
DH05068,KH01788,235,2024-09-23,2,1672401,3344802,Thẻ ngân hàng,Đang giao
DH05069,KH01131,33,2024-08-18,3,16395207,49185621,Thẻ ngân hàng,Đã giao
DH05070,KH00583,72,2024-10-14,2,11915298,23830596,Thẻ ngân hàng,Đã hủy
DH05071,KH00752,484,2025-08-29,1,9546339,9546339,Thẻ ngân hàng,Đang giao
DH05072,KH00701,249,2024-01-20,2,12650029,25300058,COD,Đã giao
DH05073,KH01164,233,2024-07-08,2,5799781,11599562,Ví điện tử,Đã giao
DH05074,KH01168,287,2025-04-09,2,10898911,21797822,COD,Đã hủy
DH05075,KH00443,397,2024-08-30,3,23886813,71660439,Chuyển khoản,Đã hủy
DH05076,KH01879,293,2024-08-15,2,5223702,10447404,Chuyển khoản,Đang giao
DH05077,KH00486,220,2025-02-08,1,21154109,21154109,Ví điện tử,Đã hủy
DH05078,KH01131,426,2025-12-04,1,22978827,22978827,Ví điện tử,Đang giao
DH05079,KH01263,367,2024-03-06,3,21910738,65732214,Thẻ ngân hàng,Đã giao
DH05080,KH01548,150,2024-04-29,3,22175650,66526950,COD,Đã hủy
DH05081,KH01497,268,2024-12-22,1,20509489,20509489,Thẻ ngân hàng,Đã hủy
DH05082,KH00141,115,2025-10-15,1,24228127,24228127,Thẻ ngân hàng,Đang giao
DH05083,KH01995,357,2024-04-17,2,4857102,9714204,Ví điện tử,Đã hủy
DH05084,KH00912,388,2024-04-09,3,12500788,37502364,Thẻ ngân hàng,Đã giao
DH05085,KH00298,320,2024-05-29,3,13927009,41781027,COD,Đã giao
DH05086,KH00714,444,2025-08-07,3,24721344,74164032,COD,Đã giao
DH05087,KH00385,175,2024-11-26,2,4766108,9532216,COD,Đã hủy
DH05088,KH01808,106,2025-05-01,3,3358747,10076241,Thẻ ngân hàng,Đã hủy
DH05089,KH01602,60,2025-08-19,1,10296353,10296353,Chuyển khoản,Đã giao
DH05090,KH00699,243,2024-06-27,3,9384883,28154649,Ví điện tử,Đã giao
DH05091,KH01089,259,2024-05-02,3,2352165,7056495,Chuyển khoản,Đã giao
DH05092,KH01048,355,2025-06-19,2,19241391,38482782,Chuyển khoản,Đã giao
DH05093,KH01988,104,2024-12-25,1,21205978,21205978,Thẻ ngân hàng,Đang giao
DH05094,KH01909,198,2025-08-31,2,13851809,27703618,COD,Đã hủy
DH05095,KH01894,250,2024-03-18,1,5901364,5901364,COD,Đã hủy
DH05096,KH01464,295,2024-05-01,2,2326130,4652260,COD,Đang giao
DH05097,KH00500,411,2025-09-04,1,15292733,15292733,Thẻ ngân hàng,Đã hủy
DH05098,KH01350,43,2025-07-20,1,14663576,14663576,Chuyển khoản,Đã hủy
DH05099,KH00975,140,2025-11-10,1,13589526,13589526,Thẻ ngân hàng,Đã hủy
DH05100,KH00368,140,2025-10-23,2,13589526,27179052,Ví điện tử,Đang giao
DH05101,KH00596,351,2024-02-21,1,13618008,13618008,Chuyển khoản,Đang giao
DH05102,KH00989,184,2025-08-03,1,17356432,17356432,Thẻ ngân hàng,Đang giao
DH05103,KH00587,257,2024-03-27,2,22709217,45418434,Thẻ ngân hàng,Đã giao
DH05104,KH01102,385,2025-04-19,2,9022052,18044104,Ví điện tử,Đã giao
DH05105,KH00191,422,2024-08-20,2,12003004,24006008,COD,Đang giao
DH05106,KH01099,48,2025-06-04,3,10369706,31109118,Ví điện tử,Đã giao
DH05107,KH00434,462,2025-10-09,2,16447832,32895664,COD,Đang giao
DH05108,KH00512,379,2025-06-18,1,11024419,11024419,Thẻ ngân hàng,Đang giao
DH05109,KH00298,294,2025-03-15,2,20611090,41222180,Ví điện tử,Đang giao
DH05110,KH01312,153,2024-12-16,2,9382132,18764264,Ví điện tử,Đang giao
DH05111,KH00178,478,2024-07-07,1,8623329,8623329,COD,Đã hủy
DH05112,KH01362,23,2025-07-03,3,18730487,56191461,Ví điện tử,Đã giao
DH05113,KH00160,273,2024-09-10,2,13267090,26534180,Thẻ ngân hàng,Đang giao
DH05114,KH01486,44,2024-12-07,3,12890144,38670432,COD,Đã hủy
DH05115,KH01028,410,2025-11-10,1,12647688,12647688,Ví điện tử,Đã giao
DH05116,KH00746,87,2024-01-29,3,1388487,4165461,Thẻ ngân hàng,Đang giao
DH05117,KH01444,487,2024-05-09,3,9625660,28876980,Ví điện tử,Đang giao
DH05118,KH00313,304,2024-12-11,1,24317139,24317139,Thẻ ngân hàng,Đã hủy
DH05119,KH00454,142,2024-10-30,3,23627613,70882839,Thẻ ngân hàng,Đang giao
DH05120,KH01319,267,2025-11-28,1,20768736,20768736,Chuyển khoản,Đã hủy
DH05121,KH00009,46,2024-11-30,1,13724985,13724985,Chuyển khoản,Đang giao
DH05122,KH01832,321,2024-01-29,2,9556944,19113888,Ví điện tử,Đang giao
DH05123,KH00475,376,2025-01-29,3,7479061,22437183,Thẻ ngân hàng,Đã hủy
DH05124,KH01376,136,2024-12-16,1,13200645,13200645,COD,Đã hủy
DH05125,KH00829,76,2024-10-01,1,25092737,25092737,Chuyển khoản,Đã hủy
DH05126,KH01081,214,2025-08-24,2,21742788,43485576,Chuyển khoản,Đã hủy
DH05127,KH01159,368,2024-03-28,1,21192004,21192004,Chuyển khoản,Đang giao
DH05128,KH01800,331,2024-12-23,2,16419785,32839570,Ví điện tử,Đã hủy
DH05129,KH01176,253,2024-09-10,2,9232276,18464552,Ví điện tử,Đã giao
DH05130,KH01328,107,2024-04-29,3,15707585,47122755,Chuyển khoản,Đã hủy
DH05131,KH00031,338,2025-05-27,2,11491142,22982284,Thẻ ngân hàng,Đang giao
DH05132,KH01238,288,2025-12-17,2,11145011,22290022,Ví điện tử,Đang giao
DH05133,KH01132,350,2024-11-07,2,12090591,24181182,Chuyển khoản,Đang giao
DH05134,KH00579,365,2024-09-21,1,15480351,15480351,COD,Đã hủy
DH05135,KH01433,196,2024-10-14,3,9383000,28149000,Chuyển khoản,Đang giao
DH05136,KH01277,110,2024-10-27,3,2655742,7967226,Ví điện tử,Đã hủy
DH05137,KH01292,428,2025-03-04,2,8623074,17246148,Thẻ ngân hàng,Đã hủy
DH05138,KH01534,75,2024-10-15,3,1572912,4718736,Ví điện tử,Đã giao
DH05139,KH00328,217,2025-03-10,3,21518753,64556259,COD,Đã giao
DH05140,KH01645,96,2025-05-30,2,2158473,4316946,Thẻ ngân hàng,Đang giao
DH05141,KH00129,23,2025-02-27,2,18730487,37460974,Ví điện tử,Đã giao
DH05142,KH00999,495,2025-12-11,1,24537951,24537951,Chuyển khoản,Đã giao
DH05143,KH01584,177,2024-11-02,1,6101695,6101695,Ví điện tử,Đã giao
DH05144,KH01207,464,2025-06-24,2,10451249,20902498,COD,Đang giao
DH05145,KH01670,286,2024-03-14,1,3106273,3106273,Chuyển khoản,Đã giao
DH05146,KH00226,210,2024-05-02,2,20061356,40122712,COD,Đã giao
DH05147,KH00755,328,2025-01-08,3,19906025,59718075,COD,Đang giao
DH05148,KH01053,411,2024-05-10,2,15292733,30585466,COD,Đã hủy
DH05149,KH00180,167,2024-10-16,1,19477755,19477755,COD,Đã giao
DH05150,KH01207,349,2025-06-11,2,19870600,39741200,Chuyển khoản,Đã hủy
DH05151,KH01061,345,2025-12-31,1,24716330,24716330,COD,Đã hủy
DH05152,KH00272,87,2025-03-11,3,1388487,4165461,COD,Đã hủy
DH05153,KH00337,371,2024-08-14,1,15596681,15596681,Thẻ ngân hàng,Đã giao
DH05154,KH00682,253,2025-08-12,1,9232276,9232276,Thẻ ngân hàng,Đang giao
DH05155,KH00980,176,2024-01-16,3,12520307,37560921,COD,Đang giao
DH05156,KH01172,187,2024-04-08,3,8866140,26598420,Ví điện tử,Đã hủy
DH05157,KH00451,401,2025-08-03,1,3227628,3227628,Chuyển khoản,Đã hủy
DH05158,KH00554,73,2025-01-15,1,13467563,13467563,Thẻ ngân hàng,Đang giao
DH05159,KH01916,473,2025-01-30,2,8143318,16286636,Chuyển khoản,Đã giao
DH05160,KH00531,425,2024-07-15,1,12382069,12382069,Thẻ ngân hàng,Đã hủy
DH05161,KH00727,454,2024-08-29,1,24379043,24379043,Thẻ ngân hàng,Đang giao
DH05162,KH01698,10,2024-11-24,3,8245338,24736014,Ví điện tử,Đang giao
DH05163,KH01510,42,2024-07-16,2,4888990,9777980,Ví điện tử,Đã giao
DH05164,KH01296,449,2024-12-01,3,7676975,23030925,Ví điện tử,Đã hủy
DH05165,KH01536,389,2024-06-10,3,2247745,6743235,COD,Đang giao
DH05166,KH00096,27,2025-04-27,3,12159304,36477912,COD,Đã hủy
DH05167,KH01389,228,2025-02-03,2,9625566,19251132,Ví điện tử,Đã giao
DH05168,KH00903,55,2025-08-09,2,17890818,35781636,Chuyển khoản,Đã giao
DH05169,KH00016,240,2024-12-23,3,23483447,70450341,Thẻ ngân hàng,Đang giao
DH05170,KH01356,321,2025-08-11,2,9556944,19113888,Ví điện tử,Đang giao
DH05171,KH00406,268,2024-04-10,1,20509489,20509489,Chuyển khoản,Đang giao
DH05172,KH00697,191,2025-12-12,3,2180855,6542565,Thẻ ngân hàng,Đã giao
DH05173,KH01190,52,2024-04-12,3,14404540,43213620,Thẻ ngân hàng,Đang giao
DH05174,KH01597,364,2024-11-03,1,14254399,14254399,Chuyển khoản,Đang giao
DH05175,KH01066,333,2024-10-05,2,4723884,9447768,Thẻ ngân hàng,Đã hủy
DH05176,KH01221,312,2025-05-29,3,22250953,66752859,Thẻ ngân hàng,Đang giao
DH05177,KH00684,159,2024-10-04,2,18319776,36639552,Thẻ ngân hàng,Đang giao
DH05178,KH01057,327,2024-02-19,2,6561107,13122214,Thẻ ngân hàng,Đã giao
DH05179,KH01252,500,2025-03-16,2,12716509,25433018,Thẻ ngân hàng,Đang giao
DH05180,KH00186,106,2025-04-11,3,3358747,10076241,Ví điện tử,Đã hủy
DH05181,KH01085,152,2024-09-28,1,11691816,11691816,Thẻ ngân hàng,Đã hủy
DH05182,KH01302,318,2024-06-11,2,23570935,47141870,Thẻ ngân hàng,Đã hủy
DH05183,KH01875,486,2025-04-27,2,14815928,29631856,Chuyển khoản,Đang giao
DH05184,KH01180,7,2025-11-14,1,4357180,4357180,Ví điện tử,Đang giao
DH05185,KH00187,60,2025-07-08,2,10296353,20592706,COD,Đã hủy
DH05186,KH00672,178,2025-10-24,3,25162917,75488751,COD,Đang giao
DH05187,KH01892,303,2025-04-05,3,19460829,58382487,COD,Đã hủy
DH05188,KH01865,442,2024-01-01,2,14674667,29349334,Ví điện tử,Đang giao
DH05189,KH01703,98,2024-01-03,3,25849081,77547243,Thẻ ngân hàng,Đã hủy
DH05190,KH00838,320,2025-03-12,3,13927009,41781027,Chuyển khoản,Đã hủy
DH05191,KH01769,208,2025-09-30,1,16507221,16507221,Chuyển khoản,Đang giao
DH05192,KH00142,72,2025-04-02,1,11915298,11915298,Thẻ ngân hàng,Đang giao
DH05193,KH01948,357,2024-08-13,1,4857102,4857102,Chuyển khoản,Đã hủy
DH05194,KH01964,414,2024-05-27,3,8838663,26515989,COD,Đang giao
DH05195,KH01579,423,2024-08-15,2,11205935,22411870,Chuyển khoản,Đang giao
DH05196,KH00514,389,2024-04-18,3,2247745,6743235,Thẻ ngân hàng,Đã giao
DH05197,KH00014,341,2024-03-05,1,24878704,24878704,Thẻ ngân hàng,Đã giao
DH05198,KH01302,68,2025-08-04,2,14423549,28847098,Thẻ ngân hàng,Đã hủy
DH05199,KH01051,82,2024-06-03,2,6348395,12696790,Thẻ ngân hàng,Đã giao
DH05200,KH00044,479,2024-07-04,2,24995661,49991322,Thẻ ngân hàng,Đã hủy
DH05201,KH00242,382,2025-04-02,3,23997672,71993016,COD,Đã giao
DH05202,KH01549,54,2025-12-25,1,18474415,18474415,Thẻ ngân hàng,Đã giao
DH05203,KH01876,112,2025-03-23,1,21786528,21786528,Thẻ ngân hàng,Đã giao
DH05204,KH00294,243,2024-11-12,1,9384883,9384883,Ví điện tử,Đã hủy
DH05205,KH00772,450,2024-04-30,2,19208894,38417788,Chuyển khoản,Đã hủy
DH05206,KH01877,289,2025-08-29,1,4921805,4921805,COD,Đã giao
DH05207,KH00510,65,2025-10-13,3,20123002,60369006,COD,Đã giao
DH05208,KH00949,238,2024-08-29,1,8768981,8768981,Chuyển khoản,Đã giao
DH05209,KH01280,248,2025-03-12,3,22980553,68941659,Thẻ ngân hàng,Đã hủy
DH05210,KH00639,329,2025-11-30,2,13517918,27035836,Thẻ ngân hàng,Đã hủy
DH05211,KH00224,482,2025-12-03,3,25397322,76191966,Ví điện tử,Đã hủy
DH05212,KH01237,149,2024-07-30,3,20816892,62450676,Ví điện tử,Đã hủy
DH05213,KH00416,20,2025-03-01,1,14519905,14519905,COD,Đang giao
DH05214,KH00408,80,2025-09-29,2,15432098,30864196,Chuyển khoản,Đang giao
DH05215,KH00775,122,2024-10-15,2,18283116,36566232,Thẻ ngân hàng,Đã hủy
DH05216,KH01969,203,2025-05-31,1,2141244,2141244,Chuyển khoản,Đã hủy
DH05217,KH00335,206,2025-06-19,3,9160201,27480603,Ví điện tử,Đang giao
DH05218,KH01835,28,2024-04-21,3,8340920,25022760,Ví điện tử,Đang giao
DH05219,KH01703,239,2024-08-10,2,9904462,19808924,Thẻ ngân hàng,Đang giao
DH05220,KH00091,264,2024-11-14,3,7333700,22001100,Ví điện tử,Đã hủy
DH05221,KH00842,464,2024-11-20,2,10451249,20902498,Ví điện tử,Đã giao
DH05222,KH01454,61,2024-08-06,3,11543600,34630800,Thẻ ngân hàng,Đã hủy
DH05223,KH01315,115,2024-10-21,3,24228127,72684381,Ví điện tử,Đã hủy
DH05224,KH01176,34,2024-03-04,3,21526031,64578093,Thẻ ngân hàng,Đã giao
DH05225,KH00896,34,2024-11-26,3,21526031,64578093,Chuyển khoản,Đã hủy
DH05226,KH00955,121,2024-08-11,1,22194333,22194333,Ví điện tử,Đã giao
DH05227,KH01687,155,2025-10-23,1,23734363,23734363,Chuyển khoản,Đã hủy
DH05228,KH01803,278,2024-01-23,2,16871480,33742960,Thẻ ngân hàng,Đã giao
DH05229,KH01209,9,2024-07-01,1,2348573,2348573,COD,Đang giao
DH05230,KH01368,425,2024-07-11,1,12382069,12382069,Chuyển khoản,Đang giao
DH05231,KH00822,389,2025-12-31,2,2247745,4495490,COD,Đã giao
DH05232,KH00918,450,2025-06-30,2,19208894,38417788,Ví điện tử,Đang giao
DH05233,KH01724,103,2024-11-18,3,17996106,53988318,Ví điện tử,Đang giao
DH05234,KH01505,474,2025-04-16,3,13191529,39574587,COD,Đang giao
DH05235,KH00895,288,2024-12-22,3,11145011,33435033,Thẻ ngân hàng,Đã giao
DH05236,KH00086,7,2025-09-22,1,4357180,4357180,Thẻ ngân hàng,Đã giao
DH05237,KH00327,272,2024-06-15,2,15085613,30171226,Ví điện tử,Đã hủy
DH05238,KH01141,41,2025-02-26,2,23214519,46429038,Ví điện tử,Đã hủy
DH05239,KH00719,157,2025-08-20,1,10354320,10354320,COD,Đã giao
DH05240,KH00778,478,2024-05-29,1,8623329,8623329,Thẻ ngân hàng,Đang giao
DH05241,KH01975,129,2024-12-18,1,7748973,7748973,COD,Đang giao
DH05242,KH00429,357,2025-08-28,2,4857102,9714204,Ví điện tử,Đã hủy
DH05243,KH01187,286,2025-08-11,1,3106273,3106273,Thẻ ngân hàng,Đã giao
DH05244,KH00186,111,2024-10-01,2,5190528,10381056,Ví điện tử,Đã hủy
DH05245,KH01938,378,2025-12-22,3,5459248,16377744,Thẻ ngân hàng,Đã hủy
DH05246,KH00817,160,2024-11-10,2,7269450,14538900,Thẻ ngân hàng,Đã giao
DH05247,KH01534,429,2024-11-14,1,13157569,13157569,COD,Đang giao
DH05248,KH01622,378,2024-10-31,3,5459248,16377744,Ví điện tử,Đang giao
DH05249,KH01198,278,2024-01-18,1,16871480,16871480,Chuyển khoản,Đã giao
DH05250,KH01835,499,2025-01-12,2,11225264,22450528,Ví điện tử,Đã hủy
DH05251,KH01037,422,2025-05-27,1,12003004,12003004,Ví điện tử,Đã giao
DH05252,KH01251,193,2025-08-01,1,12107524,12107524,Thẻ ngân hàng,Đã giao
DH05253,KH00063,169,2025-02-14,2,25706307,51412614,Ví điện tử,Đã hủy
DH05254,KH00475,489,2025-07-13,3,23457899,70373697,Chuyển khoản,Đã hủy
DH05255,KH01336,289,2025-04-10,1,4921805,4921805,Ví điện tử,Đã giao
DH05256,KH00810,295,2024-09-29,3,2326130,6978390,Thẻ ngân hàng,Đã giao
DH05257,KH00473,270,2024-03-13,2,15138021,30276042,Thẻ ngân hàng,Đã hủy
DH05258,KH01532,240,2025-05-11,2,23483447,46966894,Ví điện tử,Đã giao
DH05259,KH01100,166,2024-01-02,2,17284447,34568894,Chuyển khoản,Đang giao
DH05260,KH00779,321,2025-09-16,1,9556944,9556944,Chuyển khoản,Đã giao
DH05261,KH01516,61,2024-05-10,2,11543600,23087200,Chuyển khoản,Đang giao
DH05262,KH01875,181,2024-12-21,3,1690676,5072028,Chuyển khoản,Đã hủy
DH05263,KH01815,250,2024-09-25,1,5901364,5901364,Chuyển khoản,Đã hủy
DH05264,KH01973,101,2024-11-08,3,4709001,14127003,Thẻ ngân hàng,Đã hủy
DH05265,KH00600,49,2024-12-28,3,10127878,30383634,Ví điện tử,Đã hủy
DH05266,KH00471,355,2024-11-17,1,19241391,19241391,Chuyển khoản,Đã giao
DH05267,KH00205,270,2024-10-11,2,15138021,30276042,COD,Đã hủy
DH05268,KH00605,60,2025-09-11,1,10296353,10296353,Thẻ ngân hàng,Đang giao
DH05269,KH00790,421,2025-05-02,2,22589235,45178470,Thẻ ngân hàng,Đã giao
DH05270,KH00189,482,2024-12-14,1,25397322,25397322,Chuyển khoản,Đang giao
DH05271,KH01012,1,2024-09-28,3,5597326,16791978,Thẻ ngân hàng,Đã giao
DH05272,KH01481,89,2025-03-11,3,15656852,46970556,Chuyển khoản,Đã hủy
DH05273,KH00274,166,2024-05-07,2,17284447,34568894,Chuyển khoản,Đã hủy
DH05274,KH00197,250,2025-12-02,3,5901364,17704092,COD,Đang giao
DH05275,KH00159,408,2025-11-07,2,17462807,34925614,COD,Đã hủy
DH05276,KH01588,406,2025-10-18,1,1821869,1821869,COD,Đã hủy
DH05277,KH00059,2,2024-08-24,1,2619639,2619639,Chuyển khoản,Đã giao
DH05278,KH00026,1,2024-08-20,3,5597326,16791978,Ví điện tử,Đang giao
DH05279,KH01969,414,2024-01-15,1,8838663,8838663,Chuyển khoản,Đã giao
DH05280,KH01358,296,2024-12-22,1,7282780,7282780,COD,Đã hủy
DH05281,KH01699,476,2025-12-25,2,5610573,11221146,Ví điện tử,Đang giao
DH05282,KH01599,35,2025-06-01,3,5481589,16444767,COD,Đã hủy
DH05283,KH00694,119,2025-12-10,1,13510580,13510580,Chuyển khoản,Đã giao
DH05284,KH00658,412,2024-10-21,3,5966347,17899041,Chuyển khoản,Đang giao
DH05285,KH01534,248,2024-01-06,1,22980553,22980553,Ví điện tử,Đang giao
DH05286,KH00634,52,2025-05-13,3,14404540,43213620,Thẻ ngân hàng,Đã giao
DH05287,KH00057,276,2025-11-01,3,11889649,35668947,Ví điện tử,Đang giao
DH05288,KH00748,112,2024-06-20,3,21786528,65359584,COD,Đang giao
DH05289,KH00958,6,2024-07-28,2,15618829,31237658,COD,Đã hủy
DH05290,KH00528,302,2025-05-31,2,1904905,3809810,Thẻ ngân hàng,Đã giao
DH05291,KH00375,396,2025-10-24,1,2735462,2735462,Chuyển khoản,Đã giao
DH05292,KH01617,60,2024-03-09,1,10296353,10296353,COD,Đang giao
DH05293,KH01985,61,2024-08-25,3,11543600,34630800,Thẻ ngân hàng,Đã hủy
DH05294,KH00098,351,2025-08-14,2,13618008,27236016,Ví điện tử,Đã giao
DH05295,KH00020,298,2024-07-04,3,19424399,58273197,Chuyển khoản,Đã hủy
DH05296,KH00403,380,2025-07-01,1,7759711,7759711,Chuyển khoản,Đã hủy
DH05297,KH00626,297,2025-10-24,1,3729757,3729757,COD,Đang giao
DH05298,KH01075,347,2024-12-19,2,10484449,20968898,Thẻ ngân hàng,Đã hủy
DH05299,KH00960,204,2024-06-22,3,6098253,18294759,Chuyển khoản,Đang giao
DH05300,KH00685,390,2024-12-08,2,7428418,14856836,Ví điện tử,Đang giao
DH05301,KH01478,119,2025-01-27,3,13510580,40531740,Ví điện tử,Đã giao
DH05302,KH00135,438,2024-02-17,3,19966047,59898141,COD,Đã giao
DH05303,KH00484,227,2025-06-13,2,23575212,47150424,Ví điện tử,Đang giao
DH05304,KH00857,488,2025-09-09,2,1330310,2660620,COD,Đang giao
DH05305,KH00280,441,2025-01-12,2,18385006,36770012,Chuyển khoản,Đã hủy
DH05306,KH00202,281,2024-05-26,3,6520993,19562979,COD,Đã hủy
DH05307,KH00884,377,2024-08-17,3,12231914,36695742,Chuyển khoản,Đã hủy
DH05308,KH00584,395,2025-03-28,2,15941796,31883592,Chuyển khoản,Đang giao
DH05309,KH00955,311,2025-07-05,2,20701272,41402544,COD,Đã hủy
DH05310,KH00004,458,2025-03-01,3,3104580,9313740,COD,Đã giao
DH05311,KH01843,82,2025-04-01,2,6348395,12696790,Chuyển khoản,Đã giao
DH05312,KH01989,258,2025-02-06,2,12909089,25818178,COD,Đã giao
DH05313,KH00166,280,2025-10-06,1,25571963,25571963,COD,Đang giao
DH05314,KH01439,395,2025-09-22,1,15941796,15941796,Chuyển khoản,Đã hủy
DH05315,KH01984,305,2024-09-04,1,19848099,19848099,Thẻ ngân hàng,Đã hủy
DH05316,KH00823,137,2024-06-10,2,20559073,41118146,Thẻ ngân hàng,Đã hủy
DH05317,KH00571,259,2024-02-23,1,2352165,2352165,Chuyển khoản,Đã hủy
DH05318,KH00461,97,2025-12-02,1,20721508,20721508,Chuyển khoản,Đã hủy
DH05319,KH00343,341,2024-05-14,1,24878704,24878704,COD,Đang giao
DH05320,KH00540,101,2025-06-04,1,4709001,4709001,Thẻ ngân hàng,Đang giao
DH05321,KH00845,385,2024-04-05,2,9022052,18044104,Chuyển khoản,Đang giao
DH05322,KH00683,432,2024-10-17,2,25961408,51922816,Chuyển khoản,Đang giao
DH05323,KH01234,272,2025-07-07,3,15085613,45256839,Chuyển khoản,Đang giao
DH05324,KH00285,209,2024-11-19,2,11044537,22089074,COD,Đã hủy
DH05325,KH01690,360,2025-03-03,1,17479616,17479616,Ví điện tử,Đã giao
DH05326,KH00947,401,2024-12-10,1,3227628,3227628,Ví điện tử,Đã giao
DH05327,KH01395,207,2024-05-18,3,11794425,35383275,Chuyển khoản,Đang giao
DH05328,KH00310,383,2024-02-17,2,21556385,43112770,Thẻ ngân hàng,Đã giao
DH05329,KH00724,275,2024-02-22,3,1991880,5975640,COD,Đang giao
DH05330,KH01619,67,2025-10-18,3,2603224,7809672,Chuyển khoản,Đã giao
DH05331,KH00240,467,2025-01-28,3,6408461,19225383,COD,Đang giao
DH05332,KH01401,53,2024-10-05,3,18088695,54266085,Ví điện tử,Đã giao
DH05333,KH00647,64,2024-06-19,3,9718506,29155518,COD,Đã hủy
DH05334,KH01577,478,2025-03-07,3,8623329,25869987,Thẻ ngân hàng,Đang giao
DH05335,KH01303,304,2024-07-11,2,24317139,48634278,COD,Đang giao
DH05336,KH01212,414,2025-10-23,3,8838663,26515989,Ví điện tử,Đang giao
DH05337,KH01162,178,2024-09-13,3,25162917,75488751,Chuyển khoản,Đang giao
DH05338,KH01631,158,2024-06-23,1,2814097,2814097,Chuyển khoản,Đã hủy
DH05339,KH01868,137,2024-11-03,3,20559073,61677219,Ví điện tử,Đang giao
DH05340,KH00389,152,2024-08-07,2,11691816,23383632,Thẻ ngân hàng,Đã hủy
DH05341,KH01828,136,2024-04-22,3,13200645,39601935,COD,Đang giao
DH05342,KH01080,137,2024-01-19,3,20559073,61677219,Chuyển khoản,Đã giao
DH05343,KH00814,273,2024-08-16,3,13267090,39801270,Ví điện tử,Đã hủy
DH05344,KH00859,488,2024-12-06,1,1330310,1330310,COD,Đã hủy
DH05345,KH00360,403,2024-11-11,3,10108987,30326961,Chuyển khoản,Đang giao
DH05346,KH01117,360,2025-12-05,2,17479616,34959232,Ví điện tử,Đã hủy
DH05347,KH01625,31,2024-08-17,3,19561998,58685994,COD,Đã hủy
DH05348,KH00940,242,2024-11-11,2,1536406,3072812,Thẻ ngân hàng,Đã hủy
DH05349,KH00876,233,2024-05-15,2,5799781,11599562,Ví điện tử,Đã giao
DH05350,KH00875,469,2025-01-13,1,24833142,24833142,COD,Đã giao
DH05351,KH00779,98,2025-08-04,1,25849081,25849081,Thẻ ngân hàng,Đã giao
DH05352,KH01938,23,2025-10-26,3,18730487,56191461,Ví điện tử,Đã hủy
DH05353,KH00940,295,2024-07-27,2,2326130,4652260,COD,Đã hủy
DH05354,KH00273,14,2024-12-19,1,7886377,7886377,Ví điện tử,Đã giao
DH05355,KH00485,143,2025-02-16,3,5091764,15275292,Chuyển khoản,Đã hủy
DH05356,KH01652,139,2024-02-04,1,8176702,8176702,Thẻ ngân hàng,Đang giao
DH05357,KH00581,257,2024-04-21,2,22709217,45418434,Thẻ ngân hàng,Đã hủy
DH05358,KH00021,68,2024-02-26,2,14423549,28847098,Chuyển khoản,Đang giao
DH05359,KH01170,156,2024-11-20,2,23900042,47800084,Ví điện tử,Đang giao
DH05360,KH00298,480,2025-08-31,2,9066937,18133874,Thẻ ngân hàng,Đã giao
DH05361,KH00077,244,2025-06-28,3,16782990,50348970,Thẻ ngân hàng,Đang giao
DH05362,KH01135,351,2025-12-08,3,13618008,40854024,Chuyển khoản,Đã hủy
DH05363,KH00777,442,2024-04-13,3,14674667,44024001,Chuyển khoản,Đã hủy
DH05364,KH01979,419,2025-02-03,2,14450529,28901058,COD,Đã hủy
DH05365,KH00461,485,2024-10-10,3,2937854,8813562,Ví điện tử,Đang giao
DH05366,KH00335,333,2025-10-01,2,4723884,9447768,Chuyển khoản,Đã giao
DH05367,KH00402,492,2024-04-30,2,8668431,17336862,Chuyển khoản,Đã hủy
DH05368,KH01761,96,2025-07-26,1,2158473,2158473,Thẻ ngân hàng,Đã giao
DH05369,KH00070,437,2025-12-14,1,20884762,20884762,Chuyển khoản,Đã hủy
DH05370,KH00096,306,2025-09-29,2,9109540,18219080,COD,Đã giao
DH05371,KH00292,252,2025-05-11,3,18216160,54648480,Thẻ ngân hàng,Đã hủy
DH05372,KH01697,233,2025-03-30,2,5799781,11599562,Ví điện tử,Đã giao
DH05373,KH00943,146,2025-09-25,3,19268450,57805350,Ví điện tử,Đang giao
DH05374,KH01403,51,2024-08-09,2,18354531,36709062,Ví điện tử,Đã giao
DH05375,KH00536,127,2025-09-02,1,23583550,23583550,Chuyển khoản,Đã hủy
DH05376,KH01049,443,2025-02-09,3,15873432,47620296,COD,Đã hủy
DH05377,KH00588,39,2024-03-01,2,5958851,11917702,Ví điện tử,Đã hủy
DH05378,KH01702,32,2024-09-28,2,16788448,33576896,Thẻ ngân hàng,Đã hủy
DH05379,KH01339,114,2024-07-12,2,5461510,10923020,Ví điện tử,Đang giao
DH05380,KH01705,67,2025-01-29,1,2603224,2603224,Thẻ ngân hàng,Đã giao
DH05381,KH00153,356,2024-01-08,1,23139278,23139278,Chuyển khoản,Đã hủy
DH05382,KH01782,227,2025-08-10,1,23575212,23575212,COD,Đang giao
DH05383,KH01299,494,2024-06-26,1,4606985,4606985,COD,Đã hủy
DH05384,KH00390,123,2024-07-07,3,5880587,17641761,Thẻ ngân hàng,Đã giao
DH05385,KH01221,69,2025-12-02,2,13005856,26011712,COD,Đang giao
DH05386,KH00494,166,2024-12-08,2,17284447,34568894,Thẻ ngân hàng,Đã giao
DH05387,KH00080,487,2024-12-15,1,9625660,9625660,Ví điện tử,Đang giao
DH05388,KH00132,360,2025-09-25,1,17479616,17479616,Chuyển khoản,Đã hủy
DH05389,KH01876,172,2025-08-20,1,11563207,11563207,Ví điện tử,Đã giao
DH05390,KH01018,194,2025-02-27,3,10519150,31557450,Ví điện tử,Đã giao
DH05391,KH00711,93,2024-09-26,1,14686287,14686287,Chuyển khoản,Đã giao
DH05392,KH00494,468,2025-08-11,2,21281263,42562526,Ví điện tử,Đang giao
DH05393,KH01128,169,2024-04-15,2,25706307,51412614,Chuyển khoản,Đang giao
DH05394,KH01370,348,2025-12-04,2,16075438,32150876,Chuyển khoản,Đã hủy
DH05395,KH00787,190,2025-12-01,1,19493368,19493368,Ví điện tử,Đang giao
DH05396,KH00341,221,2024-11-11,2,18603561,37207122,Chuyển khoản,Đã giao
DH05397,KH01254,275,2024-06-30,3,1991880,5975640,Ví điện tử,Đang giao
DH05398,KH01151,113,2024-09-16,3,9188480,27565440,Ví điện tử,Đã giao
DH05399,KH00349,452,2024-01-15,1,6422656,6422656,Ví điện tử,Đang giao
DH05400,KH00844,169,2024-08-18,3,25706307,77118921,Thẻ ngân hàng,Đã hủy
DH05401,KH00523,303,2025-01-01,2,19460829,38921658,Thẻ ngân hàng,Đã hủy
DH05402,KH01538,326,2025-12-23,3,10657286,31971858,COD,Đã giao
DH05403,KH01874,64,2025-09-19,2,9718506,19437012,Ví điện tử,Đã hủy
DH05404,KH00531,93,2025-07-13,3,14686287,44058861,COD,Đang giao
DH05405,KH00733,311,2024-06-22,3,20701272,62103816,Ví điện tử,Đã hủy
DH05406,KH01493,38,2024-09-25,2,25625870,51251740,Thẻ ngân hàng,Đang giao
DH05407,KH01674,130,2025-06-19,1,8364943,8364943,Chuyển khoản,Đang giao
DH05408,KH00292,105,2025-02-10,1,9768220,9768220,COD,Đã giao
DH05409,KH00887,426,2025-10-29,2,22978827,45957654,Thẻ ngân hàng,Đang giao
DH05410,KH00465,114,2024-07-05,2,5461510,10923020,COD,Đã hủy
DH05411,KH01979,459,2024-05-09,2,21165935,42331870,Thẻ ngân hàng,Đang giao
DH05412,KH00916,221,2024-05-30,2,18603561,37207122,Ví điện tử,Đã giao
DH05413,KH01391,449,2025-04-23,3,7676975,23030925,Ví điện tử,Đang giao
DH05414,KH01839,295,2025-02-01,2,2326130,4652260,Ví điện tử,Đã giao
DH05415,KH01710,180,2024-06-28,2,5187803,10375606,COD,Đã giao
DH05416,KH00137,1,2024-11-06,1,5597326,5597326,Ví điện tử,Đã hủy
DH05417,KH01987,215,2024-04-19,3,22688954,68066862,Thẻ ngân hàng,Đã giao
DH05418,KH01664,384,2024-03-29,2,7946719,15893438,Thẻ ngân hàng,Đang giao
DH05419,KH00079,79,2025-03-08,2,5712887,11425774,Ví điện tử,Đang giao
DH05420,KH00714,427,2025-05-15,1,12881666,12881666,Thẻ ngân hàng,Đã giao
DH05421,KH00173,122,2025-09-29,2,18283116,36566232,Ví điện tử,Đang giao
DH05422,KH00616,239,2024-08-28,3,9904462,29713386,Ví điện tử,Đã giao
DH05423,KH01771,48,2025-02-05,3,10369706,31109118,COD,Đang giao
DH05424,KH01024,40,2025-09-18,1,13768783,13768783,Chuyển khoản,Đã hủy
DH05425,KH00973,10,2024-09-16,3,8245338,24736014,Thẻ ngân hàng,Đang giao
DH05426,KH01811,55,2025-01-06,2,17890818,35781636,Chuyển khoản,Đã giao
DH05427,KH00360,416,2024-06-09,2,17524717,35049434,COD,Đã hủy
DH05428,KH00674,383,2024-03-23,1,21556385,21556385,Chuyển khoản,Đang giao
DH05429,KH00059,262,2024-06-25,1,15404344,15404344,Thẻ ngân hàng,Đã giao
DH05430,KH01891,58,2025-04-25,3,4846247,14538741,Chuyển khoản,Đã hủy
DH05431,KH01946,495,2024-01-22,3,24537951,73613853,Chuyển khoản,Đã giao
DH05432,KH00471,1,2025-01-19,3,5597326,16791978,COD,Đang giao
DH05433,KH00559,59,2025-10-28,3,11020945,33062835,Chuyển khoản,Đã giao
DH05434,KH01257,431,2024-11-12,2,3483711,6967422,Ví điện tử,Đang giao
DH05435,KH01029,460,2024-07-24,2,15973168,31946336,Ví điện tử,Đã giao
DH05436,KH01341,457,2025-05-20,3,24221919,72665757,Chuyển khoản,Đã hủy
DH05437,KH01535,59,2024-02-02,2,11020945,22041890,Chuyển khoản,Đã hủy
DH05438,KH01925,337,2025-07-23,1,16155694,16155694,Thẻ ngân hàng,Đã giao
DH05439,KH01293,10,2025-06-22,1,8245338,8245338,Thẻ ngân hàng,Đã giao
DH05440,KH01821,471,2024-06-23,3,25755884,77267652,Thẻ ngân hàng,Đang giao
DH05441,KH01217,127,2025-09-17,1,23583550,23583550,Thẻ ngân hàng,Đã giao
DH05442,KH00931,174,2025-07-19,3,24577473,73732419,Ví điện tử,Đã giao
DH05443,KH00183,186,2025-01-20,3,11833611,35500833,Chuyển khoản,Đã giao
DH05444,KH00403,174,2024-01-27,1,24577473,24577473,Ví điện tử,Đã giao
DH05445,KH01923,120,2025-11-02,1,23629104,23629104,Thẻ ngân hàng,Đang giao
DH05446,KH01190,92,2024-04-17,3,11092983,33278949,Ví điện tử,Đang giao
DH05447,KH01808,357,2025-02-08,1,4857102,4857102,Chuyển khoản,Đã hủy
DH05448,KH01391,140,2024-01-26,3,13589526,40768578,Thẻ ngân hàng,Đang giao
DH05449,KH01802,103,2024-12-23,2,17996106,35992212,COD,Đang giao
DH05450,KH01321,194,2024-12-03,3,10519150,31557450,Chuyển khoản,Đã hủy
DH05451,KH01437,254,2024-07-12,2,7786382,15572764,COD,Đang giao
DH05452,KH01299,191,2025-11-26,1,2180855,2180855,Thẻ ngân hàng,Đã giao
DH05453,KH00020,127,2025-07-30,2,23583550,47167100,Thẻ ngân hàng,Đã hủy
DH05454,KH01834,289,2025-06-26,2,4921805,9843610,Thẻ ngân hàng,Đã hủy
DH05455,KH01538,310,2024-03-09,1,10351478,10351478,COD,Đã giao
DH05456,KH00418,22,2024-03-03,3,24114298,72342894,Ví điện tử,Đang giao
DH05457,KH00490,397,2024-09-10,2,23886813,47773626,Ví điện tử,Đã hủy
DH05458,KH01342,202,2025-04-28,1,10502987,10502987,Thẻ ngân hàng,Đã giao
DH05459,KH01483,478,2024-01-02,1,8623329,8623329,Ví điện tử,Đã giao
DH05460,KH00668,319,2025-10-21,2,17175754,34351508,Ví điện tử,Đang giao
DH05461,KH00746,4,2024-04-27,1,2033327,2033327,COD,Đã hủy
DH05462,KH01991,90,2025-09-03,2,19909796,39819592,Ví điện tử,Đã hủy
DH05463,KH01944,401,2024-07-20,2,3227628,6455256,Thẻ ngân hàng,Đang giao
DH05464,KH00234,283,2025-07-30,2,9498824,18997648,COD,Đã giao
DH05465,KH00034,462,2025-09-01,2,16447832,32895664,Chuyển khoản,Đang giao
DH05466,KH01247,106,2024-02-06,1,3358747,3358747,Ví điện tử,Đã hủy
DH05467,KH01940,447,2025-12-07,2,13793804,27587608,Ví điện tử,Đang giao
DH05468,KH00959,249,2024-12-24,1,12650029,12650029,Chuyển khoản,Đang giao
DH05469,KH00424,343,2024-01-24,2,17874359,35748718,Chuyển khoản,Đã hủy
DH05470,KH00048,120,2024-01-27,1,23629104,23629104,Ví điện tử,Đã giao
DH05471,KH01546,322,2024-10-05,3,4789634,14368902,Thẻ ngân hàng,Đang giao
DH05472,KH00869,325,2024-12-15,2,16561482,33122964,Ví điện tử,Đang giao
DH05473,KH00656,496,2025-01-04,3,14220784,42662352,Ví điện tử,Đang giao
DH05474,KH01104,451,2025-11-13,1,18801455,18801455,Chuyển khoản,Đang giao
DH05475,KH01036,117,2025-01-29,3,1822241,5466723,Thẻ ngân hàng,Đã giao
DH05476,KH00664,490,2025-08-20,2,24697745,49395490,Chuyển khoản,Đang giao
DH05477,KH00440,19,2025-11-09,3,6165758,18497274,Thẻ ngân hàng,Đã giao
DH05478,KH01408,175,2024-08-16,2,4766108,9532216,Ví điện tử,Đã giao
DH05479,KH01762,58,2025-01-03,1,4846247,4846247,Thẻ ngân hàng,Đã hủy
DH05480,KH00818,369,2024-08-08,1,10752264,10752264,Chuyển khoản,Đã giao
DH05481,KH01723,331,2025-12-08,2,16419785,32839570,Thẻ ngân hàng,Đang giao
DH05482,KH01344,183,2025-02-09,1,25583781,25583781,Ví điện tử,Đang giao
DH05483,KH01821,61,2025-05-26,1,11543600,11543600,Thẻ ngân hàng,Đang giao
DH05484,KH01950,30,2024-03-01,1,22850493,22850493,Chuyển khoản,Đang giao
DH05485,KH01512,246,2025-07-17,2,4574511,9149022,COD,Đã hủy
DH05486,KH01534,103,2024-04-02,3,17996106,53988318,Ví điện tử,Đã giao
DH05487,KH01362,275,2024-03-04,1,1991880,1991880,Chuyển khoản,Đang giao
DH05488,KH01649,111,2024-09-23,2,5190528,10381056,COD,Đã hủy
DH05489,KH00388,47,2024-07-28,2,2363748,4727496,Ví điện tử,Đã giao
DH05490,KH00335,37,2024-10-01,2,24694673,49389346,COD,Đã hủy
DH05491,KH00479,174,2024-04-29,2,24577473,49154946,COD,Đã hủy
DH05492,KH00265,474,2024-06-16,3,13191529,39574587,Chuyển khoản,Đang giao
DH05493,KH01897,113,2024-01-03,3,9188480,27565440,Chuyển khoản,Đã giao
DH05494,KH00530,363,2024-07-08,1,13943365,13943365,COD,Đang giao
DH05495,KH01153,165,2024-03-12,2,25319024,50638048,COD,Đã hủy
DH05496,KH01995,420,2024-08-19,1,7580608,7580608,Thẻ ngân hàng,Đã hủy
DH05497,KH01583,48,2024-05-15,1,10369706,10369706,COD,Đã giao
DH05498,KH00720,256,2024-03-29,2,7503626,15007252,Ví điện tử,Đang giao
DH05499,KH00426,329,2025-12-21,1,13517918,13517918,Thẻ ngân hàng,Đã hủy
DH05500,KH01949,140,2024-07-14,2,13589526,27179052,Thẻ ngân hàng,Đã hủy
DH05501,KH00955,430,2025-06-25,1,11677101,11677101,Chuyển khoản,Đang giao
DH05502,KH01453,304,2025-10-13,1,24317139,24317139,COD,Đã hủy
DH05503,KH00491,61,2025-10-15,1,11543600,11543600,Thẻ ngân hàng,Đã hủy
DH05504,KH00817,57,2024-04-23,3,19310306,57930918,Ví điện tử,Đã hủy
DH05505,KH00441,302,2024-12-26,3,1904905,5714715,Ví điện tử,Đã giao
DH05506,KH01102,61,2024-10-12,2,11543600,23087200,Ví điện tử,Đã hủy
DH05507,KH01823,285,2024-04-26,2,6209359,12418718,Ví điện tử,Đang giao
DH05508,KH01984,116,2024-04-20,2,17991157,35982314,Chuyển khoản,Đang giao
DH05509,KH01432,7,2025-12-16,1,4357180,4357180,Thẻ ngân hàng,Đã giao
DH05510,KH00008,253,2024-09-10,3,9232276,27696828,COD,Đã giao
DH05511,KH01848,432,2025-04-11,2,25961408,51922816,Thẻ ngân hàng,Đã hủy
DH05512,KH01266,398,2024-06-03,3,4672398,14017194,Ví điện tử,Đang giao
DH05513,KH01685,94,2025-08-20,2,4892461,9784922,Thẻ ngân hàng,Đang giao
DH05514,KH01208,193,2024-03-10,2,12107524,24215048,Chuyển khoản,Đã giao
DH05515,KH00067,373,2024-08-31,3,17596085,52788255,Chuyển khoản,Đã hủy
DH05516,KH01225,93,2025-11-08,3,14686287,44058861,Thẻ ngân hàng,Đã giao
DH05517,KH01559,59,2024-04-27,2,11020945,22041890,Ví điện tử,Đang giao
DH05518,KH00398,124,2025-02-15,3,18670083,56010249,Chuyển khoản,Đã hủy
DH05519,KH00190,175,2025-09-19,3,4766108,14298324,COD,Đã giao
DH05520,KH00694,205,2024-07-15,2,11351137,22702274,Thẻ ngân hàng,Đã hủy
DH05521,KH01726,298,2025-06-02,2,19424399,38848798,Thẻ ngân hàng,Đã giao
DH05522,KH01293,130,2024-02-22,2,8364943,16729886,Thẻ ngân hàng,Đã hủy
DH05523,KH01167,202,2024-02-02,1,10502987,10502987,Ví điện tử,Đã hủy
DH05524,KH00924,457,2025-12-28,1,24221919,24221919,Thẻ ngân hàng,Đã hủy
DH05525,KH00042,97,2024-04-13,1,20721508,20721508,Chuyển khoản,Đã hủy
DH05526,KH00851,346,2024-08-16,1,15198565,15198565,COD,Đang giao
DH05527,KH00027,291,2024-07-04,1,19063989,19063989,COD,Đã hủy
DH05528,KH00552,234,2024-03-28,2,12378563,24757126,Ví điện tử,Đã giao
DH05529,KH01546,459,2024-09-26,3,21165935,63497805,Thẻ ngân hàng,Đang giao
DH05530,KH01268,352,2025-07-13,2,22014922,44029844,COD,Đang giao
DH05531,KH01656,485,2025-10-15,3,2937854,8813562,COD,Đang giao
DH05532,KH00053,148,2025-09-09,2,24016044,48032088,Thẻ ngân hàng,Đã giao
DH05533,KH01306,133,2024-01-24,2,25260384,50520768,Thẻ ngân hàng,Đã giao
DH05534,KH01356,482,2025-02-02,3,25397322,76191966,COD,Đã hủy
DH05535,KH01755,348,2024-08-19,3,16075438,48226314,Chuyển khoản,Đã hủy
DH05536,KH01719,192,2025-05-14,2,10036440,20072880,Chuyển khoản,Đã hủy
DH05537,KH00091,395,2024-02-20,1,15941796,15941796,COD,Đang giao
DH05538,KH00704,373,2024-01-20,1,17596085,17596085,Chuyển khoản,Đã hủy
DH05539,KH00493,248,2025-09-14,3,22980553,68941659,Ví điện tử,Đã hủy
DH05540,KH01960,124,2025-05-14,3,18670083,56010249,COD,Đang giao
DH05541,KH01482,369,2025-07-09,2,10752264,21504528,Chuyển khoản,Đang giao
DH05542,KH01470,215,2024-04-03,3,22688954,68066862,COD,Đã hủy
DH05543,KH01789,334,2024-09-22,1,7901528,7901528,Ví điện tử,Đã giao
DH05544,KH00223,484,2024-11-10,2,9546339,19092678,Ví điện tử,Đã giao
DH05545,KH00321,338,2024-04-05,3,11491142,34473426,Thẻ ngân hàng,Đang giao
DH05546,KH00168,228,2024-05-19,2,9625566,19251132,Ví điện tử,Đang giao
DH05547,KH01677,5,2025-04-20,3,6035905,18107715,Ví điện tử,Đã giao
DH05548,KH00890,407,2025-01-02,1,22242654,22242654,Ví điện tử,Đã giao
DH05549,KH01192,405,2025-07-12,2,6786774,13573548,COD,Đã hủy
DH05550,KH00549,53,2025-01-03,2,18088695,36177390,Chuyển khoản,Đang giao
DH05551,KH01590,124,2024-02-27,3,18670083,56010249,Thẻ ngân hàng,Đang giao
DH05552,KH00445,90,2024-07-27,1,19909796,19909796,Thẻ ngân hàng,Đã giao
DH05553,KH01318,401,2025-11-22,2,3227628,6455256,COD,Đang giao
DH05554,KH01310,485,2024-08-06,3,2937854,8813562,Thẻ ngân hàng,Đã giao
DH05555,KH00032,234,2024-04-01,3,12378563,37135689,COD,Đã giao
DH05556,KH00209,251,2025-01-13,2,11288407,22576814,Ví điện tử,Đang giao
DH05557,KH01328,63,2024-11-07,1,25365618,25365618,Chuyển khoản,Đang giao
DH05558,KH01728,128,2025-07-16,1,5789660,5789660,Ví điện tử,Đã giao
DH05559,KH00064,398,2024-09-26,1,4672398,4672398,Chuyển khoản,Đã giao
DH05560,KH00948,300,2024-02-17,3,20713031,62139093,Ví điện tử,Đang giao
DH05561,KH01796,466,2024-02-02,1,16269792,16269792,Thẻ ngân hàng,Đã giao
DH05562,KH01399,217,2024-07-07,2,21518753,43037506,Thẻ ngân hàng,Đã hủy
DH05563,KH00203,478,2024-10-24,3,8623329,25869987,COD,Đã giao
DH05564,KH01071,291,2025-03-02,1,19063989,19063989,Thẻ ngân hàng,Đang giao
DH05565,KH01740,459,2025-09-17,1,21165935,21165935,Thẻ ngân hàng,Đã hủy
DH05566,KH01189,23,2025-12-27,3,18730487,56191461,COD,Đã hủy
DH05567,KH01841,54,2024-05-22,1,18474415,18474415,Thẻ ngân hàng,Đang giao
DH05568,KH01051,268,2024-06-30,2,20509489,41018978,Thẻ ngân hàng,Đã hủy
DH05569,KH01616,153,2024-07-19,2,9382132,18764264,Ví điện tử,Đã hủy
DH05570,KH00155,51,2024-01-24,3,18354531,55063593,Ví điện tử,Đang giao
DH05571,KH01128,472,2025-11-15,2,24725902,49451804,Ví điện tử,Đã hủy
DH05572,KH01117,23,2025-09-04,2,18730487,37460974,Chuyển khoản,Đang giao
DH05573,KH01229,140,2025-01-12,1,13589526,13589526,Thẻ ngân hàng,Đã hủy
DH05574,KH00678,378,2025-10-27,3,5459248,16377744,COD,Đã giao
DH05575,KH01564,459,2025-03-27,3,21165935,63497805,Chuyển khoản,Đã giao
DH05576,KH00165,267,2025-03-03,1,20768736,20768736,Thẻ ngân hàng,Đang giao
DH05577,KH01720,198,2024-10-17,2,13851809,27703618,Ví điện tử,Đã hủy
DH05578,KH01844,66,2025-05-21,2,9292701,18585402,Ví điện tử,Đã giao
DH05579,KH01781,147,2025-04-10,2,13624031,27248062,Thẻ ngân hàng,Đã hủy
DH05580,KH01833,489,2024-06-28,1,23457899,23457899,Ví điện tử,Đã hủy
DH05581,KH01520,416,2025-10-05,2,17524717,35049434,Thẻ ngân hàng,Đã hủy
DH05582,KH00083,411,2024-06-09,1,15292733,15292733,Thẻ ngân hàng,Đang giao
DH05583,KH00925,108,2024-08-04,2,16704100,33408200,Thẻ ngân hàng,Đã giao
DH05584,KH01913,201,2024-08-09,1,14510585,14510585,Chuyển khoản,Đã giao
DH05585,KH00436,154,2024-04-30,1,5917692,5917692,Chuyển khoản,Đang giao
DH05586,KH01498,448,2025-06-25,3,1655313,4965939,Ví điện tử,Đã giao
DH05587,KH01458,135,2025-04-23,1,18508141,18508141,Ví điện tử,Đã giao
DH05588,KH01872,472,2024-12-20,2,24725902,49451804,Chuyển khoản,Đã giao
DH05589,KH00016,217,2025-09-29,3,21518753,64556259,COD,Đã hủy
DH05590,KH00442,13,2025-01-18,2,24933847,49867694,COD,Đã giao
DH05591,KH01377,47,2024-06-24,1,2363748,2363748,Thẻ ngân hàng,Đã hủy
DH05592,KH00931,25,2024-03-05,1,7741025,7741025,Chuyển khoản,Đã giao
DH05593,KH01747,9,2025-05-08,1,2348573,2348573,Chuyển khoản,Đã giao
DH05594,KH01451,401,2024-03-10,2,3227628,6455256,COD,Đang giao
DH05595,KH00991,248,2024-01-25,2,22980553,45961106,Chuyển khoản,Đã hủy
DH05596,KH01731,79,2024-03-21,2,5712887,11425774,Chuyển khoản,Đang giao
DH05597,KH01084,185,2024-12-18,1,5305149,5305149,COD,Đã hủy
DH05598,KH01920,131,2024-10-10,2,2156224,4312448,COD,Đang giao
DH05599,KH00019,424,2024-09-18,2,19568438,39136876,Chuyển khoản,Đã giao
DH05600,KH01011,345,2025-03-25,1,24716330,24716330,Ví điện tử,Đang giao
DH05601,KH01432,348,2025-10-18,1,16075438,16075438,Thẻ ngân hàng,Đang giao
DH05602,KH00601,8,2025-08-14,3,16791775,50375325,COD,Đã hủy
DH05603,KH01815,363,2024-07-09,2,13943365,27886730,Chuyển khoản,Đã giao
DH05604,KH00336,238,2025-12-23,1,8768981,8768981,Chuyển khoản,Đang giao
DH05605,KH00877,500,2024-06-04,1,12716509,12716509,Ví điện tử,Đang giao
DH05606,KH01632,416,2024-04-18,1,17524717,17524717,Chuyển khoản,Đã hủy
DH05607,KH01732,336,2024-09-23,2,20788903,41577806,Ví điện tử,Đang giao
DH05608,KH01853,66,2024-01-31,1,9292701,9292701,Ví điện tử,Đang giao
DH05609,KH01341,224,2024-01-23,2,17686916,35373832,Ví điện tử,Đã giao
DH05610,KH01564,379,2025-01-02,1,11024419,11024419,Ví điện tử,Đã giao
DH05611,KH00600,276,2025-09-03,1,11889649,11889649,Ví điện tử,Đã giao
DH05612,KH00178,141,2025-12-12,1,22227393,22227393,COD,Đang giao
DH05613,KH01938,444,2024-05-23,1,24721344,24721344,Thẻ ngân hàng,Đã giao
DH05614,KH01122,461,2024-02-01,3,13898840,41696520,Thẻ ngân hàng,Đã hủy
DH05615,KH00860,11,2024-11-03,3,10235878,30707634,Chuyển khoản,Đã giao
DH05616,KH01793,274,2024-10-01,3,8049917,24149751,Chuyển khoản,Đang giao
DH05617,KH01488,130,2025-01-06,2,8364943,16729886,Ví điện tử,Đã hủy
DH05618,KH00209,84,2024-12-26,1,5916601,5916601,Ví điện tử,Đã hủy
DH05619,KH00411,49,2024-01-25,2,10127878,20255756,Chuyển khoản,Đang giao
DH05620,KH01277,212,2025-08-01,2,9801647,19603294,COD,Đang giao
DH05621,KH01444,69,2025-03-16,3,13005856,39017568,Ví điện tử,Đang giao
DH05622,KH01598,316,2024-03-24,3,19653730,58961190,Thẻ ngân hàng,Đang giao
DH05623,KH00461,481,2025-08-19,3,11804603,35413809,Thẻ ngân hàng,Đang giao
DH05624,KH00321,1,2025-11-13,2,5597326,11194652,Ví điện tử,Đang giao
DH05625,KH01479,154,2025-09-12,1,5917692,5917692,COD,Đã giao
DH05626,KH00639,303,2025-12-24,1,19460829,19460829,Chuyển khoản,Đã hủy
DH05627,KH01928,131,2025-09-27,2,2156224,4312448,Thẻ ngân hàng,Đang giao
DH05628,KH01703,380,2025-12-10,2,7759711,15519422,Thẻ ngân hàng,Đang giao
DH05629,KH00225,89,2024-05-06,3,15656852,46970556,Ví điện tử,Đã hủy
DH05630,KH00240,416,2024-03-08,1,17524717,17524717,Thẻ ngân hàng,Đã giao
DH05631,KH00864,401,2025-09-29,2,3227628,6455256,Ví điện tử,Đã hủy
DH05632,KH01411,338,2025-08-16,1,11491142,11491142,Thẻ ngân hàng,Đã hủy
DH05633,KH00757,312,2024-01-18,2,22250953,44501906,COD,Đã hủy
DH05634,KH00727,83,2024-06-13,3,10278942,30836826,COD,Đã giao
DH05635,KH00372,34,2024-10-19,2,21526031,43052062,COD,Đã hủy
DH05636,KH00568,32,2025-07-04,2,16788448,33576896,COD,Đã hủy
DH05637,KH00265,489,2025-05-13,1,23457899,23457899,Thẻ ngân hàng,Đã giao
DH05638,KH01344,407,2025-01-03,1,22242654,22242654,Thẻ ngân hàng,Đã hủy
DH05639,KH00649,374,2024-08-19,1,17616582,17616582,Chuyển khoản,Đang giao
DH05640,KH01734,224,2025-09-21,3,17686916,53060748,Chuyển khoản,Đã giao
DH05641,KH00862,499,2025-04-21,1,11225264,11225264,Chuyển khoản,Đã hủy
DH05642,KH00922,394,2025-08-20,2,14325309,28650618,Thẻ ngân hàng,Đã giao
DH05643,KH01297,172,2024-11-29,1,11563207,11563207,COD,Đã giao
DH05644,KH01933,145,2025-10-13,2,13595803,27191606,Ví điện tử,Đã giao
DH05645,KH01061,97,2025-12-05,2,20721508,41443016,Thẻ ngân hàng,Đã giao
DH05646,KH00885,49,2025-03-07,2,10127878,20255756,Chuyển khoản,Đã giao
DH05647,KH01768,416,2025-04-26,2,17524717,35049434,Ví điện tử,Đã giao
DH05648,KH01878,368,2025-01-16,2,21192004,42384008,Thẻ ngân hàng,Đã hủy
DH05649,KH00670,250,2024-11-29,3,5901364,17704092,Chuyển khoản,Đã giao
DH05650,KH01642,393,2025-04-17,3,15902198,47706594,Thẻ ngân hàng,Đã hủy
DH05651,KH00767,347,2025-12-14,3,10484449,31453347,COD,Đang giao
DH05652,KH00747,2,2025-08-08,1,2619639,2619639,Chuyển khoản,Đã giao
DH05653,KH01424,221,2025-02-26,1,18603561,18603561,Chuyển khoản,Đã hủy
DH05654,KH01205,218,2025-02-14,2,7876105,15752210,COD,Đã hủy
DH05655,KH01133,363,2024-10-09,1,13943365,13943365,Chuyển khoản,Đã hủy
DH05656,KH00924,174,2025-07-24,2,24577473,49154946,Chuyển khoản,Đang giao
DH05657,KH01179,436,2025-03-30,1,8088441,8088441,Chuyển khoản,Đã giao
DH05658,KH00789,200,2024-09-25,2,25326262,50652524,Chuyển khoản,Đang giao
DH05659,KH01410,384,2024-10-09,3,7946719,23840157,Ví điện tử,Đang giao
DH05660,KH00364,431,2024-01-22,2,3483711,6967422,Ví điện tử,Đã giao
DH05661,KH01835,130,2025-10-20,1,8364943,8364943,Ví điện tử,Đã giao
DH05662,KH01984,297,2024-10-12,2,3729757,7459514,COD,Đã giao
DH05663,KH00362,366,2024-08-26,2,7038014,14076028,Chuyển khoản,Đã giao
DH05664,KH00874,155,2024-07-31,2,23734363,47468726,COD,Đã hủy
DH05665,KH00738,407,2025-05-05,3,22242654,66727962,Thẻ ngân hàng,Đã giao
DH05666,KH01402,189,2025-10-11,1,21341902,21341902,COD,Đang giao
DH05667,KH00405,85,2024-01-24,2,22953739,45907478,Chuyển khoản,Đã giao
DH05668,KH01719,101,2025-09-07,3,4709001,14127003,Ví điện tử,Đang giao
DH05669,KH01603,173,2024-11-19,1,8932665,8932665,Thẻ ngân hàng,Đã hủy
DH05670,KH01561,155,2025-08-21,1,23734363,23734363,Chuyển khoản,Đã hủy
DH05671,KH01801,97,2025-06-15,3,20721508,62164524,COD,Đã giao
DH05672,KH01952,147,2025-04-09,3,13624031,40872093,Chuyển khoản,Đã hủy
DH05673,KH00574,356,2025-05-24,2,23139278,46278556,Chuyển khoản,Đã giao
DH05674,KH00185,59,2025-08-23,2,11020945,22041890,Chuyển khoản,Đã hủy
DH05675,KH01939,39,2025-06-08,3,5958851,17876553,Chuyển khoản,Đang giao
DH05676,KH00269,308,2024-06-15,1,23205555,23205555,Ví điện tử,Đang giao
DH05677,KH01819,409,2024-08-09,3,25383281,76149843,Chuyển khoản,Đang giao
DH05678,KH01998,361,2024-12-24,3,2131412,6394236,COD,Đã hủy
DH05679,KH00118,4,2024-06-24,1,2033327,2033327,Ví điện tử,Đang giao
DH05680,KH01930,133,2025-01-02,2,25260384,50520768,Ví điện tử,Đang giao
DH05681,KH01248,142,2024-11-03,3,23627613,70882839,COD,Đang giao
DH05682,KH00267,115,2025-08-11,1,24228127,24228127,Thẻ ngân hàng,Đã hủy
DH05683,KH01547,156,2024-06-03,3,23900042,71700126,Ví điện tử,Đã giao
DH05684,KH00976,490,2025-04-12,2,24697745,49395490,Thẻ ngân hàng,Đã giao
DH05685,KH00174,18,2025-01-15,2,8089438,16178876,Thẻ ngân hàng,Đã giao
DH05686,KH01685,100,2025-02-28,2,3300603,6601206,Chuyển khoản,Đã hủy
DH05687,KH00036,235,2024-10-02,3,1672401,5017203,Ví điện tử,Đang giao
DH05688,KH00035,69,2024-09-04,1,13005856,13005856,Chuyển khoản,Đã hủy
DH05689,KH01947,106,2025-06-19,3,3358747,10076241,Chuyển khoản,Đã hủy
DH05690,KH01337,437,2024-04-29,2,20884762,41769524,Ví điện tử,Đã hủy
DH05691,KH01853,365,2024-01-20,2,15480351,30960702,Chuyển khoản,Đã giao
DH05692,KH01923,425,2024-12-20,3,12382069,37146207,Thẻ ngân hàng,Đang giao
DH05693,KH00553,69,2024-07-31,1,13005856,13005856,Chuyển khoản,Đang giao
DH05694,KH01757,180,2024-05-23,3,5187803,15563409,Thẻ ngân hàng,Đã hủy
DH05695,KH01856,462,2024-08-02,1,16447832,16447832,Chuyển khoản,Đang giao
DH05696,KH00508,329,2024-02-21,1,13517918,13517918,Ví điện tử,Đang giao
DH05697,KH00090,420,2024-01-02,2,7580608,15161216,Chuyển khoản,Đang giao
DH05698,KH00845,6,2025-05-29,3,15618829,46856487,Chuyển khoản,Đã giao
DH05699,KH00532,368,2024-01-06,2,21192004,42384008,Ví điện tử,Đang giao
DH05700,KH01206,121,2024-11-10,1,22194333,22194333,COD,Đã giao
DH05701,KH01945,135,2024-07-11,3,18508141,55524423,Thẻ ngân hàng,Đã hủy
DH05702,KH01374,377,2025-06-07,1,12231914,12231914,COD,Đã giao
DH05703,KH01249,70,2025-04-03,1,24683647,24683647,COD,Đã hủy
DH05704,KH00003,308,2024-12-13,1,23205555,23205555,COD,Đã hủy
DH05705,KH00461,325,2025-07-02,3,16561482,49684446,Chuyển khoản,Đã giao
DH05706,KH00204,250,2024-03-16,2,5901364,11802728,COD,Đang giao
DH05707,KH00443,297,2024-10-04,3,3729757,11189271,Chuyển khoản,Đã hủy
DH05708,KH00085,140,2025-10-01,2,13589526,27179052,Ví điện tử,Đang giao
DH05709,KH01944,63,2025-10-20,3,25365618,76096854,Chuyển khoản,Đã hủy
DH05710,KH00405,248,2024-12-04,3,22980553,68941659,Ví điện tử,Đã hủy
DH05711,KH00742,262,2025-10-11,3,15404344,46213032,Ví điện tử,Đã giao
DH05712,KH01316,403,2025-09-13,1,10108987,10108987,COD,Đã giao
DH05713,KH01161,273,2025-02-20,1,13267090,13267090,COD,Đã giao
DH05714,KH00786,384,2024-07-24,1,7946719,7946719,Chuyển khoản,Đã hủy
DH05715,KH01222,379,2025-07-24,3,11024419,33073257,COD,Đã hủy
DH05716,KH01417,172,2024-10-17,1,11563207,11563207,Thẻ ngân hàng,Đã giao
DH05717,KH00048,463,2024-04-04,2,14123822,28247644,Chuyển khoản,Đang giao
DH05718,KH00347,394,2024-10-16,1,14325309,14325309,Ví điện tử,Đã hủy
DH05719,KH00438,345,2024-09-03,2,24716330,49432660,COD,Đã hủy
DH05720,KH01942,94,2025-04-27,1,4892461,4892461,Ví điện tử,Đã hủy
DH05721,KH00336,428,2025-06-30,1,8623074,8623074,Chuyển khoản,Đã giao
DH05722,KH01657,252,2025-08-03,2,18216160,36432320,COD,Đã hủy
DH05723,KH01403,309,2025-10-28,1,16160657,16160657,COD,Đã giao
DH05724,KH01341,394,2025-03-21,2,14325309,28650618,Ví điện tử,Đã giao
DH05725,KH00191,219,2024-10-28,1,20274689,20274689,Chuyển khoản,Đã hủy
DH05726,KH01121,361,2024-06-26,1,2131412,2131412,COD,Đã hủy
DH05727,KH00607,61,2024-07-05,1,11543600,11543600,Chuyển khoản,Đã hủy
DH05728,KH01366,61,2025-12-16,2,11543600,23087200,Ví điện tử,Đã hủy
DH05729,KH01705,203,2024-11-01,2,2141244,4282488,Thẻ ngân hàng,Đã hủy
DH05730,KH01377,451,2025-05-14,3,18801455,56404365,Ví điện tử,Đang giao
DH05731,KH01926,25,2025-07-07,2,7741025,15482050,Ví điện tử,Đang giao
DH05732,KH00647,310,2024-09-19,3,10351478,31054434,Thẻ ngân hàng,Đã giao
DH05733,KH00301,100,2024-07-22,2,3300603,6601206,Ví điện tử,Đã hủy
DH05734,KH00283,327,2024-06-23,3,6561107,19683321,Thẻ ngân hàng,Đang giao
DH05735,KH00341,105,2025-10-03,3,9768220,29304660,Chuyển khoản,Đang giao
DH05736,KH01209,248,2025-01-27,2,22980553,45961106,Ví điện tử,Đang giao
DH05737,KH01226,6,2025-05-12,3,15618829,46856487,Ví điện tử,Đã giao
DH05738,KH00875,34,2024-04-06,3,21526031,64578093,Thẻ ngân hàng,Đã giao
DH05739,KH00669,154,2025-07-11,2,5917692,11835384,Ví điện tử,Đã giao
DH05740,KH00399,17,2024-12-14,2,11252793,22505586,COD,Đang giao
DH05741,KH00157,464,2025-10-17,1,10451249,10451249,Thẻ ngân hàng,Đã hủy
DH05742,KH01876,317,2025-01-25,1,3451035,3451035,COD,Đã hủy
DH05743,KH01717,250,2024-06-02,3,5901364,17704092,Ví điện tử,Đã giao
DH05744,KH00383,19,2024-03-06,1,6165758,6165758,COD,Đã giao
DH05745,KH01895,138,2025-10-29,3,24036792,72110376,Ví điện tử,Đã hủy
DH05746,KH00811,107,2025-03-23,1,15707585,15707585,Ví điện tử,Đã hủy
DH05747,KH00063,68,2025-12-18,2,14423549,28847098,Chuyển khoản,Đã hủy
DH05748,KH01910,39,2024-09-11,3,5958851,17876553,Chuyển khoản,Đã giao
DH05749,KH00856,160,2025-04-28,2,7269450,14538900,Ví điện tử,Đã hủy
DH05750,KH00554,405,2024-09-29,2,6786774,13573548,Chuyển khoản,Đang giao
DH05751,KH01503,358,2024-01-23,3,8803419,26410257,Thẻ ngân hàng,Đang giao
DH05752,KH00107,93,2024-05-24,1,14686287,14686287,Thẻ ngân hàng,Đã giao
DH05753,KH00083,94,2024-07-06,2,4892461,9784922,COD,Đang giao
DH05754,KH01182,352,2024-04-07,2,22014922,44029844,Chuyển khoản,Đang giao
DH05755,KH00491,278,2024-12-17,2,16871480,33742960,Thẻ ngân hàng,Đã hủy
DH05756,KH00488,388,2024-03-27,1,12500788,12500788,COD,Đã hủy
DH05757,KH00623,98,2025-02-03,3,25849081,77547243,Thẻ ngân hàng,Đã hủy
DH05758,KH00888,304,2024-05-12,2,24317139,48634278,Ví điện tử,Đã giao
DH05759,KH00755,352,2024-09-21,1,22014922,22014922,Ví điện tử,Đang giao
DH05760,KH00688,366,2025-10-15,2,7038014,14076028,Ví điện tử,Đang giao
DH05761,KH01693,480,2024-01-12,2,9066937,18133874,Ví điện tử,Đã hủy
DH05762,KH00853,343,2024-06-17,2,17874359,35748718,COD,Đã hủy
DH05763,KH01617,227,2025-09-11,2,23575212,47150424,Chuyển khoản,Đang giao
DH05764,KH00056,26,2025-09-19,1,23522794,23522794,Chuyển khoản,Đã giao
DH05765,KH00231,293,2024-11-05,2,5223702,10447404,Ví điện tử,Đã giao
DH05766,KH00756,421,2025-12-03,1,22589235,22589235,Thẻ ngân hàng,Đã hủy
DH05767,KH00129,462,2024-12-18,3,16447832,49343496,COD,Đang giao
DH05768,KH01821,304,2025-10-18,2,24317139,48634278,Ví điện tử,Đã hủy
DH05769,KH01956,339,2024-06-24,1,7585126,7585126,Thẻ ngân hàng,Đang giao
DH05770,KH01462,213,2025-01-27,2,9135747,18271494,Ví điện tử,Đã hủy
DH05771,KH01293,373,2025-11-30,1,17596085,17596085,COD,Đang giao
DH05772,KH00931,139,2025-09-16,2,8176702,16353404,Thẻ ngân hàng,Đã giao
DH05773,KH01225,369,2024-03-04,3,10752264,32256792,Thẻ ngân hàng,Đang giao
DH05774,KH00137,384,2024-06-11,3,7946719,23840157,Ví điện tử,Đã giao
DH05775,KH00598,137,2025-11-23,2,20559073,41118146,COD,Đã hủy
DH05776,KH01893,223,2024-07-18,2,2575778,5151556,Chuyển khoản,Đang giao
DH05777,KH00880,235,2025-01-19,2,1672401,3344802,Chuyển khoản,Đang giao
DH05778,KH00840,317,2025-10-03,3,3451035,10353105,Chuyển khoản,Đang giao
DH05779,KH01821,99,2024-06-14,3,22557878,67673634,Chuyển khoản,Đã giao
DH05780,KH01353,91,2025-05-28,2,20666588,41333176,Chuyển khoản,Đã giao
DH05781,KH00474,400,2024-11-26,3,19389256,58167768,Ví điện tử,Đã giao
DH05782,KH00177,157,2024-06-30,1,10354320,10354320,Thẻ ngân hàng,Đã hủy
DH05783,KH00738,54,2024-01-26,2,18474415,36948830,Chuyển khoản,Đã giao
DH05784,KH00456,48,2024-10-31,2,10369706,20739412,Ví điện tử,Đã hủy
DH05785,KH01805,308,2024-09-04,1,23205555,23205555,Ví điện tử,Đã giao
DH05786,KH00277,421,2025-02-17,1,22589235,22589235,Ví điện tử,Đã giao
DH05787,KH01247,31,2024-01-10,1,19561998,19561998,Ví điện tử,Đã hủy
DH05788,KH01606,349,2025-09-07,2,19870600,39741200,COD,Đã giao
DH05789,KH01075,334,2025-12-07,1,7901528,7901528,COD,Đã hủy
DH05790,KH01388,209,2025-01-08,2,11044537,22089074,Thẻ ngân hàng,Đang giao
DH05791,KH00866,194,2024-11-15,1,10519150,10519150,Thẻ ngân hàng,Đã hủy
DH05792,KH01081,408,2025-03-20,1,17462807,17462807,COD,Đã hủy
DH05793,KH01356,210,2024-03-28,2,20061356,40122712,Ví điện tử,Đã giao
DH05794,KH00504,215,2024-02-05,1,22688954,22688954,Thẻ ngân hàng,Đã hủy
DH05795,KH01867,312,2024-07-05,1,22250953,22250953,Chuyển khoản,Đã giao
DH05796,KH01341,340,2024-04-20,2,2512853,5025706,Chuyển khoản,Đã hủy
DH05797,KH01647,96,2024-02-03,3,2158473,6475419,COD,Đã giao
DH05798,KH01220,282,2025-02-03,3,9983595,29950785,Thẻ ngân hàng,Đã giao
DH05799,KH00293,479,2024-08-09,1,24995661,24995661,Thẻ ngân hàng,Đang giao
DH05800,KH00477,216,2025-07-20,1,13741880,13741880,Chuyển khoản,Đã giao
DH05801,KH00487,306,2025-12-11,2,9109540,18219080,Ví điện tử,Đã hủy
DH05802,KH01674,330,2024-05-04,1,21871930,21871930,Thẻ ngân hàng,Đã giao
DH05803,KH01798,354,2025-10-12,3,14109722,42329166,Ví điện tử,Đã giao
DH05804,KH00497,40,2024-06-17,2,13768783,27537566,Ví điện tử,Đã giao
DH05805,KH00753,179,2025-07-17,2,23021297,46042594,Chuyển khoản,Đã hủy
DH05806,KH01879,65,2024-05-26,1,20123002,20123002,Chuyển khoản,Đang giao
DH05807,KH00030,493,2025-09-15,2,5355143,10710286,Ví điện tử,Đang giao
DH05808,KH00072,312,2025-04-15,1,22250953,22250953,Thẻ ngân hàng,Đang giao
DH05809,KH01205,7,2025-10-21,2,4357180,8714360,Ví điện tử,Đang giao
DH05810,KH00511,388,2024-07-27,1,12500788,12500788,Thẻ ngân hàng,Đang giao
DH05811,KH00374,413,2025-11-11,2,19949073,39898146,Ví điện tử,Đã hủy
DH05812,KH01981,469,2025-10-02,3,24833142,74499426,Thẻ ngân hàng,Đã giao
DH05813,KH00064,80,2025-03-13,1,15432098,15432098,COD,Đã giao
DH05814,KH01157,278,2025-10-15,1,16871480,16871480,COD,Đã hủy
DH05815,KH01555,330,2025-07-24,3,21871930,65615790,Chuyển khoản,Đã giao
DH05816,KH00068,152,2024-07-11,1,11691816,11691816,Ví điện tử,Đang giao
DH05817,KH00605,121,2024-07-08,1,22194333,22194333,Thẻ ngân hàng,Đang giao
DH05818,KH00360,363,2025-12-05,2,13943365,27886730,Chuyển khoản,Đã hủy
DH05819,KH01535,475,2024-05-26,3,23514632,70543896,Chuyển khoản,Đã hủy
DH05820,KH00344,51,2024-10-21,3,18354531,55063593,Chuyển khoản,Đang giao
DH05821,KH01971,238,2025-06-02,3,8768981,26306943,Thẻ ngân hàng,Đang giao
DH05822,KH00471,427,2024-04-11,3,12881666,38644998,Ví điện tử,Đã hủy
DH05823,KH01974,199,2025-08-13,2,15317157,30634314,Chuyển khoản,Đang giao
DH05824,KH00007,59,2024-01-10,1,11020945,11020945,Chuyển khoản,Đã giao
DH05825,KH01480,181,2025-01-12,3,1690676,5072028,COD,Đã hủy
DH05826,KH00692,451,2024-07-19,2,18801455,37602910,COD,Đang giao
DH05827,KH01888,438,2025-05-30,3,19966047,59898141,Ví điện tử,Đã hủy
DH05828,KH01322,382,2025-07-09,3,23997672,71993016,Chuyển khoản,Đã hủy
DH05829,KH01687,464,2024-02-14,1,10451249,10451249,COD,Đã hủy
DH05830,KH01012,6,2024-11-01,1,15618829,15618829,Thẻ ngân hàng,Đang giao
DH05831,KH01979,410,2024-11-18,2,12647688,25295376,Thẻ ngân hàng,Đã hủy
DH05832,KH01932,242,2025-03-30,2,1536406,3072812,Chuyển khoản,Đã giao
DH05833,KH01303,403,2024-09-25,3,10108987,30326961,Thẻ ngân hàng,Đang giao
DH05834,KH00562,252,2024-11-25,1,18216160,18216160,Thẻ ngân hàng,Đang giao
DH05835,KH00776,27,2025-09-08,3,12159304,36477912,Ví điện tử,Đang giao
DH05836,KH01077,119,2024-09-10,2,13510580,27021160,Ví điện tử,Đã giao
DH05837,KH01867,319,2025-06-24,2,17175754,34351508,Thẻ ngân hàng,Đang giao
DH05838,KH00794,454,2025-06-12,1,24379043,24379043,Ví điện tử,Đã hủy
DH05839,KH01784,82,2024-09-23,3,6348395,19045185,Chuyển khoản,Đã giao
DH05840,KH00751,380,2024-01-01,2,7759711,15519422,Thẻ ngân hàng,Đã giao
DH05841,KH00726,384,2024-02-09,3,7946719,23840157,Chuyển khoản,Đã giao
DH05842,KH01438,270,2025-03-05,3,15138021,45414063,Thẻ ngân hàng,Đang giao
DH05843,KH01319,53,2025-12-20,1,18088695,18088695,Ví điện tử,Đã hủy
DH05844,KH00582,51,2024-08-11,1,18354531,18354531,COD,Đã giao
DH05845,KH01710,117,2024-11-20,2,1822241,3644482,Ví điện tử,Đang giao
DH05846,KH00765,214,2025-10-07,3,21742788,65228364,Thẻ ngân hàng,Đang giao
DH05847,KH01769,419,2025-12-13,1,14450529,14450529,Ví điện tử,Đã giao
DH05848,KH01664,237,2025-03-14,3,5969756,17909268,COD,Đang giao
DH05849,KH01521,361,2025-03-26,3,2131412,6394236,COD,Đã hủy
DH05850,KH01728,251,2024-02-09,2,11288407,22576814,Chuyển khoản,Đã hủy
DH05851,KH01006,313,2024-03-03,3,2770705,8312115,COD,Đã giao
DH05852,KH00052,449,2025-05-16,1,7676975,7676975,COD,Đã hủy
DH05853,KH00290,105,2025-12-03,3,9768220,29304660,Ví điện tử,Đã giao
DH05854,KH01395,380,2025-11-23,3,7759711,23279133,Ví điện tử,Đang giao
DH05855,KH00235,61,2024-09-14,2,11543600,23087200,COD,Đã giao
DH05856,KH01310,106,2025-06-23,3,3358747,10076241,Ví điện tử,Đã giao
DH05857,KH01571,293,2025-08-21,2,5223702,10447404,Thẻ ngân hàng,Đã giao
DH05858,KH01605,60,2024-10-26,1,10296353,10296353,Ví điện tử,Đã hủy
DH05859,KH01686,435,2025-07-22,1,4349985,4349985,Chuyển khoản,Đã hủy
DH05860,KH01382,238,2024-01-15,1,8768981,8768981,Ví điện tử,Đã giao
DH05861,KH00917,10,2024-09-25,3,8245338,24736014,Ví điện tử,Đã giao
DH05862,KH01394,170,2024-07-12,3,18830250,56490750,Thẻ ngân hàng,Đã hủy
DH05863,KH01846,479,2024-08-17,1,24995661,24995661,Chuyển khoản,Đang giao
DH05864,KH00229,488,2025-11-29,2,1330310,2660620,COD,Đã hủy
DH05865,KH01483,452,2024-10-19,2,6422656,12845312,Thẻ ngân hàng,Đã giao
DH05866,KH00165,323,2025-07-05,1,8114299,8114299,Ví điện tử,Đã hủy
DH05867,KH00295,295,2025-08-26,1,2326130,2326130,Thẻ ngân hàng,Đã hủy
DH05868,KH00279,208,2025-08-04,3,16507221,49521663,COD,Đang giao
DH05869,KH01897,37,2025-02-06,2,24694673,49389346,Thẻ ngân hàng,Đã giao
DH05870,KH01906,318,2024-10-07,2,23570935,47141870,Chuyển khoản,Đang giao
DH05871,KH01162,266,2025-11-27,1,8991711,8991711,Chuyển khoản,Đã hủy
DH05872,KH00204,318,2024-05-13,3,23570935,70712805,Chuyển khoản,Đang giao
DH05873,KH01705,113,2024-09-02,2,9188480,18376960,Ví điện tử,Đã hủy
DH05874,KH00141,485,2024-08-10,3,2937854,8813562,Thẻ ngân hàng,Đang giao
DH05875,KH00673,232,2024-04-19,2,17350864,34701728,Ví điện tử,Đã hủy
DH05876,KH00189,98,2025-05-25,1,25849081,25849081,Chuyển khoản,Đã giao
DH05877,KH00986,143,2024-01-12,2,5091764,10183528,COD,Đã hủy
DH05878,KH00951,72,2024-02-08,1,11915298,11915298,Ví điện tử,Đang giao
DH05879,KH00248,32,2025-01-29,2,16788448,33576896,Ví điện tử,Đã giao
DH05880,KH00492,403,2025-12-01,1,10108987,10108987,Thẻ ngân hàng,Đang giao
DH05881,KH01096,273,2024-04-30,3,13267090,39801270,Ví điện tử,Đã hủy
DH05882,KH00408,33,2025-06-10,2,16395207,32790414,COD,Đã hủy
DH05883,KH01995,330,2025-03-21,2,21871930,43743860,Thẻ ngân hàng,Đã giao
DH05884,KH01217,385,2025-07-07,1,9022052,9022052,Thẻ ngân hàng,Đã hủy
DH05885,KH01001,196,2024-11-21,2,9383000,18766000,Thẻ ngân hàng,Đang giao
DH05886,KH01177,424,2025-06-03,3,19568438,58705314,Chuyển khoản,Đã hủy
DH05887,KH00004,298,2025-01-04,2,19424399,38848798,Ví điện tử,Đang giao
DH05888,KH00253,351,2025-02-15,2,13618008,27236016,Thẻ ngân hàng,Đã giao
DH05889,KH00097,349,2025-08-13,3,19870600,59611800,Chuyển khoản,Đang giao
DH05890,KH01383,8,2025-03-23,1,16791775,16791775,Chuyển khoản,Đã giao
DH05891,KH01745,355,2024-07-10,1,19241391,19241391,COD,Đang giao
DH05892,KH01581,326,2024-04-08,2,10657286,21314572,Chuyển khoản,Đã giao
DH05893,KH01701,85,2025-08-04,2,22953739,45907478,COD,Đang giao
DH05894,KH01280,430,2024-11-01,3,11677101,35031303,Ví điện tử,Đã hủy
DH05895,KH01910,248,2024-08-17,3,22980553,68941659,Ví điện tử,Đã hủy
DH05896,KH01291,229,2024-10-31,1,5955017,5955017,Thẻ ngân hàng,Đã giao
DH05897,KH01751,404,2024-09-29,1,24793579,24793579,Ví điện tử,Đã giao
DH05898,KH01723,294,2024-12-02,3,20611090,61833270,Thẻ ngân hàng,Đã giao
DH05899,KH00492,338,2025-04-09,3,11491142,34473426,COD,Đã hủy
DH05900,KH00270,105,2024-06-19,3,9768220,29304660,Chuyển khoản,Đang giao
DH05901,KH00425,120,2025-05-08,3,23629104,70887312,Thẻ ngân hàng,Đã hủy
DH05902,KH01338,287,2024-11-02,3,10898911,32696733,Chuyển khoản,Đang giao
DH05903,KH01717,29,2025-05-13,1,8608366,8608366,COD,Đang giao
DH05904,KH00761,28,2025-09-16,1,8340920,8340920,Ví điện tử,Đã hủy
DH05905,KH00614,453,2025-12-09,2,24897288,49794576,Ví điện tử,Đang giao
DH05906,KH01493,213,2025-12-03,1,9135747,9135747,Chuyển khoản,Đã hủy
DH05907,KH00228,455,2025-12-16,1,2445683,2445683,Thẻ ngân hàng,Đã hủy
DH05908,KH00194,357,2025-04-21,1,4857102,4857102,Ví điện tử,Đã giao
DH05909,KH00581,167,2024-08-27,3,19477755,58433265,Chuyển khoản,Đang giao
DH05910,KH01782,462,2024-12-31,1,16447832,16447832,COD,Đang giao
DH05911,KH00720,21,2025-09-08,1,20692785,20692785,Chuyển khoản,Đang giao
DH05912,KH01946,244,2025-06-18,3,16782990,50348970,Ví điện tử,Đã hủy
DH05913,KH01649,219,2024-01-20,2,20274689,40549378,COD,Đang giao
DH05914,KH01981,261,2025-06-10,1,8666850,8666850,Chuyển khoản,Đã giao
DH05915,KH01544,442,2024-09-07,1,14674667,14674667,Thẻ ngân hàng,Đã giao
DH05916,KH01311,486,2024-05-10,1,14815928,14815928,Ví điện tử,Đang giao
DH05917,KH00954,189,2025-12-16,3,21341902,64025706,Chuyển khoản,Đã giao
DH05918,KH00710,9,2024-03-08,3,2348573,7045719,Chuyển khoản,Đang giao
DH05919,KH00499,46,2024-06-15,1,13724985,13724985,Chuyển khoản,Đã hủy
DH05920,KH00696,7,2024-02-25,1,4357180,4357180,Chuyển khoản,Đã hủy
DH05921,KH00300,87,2025-10-21,2,1388487,2776974,COD,Đã hủy
DH05922,KH01319,445,2025-08-29,2,3753037,7506074,Thẻ ngân hàng,Đã giao
DH05923,KH00125,10,2024-05-22,1,8245338,8245338,Chuyển khoản,Đã hủy
DH05924,KH00277,477,2024-11-10,3,17019502,51058506,Ví điện tử,Đã giao
DH05925,KH01976,112,2024-04-24,2,21786528,43573056,COD,Đang giao
DH05926,KH00300,75,2024-05-25,1,1572912,1572912,Ví điện tử,Đã giao
DH05927,KH01858,87,2025-02-06,2,1388487,2776974,Ví điện tử,Đang giao
DH05928,KH01602,497,2024-07-29,3,20532926,61598778,Thẻ ngân hàng,Đã hủy
DH05929,KH00082,251,2024-08-28,3,11288407,33865221,COD,Đang giao
DH05930,KH01939,122,2024-02-02,1,18283116,18283116,Chuyển khoản,Đã hủy
DH05931,KH01201,263,2024-07-14,3,5779215,17337645,COD,Đã hủy
DH05932,KH00730,226,2025-03-05,2,24912858,49825716,Thẻ ngân hàng,Đang giao
DH05933,KH01275,219,2024-11-10,2,20274689,40549378,Thẻ ngân hàng,Đã hủy
DH05934,KH01819,363,2025-04-10,1,13943365,13943365,Ví điện tử,Đã hủy
DH05935,KH01373,179,2025-01-11,3,23021297,69063891,Chuyển khoản,Đã giao
DH05936,KH00481,263,2024-03-26,2,5779215,11558430,Chuyển khoản,Đã hủy
DH05937,KH01993,218,2025-08-08,1,7876105,7876105,COD,Đã hủy
DH05938,KH00501,6,2024-10-14,1,15618829,15618829,Chuyển khoản,Đang giao
DH05939,KH01680,198,2025-07-08,2,13851809,27703618,Thẻ ngân hàng,Đang giao
DH05940,KH00885,378,2024-01-31,3,5459248,16377744,Thẻ ngân hàng,Đang giao
DH05941,KH00709,90,2025-01-11,2,19909796,39819592,Chuyển khoản,Đang giao
DH05942,KH01753,315,2024-06-16,2,7916762,15833524,Thẻ ngân hàng,Đã giao
DH05943,KH01459,142,2025-05-29,2,23627613,47255226,Ví điện tử,Đã hủy
DH05944,KH01412,131,2024-01-31,2,2156224,4312448,COD,Đã giao
DH05945,KH00950,188,2025-07-14,2,2213985,4427970,Thẻ ngân hàng,Đang giao
DH05946,KH00889,294,2025-12-05,3,20611090,61833270,Ví điện tử,Đang giao
DH05947,KH00197,487,2025-01-08,2,9625660,19251320,Ví điện tử,Đang giao
DH05948,KH00460,128,2025-09-03,3,5789660,17368980,Ví điện tử,Đã giao
DH05949,KH00079,228,2025-06-22,1,9625566,9625566,Chuyển khoản,Đang giao
DH05950,KH01059,346,2024-10-30,3,15198565,45595695,Ví điện tử,Đang giao
DH05951,KH00407,395,2024-08-14,3,15941796,47825388,Ví điện tử,Đã giao
DH05952,KH00760,268,2024-04-04,1,20509489,20509489,COD,Đang giao
DH05953,KH01745,477,2024-08-19,2,17019502,34039004,Ví điện tử,Đã hủy
DH05954,KH01351,404,2024-01-18,3,24793579,74380737,Ví điện tử,Đang giao
DH05955,KH01679,89,2025-09-23,2,15656852,31313704,Chuyển khoản,Đang giao
DH05956,KH00776,178,2025-12-08,3,25162917,75488751,Chuyển khoản,Đã giao
DH05957,KH00990,370,2024-05-17,1,16487087,16487087,Ví điện tử,Đã giao
DH05958,KH01795,79,2025-01-21,1,5712887,5712887,Thẻ ngân hàng,Đã hủy
DH05959,KH01071,83,2025-07-21,1,10278942,10278942,Ví điện tử,Đã giao
DH05960,KH00927,25,2025-07-09,2,7741025,15482050,Ví điện tử,Đã hủy
DH05961,KH00450,378,2024-05-14,1,5459248,5459248,Thẻ ngân hàng,Đã hủy
DH05962,KH01112,285,2025-12-13,3,6209359,18628077,Ví điện tử,Đã hủy
DH05963,KH01544,445,2024-05-20,1,3753037,3753037,Ví điện tử,Đang giao
DH05964,KH01664,197,2024-10-02,2,1767828,3535656,Chuyển khoản,Đã giao
DH05965,KH01894,314,2024-08-04,2,21535304,43070608,Thẻ ngân hàng,Đã giao
DH05966,KH00915,23,2025-10-08,3,18730487,56191461,COD,Đã hủy
DH05967,KH01366,77,2025-08-15,2,20281855,40563710,COD,Đang giao
DH05968,KH01012,244,2025-05-03,2,16782990,33565980,COD,Đã giao
DH05969,KH00998,24,2024-12-08,3,1688485,5065455,Chuyển khoản,Đã giao
DH05970,KH01422,292,2025-09-28,3,15283078,45849234,COD,Đang giao
DH05971,KH01010,390,2024-09-21,2,7428418,14856836,Chuyển khoản,Đã giao
DH05972,KH00518,373,2024-01-02,3,17596085,52788255,Thẻ ngân hàng,Đã hủy
DH05973,KH00088,500,2025-11-26,1,12716509,12716509,COD,Đã giao
DH05974,KH01170,389,2024-11-22,2,2247745,4495490,COD,Đang giao
DH05975,KH01593,277,2024-05-18,2,20673499,41346998,Chuyển khoản,Đã hủy
DH05976,KH01989,492,2025-09-21,2,8668431,17336862,Chuyển khoản,Đang giao
DH05977,KH01285,23,2024-11-19,2,18730487,37460974,Ví điện tử,Đã giao
DH05978,KH01853,81,2024-12-30,1,11760834,11760834,COD,Đã giao
DH05979,KH01810,329,2024-01-07,1,13517918,13517918,Chuyển khoản,Đã giao
DH05980,KH00349,119,2025-04-09,2,13510580,27021160,COD,Đã hủy
DH05981,KH01835,323,2024-02-22,2,8114299,16228598,COD,Đã hủy
DH05982,KH00221,241,2024-10-12,3,14883376,44650128,COD,Đã hủy
DH05983,KH00543,50,2025-11-02,3,16126277,48378831,Chuyển khoản,Đang giao
DH05984,KH01376,165,2025-07-19,2,25319024,50638048,COD,Đã giao
DH05985,KH00689,120,2025-08-28,2,23629104,47258208,COD,Đang giao
DH05986,KH01548,494,2024-07-28,1,4606985,4606985,Chuyển khoản,Đã giao
DH05987,KH00175,229,2025-05-08,2,5955017,11910034,Ví điện tử,Đã hủy
DH05988,KH00807,194,2025-05-15,2,10519150,21038300,Ví điện tử,Đã giao
DH05989,KH01965,177,2024-08-01,1,6101695,6101695,COD,Đã hủy
DH05990,KH01721,419,2025-04-04,2,14450529,28901058,Thẻ ngân hàng,Đã hủy
DH05991,KH01680,272,2025-09-15,3,15085613,45256839,Thẻ ngân hàng,Đang giao
DH05992,KH00379,324,2024-12-30,2,5235456,10470912,Chuyển khoản,Đã giao
DH05993,KH00171,281,2024-09-10,3,6520993,19562979,Chuyển khoản,Đã giao
DH05994,KH00728,381,2025-08-04,3,3635754,10907262,Chuyển khoản,Đang giao
DH05995,KH01341,301,2025-10-25,1,23179464,23179464,Chuyển khoản,Đã giao
DH05996,KH01541,89,2024-11-16,3,15656852,46970556,Ví điện tử,Đã hủy
DH05997,KH01096,488,2024-08-20,3,1330310,3990930,Thẻ ngân hàng,Đã hủy
DH05998,KH01636,221,2024-05-28,1,18603561,18603561,Ví điện tử,Đã giao
DH05999,KH01912,68,2024-01-17,1,14423549,14423549,Chuyển khoản,Đã giao
DH06000,KH00652,402,2024-05-24,2,14448552,28897104,Thẻ ngân hàng,Đã giao
DH06001,KH00079,376,2024-02-21,1,7479061,7479061,Ví điện tử,Đang giao
DH06002,KH01067,460,2025-05-19,1,15973168,15973168,Thẻ ngân hàng,Đã giao
DH06003,KH01648,334,2025-03-14,3,7901528,23704584,Ví điện tử,Đã giao
DH06004,KH01321,486,2025-10-08,3,14815928,44447784,Thẻ ngân hàng,Đã giao
DH06005,KH00298,279,2025-09-26,1,22313060,22313060,Ví điện tử,Đang giao
DH06006,KH00818,313,2025-09-27,1,2770705,2770705,Thẻ ngân hàng,Đang giao
DH06007,KH00152,46,2024-10-11,3,13724985,41174955,Chuyển khoản,Đã hủy
DH06008,KH01921,371,2025-10-16,1,15596681,15596681,Ví điện tử,Đã giao
DH06009,KH00577,28,2025-06-09,1,8340920,8340920,COD,Đã hủy
DH06010,KH01434,478,2024-09-13,2,8623329,17246658,COD,Đang giao
DH06011,KH01822,57,2024-10-26,2,19310306,38620612,COD,Đã hủy
DH06012,KH01584,240,2024-08-04,3,23483447,70450341,Chuyển khoản,Đã giao
DH06013,KH00207,28,2025-12-01,1,8340920,8340920,Thẻ ngân hàng,Đang giao
DH06014,KH01936,328,2024-12-15,3,19906025,59718075,Ví điện tử,Đã giao
DH06015,KH00343,214,2024-10-07,3,21742788,65228364,Thẻ ngân hàng,Đã giao
DH06016,KH00519,158,2025-06-03,1,2814097,2814097,COD,Đã giao
DH06017,KH00232,353,2025-05-08,3,17335247,52005741,Ví điện tử,Đang giao
DH06018,KH00461,178,2025-01-21,3,25162917,75488751,Ví điện tử,Đã giao
DH06019,KH00099,262,2025-03-23,2,15404344,30808688,Ví điện tử,Đang giao
DH06020,KH00305,431,2025-03-10,2,3483711,6967422,COD,Đã giao
DH06021,KH00919,294,2025-01-11,3,20611090,61833270,COD,Đã giao
DH06022,KH01884,497,2025-08-12,1,20532926,20532926,COD,Đã hủy
DH06023,KH01529,199,2025-05-29,1,15317157,15317157,Ví điện tử,Đã hủy
DH06024,KH01956,187,2025-06-12,1,8866140,8866140,Ví điện tử,Đã giao
DH06025,KH01007,412,2024-05-25,3,5966347,17899041,COD,Đã giao
DH06026,KH01771,38,2025-12-06,1,25625870,25625870,Ví điện tử,Đang giao
DH06027,KH01368,23,2025-10-27,1,18730487,18730487,Chuyển khoản,Đang giao
DH06028,KH01728,381,2025-01-17,2,3635754,7271508,Thẻ ngân hàng,Đang giao
DH06029,KH00543,318,2025-01-21,3,23570935,70712805,Ví điện tử,Đang giao
DH06030,KH00056,59,2025-07-20,2,11020945,22041890,COD,Đã hủy
DH06031,KH01990,145,2024-03-22,1,13595803,13595803,Chuyển khoản,Đang giao
DH06032,KH00886,363,2025-08-24,2,13943365,27886730,Ví điện tử,Đang giao
DH06033,KH00544,72,2024-01-31,3,11915298,35745894,Thẻ ngân hàng,Đang giao
DH06034,KH00347,147,2025-02-21,1,13624031,13624031,Ví điện tử,Đang giao
DH06035,KH00343,160,2025-02-16,2,7269450,14538900,COD,Đã hủy
DH06036,KH01545,116,2025-02-22,3,17991157,53973471,COD,Đã giao
DH06037,KH01213,497,2024-07-07,2,20532926,41065852,COD,Đã hủy
DH06038,KH01628,314,2024-01-05,2,21535304,43070608,COD,Đã hủy
DH06039,KH00321,256,2025-11-06,3,7503626,22510878,Ví điện tử,Đã giao
DH06040,KH01817,232,2025-09-27,3,17350864,52052592,Ví điện tử,Đã hủy
DH06041,KH00686,316,2025-09-15,3,19653730,58961190,Thẻ ngân hàng,Đã giao
DH06042,KH01943,331,2025-11-05,3,16419785,49259355,Chuyển khoản,Đã giao
DH06043,KH00498,415,2024-02-27,1,23483261,23483261,Chuyển khoản,Đang giao
DH06044,KH01073,301,2025-06-20,2,23179464,46358928,COD,Đã hủy
DH06045,KH01958,396,2025-07-05,2,2735462,5470924,Chuyển khoản,Đã giao
DH06046,KH00166,117,2024-04-07,3,1822241,5466723,COD,Đang giao
DH06047,KH00093,281,2024-10-16,1,6520993,6520993,COD,Đã hủy
DH06048,KH01121,325,2024-05-03,1,16561482,16561482,Chuyển khoản,Đã hủy
DH06049,KH00210,296,2024-03-19,1,7282780,7282780,Chuyển khoản,Đã hủy
DH06050,KH00899,223,2025-07-13,2,2575778,5151556,Thẻ ngân hàng,Đã hủy
DH06051,KH01047,464,2025-11-01,2,10451249,20902498,COD,Đang giao
DH06052,KH00975,426,2025-03-17,2,22978827,45957654,Chuyển khoản,Đã hủy
DH06053,KH00027,237,2024-04-26,3,5969756,17909268,Ví điện tử,Đã hủy
DH06054,KH00462,208,2025-02-14,2,16507221,33014442,Thẻ ngân hàng,Đang giao
DH06055,KH01435,179,2025-03-04,1,23021297,23021297,Chuyển khoản,Đã hủy
DH06056,KH01524,229,2025-03-09,2,5955017,11910034,Ví điện tử,Đã giao
DH06057,KH00099,83,2024-08-27,1,10278942,10278942,Chuyển khoản,Đã hủy
DH06058,KH01139,299,2024-01-05,2,10443833,20887666,COD,Đang giao
DH06059,KH01061,486,2024-02-25,1,14815928,14815928,Thẻ ngân hàng,Đang giao
DH06060,KH00532,103,2024-08-29,1,17996106,17996106,Thẻ ngân hàng,Đã hủy
DH06061,KH01227,167,2025-09-08,1,19477755,19477755,COD,Đã giao
DH06062,KH01452,127,2024-01-14,3,23583550,70750650,Chuyển khoản,Đã giao
DH06063,KH00421,109,2025-10-28,3,8310763,24932289,Thẻ ngân hàng,Đã hủy
DH06064,KH00754,116,2025-02-21,2,17991157,35982314,COD,Đã hủy
DH06065,KH01464,495,2025-09-11,1,24537951,24537951,Thẻ ngân hàng,Đã giao
DH06066,KH00495,195,2025-12-25,2,2797518,5595036,Chuyển khoản,Đã giao
DH06067,KH01438,375,2024-08-25,3,22543381,67630143,Thẻ ngân hàng,Đang giao
DH06068,KH00556,272,2025-11-02,1,15085613,15085613,Chuyển khoản,Đã giao
DH06069,KH01495,50,2024-10-17,3,16126277,48378831,Chuyển khoản,Đang giao
DH06070,KH00785,221,2025-09-17,1,18603561,18603561,Ví điện tử,Đã hủy
DH06071,KH01643,61,2024-07-25,2,11543600,23087200,COD,Đã hủy
DH06072,KH00123,426,2025-04-15,2,22978827,45957654,Thẻ ngân hàng,Đang giao
DH06073,KH00129,380,2025-03-19,2,7759711,15519422,Ví điện tử,Đang giao
DH06074,KH01713,187,2024-03-12,1,8866140,8866140,Chuyển khoản,Đã giao
DH06075,KH00498,238,2025-06-16,2,8768981,17537962,Ví điện tử,Đã hủy
DH06076,KH01410,391,2024-01-28,3,14598944,43796832,Thẻ ngân hàng,Đã hủy
DH06077,KH01989,63,2025-07-23,2,25365618,50731236,Ví điện tử,Đã giao
DH06078,KH01724,400,2025-03-10,1,19389256,19389256,Thẻ ngân hàng,Đang giao
DH06079,KH01404,306,2025-03-30,1,9109540,9109540,Chuyển khoản,Đã giao
DH06080,KH01474,154,2025-08-25,1,5917692,5917692,Ví điện tử,Đã giao
DH06081,KH01142,464,2025-06-26,3,10451249,31353747,COD,Đã giao
DH06082,KH01500,446,2025-08-31,2,10227214,20454428,Thẻ ngân hàng,Đã hủy
DH06083,KH00442,333,2024-11-03,2,4723884,9447768,Thẻ ngân hàng,Đã hủy
DH06084,KH01439,396,2024-04-03,2,2735462,5470924,COD,Đã giao
DH06085,KH01130,453,2024-12-04,2,24897288,49794576,Chuyển khoản,Đã hủy
DH06086,KH00351,33,2024-08-30,2,16395207,32790414,COD,Đã hủy
DH06087,KH01055,116,2024-05-20,3,17991157,53973471,Ví điện tử,Đã giao
DH06088,KH01522,99,2025-03-25,2,22557878,45115756,COD,Đã hủy
DH06089,KH01023,109,2025-10-16,3,8310763,24932289,Ví điện tử,Đã giao
DH06090,KH00043,409,2025-02-14,3,25383281,76149843,Ví điện tử,Đã giao
DH06091,KH00917,258,2024-11-18,1,12909089,12909089,Chuyển khoản,Đang giao
DH06092,KH00995,299,2024-01-04,1,10443833,10443833,Thẻ ngân hàng,Đã giao
DH06093,KH00157,163,2025-04-26,3,5148746,15446238,COD,Đã hủy
DH06094,KH01239,184,2025-05-30,1,17356432,17356432,Thẻ ngân hàng,Đang giao
DH06095,KH00139,156,2025-05-21,3,23900042,71700126,Ví điện tử,Đã hủy
DH06096,KH00565,24,2025-05-31,2,1688485,3376970,COD,Đã hủy
DH06097,KH00056,206,2025-02-05,2,9160201,18320402,Thẻ ngân hàng,Đã giao
DH06098,KH01304,279,2024-10-27,2,22313060,44626120,Thẻ ngân hàng,Đang giao
DH06099,KH00981,242,2024-10-16,2,1536406,3072812,Ví điện tử,Đã giao
DH06100,KH01116,463,2025-04-16,1,14123822,14123822,Chuyển khoản,Đã giao
DH06101,KH00603,104,2024-08-21,2,21205978,42411956,Chuyển khoản,Đang giao
DH06102,KH00947,406,2024-02-04,1,1821869,1821869,COD,Đang giao
DH06103,KH01343,278,2025-02-01,1,16871480,16871480,Chuyển khoản,Đã hủy
DH06104,KH00329,267,2025-06-11,1,20768736,20768736,COD,Đang giao
DH06105,KH00360,222,2024-01-11,2,24480557,48961114,Ví điện tử,Đã giao
DH06106,KH00679,243,2025-06-20,2,9384883,18769766,Chuyển khoản,Đang giao
DH06107,KH00884,419,2025-06-26,3,14450529,43351587,Chuyển khoản,Đã giao
DH06108,KH00452,251,2025-11-13,3,11288407,33865221,Thẻ ngân hàng,Đã giao
DH06109,KH00421,400,2025-03-27,2,19389256,38778512,Thẻ ngân hàng,Đã hủy
DH06110,KH00408,265,2025-03-22,1,18875655,18875655,COD,Đang giao
DH06111,KH01859,73,2025-11-01,3,13467563,40402689,COD,Đang giao
DH06112,KH01105,12,2025-10-01,3,11992784,35978352,COD,Đã hủy
DH06113,KH01577,319,2024-06-09,2,17175754,34351508,Chuyển khoản,Đang giao
DH06114,KH01758,486,2024-01-25,3,14815928,44447784,Thẻ ngân hàng,Đã giao
DH06115,KH01865,488,2024-03-20,1,1330310,1330310,COD,Đã hủy
DH06116,KH01552,164,2025-07-21,2,12450217,24900434,Chuyển khoản,Đã hủy
DH06117,KH00180,337,2024-03-18,3,16155694,48467082,Ví điện tử,Đang giao
DH06118,KH01770,274,2024-08-01,3,8049917,24149751,COD,Đã hủy
DH06119,KH01731,488,2024-08-19,3,1330310,3990930,Chuyển khoản,Đã hủy
DH06120,KH01187,351,2024-05-28,3,13618008,40854024,COD,Đã giao
DH06121,KH00677,221,2025-09-30,2,18603561,37207122,Chuyển khoản,Đã hủy
DH06122,KH01213,108,2025-10-26,2,16704100,33408200,Ví điện tử,Đã giao
DH06123,KH00886,201,2025-01-31,1,14510585,14510585,COD,Đã giao
DH06124,KH01686,228,2025-12-30,3,9625566,28876698,COD,Đã giao
DH06125,KH00987,410,2025-04-19,3,12647688,37943064,COD,Đã giao
DH06126,KH01477,375,2024-08-15,2,22543381,45086762,Ví điện tử,Đang giao
DH06127,KH01911,302,2025-12-05,1,1904905,1904905,Ví điện tử,Đang giao
DH06128,KH01777,329,2024-10-07,2,13517918,27035836,Chuyển khoản,Đã hủy
DH06129,KH00162,133,2024-10-02,2,25260384,50520768,Chuyển khoản,Đã giao
DH06130,KH01490,397,2024-06-28,1,23886813,23886813,COD,Đang giao
DH06131,KH01402,446,2025-11-20,1,10227214,10227214,Chuyển khoản,Đã hủy
DH06132,KH01628,284,2024-03-23,3,7510427,22531281,Chuyển khoản,Đang giao
DH06133,KH00934,397,2025-07-11,1,23886813,23886813,Chuyển khoản,Đang giao
DH06134,KH01300,112,2024-10-03,2,21786528,43573056,COD,Đã giao
DH06135,KH01251,297,2025-07-13,3,3729757,11189271,Thẻ ngân hàng,Đã giao
DH06136,KH01935,122,2024-08-10,2,18283116,36566232,Ví điện tử,Đã giao
DH06137,KH01784,78,2024-10-28,3,10074989,30224967,Thẻ ngân hàng,Đã hủy
DH06138,KH01052,70,2025-05-13,2,24683647,49367294,Thẻ ngân hàng,Đã giao
DH06139,KH00868,366,2024-10-05,3,7038014,21114042,COD,Đang giao
DH06140,KH00246,442,2025-01-03,2,14674667,29349334,COD,Đã hủy
DH06141,KH01204,31,2024-10-18,1,19561998,19561998,Chuyển khoản,Đã hủy
DH06142,KH01227,283,2025-01-24,1,9498824,9498824,Chuyển khoản,Đã giao
DH06143,KH01713,238,2025-04-30,1,8768981,8768981,Ví điện tử,Đã hủy
DH06144,KH01081,456,2024-04-16,1,1907183,1907183,Thẻ ngân hàng,Đang giao
DH06145,KH01763,127,2024-12-18,1,23583550,23583550,Chuyển khoản,Đã hủy
DH06146,KH01901,26,2025-07-12,3,23522794,70568382,Thẻ ngân hàng,Đã hủy
DH06147,KH00584,202,2025-07-13,3,10502987,31508961,Thẻ ngân hàng,Đã hủy
DH06148,KH01024,72,2025-06-28,2,11915298,23830596,Ví điện tử,Đã giao
DH06149,KH01380,495,2024-12-25,3,24537951,73613853,Chuyển khoản,Đã giao
DH06150,KH00545,175,2024-03-01,1,4766108,4766108,Ví điện tử,Đã hủy
DH06151,KH01800,373,2024-11-23,2,17596085,35192170,Chuyển khoản,Đang giao
DH06152,KH00979,135,2025-02-01,1,18508141,18508141,Chuyển khoản,Đang giao
DH06153,KH01027,72,2024-08-22,1,11915298,11915298,Chuyển khoản,Đã hủy
DH06154,KH01914,282,2025-03-24,2,9983595,19967190,Thẻ ngân hàng,Đang giao
DH06155,KH00760,342,2024-05-05,1,3872319,3872319,COD,Đã hủy
DH06156,KH01582,489,2025-03-20,1,23457899,23457899,COD,Đang giao
DH06157,KH01649,425,2025-04-30,2,12382069,24764138,Ví điện tử,Đã giao
DH06158,KH01763,423,2025-08-14,3,11205935,33617805,Ví điện tử,Đã hủy
DH06159,KH01533,413,2025-03-11,3,19949073,59847219,Thẻ ngân hàng,Đã hủy
DH06160,KH01043,272,2025-09-30,2,15085613,30171226,COD,Đã giao
DH06161,KH00328,158,2024-09-24,2,2814097,5628194,Thẻ ngân hàng,Đang giao
DH06162,KH01076,171,2024-07-27,3,16022163,48066489,Chuyển khoản,Đã giao
DH06163,KH01823,153,2024-09-19,2,9382132,18764264,Ví điện tử,Đã giao
DH06164,KH01478,136,2024-01-26,1,13200645,13200645,COD,Đã giao
DH06165,KH00087,234,2024-10-24,1,12378563,12378563,COD,Đã hủy
DH06166,KH00884,495,2025-07-26,2,24537951,49075902,Ví điện tử,Đã giao
DH06167,KH00660,207,2024-01-09,3,11794425,35383275,Thẻ ngân hàng,Đang giao
DH06168,KH01772,336,2025-10-09,2,20788903,41577806,COD,Đã giao
DH06169,KH00777,415,2024-05-30,1,23483261,23483261,Chuyển khoản,Đã hủy
DH06170,KH00963,377,2025-06-24,2,12231914,24463828,Chuyển khoản,Đã giao
DH06171,KH00191,356,2025-08-17,2,23139278,46278556,Chuyển khoản,Đang giao
DH06172,KH00425,484,2025-10-27,1,9546339,9546339,Ví điện tử,Đang giao
DH06173,KH00652,289,2024-07-31,3,4921805,14765415,COD,Đang giao
DH06174,KH00051,51,2024-06-15,1,18354531,18354531,Ví điện tử,Đã giao
DH06175,KH01253,225,2025-01-07,1,17350639,17350639,Ví điện tử,Đang giao
DH06176,KH01056,133,2025-10-08,1,25260384,25260384,COD,Đang giao
DH06177,KH01133,8,2024-02-22,1,16791775,16791775,Chuyển khoản,Đang giao
DH06178,KH01484,354,2024-06-06,3,14109722,42329166,Thẻ ngân hàng,Đã giao
DH06179,KH01991,252,2024-06-27,1,18216160,18216160,Ví điện tử,Đã giao
DH06180,KH01036,374,2024-09-03,2,17616582,35233164,Chuyển khoản,Đã giao
DH06181,KH00844,386,2024-12-19,3,11489944,34469832,COD,Đã giao
DH06182,KH01989,167,2025-10-16,1,19477755,19477755,Ví điện tử,Đã giao
DH06183,KH01179,259,2024-08-09,3,2352165,7056495,Chuyển khoản,Đã giao
DH06184,KH00767,466,2024-10-30,2,16269792,32539584,Chuyển khoản,Đã hủy
DH06185,KH00866,244,2024-08-19,2,16782990,33565980,Ví điện tử,Đã hủy
DH06186,KH01046,410,2025-10-03,3,12647688,37943064,Thẻ ngân hàng,Đang giao
DH06187,KH00531,88,2025-07-11,1,15268123,15268123,COD,Đang giao
DH06188,KH01691,58,2024-07-10,1,4846247,4846247,Chuyển khoản,Đã hủy
DH06189,KH01253,9,2024-12-09,2,2348573,4697146,COD,Đã giao
DH06190,KH00239,405,2025-06-01,3,6786774,20360322,Ví điện tử,Đang giao
DH06191,KH01373,261,2024-07-25,2,8666850,17333700,Ví điện tử,Đã hủy
DH06192,KH00975,233,2025-05-20,1,5799781,5799781,Thẻ ngân hàng,Đang giao
DH06193,KH00934,93,2025-09-28,3,14686287,44058861,Ví điện tử,Đã giao
DH06194,KH00062,115,2024-11-14,3,24228127,72684381,Ví điện tử,Đã giao
DH06195,KH01329,358,2024-02-18,1,8803419,8803419,Chuyển khoản,Đã giao
DH06196,KH00818,414,2025-01-10,3,8838663,26515989,Chuyển khoản,Đã hủy
DH06197,KH01529,5,2025-01-11,1,6035905,6035905,COD,Đã giao
DH06198,KH01258,371,2025-09-12,2,15596681,31193362,COD,Đã giao
DH06199,KH01820,363,2025-08-20,2,13943365,27886730,Thẻ ngân hàng,Đã giao
DH06200,KH01535,324,2025-01-29,3,5235456,15706368,Chuyển khoản,Đã giao
DH06201,KH00116,20,2025-06-09,3,14519905,43559715,Chuyển khoản,Đang giao
DH06202,KH00431,290,2025-06-05,2,14771023,29542046,Chuyển khoản,Đã giao
DH06203,KH01871,402,2024-05-28,3,14448552,43345656,COD,Đang giao
DH06204,KH01923,215,2024-11-05,2,22688954,45377908,Thẻ ngân hàng,Đã hủy
DH06205,KH01610,252,2025-02-23,2,18216160,36432320,Ví điện tử,Đang giao
DH06206,KH00878,413,2024-10-26,2,19949073,39898146,Thẻ ngân hàng,Đang giao
DH06207,KH00269,10,2025-09-26,3,8245338,24736014,COD,Đã hủy
DH06208,KH00464,475,2025-03-12,2,23514632,47029264,COD,Đang giao
DH06209,KH01093,321,2025-11-17,3,9556944,28670832,Ví điện tử,Đang giao
DH06210,KH01818,278,2024-08-13,3,16871480,50614440,Ví điện tử,Đã giao
DH06211,KH01309,271,2024-07-13,3,8962577,26887731,Thẻ ngân hàng,Đã giao
DH06212,KH01245,490,2025-07-04,3,24697745,74093235,Thẻ ngân hàng,Đang giao
DH06213,KH01095,330,2025-09-09,1,21871930,21871930,COD,Đã giao
DH06214,KH00188,440,2025-03-22,1,21263667,21263667,Chuyển khoản,Đã hủy
DH06215,KH00439,229,2024-06-02,2,5955017,11910034,Ví điện tử,Đang giao
DH06216,KH00639,50,2024-04-08,2,16126277,32252554,COD,Đang giao
DH06217,KH00485,66,2024-04-21,3,9292701,27878103,Ví điện tử,Đã hủy
DH06218,KH01262,65,2025-05-26,2,20123002,40246004,Thẻ ngân hàng,Đã hủy
DH06219,KH01969,103,2025-09-02,2,17996106,35992212,Ví điện tử,Đã giao
DH06220,KH00866,88,2025-01-22,3,15268123,45804369,Ví điện tử,Đã giao
DH06221,KH00806,188,2025-09-10,1,2213985,2213985,Chuyển khoản,Đang giao
DH06222,KH01437,22,2025-07-22,1,24114298,24114298,Thẻ ngân hàng,Đã hủy
DH06223,KH01805,164,2025-11-11,2,12450217,24900434,COD,Đang giao
DH06224,KH00163,159,2025-01-06,2,18319776,36639552,COD,Đang giao
DH06225,KH01208,428,2024-07-23,2,8623074,17246148,Ví điện tử,Đang giao
DH06226,KH00967,486,2024-08-23,2,14815928,29631856,Chuyển khoản,Đã hủy
DH06227,KH00503,235,2025-07-03,1,1672401,1672401,Ví điện tử,Đã giao
DH06228,KH01029,365,2024-03-01,3,15480351,46441053,COD,Đã giao
DH06229,KH00066,121,2024-12-17,1,22194333,22194333,Chuyển khoản,Đã hủy
DH06230,KH01773,154,2025-12-31,1,5917692,5917692,Ví điện tử,Đã giao
DH06231,KH01262,208,2025-04-03,2,16507221,33014442,Thẻ ngân hàng,Đang giao
DH06232,KH01291,51,2024-02-03,2,18354531,36709062,Thẻ ngân hàng,Đã giao
DH06233,KH00429,121,2025-03-18,3,22194333,66582999,Chuyển khoản,Đã giao
DH06234,KH00498,483,2025-12-14,3,9287345,27862035,COD,Đã giao
DH06235,KH00353,155,2025-08-25,3,23734363,71203089,Thẻ ngân hàng,Đã giao
DH06236,KH01601,182,2025-05-18,2,19817463,39634926,Thẻ ngân hàng,Đã giao
DH06237,KH00691,396,2024-06-16,2,2735462,5470924,Thẻ ngân hàng,Đang giao
DH06238,KH00093,408,2025-02-11,3,17462807,52388421,Thẻ ngân hàng,Đang giao
DH06239,KH01782,25,2025-02-19,2,7741025,15482050,Chuyển khoản,Đang giao
DH06240,KH00586,18,2025-10-08,2,8089438,16178876,COD,Đã giao
DH06241,KH00076,175,2025-04-28,1,4766108,4766108,COD,Đã giao
DH06242,KH01658,357,2024-06-21,1,4857102,4857102,Ví điện tử,Đã giao
DH06243,KH00993,461,2024-01-08,3,13898840,41696520,Chuyển khoản,Đã hủy
DH06244,KH00948,418,2025-01-03,1,6732468,6732468,Thẻ ngân hàng,Đã hủy
DH06245,KH00053,404,2024-06-09,1,24793579,24793579,Chuyển khoản,Đang giao
DH06246,KH01271,293,2024-05-12,3,5223702,15671106,Chuyển khoản,Đã giao
DH06247,KH01980,262,2024-12-27,2,15404344,30808688,COD,Đã hủy
DH06248,KH00279,440,2025-04-04,3,21263667,63791001,Chuyển khoản,Đã giao
DH06249,KH01797,344,2025-04-15,3,15192156,45576468,Thẻ ngân hàng,Đã giao
DH06250,KH01760,469,2025-08-26,1,24833142,24833142,Chuyển khoản,Đã giao
DH06251,KH00915,467,2025-03-31,3,6408461,19225383,Chuyển khoản,Đã hủy
DH06252,KH01171,244,2024-06-09,2,16782990,33565980,Thẻ ngân hàng,Đã giao
DH06253,KH01437,303,2025-09-11,2,19460829,38921658,Chuyển khoản,Đã giao
DH06254,KH01607,273,2025-05-07,1,13267090,13267090,Ví điện tử,Đang giao
DH06255,KH01727,313,2025-09-02,2,2770705,5541410,COD,Đang giao
DH06256,KH01111,221,2025-05-29,3,18603561,55810683,Thẻ ngân hàng,Đã hủy
DH06257,KH01627,32,2025-03-22,1,16788448,16788448,Ví điện tử,Đã giao
DH06258,KH01062,268,2025-01-01,3,20509489,61528467,Thẻ ngân hàng,Đang giao
DH06259,KH01681,108,2024-05-10,2,16704100,33408200,Ví điện tử,Đã hủy
DH06260,KH01752,363,2024-03-20,3,13943365,41830095,Chuyển khoản,Đang giao
DH06261,KH01160,57,2025-11-18,1,19310306,19310306,Thẻ ngân hàng,Đang giao
DH06262,KH00103,228,2024-06-13,1,9625566,9625566,Chuyển khoản,Đã hủy
DH06263,KH01738,294,2024-10-29,2,20611090,41222180,Chuyển khoản,Đã giao
DH06264,KH01892,190,2024-01-20,3,19493368,58480104,Ví điện tử,Đã hủy
DH06265,KH01035,351,2025-09-14,1,13618008,13618008,Ví điện tử,Đã giao
DH06266,KH00203,171,2024-01-08,3,16022163,48066489,Thẻ ngân hàng,Đã giao
DH06267,KH00632,224,2025-11-19,3,17686916,53060748,Chuyển khoản,Đang giao
DH06268,KH00432,85,2025-05-26,3,22953739,68861217,Ví điện tử,Đang giao
DH06269,KH00346,91,2025-05-26,1,20666588,20666588,Ví điện tử,Đang giao
DH06270,KH01419,364,2025-12-23,3,14254399,42763197,Ví điện tử,Đã giao
DH06271,KH00081,194,2025-04-11,2,10519150,21038300,Chuyển khoản,Đã hủy
DH06272,KH01954,166,2025-12-22,3,17284447,51853341,COD,Đang giao
DH06273,KH00961,316,2025-03-30,2,19653730,39307460,COD,Đã giao
DH06274,KH01747,114,2024-08-31,3,5461510,16384530,COD,Đã hủy
DH06275,KH01895,464,2024-12-20,2,10451249,20902498,Ví điện tử,Đã hủy
DH06276,KH00178,385,2025-07-26,2,9022052,18044104,Chuyển khoản,Đang giao
DH06277,KH01609,91,2024-09-24,2,20666588,41333176,Ví điện tử,Đang giao
DH06278,KH00169,424,2025-12-23,2,19568438,39136876,Ví điện tử,Đã giao
DH06279,KH00191,319,2025-02-27,3,17175754,51527262,Chuyển khoản,Đã giao
DH06280,KH00303,450,2025-08-02,2,19208894,38417788,Chuyển khoản,Đang giao
DH06281,KH00618,56,2025-06-10,3,3656281,10968843,Thẻ ngân hàng,Đã hủy
DH06282,KH01947,194,2024-11-11,2,10519150,21038300,COD,Đang giao
DH06283,KH01461,72,2024-03-19,2,11915298,23830596,Thẻ ngân hàng,Đang giao
DH06284,KH01219,34,2025-11-24,2,21526031,43052062,Chuyển khoản,Đang giao
DH06285,KH00235,402,2025-04-02,1,14448552,14448552,Chuyển khoản,Đang giao
DH06286,KH01665,231,2024-10-24,2,7056866,14113732,Thẻ ngân hàng,Đã hủy
DH06287,KH01042,245,2024-04-18,3,11838005,35514015,Ví điện tử,Đang giao
DH06288,KH00731,155,2025-05-03,1,23734363,23734363,Chuyển khoản,Đã giao
DH06289,KH00315,381,2024-05-01,1,3635754,3635754,Chuyển khoản,Đã giao
DH06290,KH01142,54,2024-03-29,1,18474415,18474415,Ví điện tử,Đã giao
DH06291,KH00429,471,2024-11-04,3,25755884,77267652,COD,Đã hủy
DH06292,KH00080,339,2025-01-19,1,7585126,7585126,COD,Đang giao
DH06293,KH01503,118,2025-09-13,3,6945092,20835276,Chuyển khoản,Đã giao
DH06294,KH01984,372,2024-10-06,3,11933021,35799063,Thẻ ngân hàng,Đang giao
DH06295,KH01874,63,2025-10-22,1,25365618,25365618,Ví điện tử,Đã hủy
DH06296,KH01090,343,2025-03-09,3,17874359,53623077,Ví điện tử,Đã giao
DH06297,KH00797,117,2025-03-15,1,1822241,1822241,Thẻ ngân hàng,Đã hủy
DH06298,KH01537,32,2024-12-17,1,16788448,16788448,COD,Đã hủy
DH06299,KH00093,320,2024-02-24,1,13927009,13927009,Chuyển khoản,Đã hủy
DH06300,KH01141,235,2025-10-26,2,1672401,3344802,Chuyển khoản,Đã hủy
DH06301,KH01519,498,2025-05-14,3,19498927,58496781,Thẻ ngân hàng,Đã hủy
DH06302,KH01415,285,2024-04-08,3,6209359,18628077,Chuyển khoản,Đã hủy
DH06303,KH00508,476,2024-09-29,1,5610573,5610573,Ví điện tử,Đã hủy
DH06304,KH01181,269,2024-01-06,1,13567100,13567100,COD,Đang giao
DH06305,KH00265,68,2025-11-16,3,14423549,43270647,Chuyển khoản,Đã hủy
DH06306,KH00799,46,2024-05-29,2,13724985,27449970,Thẻ ngân hàng,Đang giao
DH06307,KH01149,285,2024-01-02,2,6209359,12418718,Chuyển khoản,Đã hủy
DH06308,KH01568,16,2024-07-25,1,1902478,1902478,Chuyển khoản,Đang giao
DH06309,KH01205,393,2025-08-18,1,15902198,15902198,Chuyển khoản,Đã hủy
DH06310,KH00823,388,2025-03-02,3,12500788,37502364,Ví điện tử,Đã giao
DH06311,KH00412,437,2024-01-01,3,20884762,62654286,Ví điện tử,Đã giao
DH06312,KH01163,252,2024-05-20,2,18216160,36432320,COD,Đã giao
DH06313,KH01735,420,2025-05-11,1,7580608,7580608,Ví điện tử,Đang giao
DH06314,KH01076,117,2024-10-07,3,1822241,5466723,COD,Đã hủy
DH06315,KH01826,388,2024-09-06,2,12500788,25001576,Thẻ ngân hàng,Đã hủy
DH06316,KH01554,201,2024-06-09,2,14510585,29021170,COD,Đã hủy
DH06317,KH00178,328,2024-01-02,1,19906025,19906025,COD,Đã giao
DH06318,KH00234,403,2025-03-12,2,10108987,20217974,Chuyển khoản,Đang giao
DH06319,KH01181,241,2025-09-09,2,14883376,29766752,Chuyển khoản,Đã giao
DH06320,KH00627,480,2024-03-27,2,9066937,18133874,Chuyển khoản,Đã giao
DH06321,KH00870,421,2024-11-23,3,22589235,67767705,COD,Đã giao
DH06322,KH00779,165,2025-04-29,2,25319024,50638048,Thẻ ngân hàng,Đang giao
DH06323,KH01690,72,2025-07-17,2,11915298,23830596,Thẻ ngân hàng,Đã giao
DH06324,KH00581,495,2025-11-23,2,24537951,49075902,Chuyển khoản,Đã giao
DH06325,KH00744,287,2025-09-04,3,10898911,32696733,Chuyển khoản,Đã giao
DH06326,KH00727,385,2024-09-10,1,9022052,9022052,Ví điện tử,Đang giao
DH06327,KH01155,221,2024-05-16,3,18603561,55810683,Ví điện tử,Đã giao
DH06328,KH00753,432,2025-01-14,1,25961408,25961408,Thẻ ngân hàng,Đã hủy
DH06329,KH01967,365,2025-05-15,3,15480351,46441053,COD,Đã giao
DH06330,KH00594,382,2024-01-18,3,23997672,71993016,COD,Đã giao
DH06331,KH00695,457,2025-11-03,3,24221919,72665757,Ví điện tử,Đã giao
DH06332,KH01977,224,2024-08-01,1,17686916,17686916,Ví điện tử,Đang giao
DH06333,KH01506,74,2025-12-19,1,2460854,2460854,Thẻ ngân hàng,Đã giao
DH06334,KH00737,346,2025-01-25,1,15198565,15198565,COD,Đã hủy
DH06335,KH00275,40,2024-05-13,3,13768783,41306349,Chuyển khoản,Đã hủy
DH06336,KH01365,300,2025-08-16,1,20713031,20713031,COD,Đã hủy
DH06337,KH01022,132,2024-04-01,1,16198314,16198314,COD,Đã hủy
DH06338,KH01950,499,2025-07-20,2,11225264,22450528,COD,Đã hủy
DH06339,KH01701,4,2025-11-01,3,2033327,6099981,Chuyển khoản,Đang giao
DH06340,KH01169,418,2024-07-30,1,6732468,6732468,Ví điện tử,Đã giao
DH06341,KH01210,266,2024-04-22,3,8991711,26975133,Ví điện tử,Đang giao
DH06342,KH00191,294,2024-01-10,2,20611090,41222180,COD,Đã hủy
DH06343,KH01347,226,2024-09-23,2,24912858,49825716,COD,Đã giao
DH06344,KH00519,160,2024-12-12,2,7269450,14538900,COD,Đang giao
DH06345,KH01670,441,2024-01-10,3,18385006,55155018,COD,Đang giao
DH06346,KH00377,353,2025-06-05,1,17335247,17335247,Thẻ ngân hàng,Đã hủy
DH06347,KH00764,332,2024-05-16,2,16273428,32546856,Thẻ ngân hàng,Đã hủy
DH06348,KH01733,121,2024-12-26,2,22194333,44388666,COD,Đang giao
DH06349,KH01141,381,2025-01-14,3,3635754,10907262,Chuyển khoản,Đang giao
DH06350,KH01436,494,2025-12-02,2,4606985,9213970,Ví điện tử,Đã giao
DH06351,KH01836,141,2024-07-23,3,22227393,66682179,Chuyển khoản,Đang giao
DH06352,KH00130,221,2025-03-26,1,18603561,18603561,Thẻ ngân hàng,Đã hủy
DH06353,KH00770,146,2024-01-16,1,19268450,19268450,Chuyển khoản,Đang giao
DH06354,KH01562,446,2024-02-23,1,10227214,10227214,Ví điện tử,Đã hủy
DH06355,KH00422,243,2025-01-07,3,9384883,28154649,Chuyển khoản,Đã hủy
DH06356,KH01512,434,2024-03-08,2,20511341,41022682,COD,Đã giao
DH06357,KH00404,333,2024-01-25,1,4723884,4723884,Chuyển khoản,Đã giao
DH06358,KH01265,381,2025-04-19,1,3635754,3635754,Ví điện tử,Đang giao
DH06359,KH00938,393,2024-06-05,3,15902198,47706594,COD,Đã giao
DH06360,KH01960,272,2024-01-14,3,15085613,45256839,Ví điện tử,Đã giao
DH06361,KH00422,290,2024-10-23,3,14771023,44313069,Chuyển khoản,Đang giao
DH06362,KH00337,79,2024-01-19,1,5712887,5712887,Ví điện tử,Đã hủy
DH06363,KH01954,485,2025-08-13,1,2937854,2937854,Chuyển khoản,Đã hủy
DH06364,KH01668,393,2024-12-27,1,15902198,15902198,Ví điện tử,Đã hủy
DH06365,KH01145,336,2025-03-20,3,20788903,62366709,Ví điện tử,Đã giao
DH06366,KH01573,271,2025-02-07,2,8962577,17925154,Chuyển khoản,Đã hủy
DH06367,KH00738,267,2024-04-20,3,20768736,62306208,COD,Đã hủy
DH06368,KH01149,58,2025-07-04,2,4846247,9692494,Thẻ ngân hàng,Đã giao
DH06369,KH01652,164,2025-04-10,3,12450217,37350651,Thẻ ngân hàng,Đã giao
DH06370,KH01916,16,2024-03-28,1,1902478,1902478,Chuyển khoản,Đang giao
DH06371,KH01694,394,2024-11-04,1,14325309,14325309,Ví điện tử,Đang giao
DH06372,KH00731,26,2025-07-12,1,23522794,23522794,Chuyển khoản,Đã giao
DH06373,KH00412,360,2024-11-08,3,17479616,52438848,Thẻ ngân hàng,Đã giao
DH06374,KH01043,226,2024-10-19,1,24912858,24912858,Chuyển khoản,Đã hủy
DH06375,KH01107,407,2024-05-29,1,22242654,22242654,Thẻ ngân hàng,Đang giao
DH06376,KH01475,183,2024-06-01,3,25583781,76751343,Chuyển khoản,Đang giao
DH06377,KH01548,417,2024-04-12,3,1927702,5783106,Thẻ ngân hàng,Đã giao
DH06378,KH00264,432,2025-09-17,1,25961408,25961408,Ví điện tử,Đã hủy
DH06379,KH01967,366,2024-03-07,1,7038014,7038014,Chuyển khoản,Đã hủy
DH06380,KH00329,145,2024-02-14,1,13595803,13595803,Chuyển khoản,Đang giao
DH06381,KH00738,291,2024-11-16,1,19063989,19063989,Ví điện tử,Đã giao
DH06382,KH00501,248,2025-12-15,1,22980553,22980553,Chuyển khoản,Đã hủy
DH06383,KH00936,95,2025-03-26,2,17932883,35865766,Chuyển khoản,Đã giao
DH06384,KH01037,394,2024-08-27,3,14325309,42975927,Chuyển khoản,Đã hủy
DH06385,KH00277,206,2025-12-08,2,9160201,18320402,Thẻ ngân hàng,Đang giao
DH06386,KH00657,386,2025-11-03,2,11489944,22979888,Ví điện tử,Đã hủy
DH06387,KH00268,309,2025-01-20,1,16160657,16160657,COD,Đang giao
DH06388,KH00877,3,2025-10-20,1,23951194,23951194,Chuyển khoản,Đã giao
DH06389,KH00855,245,2025-05-14,2,11838005,23676010,Ví điện tử,Đã giao
DH06390,KH01751,303,2024-09-11,1,19460829,19460829,Ví điện tử,Đã hủy
DH06391,KH00106,121,2024-01-14,1,22194333,22194333,Chuyển khoản,Đã giao
DH06392,KH00315,476,2025-10-13,1,5610573,5610573,Ví điện tử,Đã hủy
DH06393,KH00931,140,2025-12-27,3,13589526,40768578,COD,Đã giao
DH06394,KH00794,421,2024-12-26,1,22589235,22589235,COD,Đã giao
DH06395,KH00355,487,2025-08-07,2,9625660,19251320,Chuyển khoản,Đã giao
DH06396,KH00671,493,2024-04-07,2,5355143,10710286,Chuyển khoản,Đang giao
DH06397,KH01965,304,2024-07-27,1,24317139,24317139,Chuyển khoản,Đã giao
DH06398,KH00123,254,2025-10-26,2,7786382,15572764,Thẻ ngân hàng,Đã hủy
DH06399,KH01340,236,2025-11-11,1,25624479,25624479,Thẻ ngân hàng,Đã giao
DH06400,KH01912,414,2024-09-08,2,8838663,17677326,Chuyển khoản,Đã giao
DH06401,KH00671,5,2024-12-27,1,6035905,6035905,Ví điện tử,Đã giao
DH06402,KH00870,441,2024-07-01,2,18385006,36770012,Chuyển khoản,Đã giao
DH06403,KH00226,7,2024-09-30,1,4357180,4357180,COD,Đã hủy
DH06404,KH01343,231,2024-09-11,2,7056866,14113732,COD,Đang giao
DH06405,KH00681,242,2025-11-09,3,1536406,4609218,Thẻ ngân hàng,Đã giao
DH06406,KH00087,337,2025-01-29,1,16155694,16155694,Thẻ ngân hàng,Đã giao
DH06407,KH00927,93,2025-06-24,3,14686287,44058861,Chuyển khoản,Đã giao
DH06408,KH00226,269,2025-05-09,1,13567100,13567100,Thẻ ngân hàng,Đang giao
DH06409,KH00453,103,2024-09-18,1,17996106,17996106,Chuyển khoản,Đang giao
DH06410,KH00740,105,2024-12-05,3,9768220,29304660,Thẻ ngân hàng,Đã giao
DH06411,KH00738,54,2025-12-02,2,18474415,36948830,Ví điện tử,Đã giao
DH06412,KH00152,184,2025-11-14,1,17356432,17356432,COD,Đã hủy
DH06413,KH01335,10,2025-07-20,1,8245338,8245338,COD,Đang giao
DH06414,KH01364,420,2024-12-04,2,7580608,15161216,Thẻ ngân hàng,Đang giao
DH06415,KH01094,292,2025-06-03,3,15283078,45849234,Chuyển khoản,Đã hủy
DH06416,KH01068,388,2025-03-21,3,12500788,37502364,COD,Đã giao
DH06417,KH01074,366,2025-02-23,2,7038014,14076028,Ví điện tử,Đang giao
DH06418,KH01500,100,2025-08-23,2,3300603,6601206,Chuyển khoản,Đang giao
DH06419,KH00967,188,2024-12-20,3,2213985,6641955,Thẻ ngân hàng,Đã giao
DH06420,KH00370,257,2025-05-03,2,22709217,45418434,Chuyển khoản,Đã hủy
DH06421,KH01877,20,2025-02-12,1,14519905,14519905,Chuyển khoản,Đã giao
DH06422,KH00520,280,2024-10-14,1,25571963,25571963,Chuyển khoản,Đang giao
DH06423,KH00614,364,2025-07-25,1,14254399,14254399,Thẻ ngân hàng,Đã giao
DH06424,KH01644,149,2024-11-16,3,20816892,62450676,Ví điện tử,Đã giao
DH06425,KH01146,302,2024-04-21,1,1904905,1904905,COD,Đã giao
DH06426,KH01381,217,2024-04-08,2,21518753,43037506,COD,Đã giao
DH06427,KH00257,252,2024-12-26,3,18216160,54648480,Thẻ ngân hàng,Đã hủy
DH06428,KH00129,343,2025-05-25,2,17874359,35748718,Chuyển khoản,Đã giao
DH06429,KH00333,151,2024-09-14,1,14524360,14524360,COD,Đang giao
DH06430,KH01101,369,2025-08-13,2,10752264,21504528,Chuyển khoản,Đang giao
DH06431,KH01797,44,2024-04-25,1,12890144,12890144,Ví điện tử,Đã hủy
DH06432,KH00577,344,2024-12-13,2,15192156,30384312,Thẻ ngân hàng,Đang giao
DH06433,KH00151,213,2025-11-03,2,9135747,18271494,Chuyển khoản,Đang giao
DH06434,KH00593,470,2025-08-31,2,2362889,4725778,Chuyển khoản,Đã giao
DH06435,KH01643,228,2024-02-01,3,9625566,28876698,Chuyển khoản,Đang giao
DH06436,KH00889,228,2025-02-13,3,9625566,28876698,COD,Đã giao
DH06437,KH01705,193,2025-10-05,2,12107524,24215048,Chuyển khoản,Đã hủy
DH06438,KH01528,417,2024-04-25,1,1927702,1927702,Chuyển khoản,Đã giao
DH06439,KH00533,491,2024-01-05,2,23791756,47583512,COD,Đang giao
DH06440,KH01779,282,2025-12-04,2,9983595,19967190,Thẻ ngân hàng,Đang giao
DH06441,KH01640,137,2025-12-07,2,20559073,41118146,Thẻ ngân hàng,Đã hủy
DH06442,KH01579,53,2024-11-22,2,18088695,36177390,Thẻ ngân hàng,Đã giao
DH06443,KH00613,228,2024-06-17,1,9625566,9625566,COD,Đang giao
DH06444,KH01338,68,2024-02-20,1,14423549,14423549,Chuyển khoản,Đang giao
DH06445,KH01971,274,2024-06-26,3,8049917,24149751,Chuyển khoản,Đã hủy
DH06446,KH01281,459,2024-02-09,3,21165935,63497805,COD,Đã hủy
DH06447,KH00110,293,2024-08-19,3,5223702,15671106,Chuyển khoản,Đã giao
DH06448,KH00898,389,2024-04-18,2,2247745,4495490,Thẻ ngân hàng,Đang giao
DH06449,KH01500,231,2024-05-13,1,7056866,7056866,Ví điện tử,Đã giao
DH06450,KH01790,336,2025-05-27,2,20788903,41577806,COD,Đã hủy
DH06451,KH01745,172,2024-09-22,2,11563207,23126414,Thẻ ngân hàng,Đã giao
DH06452,KH01278,344,2024-06-08,2,15192156,30384312,Ví điện tử,Đang giao
DH06453,KH00964,266,2025-01-10,2,8991711,17983422,Thẻ ngân hàng,Đang giao
DH06454,KH00644,454,2025-10-27,2,24379043,48758086,Thẻ ngân hàng,Đã hủy
DH06455,KH01817,68,2024-01-08,3,14423549,43270647,Ví điện tử,Đang giao
DH06456,KH01707,440,2024-06-27,3,21263667,63791001,Ví điện tử,Đã hủy
DH06457,KH00168,29,2025-10-12,2,8608366,17216732,COD,Đã giao
DH06458,KH01441,201,2024-11-08,2,14510585,29021170,COD,Đã giao
DH06459,KH01999,306,2024-02-07,3,9109540,27328620,Thẻ ngân hàng,Đã giao
DH06460,KH01010,395,2025-02-25,3,15941796,47825388,Thẻ ngân hàng,Đã hủy
DH06461,KH01021,114,2024-07-24,3,5461510,16384530,Chuyển khoản,Đã giao
DH06462,KH01911,435,2024-01-25,3,4349985,13049955,Ví điện tử,Đã hủy
DH06463,KH01246,176,2024-01-09,1,12520307,12520307,COD,Đã hủy
DH06464,KH01186,329,2024-10-11,1,13517918,13517918,Ví điện tử,Đã giao
DH06465,KH00259,224,2024-05-25,3,17686916,53060748,Thẻ ngân hàng,Đang giao
DH06466,KH01976,409,2025-09-13,2,25383281,50766562,COD,Đã hủy
DH06467,KH00098,426,2024-02-03,2,22978827,45957654,COD,Đã giao
DH06468,KH01433,455,2024-11-03,3,2445683,7337049,Ví điện tử,Đã hủy
DH06469,KH00964,477,2024-08-07,3,17019502,51058506,Thẻ ngân hàng,Đang giao
DH06470,KH00684,31,2025-11-04,2,19561998,39123996,Chuyển khoản,Đã hủy
DH06471,KH00703,445,2025-11-05,3,3753037,11259111,COD,Đang giao
DH06472,KH00928,387,2025-09-15,2,3436274,6872548,Chuyển khoản,Đã giao
DH06473,KH01411,326,2024-10-08,2,10657286,21314572,COD,Đang giao
DH06474,KH00371,288,2024-09-17,3,11145011,33435033,Thẻ ngân hàng,Đã giao
DH06475,KH00094,443,2025-10-10,3,15873432,47620296,Ví điện tử,Đã giao
DH06476,KH01136,114,2025-06-15,3,5461510,16384530,COD,Đã giao
DH06477,KH00717,119,2024-10-11,3,13510580,40531740,Ví điện tử,Đang giao
DH06478,KH00770,440,2024-11-20,1,21263667,21263667,Thẻ ngân hàng,Đã giao
DH06479,KH00499,288,2024-11-17,1,11145011,11145011,Thẻ ngân hàng,Đã giao
DH06480,KH01731,55,2024-10-09,1,17890818,17890818,Thẻ ngân hàng,Đang giao
DH06481,KH00197,54,2025-08-21,2,18474415,36948830,Thẻ ngân hàng,Đã hủy
DH06482,KH00439,393,2025-03-09,1,15902198,15902198,Chuyển khoản,Đã hủy
DH06483,KH00781,341,2024-01-06,2,24878704,49757408,COD,Đang giao
DH06484,KH00206,278,2024-06-09,3,16871480,50614440,Chuyển khoản,Đã giao
DH06485,KH01489,325,2024-12-28,2,16561482,33122964,COD,Đã hủy
DH06486,KH01462,267,2024-02-13,1,20768736,20768736,Chuyển khoản,Đã giao
DH06487,KH01710,99,2024-02-09,2,22557878,45115756,Chuyển khoản,Đã giao
DH06488,KH01792,302,2025-01-26,3,1904905,5714715,COD,Đã giao
DH06489,KH01115,72,2024-01-09,1,11915298,11915298,Thẻ ngân hàng,Đã hủy
DH06490,KH00774,66,2024-07-30,3,9292701,27878103,COD,Đã giao
DH06491,KH01620,170,2025-07-10,1,18830250,18830250,Ví điện tử,Đang giao
DH06492,KH00762,192,2024-08-29,3,10036440,30109320,Chuyển khoản,Đã hủy
DH06493,KH01305,438,2025-05-26,1,19966047,19966047,Ví điện tử,Đã hủy
DH06494,KH01318,496,2025-10-12,3,14220784,42662352,Chuyển khoản,Đã giao
DH06495,KH00043,401,2025-04-06,3,3227628,9682884,COD,Đang giao
DH06496,KH01686,237,2025-01-10,1,5969756,5969756,Thẻ ngân hàng,Đang giao
DH06497,KH00507,13,2024-01-29,2,24933847,49867694,Thẻ ngân hàng,Đã giao
DH06498,KH00015,472,2024-08-04,2,24725902,49451804,Ví điện tử,Đã giao
DH06499,KH01834,468,2024-07-25,1,21281263,21281263,COD,Đang giao
DH06500,KH01973,130,2025-03-25,1,8364943,8364943,COD,Đã giao
DH06501,KH01434,224,2024-02-17,2,17686916,35373832,COD,Đã hủy
DH06502,KH01979,327,2024-01-23,3,6561107,19683321,COD,Đã giao
DH06503,KH01916,370,2024-08-15,2,16487087,32974174,Thẻ ngân hàng,Đã hủy
DH06504,KH00518,396,2024-04-12,2,2735462,5470924,Thẻ ngân hàng,Đã hủy
DH06505,KH00381,191,2024-10-18,3,2180855,6542565,COD,Đã hủy
DH06506,KH01489,363,2024-01-02,2,13943365,27886730,Chuyển khoản,Đã giao
DH06507,KH00247,409,2025-04-27,2,25383281,50766562,Ví điện tử,Đã giao
DH06508,KH00604,380,2025-10-05,3,7759711,23279133,Ví điện tử,Đã giao
DH06509,KH01616,441,2025-05-22,2,18385006,36770012,Thẻ ngân hàng,Đang giao
DH06510,KH00277,255,2025-05-20,1,11357464,11357464,Ví điện tử,Đang giao
DH06511,KH01428,361,2024-03-03,2,2131412,4262824,Ví điện tử,Đang giao
DH06512,KH00595,194,2025-10-30,2,10519150,21038300,Ví điện tử,Đã giao
DH06513,KH00572,63,2024-10-16,1,25365618,25365618,Chuyển khoản,Đã hủy
DH06514,KH00391,382,2024-10-14,3,23997672,71993016,Chuyển khoản,Đã hủy
DH06515,KH00966,444,2025-04-02,1,24721344,24721344,Ví điện tử,Đã giao
DH06516,KH01251,462,2025-05-23,1,16447832,16447832,Chuyển khoản,Đã giao
DH06517,KH01550,465,2024-01-21,1,24131257,24131257,Thẻ ngân hàng,Đang giao
DH06518,KH00117,407,2025-06-03,2,22242654,44485308,Chuyển khoản,Đang giao
DH06519,KH01640,174,2025-05-05,3,24577473,73732419,Chuyển khoản,Đã hủy
DH06520,KH00509,481,2024-03-21,1,11804603,11804603,COD,Đang giao
DH06521,KH00412,422,2025-09-25,3,12003004,36009012,Chuyển khoản,Đang giao
DH06522,KH00405,416,2025-03-17,1,17524717,17524717,Chuyển khoản,Đã giao
DH06523,KH01991,466,2024-05-07,3,16269792,48809376,COD,Đã hủy
DH06524,KH01484,5,2024-08-17,1,6035905,6035905,Chuyển khoản,Đã hủy
DH06525,KH01058,495,2025-10-06,3,24537951,73613853,Ví điện tử,Đã hủy
DH06526,KH00923,319,2024-01-26,1,17175754,17175754,Ví điện tử,Đã hủy
DH06527,KH00651,140,2025-06-30,3,13589526,40768578,Ví điện tử,Đã giao
DH06528,KH01314,376,2025-09-29,1,7479061,7479061,Chuyển khoản,Đã giao
DH06529,KH01239,241,2025-12-19,1,14883376,14883376,Thẻ ngân hàng,Đã giao
DH06530,KH01628,422,2025-06-25,2,12003004,24006008,Thẻ ngân hàng,Đang giao
DH06531,KH00897,350,2024-10-17,1,12090591,12090591,Chuyển khoản,Đã giao
DH06532,KH01444,428,2024-08-15,3,8623074,25869222,Chuyển khoản,Đang giao
DH06533,KH01662,69,2025-04-19,1,13005856,13005856,COD,Đang giao
DH06534,KH00269,402,2024-03-27,1,14448552,14448552,Chuyển khoản,Đang giao
DH06535,KH01370,201,2025-09-13,3,14510585,43531755,Ví điện tử,Đã giao
DH06536,KH00566,345,2025-07-13,2,24716330,49432660,Thẻ ngân hàng,Đang giao
DH06537,KH00613,417,2025-03-10,1,1927702,1927702,Thẻ ngân hàng,Đã giao
DH06538,KH00457,375,2025-10-06,3,22543381,67630143,COD,Đã giao
DH06539,KH01060,230,2024-12-23,1,4583309,4583309,COD,Đang giao
DH06540,KH01116,185,2025-11-08,2,5305149,10610298,Thẻ ngân hàng,Đang giao
DH06541,KH01650,55,2025-01-11,2,17890818,35781636,Chuyển khoản,Đã hủy
DH06542,KH01072,297,2025-05-30,1,3729757,3729757,COD,Đã giao
DH06543,KH01568,63,2025-09-09,2,25365618,50731236,Chuyển khoản,Đang giao
DH06544,KH00307,23,2024-10-19,3,18730487,56191461,Ví điện tử,Đã giao
DH06545,KH00502,311,2025-11-11,1,20701272,20701272,Ví điện tử,Đã hủy
DH06546,KH00007,391,2025-10-03,3,14598944,43796832,Chuyển khoản,Đã hủy
DH06547,KH01762,110,2024-08-19,2,2655742,5311484,COD,Đang giao
DH06548,KH00320,93,2025-05-13,3,14686287,44058861,Ví điện tử,Đang giao
DH06549,KH01743,16,2024-11-25,1,1902478,1902478,Ví điện tử,Đang giao
DH06550,KH01121,222,2024-06-29,3,24480557,73441671,Thẻ ngân hàng,Đã giao
DH06551,KH01321,148,2025-05-31,1,24016044,24016044,Chuyển khoản,Đã hủy
DH06552,KH01723,361,2024-06-22,2,2131412,4262824,Chuyển khoản,Đã hủy
DH06553,KH01869,469,2025-10-06,2,24833142,49666284,Thẻ ngân hàng,Đang giao
DH06554,KH01752,182,2025-03-08,3,19817463,59452389,COD,Đang giao
DH06555,KH00044,335,2025-09-04,1,6359823,6359823,COD,Đã hủy
DH06556,KH00237,280,2024-11-04,2,25571963,51143926,COD,Đã giao
DH06557,KH01762,359,2024-10-08,3,18193067,54579201,Ví điện tử,Đã hủy
DH06558,KH00647,438,2024-12-08,1,19966047,19966047,Chuyển khoản,Đã hủy
DH06559,KH00394,60,2025-04-20,3,10296353,30889059,Chuyển khoản,Đang giao
DH06560,KH01250,406,2024-02-20,1,1821869,1821869,Thẻ ngân hàng,Đang giao
DH06561,KH00946,9,2025-10-29,2,2348573,4697146,Thẻ ngân hàng,Đang giao
DH06562,KH00907,466,2024-09-19,1,16269792,16269792,Ví điện tử,Đã giao
DH06563,KH01387,131,2025-01-16,1,2156224,2156224,Chuyển khoản,Đang giao
DH06564,KH00917,209,2025-05-05,3,11044537,33133611,Chuyển khoản,Đã giao
DH06565,KH00800,26,2024-01-28,1,23522794,23522794,Ví điện tử,Đang giao
DH06566,KH01785,301,2025-06-14,1,23179464,23179464,Chuyển khoản,Đã hủy
DH06567,KH01360,30,2024-05-19,1,22850493,22850493,Chuyển khoản,Đang giao
DH06568,KH01198,108,2024-06-02,3,16704100,50112300,Ví điện tử,Đã hủy
DH06569,KH00494,122,2024-02-22,1,18283116,18283116,Thẻ ngân hàng,Đã giao
DH06570,KH00816,422,2025-06-01,3,12003004,36009012,Ví điện tử,Đã hủy
DH06571,KH00597,287,2024-10-02,3,10898911,32696733,Thẻ ngân hàng,Đã hủy
DH06572,KH00737,163,2025-01-25,3,5148746,15446238,Ví điện tử,Đang giao
DH06573,KH00720,325,2024-04-22,1,16561482,16561482,Ví điện tử,Đã giao
DH06574,KH00415,479,2024-05-04,3,24995661,74986983,Chuyển khoản,Đã giao
DH06575,KH01261,97,2025-01-20,1,20721508,20721508,Ví điện tử,Đã hủy
DH06576,KH00929,116,2025-12-05,3,17991157,53973471,COD,Đã hủy
DH06577,KH01979,59,2024-11-01,1,11020945,11020945,Chuyển khoản,Đã hủy
DH06578,KH01677,11,2024-08-20,3,10235878,30707634,Chuyển khoản,Đã giao
DH06579,KH01420,172,2025-10-30,1,11563207,11563207,Chuyển khoản,Đã hủy
DH06580,KH00804,446,2024-09-07,2,10227214,20454428,COD,Đã giao
DH06581,KH01082,331,2024-11-19,2,16419785,32839570,Ví điện tử,Đang giao
DH06582,KH00958,150,2024-08-13,2,22175650,44351300,Thẻ ngân hàng,Đã hủy
DH06583,KH01518,239,2024-09-13,1,9904462,9904462,Thẻ ngân hàng,Đang giao
DH06584,KH00315,277,2025-09-02,2,20673499,41346998,Thẻ ngân hàng,Đang giao
DH06585,KH00120,173,2024-06-09,3,8932665,26797995,COD,Đang giao
DH06586,KH01142,257,2024-02-10,3,22709217,68127651,Thẻ ngân hàng,Đã hủy
DH06587,KH00522,91,2024-06-30,1,20666588,20666588,Ví điện tử,Đã giao
DH06588,KH01951,393,2025-06-26,2,15902198,31804396,COD,Đang giao
DH06589,KH00310,410,2024-06-13,1,12647688,12647688,COD,Đã giao
DH06590,KH01600,346,2024-01-25,3,15198565,45595695,COD,Đã giao
DH06591,KH00288,250,2024-09-10,2,5901364,11802728,Thẻ ngân hàng,Đã hủy
DH06592,KH00398,455,2024-10-30,3,2445683,7337049,Chuyển khoản,Đã hủy
DH06593,KH01352,350,2024-03-11,3,12090591,36271773,Thẻ ngân hàng,Đang giao
DH06594,KH00500,26,2025-06-05,1,23522794,23522794,COD,Đã giao
DH06595,KH00267,159,2025-03-06,2,18319776,36639552,Ví điện tử,Đã hủy
DH06596,KH01730,86,2024-02-03,3,8568170,25704510,Thẻ ngân hàng,Đang giao
DH06597,KH01471,136,2024-11-30,2,13200645,26401290,Thẻ ngân hàng,Đã giao
DH06598,KH00630,34,2024-02-17,3,21526031,64578093,Thẻ ngân hàng,Đã hủy
DH06599,KH00365,209,2024-10-28,2,11044537,22089074,Ví điện tử,Đã hủy
DH06600,KH00186,296,2025-12-11,1,7282780,7282780,Ví điện tử,Đang giao
DH06601,KH00972,376,2025-10-11,2,7479061,14958122,COD,Đang giao
DH06602,KH00297,58,2025-07-16,2,4846247,9692494,Chuyển khoản,Đang giao
DH06603,KH01276,392,2025-05-08,2,2439684,4879368,COD,Đang giao
DH06604,KH00793,39,2025-11-18,2,5958851,11917702,Chuyển khoản,Đã hủy
DH06605,KH00472,161,2025-11-25,2,5421161,10842322,Thẻ ngân hàng,Đã giao
DH06606,KH00166,74,2025-12-26,1,2460854,2460854,Chuyển khoản,Đã giao
DH06607,KH01925,263,2025-01-06,1,5779215,5779215,Ví điện tử,Đã giao
DH06608,KH01443,460,2025-04-11,3,15973168,47919504,Chuyển khoản,Đã hủy
DH06609,KH00965,337,2024-10-28,3,16155694,48467082,Thẻ ngân hàng,Đã hủy
DH06610,KH01698,180,2025-04-02,2,5187803,10375606,COD,Đã hủy
DH06611,KH00394,97,2025-06-28,1,20721508,20721508,COD,Đang giao
DH06612,KH00132,9,2025-08-11,2,2348573,4697146,COD,Đã hủy
DH06613,KH00154,371,2025-05-01,3,15596681,46790043,Thẻ ngân hàng,Đã hủy
DH06614,KH00126,111,2025-05-16,3,5190528,15571584,Ví điện tử,Đã hủy
DH06615,KH00726,304,2024-02-19,1,24317139,24317139,Ví điện tử,Đang giao
DH06616,KH00368,225,2024-09-12,3,17350639,52051917,Thẻ ngân hàng,Đang giao
DH06617,KH00289,128,2025-10-29,1,5789660,5789660,Chuyển khoản,Đã hủy
DH06618,KH01062,304,2024-08-18,3,24317139,72951417,COD,Đã giao
DH06619,KH00789,375,2024-06-12,2,22543381,45086762,COD,Đã hủy
DH06620,KH00530,16,2025-09-10,2,1902478,3804956,Thẻ ngân hàng,Đã giao
DH06621,KH01513,7,2024-11-03,1,4357180,4357180,Thẻ ngân hàng,Đã hủy
DH06622,KH00676,49,2025-07-03,1,10127878,10127878,Thẻ ngân hàng,Đã hủy
DH06623,KH01138,481,2024-01-03,3,11804603,35413809,Chuyển khoản,Đã giao
DH06624,KH00056,155,2025-12-05,2,23734363,47468726,Ví điện tử,Đang giao
DH06625,KH00935,68,2025-11-20,3,14423549,43270647,Chuyển khoản,Đã hủy
DH06626,KH01114,48,2025-07-31,2,10369706,20739412,Ví điện tử,Đã hủy
DH06627,KH00931,355,2025-05-05,1,19241391,19241391,Thẻ ngân hàng,Đã giao
DH06628,KH00461,280,2024-09-01,2,25571963,51143926,COD,Đã giao
DH06629,KH00331,290,2024-05-30,3,14771023,44313069,Thẻ ngân hàng,Đang giao
DH06630,KH00702,405,2025-01-21,2,6786774,13573548,Ví điện tử,Đã hủy
DH06631,KH01854,356,2024-02-17,1,23139278,23139278,Ví điện tử,Đã giao
DH06632,KH01194,320,2025-09-20,2,13927009,27854018,Chuyển khoản,Đã hủy
DH06633,KH00462,187,2025-10-08,3,8866140,26598420,COD,Đang giao
DH06634,KH01535,52,2024-05-17,1,14404540,14404540,Ví điện tử,Đang giao
DH06635,KH00917,454,2024-10-07,1,24379043,24379043,Ví điện tử,Đang giao
DH06636,KH00266,467,2025-12-04,2,6408461,12816922,COD,Đã hủy
DH06637,KH00228,459,2025-12-15,1,21165935,21165935,Ví điện tử,Đã giao
DH06638,KH00815,96,2024-06-25,2,2158473,4316946,Thẻ ngân hàng,Đã giao
DH06639,KH01123,100,2025-09-09,2,3300603,6601206,Thẻ ngân hàng,Đang giao
DH06640,KH00232,293,2024-11-19,1,5223702,5223702,Chuyển khoản,Đang giao
DH06641,KH01304,307,2025-01-22,1,2970393,2970393,Ví điện tử,Đã hủy
DH06642,KH01545,272,2024-10-03,3,15085613,45256839,COD,Đã giao
DH06643,KH01441,232,2025-12-07,1,17350864,17350864,Ví điện tử,Đang giao
DH06644,KH01701,77,2025-02-06,1,20281855,20281855,Thẻ ngân hàng,Đã giao
DH06645,KH01504,59,2024-07-05,3,11020945,33062835,COD,Đã hủy
DH06646,KH01315,284,2025-02-11,1,7510427,7510427,Chuyển khoản,Đã hủy
DH06647,KH01897,470,2025-09-11,1,2362889,2362889,Thẻ ngân hàng,Đã hủy
DH06648,KH00201,459,2024-08-25,2,21165935,42331870,COD,Đã giao
DH06649,KH01676,273,2025-06-16,1,13267090,13267090,Thẻ ngân hàng,Đang giao
DH06650,KH00831,342,2025-10-14,1,3872319,3872319,COD,Đã giao
DH06651,KH00035,91,2025-10-04,1,20666588,20666588,Thẻ ngân hàng,Đã giao
DH06652,KH00774,146,2025-08-23,2,19268450,38536900,COD,Đang giao
DH06653,KH01562,481,2024-01-23,1,11804603,11804603,COD,Đã hủy
DH06654,KH01282,385,2024-07-09,1,9022052,9022052,Thẻ ngân hàng,Đã giao
DH06655,KH00533,353,2024-10-14,1,17335247,17335247,Thẻ ngân hàng,Đã hủy
DH06656,KH01340,151,2025-08-30,1,14524360,14524360,Thẻ ngân hàng,Đang giao
DH06657,KH01417,112,2024-11-06,1,21786528,21786528,COD,Đang giao
DH06658,KH01679,412,2025-08-05,2,5966347,11932694,Ví điện tử,Đang giao
DH06659,KH00477,128,2024-11-27,2,5789660,11579320,Chuyển khoản,Đang giao
DH06660,KH00886,272,2025-05-08,2,15085613,30171226,Chuyển khoản,Đã giao
DH06661,KH00296,40,2025-07-23,1,13768783,13768783,Chuyển khoản,Đã hủy
DH06662,KH00979,314,2025-12-22,2,21535304,43070608,Chuyển khoản,Đã hủy
DH06663,KH01654,286,2024-06-16,1,3106273,3106273,Chuyển khoản,Đang giao
DH06664,KH00779,266,2025-08-21,1,8991711,8991711,COD,Đã giao
DH06665,KH01324,334,2025-01-07,2,7901528,15803056,Ví điện tử,Đang giao
DH06666,KH00096,111,2024-07-10,3,5190528,15571584,Chuyển khoản,Đã giao
DH06667,KH00458,157,2024-03-07,2,10354320,20708640,Chuyển khoản,Đã giao
DH06668,KH00154,291,2025-03-03,2,19063989,38127978,Ví điện tử,Đã hủy
DH06669,KH00191,246,2024-09-25,2,4574511,9149022,COD,Đang giao
DH06670,KH00468,333,2024-11-10,1,4723884,4723884,Ví điện tử,Đã giao
DH06671,KH01815,491,2024-09-22,3,23791756,71375268,COD,Đang giao
DH06672,KH00392,171,2024-01-01,1,16022163,16022163,Ví điện tử,Đang giao
DH06673,KH01081,408,2024-12-31,3,17462807,52388421,Ví điện tử,Đã hủy
DH06674,KH01732,329,2024-09-19,2,13517918,27035836,Thẻ ngân hàng,Đang giao
DH06675,KH01471,120,2024-01-08,3,23629104,70887312,Thẻ ngân hàng,Đã hủy
DH06676,KH01547,252,2025-11-24,2,18216160,36432320,Chuyển khoản,Đang giao
DH06677,KH01835,16,2025-08-22,3,1902478,5707434,COD,Đang giao
DH06678,KH01820,150,2025-03-05,3,22175650,66526950,Ví điện tử,Đã hủy
DH06679,KH00070,490,2025-08-16,1,24697745,24697745,COD,Đã giao
DH06680,KH01411,65,2024-02-20,3,20123002,60369006,Ví điện tử,Đã hủy
DH06681,KH01416,209,2025-07-13,2,11044537,22089074,COD,Đang giao
DH06682,KH00861,371,2025-06-19,3,15596681,46790043,Chuyển khoản,Đang giao
DH06683,KH00437,56,2025-08-19,2,3656281,7312562,COD,Đang giao
DH06684,KH01538,184,2024-09-19,2,17356432,34712864,Chuyển khoản,Đã hủy
DH06685,KH01719,127,2025-01-26,1,23583550,23583550,Thẻ ngân hàng,Đã giao
DH06686,KH00840,256,2025-05-23,2,7503626,15007252,Thẻ ngân hàng,Đã hủy
DH06687,KH01472,284,2024-01-07,1,7510427,7510427,Thẻ ngân hàng,Đã giao
DH06688,KH00213,119,2024-10-14,3,13510580,40531740,Thẻ ngân hàng,Đã giao
DH06689,KH01775,12,2024-11-06,1,11992784,11992784,Ví điện tử,Đã giao
DH06690,KH01549,311,2025-05-05,1,20701272,20701272,Thẻ ngân hàng,Đã giao
DH06691,KH01256,247,2025-06-27,2,14840560,29681120,COD,Đã hủy
DH06692,KH00640,291,2025-01-03,1,19063989,19063989,COD,Đã hủy
DH06693,KH00819,252,2024-09-08,3,18216160,54648480,Ví điện tử,Đã giao
DH06694,KH00244,212,2025-06-07,1,9801647,9801647,COD,Đã hủy
DH06695,KH01680,38,2025-07-15,1,25625870,25625870,Chuyển khoản,Đang giao
DH06696,KH01909,233,2025-02-21,3,5799781,17399343,COD,Đã giao
DH06697,KH01213,134,2025-10-13,1,24009450,24009450,Chuyển khoản,Đã hủy
DH06698,KH00270,468,2025-06-14,3,21281263,63843789,Chuyển khoản,Đã hủy
DH06699,KH00701,58,2024-04-17,3,4846247,14538741,COD,Đã giao
DH06700,KH00378,442,2025-05-03,2,14674667,29349334,COD,Đã hủy
DH06701,KH01724,397,2024-12-06,2,23886813,47773626,Chuyển khoản,Đã hủy
DH06702,KH01799,461,2025-04-02,2,13898840,27797680,COD,Đang giao
DH06703,KH00783,401,2025-10-02,2,3227628,6455256,Ví điện tử,Đang giao
DH06704,KH01957,268,2025-04-25,1,20509489,20509489,Chuyển khoản,Đang giao
DH06705,KH00798,22,2024-05-09,3,24114298,72342894,Ví điện tử,Đang giao
DH06706,KH01981,181,2025-02-25,2,1690676,3381352,Ví điện tử,Đã hủy
DH06707,KH01807,482,2025-06-15,1,25397322,25397322,Ví điện tử,Đã giao
DH06708,KH01210,102,2025-08-01,1,13562744,13562744,Ví điện tử,Đã giao
DH06709,KH00146,131,2025-04-30,1,2156224,2156224,COD,Đã hủy
DH06710,KH00681,430,2024-03-12,2,11677101,23354202,Ví điện tử,Đã giao
DH06711,KH00746,88,2024-07-28,3,15268123,45804369,Ví điện tử,Đã giao
DH06712,KH00780,295,2024-10-01,2,2326130,4652260,Chuyển khoản,Đã giao
DH06713,KH00750,264,2025-02-21,2,7333700,14667400,Thẻ ngân hàng,Đang giao
DH06714,KH00364,189,2025-05-03,3,21341902,64025706,Ví điện tử,Đang giao
DH06715,KH01606,46,2025-02-15,3,13724985,41174955,Ví điện tử,Đã hủy
DH06716,KH00108,139,2025-08-03,1,8176702,8176702,Thẻ ngân hàng,Đã giao
DH06717,KH00688,234,2024-08-18,1,12378563,12378563,Thẻ ngân hàng,Đang giao
DH06718,KH01665,382,2025-10-26,1,23997672,23997672,Thẻ ngân hàng,Đã hủy
DH06719,KH01478,216,2024-11-08,3,13741880,41225640,Chuyển khoản,Đã giao
DH06720,KH00763,309,2024-03-09,3,16160657,48481971,Chuyển khoản,Đã giao
DH06721,KH01343,341,2025-02-05,3,24878704,74636112,Thẻ ngân hàng,Đã hủy
DH06722,KH01928,371,2024-09-20,3,15596681,46790043,Thẻ ngân hàng,Đã giao
DH06723,KH00580,381,2024-05-14,3,3635754,10907262,Ví điện tử,Đang giao
DH06724,KH00091,79,2024-09-25,2,5712887,11425774,Thẻ ngân hàng,Đã hủy
DH06725,KH01395,470,2024-12-01,2,2362889,4725778,Chuyển khoản,Đang giao
DH06726,KH01616,406,2025-10-15,1,1821869,1821869,Thẻ ngân hàng,Đã hủy
DH06727,KH00599,411,2025-11-07,1,15292733,15292733,COD,Đã giao
DH06728,KH01685,372,2024-01-01,3,11933021,35799063,Thẻ ngân hàng,Đã hủy
DH06729,KH01837,427,2024-12-31,2,12881666,25763332,Ví điện tử,Đã hủy
DH06730,KH00609,452,2025-03-29,2,6422656,12845312,COD,Đã hủy
DH06731,KH00835,252,2025-03-23,1,18216160,18216160,Chuyển khoản,Đang giao
DH06732,KH01719,495,2025-08-27,1,24537951,24537951,Ví điện tử,Đã giao
DH06733,KH01406,336,2024-04-16,2,20788903,41577806,Ví điện tử,Đã giao
DH06734,KH00303,457,2024-04-18,2,24221919,48443838,Ví điện tử,Đã giao
DH06735,KH00854,500,2024-06-15,1,12716509,12716509,COD,Đang giao
DH06736,KH01654,267,2024-08-11,3,20768736,62306208,Chuyển khoản,Đang giao
DH06737,KH01078,494,2025-02-28,3,4606985,13820955,Thẻ ngân hàng,Đang giao
DH06738,KH01035,146,2025-01-21,1,19268450,19268450,Ví điện tử,Đã giao
DH06739,KH01374,466,2025-02-22,3,16269792,48809376,COD,Đã hủy
DH06740,KH01880,427,2025-03-26,1,12881666,12881666,Chuyển khoản,Đã giao
DH06741,KH00049,109,2025-12-16,2,8310763,16621526,Chuyển khoản,Đã giao
DH06742,KH01951,281,2025-01-16,1,6520993,6520993,Chuyển khoản,Đã hủy
DH06743,KH01353,8,2024-01-29,3,16791775,50375325,Ví điện tử,Đã hủy
DH06744,KH01220,487,2025-04-25,2,9625660,19251320,Ví điện tử,Đã hủy
DH06745,KH01420,19,2024-07-16,3,6165758,18497274,Thẻ ngân hàng,Đã hủy
DH06746,KH01352,156,2024-03-22,3,23900042,71700126,Thẻ ngân hàng,Đã giao
DH06747,KH00384,488,2025-07-23,2,1330310,2660620,Chuyển khoản,Đã giao
DH06748,KH00746,357,2025-12-06,3,4857102,14571306,Thẻ ngân hàng,Đang giao
DH06749,KH01920,496,2025-12-09,3,14220784,42662352,Ví điện tử,Đã hủy
DH06750,KH00027,142,2024-03-11,1,23627613,23627613,Chuyển khoản,Đã hủy
DH06751,KH00887,171,2025-11-21,2,16022163,32044326,COD,Đã giao
DH06752,KH01534,227,2025-04-06,3,23575212,70725636,COD,Đã giao
DH06753,KH00740,291,2024-04-17,3,19063989,57191967,Ví điện tử,Đang giao
DH06754,KH01222,337,2025-12-28,1,16155694,16155694,Thẻ ngân hàng,Đã giao
DH06755,KH00839,10,2024-01-01,1,8245338,8245338,Chuyển khoản,Đã giao
DH06756,KH00568,459,2025-02-17,2,21165935,42331870,COD,Đang giao
DH06757,KH00781,105,2025-03-01,1,9768220,9768220,Chuyển khoản,Đã hủy
DH06758,KH00583,164,2025-02-08,1,12450217,12450217,Ví điện tử,Đã giao
DH06759,KH01935,163,2025-12-26,2,5148746,10297492,Ví điện tử,Đã hủy
DH06760,KH00791,205,2025-05-16,2,11351137,22702274,Thẻ ngân hàng,Đang giao
DH06761,KH01935,184,2025-12-30,1,17356432,17356432,Ví điện tử,Đang giao
DH06762,KH01931,468,2024-07-25,3,21281263,63843789,Chuyển khoản,Đang giao
DH06763,KH00460,240,2025-12-05,1,23483447,23483447,COD,Đang giao
DH06764,KH01777,443,2025-02-11,3,15873432,47620296,Chuyển khoản,Đã hủy
DH06765,KH01963,124,2025-08-20,2,18670083,37340166,Chuyển khoản,Đã giao
DH06766,KH01939,175,2025-12-04,1,4766108,4766108,Chuyển khoản,Đã hủy
DH06767,KH01394,252,2024-06-30,1,18216160,18216160,COD,Đang giao
DH06768,KH01435,220,2025-06-05,3,21154109,63462327,Ví điện tử,Đang giao
DH06769,KH00151,31,2025-10-14,2,19561998,39123996,COD,Đã hủy
DH06770,KH00349,371,2024-04-06,1,15596681,15596681,COD,Đang giao
DH06771,KH01544,441,2024-07-12,2,18385006,36770012,Chuyển khoản,Đã hủy
DH06772,KH01034,85,2024-08-12,1,22953739,22953739,COD,Đã hủy
DH06773,KH00831,173,2025-04-05,3,8932665,26797995,Thẻ ngân hàng,Đang giao
DH06774,KH00756,79,2024-10-04,1,5712887,5712887,COD,Đã hủy
DH06775,KH01904,1,2025-06-17,1,5597326,5597326,Thẻ ngân hàng,Đang giao
DH06776,KH00204,243,2025-05-21,2,9384883,18769766,Chuyển khoản,Đang giao
DH06777,KH00984,221,2025-03-27,2,18603561,37207122,Thẻ ngân hàng,Đang giao
DH06778,KH00472,307,2024-07-26,3,2970393,8911179,Ví điện tử,Đang giao
DH06779,KH01315,2,2025-11-25,2,2619639,5239278,COD,Đã giao
DH06780,KH01879,376,2025-04-01,2,7479061,14958122,COD,Đã giao
DH06781,KH00995,397,2025-08-11,2,23886813,47773626,Thẻ ngân hàng,Đã giao
DH06782,KH01144,281,2025-06-08,2,6520993,13041986,Chuyển khoản,Đã hủy
DH06783,KH01761,56,2025-03-05,1,3656281,3656281,Ví điện tử,Đã giao
DH06784,KH00311,72,2025-04-23,3,11915298,35745894,Chuyển khoản,Đã giao
DH06785,KH01428,112,2024-04-20,2,21786528,43573056,COD,Đã giao
DH06786,KH01656,53,2025-11-26,2,18088695,36177390,COD,Đã giao
DH06787,KH00570,176,2025-06-08,1,12520307,12520307,Thẻ ngân hàng,Đang giao
DH06788,KH00513,367,2024-07-06,2,21910738,43821476,Ví điện tử,Đã hủy
DH06789,KH01185,385,2025-03-22,2,9022052,18044104,Ví điện tử,Đang giao
DH06790,KH00758,215,2024-03-09,3,22688954,68066862,COD,Đã giao
DH06791,KH00657,206,2024-03-09,3,9160201,27480603,Ví điện tử,Đang giao
DH06792,KH01235,360,2025-10-17,2,17479616,34959232,Ví điện tử,Đã hủy
DH06793,KH01382,104,2024-05-24,2,21205978,42411956,Ví điện tử,Đã giao
DH06794,KH00884,49,2024-03-06,2,10127878,20255756,Ví điện tử,Đã hủy
DH06795,KH00379,105,2025-10-19,3,9768220,29304660,Thẻ ngân hàng,Đã giao
DH06796,KH00743,224,2024-08-30,1,17686916,17686916,COD,Đang giao
DH06797,KH01110,276,2024-02-09,2,11889649,23779298,Thẻ ngân hàng,Đang giao
DH06798,KH01230,304,2025-09-01,2,24317139,48634278,Ví điện tử,Đã giao
DH06799,KH01624,391,2025-02-26,3,14598944,43796832,Thẻ ngân hàng,Đang giao
DH06800,KH00669,207,2025-04-01,2,11794425,23588850,Ví điện tử,Đang giao
DH06801,KH00025,247,2025-05-27,1,14840560,14840560,COD,Đang giao
DH06802,KH01366,275,2024-11-22,2,1991880,3983760,COD,Đã hủy
DH06803,KH00629,338,2025-09-28,1,11491142,11491142,COD,Đã hủy
DH06804,KH00365,336,2024-06-10,1,20788903,20788903,Thẻ ngân hàng,Đang giao
DH06805,KH01137,495,2024-07-09,1,24537951,24537951,COD,Đã giao
DH06806,KH01392,151,2025-12-06,1,14524360,14524360,COD,Đang giao
DH06807,KH01034,109,2025-01-02,1,8310763,8310763,Ví điện tử,Đã giao
DH06808,KH01458,113,2024-07-25,1,9188480,9188480,Ví điện tử,Đã giao
DH06809,KH00108,417,2025-03-31,3,1927702,5783106,Ví điện tử,Đã hủy
DH06810,KH01057,388,2025-03-29,3,12500788,37502364,Ví điện tử,Đang giao
DH06811,KH00332,6,2024-01-10,2,15618829,31237658,Thẻ ngân hàng,Đã hủy
DH06812,KH00344,18,2025-01-12,1,8089438,8089438,COD,Đã hủy
DH06813,KH01682,225,2025-11-24,1,17350639,17350639,COD,Đã hủy
DH06814,KH01587,409,2025-11-30,1,25383281,25383281,COD,Đang giao
DH06815,KH00261,74,2025-01-19,3,2460854,7382562,Thẻ ngân hàng,Đang giao
DH06816,KH00504,237,2025-12-18,2,5969756,11939512,Ví điện tử,Đã hủy
DH06817,KH00340,278,2025-05-15,2,16871480,33742960,COD,Đang giao
DH06818,KH00030,275,2024-02-11,2,1991880,3983760,COD,Đã giao
DH06819,KH00224,293,2024-01-10,2,5223702,10447404,Ví điện tử,Đã hủy
DH06820,KH01016,328,2024-02-09,1,19906025,19906025,COD,Đã hủy
DH06821,KH00643,203,2024-09-21,1,2141244,2141244,Chuyển khoản,Đã giao
DH06822,KH01303,444,2024-11-28,3,24721344,74164032,Chuyển khoản,Đã hủy
DH06823,KH01529,200,2024-10-21,1,25326262,25326262,Thẻ ngân hàng,Đã giao
DH06824,KH00627,153,2024-10-14,3,9382132,28146396,Thẻ ngân hàng,Đang giao
DH06825,KH00199,396,2024-12-26,3,2735462,8206386,Ví điện tử,Đang giao
DH06826,KH00428,184,2025-06-24,3,17356432,52069296,Thẻ ngân hàng,Đã giao
DH06827,KH00925,469,2024-07-24,2,24833142,49666284,Ví điện tử,Đã hủy
DH06828,KH01031,198,2025-11-05,3,13851809,41555427,Ví điện tử,Đã giao
DH06829,KH01180,45,2025-05-31,3,22446227,67338681,Chuyển khoản,Đang giao
DH06830,KH01341,2,2024-10-24,1,2619639,2619639,Ví điện tử,Đã giao
DH06831,KH01917,141,2025-04-18,1,22227393,22227393,Thẻ ngân hàng,Đã hủy
DH06832,KH00161,381,2024-08-16,1,3635754,3635754,Chuyển khoản,Đang giao
DH06833,KH00063,64,2025-10-29,2,9718506,19437012,Thẻ ngân hàng,Đã hủy
DH06834,KH00521,14,2025-07-01,2,7886377,15772754,COD,Đang giao
DH06835,KH01799,213,2025-09-04,2,9135747,18271494,Thẻ ngân hàng,Đã giao
DH06836,KH00026,103,2025-09-03,1,17996106,17996106,Chuyển khoản,Đang giao
DH06837,KH01268,213,2025-02-07,3,9135747,27407241,Thẻ ngân hàng,Đã giao
DH06838,KH01232,464,2025-03-16,1,10451249,10451249,Chuyển khoản,Đã giao
DH06839,KH01969,179,2024-12-28,3,23021297,69063891,Ví điện tử,Đang giao
DH06840,KH01254,392,2025-06-15,2,2439684,4879368,Chuyển khoản,Đang giao
DH06841,KH01025,431,2024-02-25,3,3483711,10451133,Thẻ ngân hàng,Đã giao
DH06842,KH01217,144,2025-01-01,3,6059706,18179118,Thẻ ngân hàng,Đã hủy
DH06843,KH00762,338,2024-06-10,1,11491142,11491142,Thẻ ngân hàng,Đã giao
DH06844,KH01457,342,2025-05-22,1,3872319,3872319,Ví điện tử,Đang giao
DH06845,KH01455,255,2024-08-04,2,11357464,22714928,COD,Đã hủy
DH06846,KH01910,344,2024-09-09,2,15192156,30384312,Thẻ ngân hàng,Đã giao
DH06847,KH00995,237,2024-12-14,2,5969756,11939512,Ví điện tử,Đã giao
DH06848,KH00923,240,2025-12-02,2,23483447,46966894,Chuyển khoản,Đã giao
DH06849,KH01701,197,2025-11-14,1,1767828,1767828,Ví điện tử,Đã giao
DH06850,KH01327,295,2025-03-10,3,2326130,6978390,Ví điện tử,Đang giao
DH06851,KH01952,165,2024-11-02,2,25319024,50638048,Chuyển khoản,Đang giao
DH06852,KH00157,146,2025-07-25,2,19268450,38536900,Thẻ ngân hàng,Đã hủy
DH06853,KH00492,149,2024-06-20,3,20816892,62450676,Thẻ ngân hàng,Đã hủy
DH06854,KH00642,462,2025-06-17,3,16447832,49343496,Chuyển khoản,Đang giao
DH06855,KH00119,3,2024-06-04,2,23951194,47902388,COD,Đã giao
DH06856,KH00049,438,2025-10-04,3,19966047,59898141,Thẻ ngân hàng,Đã hủy
DH06857,KH01548,249,2024-07-27,1,12650029,12650029,COD,Đang giao
DH06858,KH01564,167,2024-01-09,1,19477755,19477755,COD,Đã hủy
DH06859,KH00829,284,2025-02-18,1,7510427,7510427,Chuyển khoản,Đã hủy
DH06860,KH00576,182,2025-09-28,1,19817463,19817463,Thẻ ngân hàng,Đang giao
DH06861,KH00362,16,2024-03-22,2,1902478,3804956,Ví điện tử,Đã hủy
DH06862,KH00538,96,2025-06-22,3,2158473,6475419,Thẻ ngân hàng,Đã giao
DH06863,KH00509,491,2025-07-30,1,23791756,23791756,Thẻ ngân hàng,Đã hủy
DH06864,KH00496,431,2024-11-06,3,3483711,10451133,Thẻ ngân hàng,Đã giao
DH06865,KH00812,352,2025-12-03,1,22014922,22014922,COD,Đang giao
DH06866,KH01188,195,2024-11-13,3,2797518,8392554,Chuyển khoản,Đã giao
DH06867,KH01250,231,2025-04-12,3,7056866,21170598,Chuyển khoản,Đã hủy
DH06868,KH00542,298,2024-04-12,1,19424399,19424399,COD,Đã giao
DH06869,KH00412,492,2025-01-08,1,8668431,8668431,Ví điện tử,Đã hủy
DH06870,KH01631,208,2024-09-01,1,16507221,16507221,Ví điện tử,Đã hủy
DH06871,KH01969,415,2024-12-17,2,23483261,46966522,Thẻ ngân hàng,Đã giao
DH06872,KH00901,332,2025-07-02,1,16273428,16273428,Chuyển khoản,Đang giao
DH06873,KH00147,465,2024-10-17,2,24131257,48262514,COD,Đang giao
DH06874,KH00892,474,2024-02-12,3,13191529,39574587,Chuyển khoản,Đã hủy
DH06875,KH00327,296,2024-07-24,2,7282780,14565560,Ví điện tử,Đã hủy
DH06876,KH01393,114,2025-04-05,1,5461510,5461510,COD,Đang giao
DH06877,KH01886,198,2024-09-29,2,13851809,27703618,Thẻ ngân hàng,Đang giao
DH06878,KH00452,141,2025-08-18,3,22227393,66682179,Thẻ ngân hàng,Đã giao
DH06879,KH00554,103,2024-09-15,3,17996106,53988318,Thẻ ngân hàng,Đã giao
DH06880,KH01015,193,2024-04-12,2,12107524,24215048,Chuyển khoản,Đã giao
DH06881,KH00803,292,2024-03-05,3,15283078,45849234,Chuyển khoản,Đã hủy
DH06882,KH01933,341,2024-09-29,1,24878704,24878704,Ví điện tử,Đã hủy
DH06883,KH00601,170,2025-01-21,2,18830250,37660500,Chuyển khoản,Đã giao
DH06884,KH00081,419,2024-05-02,3,14450529,43351587,Chuyển khoản,Đang giao
DH06885,KH00163,369,2025-11-06,1,10752264,10752264,Chuyển khoản,Đã hủy
DH06886,KH00049,247,2024-04-08,3,14840560,44521680,Ví điện tử,Đã giao
DH06887,KH01686,244,2025-12-31,1,16782990,16782990,Thẻ ngân hàng,Đã hủy
DH06888,KH00355,258,2024-04-22,2,12909089,25818178,Chuyển khoản,Đang giao
DH06889,KH01278,269,2025-05-29,2,13567100,27134200,Thẻ ngân hàng,Đang giao
DH06890,KH01187,305,2024-04-29,3,19848099,59544297,COD,Đã hủy
DH06891,KH00916,39,2025-08-17,3,5958851,17876553,Ví điện tử,Đã hủy
DH06892,KH00355,487,2024-01-26,2,9625660,19251320,COD,Đã giao
DH06893,KH00359,193,2024-10-25,1,12107524,12107524,Ví điện tử,Đang giao
DH06894,KH00998,389,2025-09-29,3,2247745,6743235,Chuyển khoản,Đang giao
DH06895,KH01512,449,2024-05-31,2,7676975,15353950,COD,Đã hủy
DH06896,KH01584,407,2025-05-09,3,22242654,66727962,Chuyển khoản,Đang giao
DH06897,KH01481,330,2025-10-19,3,21871930,65615790,Ví điện tử,Đã giao
DH06898,KH01829,458,2024-12-13,2,3104580,6209160,Ví điện tử,Đã hủy
DH06899,KH01020,181,2024-02-11,3,1690676,5072028,COD,Đã giao
DH06900,KH00961,271,2024-04-15,2,8962577,17925154,Thẻ ngân hàng,Đang giao
DH06901,KH01339,228,2025-12-03,1,9625566,9625566,Ví điện tử,Đã giao
DH06902,KH00769,214,2024-02-20,1,21742788,21742788,Chuyển khoản,Đã hủy
DH06903,KH00553,312,2024-12-07,3,22250953,66752859,Ví điện tử,Đã hủy
DH06904,KH01941,35,2025-07-09,1,5481589,5481589,Thẻ ngân hàng,Đã hủy
DH06905,KH00315,312,2024-09-05,3,22250953,66752859,Thẻ ngân hàng,Đã giao
DH06906,KH00750,485,2024-09-27,2,2937854,5875708,Chuyển khoản,Đã hủy
DH06907,KH00585,173,2024-05-26,2,8932665,17865330,Chuyển khoản,Đang giao
DH06908,KH00807,476,2025-05-27,3,5610573,16831719,Thẻ ngân hàng,Đã giao
DH06909,KH00363,385,2024-11-17,1,9022052,9022052,COD,Đã giao
DH06910,KH00485,74,2024-12-18,1,2460854,2460854,Ví điện tử,Đã giao
DH06911,KH01981,101,2025-09-23,3,4709001,14127003,COD,Đã hủy
DH06912,KH00623,362,2024-11-18,2,18686057,37372114,Ví điện tử,Đã giao
DH06913,KH00320,208,2024-07-07,1,16507221,16507221,COD,Đã giao
DH06914,KH00971,256,2025-03-04,2,7503626,15007252,Chuyển khoản,Đang giao
DH06915,KH01459,456,2024-06-17,3,1907183,5721549,Thẻ ngân hàng,Đã giao
DH06916,KH01497,146,2025-01-27,2,19268450,38536900,Ví điện tử,Đang giao
DH06917,KH01688,374,2024-05-14,3,17616582,52849746,COD,Đã giao
DH06918,KH00473,123,2024-03-16,1,5880587,5880587,Ví điện tử,Đã hủy
DH06919,KH00926,439,2024-08-07,1,11444083,11444083,COD,Đã giao
DH06920,KH00029,15,2024-05-25,3,21879885,65639655,Thẻ ngân hàng,Đang giao
DH06921,KH01918,299,2025-02-07,2,10443833,20887666,Thẻ ngân hàng,Đã giao
DH06922,KH01208,242,2025-04-04,2,1536406,3072812,COD,Đã hủy
DH06923,KH01759,327,2024-01-26,3,6561107,19683321,Chuyển khoản,Đã giao
DH06924,KH00726,6,2024-01-07,3,15618829,46856487,COD,Đã giao
DH06925,KH00018,301,2024-11-23,2,23179464,46358928,Chuyển khoản,Đã hủy
DH06926,KH01530,79,2025-04-23,2,5712887,11425774,COD,Đã giao
DH06927,KH01202,359,2024-08-22,1,18193067,18193067,COD,Đang giao
DH06928,KH01137,232,2025-11-25,3,17350864,52052592,Chuyển khoản,Đã giao
DH06929,KH01868,216,2025-07-26,3,13741880,41225640,Ví điện tử,Đã hủy
DH06930,KH01504,325,2024-07-16,3,16561482,49684446,Chuyển khoản,Đã giao
DH06931,KH00562,315,2024-05-19,2,7916762,15833524,Chuyển khoản,Đã giao
DH06932,KH00271,294,2024-10-06,1,20611090,20611090,Ví điện tử,Đang giao
DH06933,KH01299,167,2024-10-19,3,19477755,58433265,Ví điện tử,Đã giao
DH06934,KH00942,100,2025-05-20,1,3300603,3300603,Thẻ ngân hàng,Đã hủy
DH06935,KH01536,421,2025-06-12,1,22589235,22589235,COD,Đã hủy
DH06936,KH00197,345,2024-11-08,2,24716330,49432660,Chuyển khoản,Đã giao
DH06937,KH01295,415,2024-09-24,1,23483261,23483261,Thẻ ngân hàng,Đã hủy
DH06938,KH01684,451,2024-01-28,1,18801455,18801455,Thẻ ngân hàng,Đang giao
DH06939,KH00214,154,2024-11-18,3,5917692,17753076,Chuyển khoản,Đã hủy
DH06940,KH01690,52,2025-11-09,3,14404540,43213620,COD,Đang giao
DH06941,KH00554,438,2025-12-21,3,19966047,59898141,COD,Đã hủy
DH06942,KH01298,194,2024-07-01,3,10519150,31557450,COD,Đang giao
DH06943,KH00485,1,2024-09-25,1,5597326,5597326,Chuyển khoản,Đã giao
DH06944,KH00805,308,2024-07-09,1,23205555,23205555,Ví điện tử,Đã giao
DH06945,KH00532,237,2024-10-08,2,5969756,11939512,Chuyển khoản,Đang giao
DH06946,KH00021,127,2025-03-15,1,23583550,23583550,Ví điện tử,Đã giao
DH06947,KH00074,210,2025-01-18,2,20061356,40122712,Ví điện tử,Đã giao
DH06948,KH00843,350,2025-07-22,3,12090591,36271773,Chuyển khoản,Đã hủy
DH06949,KH01784,270,2024-05-16,3,15138021,45414063,Chuyển khoản,Đang giao
DH06950,KH00393,357,2025-06-07,3,4857102,14571306,Chuyển khoản,Đã hủy
DH06951,KH00227,219,2024-05-08,3,20274689,60824067,Thẻ ngân hàng,Đang giao
DH06952,KH00936,88,2025-09-29,2,15268123,30536246,COD,Đang giao
DH06953,KH00001,371,2024-11-17,1,15596681,15596681,Chuyển khoản,Đã hủy
DH06954,KH01476,427,2025-03-02,1,12881666,12881666,Ví điện tử,Đang giao
DH06955,KH01339,213,2025-05-07,2,9135747,18271494,COD,Đã giao
DH06956,KH00485,46,2025-11-01,1,13724985,13724985,COD,Đã giao
DH06957,KH00001,202,2025-12-24,2,10502987,21005974,Thẻ ngân hàng,Đã giao
DH06958,KH00346,291,2024-09-09,2,19063989,38127978,Chuyển khoản,Đã giao
DH06959,KH01320,19,2025-07-08,1,6165758,6165758,Chuyển khoản,Đang giao
DH06960,KH01069,358,2024-02-28,2,8803419,17606838,Ví điện tử,Đã hủy
DH06961,KH01945,434,2024-05-14,2,20511341,41022682,COD,Đang giao
DH06962,KH01408,81,2025-02-10,2,11760834,23521668,Chuyển khoản,Đã hủy
DH06963,KH00716,241,2024-01-24,3,14883376,44650128,Thẻ ngân hàng,Đã giao
DH06964,KH01491,42,2024-09-14,1,4888990,4888990,Ví điện tử,Đã giao
DH06965,KH00476,249,2025-03-26,2,12650029,25300058,Thẻ ngân hàng,Đang giao
DH06966,KH00052,118,2024-05-31,1,6945092,6945092,Chuyển khoản,Đang giao
DH06967,KH01892,280,2024-11-23,1,25571963,25571963,Chuyển khoản,Đang giao
DH06968,KH01063,297,2025-08-07,3,3729757,11189271,COD,Đã hủy
DH06969,KH00432,467,2025-10-23,3,6408461,19225383,Chuyển khoản,Đang giao
DH06970,KH00914,266,2024-06-14,3,8991711,26975133,Chuyển khoản,Đã hủy
DH06971,KH01185,114,2025-10-10,2,5461510,10923020,COD,Đang giao
DH06972,KH00895,95,2025-06-13,3,17932883,53798649,Thẻ ngân hàng,Đã hủy
DH06973,KH00441,387,2025-07-17,3,3436274,10308822,Chuyển khoản,Đang giao
DH06974,KH01644,479,2025-11-29,3,24995661,74986983,Ví điện tử,Đã giao
DH06975,KH01476,470,2024-10-18,2,2362889,4725778,COD,Đã hủy
DH06976,KH00669,95,2025-09-14,2,17932883,35865766,Chuyển khoản,Đang giao
DH06977,KH00100,496,2025-02-25,2,14220784,28441568,Chuyển khoản,Đang giao
DH06978,KH00800,484,2025-06-24,1,9546339,9546339,COD,Đã giao
DH06979,KH01219,485,2025-08-07,1,2937854,2937854,Ví điện tử,Đã hủy
DH06980,KH01816,80,2025-08-01,3,15432098,46296294,COD,Đã hủy
DH06981,KH00601,171,2025-05-02,2,16022163,32044326,Chuyển khoản,Đang giao
DH06982,KH00137,149,2024-06-15,2,20816892,41633784,Thẻ ngân hàng,Đã giao
DH06983,KH01805,484,2025-08-26,3,9546339,28639017,Ví điện tử,Đã giao
DH06984,KH00661,387,2025-05-09,2,3436274,6872548,Ví điện tử,Đã hủy
DH06985,KH00332,356,2025-05-01,2,23139278,46278556,COD,Đã hủy
DH06986,KH00416,226,2024-08-07,3,24912858,74738574,COD,Đã giao
DH06987,KH01510,195,2025-02-22,1,2797518,2797518,Thẻ ngân hàng,Đang giao
DH06988,KH00100,192,2024-01-26,3,10036440,30109320,Ví điện tử,Đã giao
DH06989,KH01690,121,2025-06-15,3,22194333,66582999,Chuyển khoản,Đang giao
DH06990,KH00124,299,2025-03-17,3,10443833,31331499,Thẻ ngân hàng,Đã giao
DH06991,KH00244,217,2024-05-11,1,21518753,21518753,Chuyển khoản,Đã giao
DH06992,KH01882,236,2024-07-11,3,25624479,76873437,Ví điện tử,Đã hủy
DH06993,KH01851,227,2024-03-26,2,23575212,47150424,COD,Đã giao
DH06994,KH00777,189,2024-03-23,3,21341902,64025706,Thẻ ngân hàng,Đã hủy
DH06995,KH00522,384,2025-09-02,1,7946719,7946719,Ví điện tử,Đã giao
DH06996,KH01820,357,2025-04-21,1,4857102,4857102,Thẻ ngân hàng,Đã giao
DH06997,KH00510,47,2025-10-11,1,2363748,2363748,COD,Đã giao
DH06998,KH01956,20,2025-09-19,2,14519905,29039810,COD,Đã giao
DH06999,KH01783,346,2025-08-18,3,15198565,45595695,COD,Đã giao
DH07000,KH00293,203,2024-06-15,3,2141244,6423732,Thẻ ngân hàng,Đã giao
DH07001,KH01925,258,2025-04-07,2,12909089,25818178,COD,Đang giao
DH07002,KH01030,376,2025-02-17,2,7479061,14958122,COD,Đã hủy
DH07003,KH01493,269,2024-01-18,1,13567100,13567100,Ví điện tử,Đang giao
DH07004,KH01431,409,2024-04-22,1,25383281,25383281,Chuyển khoản,Đã giao
DH07005,KH00769,379,2025-09-12,2,11024419,22048838,Chuyển khoản,Đang giao
DH07006,KH01877,300,2024-05-21,1,20713031,20713031,Thẻ ngân hàng,Đang giao
DH07007,KH01131,203,2024-02-16,3,2141244,6423732,Chuyển khoản,Đang giao
DH07008,KH01678,235,2024-06-02,2,1672401,3344802,Chuyển khoản,Đã giao
DH07009,KH01919,495,2025-01-15,2,24537951,49075902,Ví điện tử,Đang giao
DH07010,KH00900,45,2024-05-26,1,22446227,22446227,Thẻ ngân hàng,Đang giao
DH07011,KH01738,14,2025-03-22,3,7886377,23659131,Ví điện tử,Đã hủy
DH07012,KH00393,369,2025-01-25,3,10752264,32256792,Thẻ ngân hàng,Đã hủy
DH07013,KH01840,317,2024-05-29,1,3451035,3451035,COD,Đã giao
DH07014,KH00386,362,2025-06-23,3,18686057,56058171,Ví điện tử,Đã giao
DH07015,KH00735,324,2025-11-11,1,5235456,5235456,COD,Đang giao
DH07016,KH00274,482,2024-09-23,2,25397322,50794644,Ví điện tử,Đang giao
DH07017,KH01463,255,2025-01-31,1,11357464,11357464,Chuyển khoản,Đã giao
DH07018,KH00145,197,2025-06-06,3,1767828,5303484,COD,Đã giao
DH07019,KH00009,407,2024-04-02,2,22242654,44485308,Ví điện tử,Đã giao
DH07020,KH00855,107,2025-04-11,3,15707585,47122755,Ví điện tử,Đã hủy
DH07021,KH00009,231,2024-06-14,1,7056866,7056866,Ví điện tử,Đã hủy
DH07022,KH00041,26,2025-10-06,2,23522794,47045588,Thẻ ngân hàng,Đang giao
DH07023,KH00309,289,2025-12-23,2,4921805,9843610,Ví điện tử,Đã hủy
DH07024,KH00199,179,2024-03-08,3,23021297,69063891,Thẻ ngân hàng,Đã hủy
DH07025,KH01377,470,2025-04-24,1,2362889,2362889,Ví điện tử,Đang giao
DH07026,KH00844,1,2024-02-29,3,5597326,16791978,Chuyển khoản,Đã giao
DH07027,KH01343,242,2024-02-05,2,1536406,3072812,Chuyển khoản,Đang giao
DH07028,KH00830,416,2024-09-02,2,17524717,35049434,Thẻ ngân hàng,Đã hủy
DH07029,KH01044,231,2024-04-05,1,7056866,7056866,Thẻ ngân hàng,Đã hủy
DH07030,KH01425,411,2024-07-14,2,15292733,30585466,Ví điện tử,Đang giao
DH07031,KH00440,280,2024-06-22,2,25571963,51143926,Thẻ ngân hàng,Đã giao
DH07032,KH00708,92,2025-03-13,3,11092983,33278949,Ví điện tử,Đang giao
DH07033,KH00466,220,2025-01-21,2,21154109,42308218,COD,Đang giao
DH07034,KH01053,278,2024-08-25,1,16871480,16871480,Chuyển khoản,Đang giao
DH07035,KH01222,164,2024-02-26,2,12450217,24900434,Chuyển khoản,Đang giao
DH07036,KH01157,47,2025-05-29,1,2363748,2363748,Ví điện tử,Đã hủy
DH07037,KH00811,336,2025-06-02,3,20788903,62366709,Ví điện tử,Đã hủy
DH07038,KH00209,120,2024-12-10,2,23629104,47258208,Thẻ ngân hàng,Đang giao
DH07039,KH00028,13,2025-01-30,1,24933847,24933847,COD,Đang giao
DH07040,KH00876,215,2024-04-01,3,22688954,68066862,COD,Đang giao
DH07041,KH01295,338,2024-04-04,1,11491142,11491142,Thẻ ngân hàng,Đã hủy
DH07042,KH00100,409,2024-05-13,1,25383281,25383281,Chuyển khoản,Đang giao
DH07043,KH01694,417,2024-12-19,2,1927702,3855404,COD,Đã giao
DH07044,KH01787,331,2025-08-18,1,16419785,16419785,Chuyển khoản,Đã giao
DH07045,KH00932,444,2025-08-21,1,24721344,24721344,Ví điện tử,Đã hủy
DH07046,KH00294,328,2024-05-19,3,19906025,59718075,Chuyển khoản,Đã hủy
DH07047,KH01049,196,2024-08-06,2,9383000,18766000,Chuyển khoản,Đang giao
DH07048,KH00594,32,2025-11-10,3,16788448,50365344,Ví điện tử,Đã hủy
DH07049,KH01430,1,2025-11-13,1,5597326,5597326,Chuyển khoản,Đang giao
DH07050,KH01530,224,2024-07-09,3,17686916,53060748,Thẻ ngân hàng,Đã giao
DH07051,KH00201,111,2024-03-07,3,5190528,15571584,COD,Đã hủy
DH07052,KH00576,295,2025-09-10,1,2326130,2326130,Chuyển khoản,Đã giao
DH07053,KH01562,180,2025-12-10,3,5187803,15563409,Chuyển khoản,Đã hủy
DH07054,KH01279,186,2025-05-09,1,11833611,11833611,Ví điện tử,Đã giao
DH07055,KH01403,212,2025-06-23,1,9801647,9801647,Ví điện tử,Đã hủy
DH07056,KH00542,258,2024-10-12,3,12909089,38727267,COD,Đã hủy
DH07057,KH00643,194,2025-04-08,3,10519150,31557450,COD,Đã hủy
DH07058,KH01631,372,2024-12-24,3,11933021,35799063,Ví điện tử,Đã giao
DH07059,KH00481,119,2025-03-20,2,13510580,27021160,Ví điện tử,Đã hủy
DH07060,KH00958,76,2024-08-14,3,25092737,75278211,Ví điện tử,Đã giao
DH07061,KH00765,431,2024-05-25,3,3483711,10451133,COD,Đang giao
DH07062,KH01443,322,2024-05-26,3,4789634,14368902,COD,Đã hủy
DH07063,KH01876,198,2025-12-22,2,13851809,27703618,Thẻ ngân hàng,Đã hủy
DH07064,KH01002,436,2024-04-10,2,8088441,16176882,COD,Đã hủy
DH07065,KH01437,245,2024-06-03,3,11838005,35514015,COD,Đã hủy
DH07066,KH00643,6,2024-03-09,3,15618829,46856487,Chuyển khoản,Đã giao
DH07067,KH00547,174,2025-04-02,2,24577473,49154946,Chuyển khoản,Đã hủy
DH07068,KH01118,108,2024-10-24,1,16704100,16704100,Thẻ ngân hàng,Đã giao
DH07069,KH00972,389,2024-01-24,1,2247745,2247745,Thẻ ngân hàng,Đã hủy
DH07070,KH01280,205,2025-11-04,2,11351137,22702274,COD,Đã hủy
DH07071,KH01964,30,2025-02-28,2,22850493,45700986,Thẻ ngân hàng,Đã giao
DH07072,KH00165,352,2025-11-27,1,22014922,22014922,COD,Đã hủy
DH07073,KH01182,271,2024-12-24,3,8962577,26887731,Ví điện tử,Đã giao
DH07074,KH00176,264,2024-03-25,3,7333700,22001100,COD,Đang giao
DH07075,KH00965,2,2024-05-24,2,2619639,5239278,Ví điện tử,Đã giao
DH07076,KH00271,73,2025-08-13,2,13467563,26935126,COD,Đang giao
DH07077,KH00541,486,2025-10-07,2,14815928,29631856,COD,Đã giao
DH07078,KH00109,63,2025-03-31,2,25365618,50731236,Thẻ ngân hàng,Đã giao
DH07079,KH01911,374,2024-09-02,1,17616582,17616582,Chuyển khoản,Đang giao
DH07080,KH01699,149,2025-07-01,1,20816892,20816892,COD,Đã hủy
DH07081,KH00024,299,2024-01-06,3,10443833,31331499,Chuyển khoản,Đã giao
DH07082,KH01444,398,2024-03-01,1,4672398,4672398,Chuyển khoản,Đã giao
DH07083,KH00541,370,2025-03-31,1,16487087,16487087,Ví điện tử,Đang giao
DH07084,KH01334,444,2025-06-07,2,24721344,49442688,Ví điện tử,Đang giao
DH07085,KH01906,471,2024-06-23,2,25755884,51511768,Chuyển khoản,Đã giao
DH07086,KH00688,477,2025-12-29,2,17019502,34039004,Ví điện tử,Đã giao
DH07087,KH01192,164,2025-07-18,1,12450217,12450217,Ví điện tử,Đã giao
DH07088,KH01049,389,2025-11-14,3,2247745,6743235,Thẻ ngân hàng,Đã hủy
DH07089,KH01883,496,2024-10-25,3,14220784,42662352,Ví điện tử,Đã giao
DH07090,KH00059,287,2024-08-01,3,10898911,32696733,Chuyển khoản,Đã hủy
DH07091,KH01389,319,2025-11-08,1,17175754,17175754,COD,Đang giao
DH07092,KH00801,129,2025-08-22,1,7748973,7748973,COD,Đã hủy
DH07093,KH01872,489,2025-03-10,3,23457899,70373697,Chuyển khoản,Đã hủy
DH07094,KH01931,28,2024-01-11,3,8340920,25022760,Chuyển khoản,Đã giao
DH07095,KH01830,233,2025-03-18,2,5799781,11599562,Thẻ ngân hàng,Đã giao
DH07096,KH00675,304,2024-09-23,1,24317139,24317139,COD,Đang giao
DH07097,KH00843,287,2024-07-17,3,10898911,32696733,COD,Đang giao
DH07098,KH00823,439,2025-09-25,1,11444083,11444083,Thẻ ngân hàng,Đã hủy
DH07099,KH00775,431,2024-08-02,3,3483711,10451133,Ví điện tử,Đã hủy
DH07100,KH01913,202,2025-03-10,2,10502987,21005974,Chuyển khoản,Đã giao
DH07101,KH01324,403,2024-01-20,1,10108987,10108987,Chuyển khoản,Đã hủy
DH07102,KH01607,380,2025-06-03,1,7759711,7759711,COD,Đã hủy
DH07103,KH00203,58,2024-06-14,2,4846247,9692494,Ví điện tử,Đã hủy
DH07104,KH00456,240,2024-12-28,3,23483447,70450341,Ví điện tử,Đang giao
DH07105,KH01258,121,2024-07-22,1,22194333,22194333,Thẻ ngân hàng,Đã giao
DH07106,KH01709,257,2024-04-07,2,22709217,45418434,COD,Đã hủy
DH07107,KH00476,488,2025-10-03,3,1330310,3990930,Thẻ ngân hàng,Đang giao
DH07108,KH00507,304,2024-04-21,2,24317139,48634278,Ví điện tử,Đã hủy
DH07109,KH00554,39,2025-12-07,1,5958851,5958851,Thẻ ngân hàng,Đã giao
DH07110,KH01954,305,2025-03-10,1,19848099,19848099,Thẻ ngân hàng,Đã hủy
DH07111,KH01074,267,2024-05-11,2,20768736,41537472,Thẻ ngân hàng,Đã giao
DH07112,KH00591,433,2025-12-06,2,2223429,4446858,Ví điện tử,Đã giao
DH07113,KH00391,343,2024-05-18,1,17874359,17874359,Ví điện tử,Đang giao
DH07114,KH01846,494,2024-07-25,2,4606985,9213970,Chuyển khoản,Đã hủy
DH07115,KH00341,443,2024-01-13,3,15873432,47620296,Ví điện tử,Đã giao
DH07116,KH01960,481,2025-04-14,2,11804603,23609206,Chuyển khoản,Đang giao
DH07117,KH01284,278,2024-07-24,2,16871480,33742960,Thẻ ngân hàng,Đã hủy
DH07118,KH01135,451,2025-03-03,3,18801455,56404365,Chuyển khoản,Đã giao
DH07119,KH00459,9,2025-02-23,1,2348573,2348573,Ví điện tử,Đang giao
DH07120,KH00159,460,2024-10-04,2,15973168,31946336,Thẻ ngân hàng,Đang giao
DH07121,KH00996,97,2024-04-24,3,20721508,62164524,Chuyển khoản,Đã hủy
DH07122,KH01732,33,2024-03-22,2,16395207,32790414,Thẻ ngân hàng,Đã giao
DH07123,KH01460,237,2025-05-08,2,5969756,11939512,Thẻ ngân hàng,Đã hủy
DH07124,KH00937,140,2025-07-24,3,13589526,40768578,Thẻ ngân hàng,Đang giao
DH07125,KH00275,62,2025-01-11,3,17040933,51122799,Thẻ ngân hàng,Đã hủy
DH07126,KH00160,335,2024-09-29,3,6359823,19079469,COD,Đã hủy
DH07127,KH00572,214,2024-10-29,3,21742788,65228364,Chuyển khoản,Đã giao
DH07128,KH00172,328,2025-10-06,2,19906025,39812050,COD,Đã giao
DH07129,KH01244,13,2024-07-17,3,24933847,74801541,Chuyển khoản,Đã giao
DH07130,KH01450,18,2024-12-04,1,8089438,8089438,Chuyển khoản,Đang giao
DH07131,KH01999,101,2025-02-06,3,4709001,14127003,COD,Đã giao
DH07132,KH01831,315,2024-08-07,1,7916762,7916762,Ví điện tử,Đã giao
DH07133,KH01654,110,2025-06-24,3,2655742,7967226,Thẻ ngân hàng,Đã giao
DH07134,KH00320,20,2024-08-31,2,14519905,29039810,COD,Đang giao
DH07135,KH01765,272,2024-02-20,2,15085613,30171226,Ví điện tử,Đang giao
DH07136,KH01801,47,2025-11-15,2,2363748,4727496,Ví điện tử,Đang giao
DH07137,KH00555,110,2025-08-14,2,2655742,5311484,Ví điện tử,Đang giao
DH07138,KH00007,389,2024-10-29,3,2247745,6743235,Ví điện tử,Đã giao
DH07139,KH01796,143,2025-02-15,1,5091764,5091764,Ví điện tử,Đang giao
DH07140,KH01272,55,2025-12-16,1,17890818,17890818,Chuyển khoản,Đã hủy
DH07141,KH00973,437,2025-02-26,1,20884762,20884762,Ví điện tử,Đang giao
DH07142,KH00920,289,2025-12-23,3,4921805,14765415,COD,Đã giao
DH07143,KH01089,113,2025-04-04,1,9188480,9188480,Ví điện tử,Đã giao
DH07144,KH01659,182,2025-11-12,1,19817463,19817463,Chuyển khoản,Đã hủy
DH07145,KH01261,240,2025-01-20,2,23483447,46966894,Ví điện tử,Đang giao
DH07146,KH00263,408,2024-05-11,1,17462807,17462807,COD,Đã giao
DH07147,KH01823,487,2025-12-31,1,9625660,9625660,COD,Đã hủy
DH07148,KH01655,175,2025-01-20,2,4766108,9532216,COD,Đã hủy
DH07149,KH00465,386,2024-10-31,3,11489944,34469832,Chuyển khoản,Đang giao
DH07150,KH00742,131,2024-10-07,3,2156224,6468672,Chuyển khoản,Đang giao
DH07151,KH01194,346,2025-08-16,2,15198565,30397130,Chuyển khoản,Đang giao
DH07152,KH00955,330,2025-01-11,1,21871930,21871930,Ví điện tử,Đã hủy
DH07153,KH00225,50,2025-03-29,3,16126277,48378831,Thẻ ngân hàng,Đã giao
DH07154,KH01720,52,2025-05-14,3,14404540,43213620,Chuyển khoản,Đang giao
DH07155,KH01025,296,2025-06-20,2,7282780,14565560,Ví điện tử,Đã hủy
DH07156,KH00020,440,2024-08-15,1,21263667,21263667,COD,Đã giao
DH07157,KH01364,215,2024-01-23,1,22688954,22688954,Thẻ ngân hàng,Đã giao
DH07158,KH00312,54,2025-04-18,3,18474415,55423245,COD,Đã giao
DH07159,KH00011,473,2025-02-15,3,8143318,24429954,Chuyển khoản,Đã giao
DH07160,KH00396,498,2024-07-12,2,19498927,38997854,COD,Đã giao
DH07161,KH01984,197,2024-10-04,3,1767828,5303484,Ví điện tử,Đã hủy
DH07162,KH01020,274,2024-04-16,2,8049917,16099834,Chuyển khoản,Đã giao
DH07163,KH00803,19,2024-04-28,2,6165758,12331516,Thẻ ngân hàng,Đang giao
DH07164,KH00945,249,2025-09-15,1,12650029,12650029,Ví điện tử,Đang giao
DH07165,KH00284,439,2025-11-08,2,11444083,22888166,COD,Đã giao
DH07166,KH01120,342,2025-11-15,1,3872319,3872319,Thẻ ngân hàng,Đã giao
DH07167,KH01394,210,2024-12-23,3,20061356,60184068,Thẻ ngân hàng,Đã giao
DH07168,KH00651,14,2024-09-04,2,7886377,15772754,Thẻ ngân hàng,Đã giao
DH07169,KH01325,327,2025-05-20,2,6561107,13122214,Ví điện tử,Đã hủy
DH07170,KH01023,460,2025-07-11,2,15973168,31946336,Chuyển khoản,Đang giao
DH07171,KH00715,491,2024-09-13,1,23791756,23791756,COD,Đã giao
DH07172,KH01204,334,2024-04-28,1,7901528,7901528,COD,Đã giao
DH07173,KH01901,221,2024-12-11,1,18603561,18603561,Ví điện tử,Đã hủy
DH07174,KH00659,461,2025-11-18,3,13898840,41696520,COD,Đã hủy
DH07175,KH01581,122,2025-04-11,1,18283116,18283116,COD,Đang giao
DH07176,KH00072,221,2024-03-16,2,18603561,37207122,Chuyển khoản,Đang giao
DH07177,KH00578,457,2025-10-17,2,24221919,48443838,Chuyển khoản,Đã hủy
DH07178,KH00709,21,2024-06-14,3,20692785,62078355,Ví điện tử,Đang giao
DH07179,KH01354,167,2025-02-28,2,19477755,38955510,Thẻ ngân hàng,Đã hủy
DH07180,KH01129,197,2025-12-16,3,1767828,5303484,Thẻ ngân hàng,Đang giao
DH07181,KH00118,187,2025-04-13,2,8866140,17732280,Ví điện tử,Đã giao
DH07182,KH00704,298,2024-09-14,1,19424399,19424399,Ví điện tử,Đang giao
DH07183,KH01369,96,2024-09-05,1,2158473,2158473,Ví điện tử,Đã giao
DH07184,KH00588,143,2024-04-13,3,5091764,15275292,Chuyển khoản,Đã giao
DH07185,KH01753,480,2025-04-08,2,9066937,18133874,Chuyển khoản,Đã hủy
DH07186,KH01054,304,2024-03-23,1,24317139,24317139,COD,Đang giao
DH07187,KH00635,460,2024-12-22,2,15973168,31946336,COD,Đã giao
DH07188,KH00292,498,2025-03-05,2,19498927,38997854,Thẻ ngân hàng,Đang giao
DH07189,KH01911,3,2024-06-26,2,23951194,47902388,COD,Đang giao
DH07190,KH01731,74,2025-02-21,1,2460854,2460854,Chuyển khoản,Đang giao
DH07191,KH00933,295,2025-05-02,2,2326130,4652260,COD,Đang giao
DH07192,KH01367,105,2024-12-01,1,9768220,9768220,COD,Đang giao
DH07193,KH01607,167,2025-09-24,2,19477755,38955510,Chuyển khoản,Đã hủy
DH07194,KH00463,255,2025-12-23,3,11357464,34072392,Ví điện tử,Đã giao
DH07195,KH00801,92,2024-07-25,2,11092983,22185966,Chuyển khoản,Đã hủy
DH07196,KH01125,259,2024-08-14,3,2352165,7056495,Ví điện tử,Đã giao
DH07197,KH01615,58,2024-01-23,1,4846247,4846247,COD,Đã giao
DH07198,KH00525,133,2025-11-22,3,25260384,75781152,COD,Đã giao
DH07199,KH01013,412,2025-12-20,1,5966347,5966347,COD,Đang giao
DH07200,KH00974,97,2025-05-31,1,20721508,20721508,Ví điện tử,Đã giao
DH07201,KH00089,259,2025-06-22,1,2352165,2352165,COD,Đang giao
DH07202,KH01324,102,2024-07-04,3,13562744,40688232,COD,Đã giao
DH07203,KH01782,151,2024-03-09,1,14524360,14524360,Chuyển khoản,Đã giao
DH07204,KH01846,487,2024-01-25,1,9625660,9625660,Thẻ ngân hàng,Đang giao
DH07205,KH00319,273,2025-06-16,1,13267090,13267090,Ví điện tử,Đã hủy
DH07206,KH01673,72,2025-12-05,1,11915298,11915298,Ví điện tử,Đã giao
DH07207,KH00023,376,2024-07-25,1,7479061,7479061,COD,Đã hủy
DH07208,KH01113,149,2024-09-28,2,20816892,41633784,Chuyển khoản,Đã hủy
DH07209,KH00109,308,2024-07-02,3,23205555,69616665,Chuyển khoản,Đã giao
DH07210,KH01234,451,2024-05-18,2,18801455,37602910,COD,Đã hủy
DH07211,KH01116,152,2024-07-12,1,11691816,11691816,Ví điện tử,Đã hủy
DH07212,KH00943,492,2024-10-09,1,8668431,8668431,Chuyển khoản,Đã hủy
DH07213,KH01080,171,2025-05-16,3,16022163,48066489,Ví điện tử,Đã giao
DH07214,KH00713,237,2024-10-19,3,5969756,17909268,Thẻ ngân hàng,Đã giao
DH07215,KH01657,165,2025-05-08,2,25319024,50638048,COD,Đang giao
DH07216,KH01345,450,2025-05-29,3,19208894,57626682,COD,Đã giao
DH07217,KH00295,175,2025-11-28,2,4766108,9532216,Ví điện tử,Đã hủy
DH07218,KH01605,279,2024-01-06,2,22313060,44626120,Ví điện tử,Đã giao
DH07219,KH00329,473,2024-02-20,1,8143318,8143318,Chuyển khoản,Đang giao
DH07220,KH01581,434,2025-03-21,3,20511341,61534023,COD,Đang giao
DH07221,KH00489,240,2024-10-29,1,23483447,23483447,Ví điện tử,Đang giao
DH07222,KH01638,196,2024-04-17,2,9383000,18766000,Thẻ ngân hàng,Đã hủy
DH07223,KH00721,280,2024-02-26,3,25571963,76715889,Chuyển khoản,Đã hủy
DH07224,KH01579,299,2024-04-25,3,10443833,31331499,Thẻ ngân hàng,Đã giao
DH07225,KH01429,102,2024-02-01,2,13562744,27125488,Thẻ ngân hàng,Đã hủy
DH07226,KH00877,82,2025-12-14,3,6348395,19045185,Ví điện tử,Đang giao
DH07227,KH00287,316,2025-05-01,2,19653730,39307460,Ví điện tử,Đang giao
DH07228,KH00787,94,2024-06-17,1,4892461,4892461,Chuyển khoản,Đã giao
DH07229,KH00038,328,2024-07-04,2,19906025,39812050,Ví điện tử,Đã hủy
DH07230,KH01625,22,2024-07-24,3,24114298,72342894,Thẻ ngân hàng,Đang giao
DH07231,KH00913,496,2024-08-15,2,14220784,28441568,COD,Đã giao
DH07232,KH00615,498,2025-02-23,3,19498927,58496781,Chuyển khoản,Đã giao
DH07233,KH00684,154,2025-09-17,1,5917692,5917692,Chuyển khoản,Đang giao
DH07234,KH01625,208,2024-01-02,1,16507221,16507221,COD,Đang giao
DH07235,KH01276,140,2024-05-16,1,13589526,13589526,COD,Đã hủy
DH07236,KH01500,199,2024-10-11,1,15317157,15317157,Thẻ ngân hàng,Đã giao
DH07237,KH01771,482,2024-10-16,1,25397322,25397322,COD,Đã giao
DH07238,KH00370,153,2024-04-17,1,9382132,9382132,Thẻ ngân hàng,Đã giao
DH07239,KH00208,390,2024-12-08,3,7428418,22285254,Ví điện tử,Đã giao
DH07240,KH01206,412,2024-01-08,2,5966347,11932694,Thẻ ngân hàng,Đã giao
DH07241,KH00783,440,2024-05-03,1,21263667,21263667,Chuyển khoản,Đã hủy
DH07242,KH00244,105,2024-06-15,1,9768220,9768220,Thẻ ngân hàng,Đã hủy
DH07243,KH00776,242,2025-06-14,1,1536406,1536406,Thẻ ngân hàng,Đã hủy
DH07244,KH00771,310,2024-12-30,3,10351478,31054434,Chuyển khoản,Đã hủy
DH07245,KH01169,166,2025-09-14,2,17284447,34568894,Ví điện tử,Đã hủy
DH07246,KH00584,358,2025-06-15,2,8803419,17606838,COD,Đang giao
DH07247,KH00607,147,2024-11-24,3,13624031,40872093,Thẻ ngân hàng,Đang giao
DH07248,KH01819,439,2024-12-11,2,11444083,22888166,Thẻ ngân hàng,Đang giao
DH07249,KH01664,225,2025-07-13,3,17350639,52051917,COD,Đang giao
DH07250,KH00434,464,2024-08-22,2,10451249,20902498,COD,Đã giao
DH07251,KH00673,292,2025-04-13,3,15283078,45849234,Chuyển khoản,Đã hủy
DH07252,KH01696,357,2025-11-08,1,4857102,4857102,Thẻ ngân hàng,Đang giao
DH07253,KH00264,242,2024-12-06,1,1536406,1536406,Ví điện tử,Đã giao
DH07254,KH01723,172,2025-07-08,2,11563207,23126414,COD,Đã hủy
DH07255,KH01613,163,2025-10-26,1,5148746,5148746,Thẻ ngân hàng,Đang giao
DH07256,KH01576,162,2025-05-21,2,16154689,32309378,COD,Đã giao
DH07257,KH01596,394,2025-01-13,3,14325309,42975927,Thẻ ngân hàng,Đang giao
DH07258,KH00562,204,2024-09-05,2,6098253,12196506,COD,Đang giao
DH07259,KH00409,307,2025-09-27,1,2970393,2970393,Chuyển khoản,Đang giao
DH07260,KH01847,50,2024-10-07,2,16126277,32252554,Ví điện tử,Đang giao
DH07261,KH01686,347,2024-07-06,2,10484449,20968898,Thẻ ngân hàng,Đã giao
DH07262,KH00475,210,2024-01-06,3,20061356,60184068,Thẻ ngân hàng,Đã hủy
DH07263,KH01735,44,2025-04-20,2,12890144,25780288,Ví điện tử,Đang giao
DH07264,KH01435,170,2024-04-19,2,18830250,37660500,COD,Đã hủy
DH07265,KH01276,151,2025-12-30,1,14524360,14524360,Chuyển khoản,Đã hủy
DH07266,KH01165,427,2025-11-24,2,12881666,25763332,Ví điện tử,Đã giao
DH07267,KH01522,301,2024-05-17,3,23179464,69538392,Chuyển khoản,Đã giao
DH07268,KH00729,89,2024-05-10,1,15656852,15656852,Chuyển khoản,Đang giao
DH07269,KH00488,114,2024-04-01,3,5461510,16384530,Ví điện tử,Đã giao
DH07270,KH01455,85,2024-03-17,1,22953739,22953739,Thẻ ngân hàng,Đã giao
DH07271,KH01892,304,2025-07-24,1,24317139,24317139,COD,Đang giao
DH07272,KH00887,200,2025-11-04,3,25326262,75978786,Chuyển khoản,Đang giao
DH07273,KH01631,313,2025-05-22,2,2770705,5541410,Thẻ ngân hàng,Đã giao
DH07274,KH01918,304,2025-04-18,3,24317139,72951417,COD,Đã giao
DH07275,KH01859,141,2025-08-25,2,22227393,44454786,Chuyển khoản,Đã giao
DH07276,KH01683,251,2024-01-13,1,11288407,11288407,Thẻ ngân hàng,Đã giao
DH07277,KH00911,234,2025-09-30,2,12378563,24757126,Ví điện tử,Đang giao
DH07278,KH01200,343,2025-06-05,3,17874359,53623077,Chuyển khoản,Đã hủy
DH07279,KH01958,174,2025-12-19,2,24577473,49154946,Ví điện tử,Đã hủy
DH07280,KH00208,68,2024-03-09,1,14423549,14423549,Chuyển khoản,Đã giao
DH07281,KH01137,278,2025-08-03,3,16871480,50614440,Thẻ ngân hàng,Đã hủy
DH07282,KH01685,186,2024-07-09,1,11833611,11833611,Thẻ ngân hàng,Đã giao
DH07283,KH01570,131,2024-07-27,1,2156224,2156224,Chuyển khoản,Đã hủy
DH07284,KH01308,47,2024-12-23,2,2363748,4727496,Thẻ ngân hàng,Đã giao
DH07285,KH01667,238,2025-06-19,3,8768981,26306943,Ví điện tử,Đã hủy
DH07286,KH00597,120,2024-07-26,1,23629104,23629104,Thẻ ngân hàng,Đã giao
DH07287,KH01066,492,2025-09-15,3,8668431,26005293,Ví điện tử,Đang giao
DH07288,KH01720,63,2025-01-18,1,25365618,25365618,Thẻ ngân hàng,Đã giao
DH07289,KH01662,404,2024-05-04,3,24793579,74380737,Chuyển khoản,Đã giao
DH07290,KH00588,315,2025-10-30,2,7916762,15833524,Chuyển khoản,Đang giao
DH07291,KH00035,155,2025-05-24,1,23734363,23734363,Chuyển khoản,Đã giao
DH07292,KH01190,17,2024-06-15,3,11252793,33758379,Ví điện tử,Đã giao
DH07293,KH01821,436,2024-09-04,3,8088441,24265323,Thẻ ngân hàng,Đang giao
DH07294,KH01474,246,2024-02-24,2,4574511,9149022,Ví điện tử,Đã hủy
DH07295,KH01550,476,2024-01-02,2,5610573,11221146,Ví điện tử,Đang giao
DH07296,KH01106,38,2024-04-10,2,25625870,51251740,Chuyển khoản,Đã hủy
DH07297,KH01965,117,2024-02-27,2,1822241,3644482,Ví điện tử,Đã hủy
DH07298,KH01135,69,2025-07-10,2,13005856,26011712,Thẻ ngân hàng,Đang giao
DH07299,KH01463,178,2025-05-13,1,25162917,25162917,Thẻ ngân hàng,Đang giao
DH07300,KH01365,231,2025-04-02,1,7056866,7056866,Ví điện tử,Đang giao
DH07301,KH01626,251,2024-04-18,2,11288407,22576814,Ví điện tử,Đã giao
DH07302,KH01062,225,2025-09-11,1,17350639,17350639,Ví điện tử,Đang giao
DH07303,KH00742,93,2025-11-16,1,14686287,14686287,Ví điện tử,Đã hủy
DH07304,KH01571,106,2024-10-17,3,3358747,10076241,Chuyển khoản,Đã giao
DH07305,KH01255,338,2024-10-27,2,11491142,22982284,Thẻ ngân hàng,Đang giao
DH07306,KH01824,416,2024-10-05,3,17524717,52574151,Chuyển khoản,Đang giao
DH07307,KH00219,369,2024-06-18,2,10752264,21504528,COD,Đã hủy
DH07308,KH01603,445,2024-05-27,2,3753037,7506074,Ví điện tử,Đã hủy
DH07309,KH01148,41,2025-06-21,1,23214519,23214519,Chuyển khoản,Đang giao
DH07310,KH00599,4,2024-11-26,3,2033327,6099981,Chuyển khoản,Đã hủy
DH07311,KH00993,267,2024-07-26,3,20768736,62306208,Thẻ ngân hàng,Đã giao
DH07312,KH01498,453,2024-12-08,3,24897288,74691864,Thẻ ngân hàng,Đang giao
DH07313,KH00087,310,2025-11-12,2,10351478,20702956,Chuyển khoản,Đã hủy
DH07314,KH01265,496,2024-03-08,3,14220784,42662352,Thẻ ngân hàng,Đã hủy
DH07315,KH00392,14,2025-07-11,1,7886377,7886377,Chuyển khoản,Đã giao
DH07316,KH01079,388,2024-10-14,1,12500788,12500788,Chuyển khoản,Đang giao
DH07317,KH00579,120,2024-10-31,3,23629104,70887312,COD,Đã hủy
DH07318,KH00869,439,2025-10-01,2,11444083,22888166,Chuyển khoản,Đang giao
DH07319,KH00552,462,2024-08-03,3,16447832,49343496,COD,Đã giao
DH07320,KH01564,200,2024-06-06,2,25326262,50652524,Ví điện tử,Đã hủy
DH07321,KH00532,353,2024-03-15,1,17335247,17335247,Chuyển khoản,Đã hủy
DH07322,KH01223,279,2024-05-12,3,22313060,66939180,Chuyển khoản,Đang giao
DH07323,KH01038,360,2024-06-21,1,17479616,17479616,Chuyển khoản,Đã giao
DH07324,KH01184,110,2025-05-11,3,2655742,7967226,Ví điện tử,Đang giao
DH07325,KH00912,43,2024-08-05,3,14663576,43990728,Chuyển khoản,Đang giao
DH07326,KH01883,150,2024-04-04,2,22175650,44351300,Chuyển khoản,Đã hủy
DH07327,KH00211,418,2024-07-19,1,6732468,6732468,Ví điện tử,Đang giao
DH07328,KH01872,88,2024-10-06,1,15268123,15268123,COD,Đã hủy
DH07329,KH00902,75,2025-12-09,3,1572912,4718736,COD,Đã giao
DH07330,KH00364,54,2024-06-03,1,18474415,18474415,Ví điện tử,Đã giao
DH07331,KH01032,426,2025-10-21,3,22978827,68936481,Thẻ ngân hàng,Đã giao
DH07332,KH00285,35,2025-09-01,2,5481589,10963178,COD,Đã hủy
DH07333,KH00629,312,2024-10-14,2,22250953,44501906,Ví điện tử,Đã hủy
DH07334,KH00982,367,2025-10-20,2,21910738,43821476,Thẻ ngân hàng,Đã hủy
DH07335,KH01124,198,2025-01-27,2,13851809,27703618,Ví điện tử,Đang giao
DH07336,KH01869,171,2025-04-05,3,16022163,48066489,Ví điện tử,Đã hủy
DH07337,KH00272,345,2024-08-17,1,24716330,24716330,Chuyển khoản,Đang giao
DH07338,KH00214,272,2025-11-13,1,15085613,15085613,Ví điện tử,Đã giao
DH07339,KH01111,372,2025-04-14,3,11933021,35799063,COD,Đã giao
DH07340,KH01867,258,2024-06-14,2,12909089,25818178,Ví điện tử,Đang giao
DH07341,KH01557,60,2024-02-13,1,10296353,10296353,COD,Đang giao
DH07342,KH01056,306,2025-11-15,2,9109540,18219080,Ví điện tử,Đang giao
DH07343,KH01472,189,2025-08-04,2,21341902,42683804,Chuyển khoản,Đang giao
DH07344,KH00516,254,2025-09-14,1,7786382,7786382,Thẻ ngân hàng,Đang giao
DH07345,KH00491,359,2025-07-18,1,18193067,18193067,COD,Đã hủy
DH07346,KH00015,400,2024-02-17,1,19389256,19389256,COD,Đã hủy
DH07347,KH01159,294,2025-11-18,3,20611090,61833270,Chuyển khoản,Đang giao
DH07348,KH01549,278,2025-06-20,2,16871480,33742960,COD,Đã giao
DH07349,KH00839,298,2024-08-26,3,19424399,58273197,Chuyển khoản,Đang giao
DH07350,KH00286,208,2024-03-19,1,16507221,16507221,Ví điện tử,Đang giao
DH07351,KH01534,88,2024-03-24,1,15268123,15268123,Ví điện tử,Đã hủy
DH07352,KH01456,362,2025-03-19,1,18686057,18686057,Thẻ ngân hàng,Đã giao
DH07353,KH01156,182,2024-11-11,3,19817463,59452389,Chuyển khoản,Đã hủy
DH07354,KH01962,300,2025-12-20,2,20713031,41426062,COD,Đã giao
DH07355,KH01767,229,2024-12-07,2,5955017,11910034,Chuyển khoản,Đã hủy
DH07356,KH01336,26,2025-05-10,3,23522794,70568382,Ví điện tử,Đã giao
DH07357,KH01644,322,2025-05-24,3,4789634,14368902,Chuyển khoản,Đã hủy
DH07358,KH01150,469,2024-10-22,2,24833142,49666284,Ví điện tử,Đang giao
DH07359,KH01967,133,2025-02-08,3,25260384,75781152,Ví điện tử,Đang giao
DH07360,KH00626,372,2025-02-16,2,11933021,23866042,Thẻ ngân hàng,Đã hủy
DH07361,KH01887,282,2024-01-09,1,9983595,9983595,Thẻ ngân hàng,Đã giao
DH07362,KH01224,383,2024-04-19,1,21556385,21556385,Thẻ ngân hàng,Đã hủy
DH07363,KH00424,456,2024-11-21,2,1907183,3814366,COD,Đang giao
DH07364,KH00325,74,2025-08-29,3,2460854,7382562,COD,Đã giao
DH07365,KH01652,323,2024-03-28,2,8114299,16228598,Chuyển khoản,Đang giao
DH07366,KH00558,238,2024-05-17,1,8768981,8768981,Ví điện tử,Đã hủy
DH07367,KH01325,496,2025-10-12,1,14220784,14220784,Chuyển khoản,Đang giao
DH07368,KH00760,214,2025-02-20,1,21742788,21742788,Chuyển khoản,Đã hủy
DH07369,KH00291,155,2024-01-16,1,23734363,23734363,Thẻ ngân hàng,Đã giao
DH07370,KH01303,122,2025-01-13,3,18283116,54849348,Chuyển khoản,Đang giao
DH07371,KH01284,101,2024-03-12,1,4709001,4709001,COD,Đã giao
DH07372,KH00472,400,2025-04-21,2,19389256,38778512,Ví điện tử,Đã hủy
DH07373,KH01610,339,2025-06-02,1,7585126,7585126,Ví điện tử,Đang giao
DH07374,KH01657,121,2025-10-11,2,22194333,44388666,Ví điện tử,Đã hủy
DH07375,KH00853,184,2024-12-18,2,17356432,34712864,Chuyển khoản,Đã giao
DH07376,KH00264,383,2025-02-21,2,21556385,43112770,COD,Đã hủy
DH07377,KH00493,405,2025-08-16,3,6786774,20360322,COD,Đã giao
DH07378,KH01077,1,2025-03-20,3,5597326,16791978,Chuyển khoản,Đang giao
DH07379,KH00948,443,2024-12-22,1,15873432,15873432,Chuyển khoản,Đã giao
DH07380,KH01665,370,2025-05-18,2,16487087,32974174,Ví điện tử,Đã hủy
DH07381,KH00998,81,2024-04-03,1,11760834,11760834,Ví điện tử,Đã giao
DH07382,KH00801,140,2024-04-13,1,13589526,13589526,Ví điện tử,Đã giao
DH07383,KH00279,451,2024-02-20,3,18801455,56404365,Thẻ ngân hàng,Đã giao
DH07384,KH00832,452,2025-01-24,2,6422656,12845312,Chuyển khoản,Đang giao
DH07385,KH01212,451,2025-09-24,3,18801455,56404365,Ví điện tử,Đang giao
DH07386,KH01987,456,2024-02-14,3,1907183,5721549,Thẻ ngân hàng,Đang giao
DH07387,KH01146,258,2024-06-08,1,12909089,12909089,COD,Đang giao
DH07388,KH00827,63,2025-04-10,1,25365618,25365618,Ví điện tử,Đã giao
DH07389,KH01989,25,2024-11-08,1,7741025,7741025,Thẻ ngân hàng,Đã hủy
DH07390,KH01051,381,2025-11-20,2,3635754,7271508,COD,Đã giao
DH07391,KH00118,6,2024-06-20,2,15618829,31237658,COD,Đã hủy
DH07392,KH00299,497,2025-06-11,1,20532926,20532926,Ví điện tử,Đã hủy
DH07393,KH01731,245,2024-06-23,2,11838005,23676010,Thẻ ngân hàng,Đang giao
DH07394,KH00312,88,2025-07-07,2,15268123,30536246,Chuyển khoản,Đang giao
DH07395,KH01437,109,2024-06-15,2,8310763,16621526,Ví điện tử,Đã giao
DH07396,KH01022,498,2025-02-12,2,19498927,38997854,Chuyển khoản,Đã hủy
DH07397,KH00836,98,2025-02-02,2,25849081,51698162,Thẻ ngân hàng,Đang giao
DH07398,KH01561,377,2024-09-12,1,12231914,12231914,Chuyển khoản,Đã hủy
DH07399,KH00321,204,2024-09-14,2,6098253,12196506,COD,Đang giao
DH07400,KH01480,494,2025-04-29,2,4606985,9213970,Chuyển khoản,Đã giao
DH07401,KH00404,34,2024-06-27,2,21526031,43052062,Chuyển khoản,Đã hủy
DH07402,KH00759,269,2024-08-06,1,13567100,13567100,Chuyển khoản,Đã hủy
DH07403,KH00943,467,2024-08-28,2,6408461,12816922,Chuyển khoản,Đã hủy
DH07404,KH00762,334,2025-08-21,3,7901528,23704584,Chuyển khoản,Đã giao
DH07405,KH00648,277,2024-02-20,3,20673499,62020497,Chuyển khoản,Đã hủy
DH07406,KH01414,132,2025-01-19,2,16198314,32396628,Ví điện tử,Đã hủy
DH07407,KH00888,394,2024-12-19,2,14325309,28650618,COD,Đã hủy
DH07408,KH01468,103,2024-03-04,1,17996106,17996106,Ví điện tử,Đã hủy
DH07409,KH00903,187,2025-08-07,1,8866140,8866140,Chuyển khoản,Đã giao
DH07410,KH01800,279,2025-05-31,1,22313060,22313060,Chuyển khoản,Đang giao
DH07411,KH01164,242,2024-02-27,3,1536406,4609218,COD,Đã hủy
DH07412,KH00611,243,2025-09-25,1,9384883,9384883,Chuyển khoản,Đang giao
DH07413,KH01396,440,2025-03-23,2,21263667,42527334,Ví điện tử,Đang giao
DH07414,KH00540,135,2025-11-10,2,18508141,37016282,Chuyển khoản,Đang giao
DH07415,KH00121,112,2024-11-29,1,21786528,21786528,Thẻ ngân hàng,Đang giao
DH07416,KH00989,56,2024-04-11,1,3656281,3656281,Thẻ ngân hàng,Đang giao
DH07417,KH01980,5,2024-11-28,3,6035905,18107715,COD,Đã hủy
DH07418,KH01947,190,2024-07-26,1,19493368,19493368,Ví điện tử,Đã giao
DH07419,KH00168,278,2025-04-17,1,16871480,16871480,Thẻ ngân hàng,Đang giao
DH07420,KH01823,480,2024-05-20,3,9066937,27200811,Ví điện tử,Đã hủy
DH07421,KH01043,30,2025-05-02,3,22850493,68551479,Ví điện tử,Đã hủy
DH07422,KH01768,135,2024-03-23,3,18508141,55524423,Ví điện tử,Đang giao
DH07423,KH01401,207,2024-07-11,3,11794425,35383275,Ví điện tử,Đã giao
DH07424,KH00386,169,2025-01-02,2,25706307,51412614,Ví điện tử,Đã hủy
DH07425,KH00511,19,2025-05-20,3,6165758,18497274,Ví điện tử,Đã giao
DH07426,KH00933,35,2024-12-08,3,5481589,16444767,Thẻ ngân hàng,Đã hủy
DH07427,KH00544,489,2024-01-11,2,23457899,46915798,Thẻ ngân hàng,Đã giao
DH07428,KH00955,182,2025-07-07,3,19817463,59452389,Chuyển khoản,Đã giao
DH07429,KH01667,415,2024-10-24,1,23483261,23483261,Chuyển khoản,Đang giao
DH07430,KH00515,425,2025-12-22,3,12382069,37146207,Thẻ ngân hàng,Đã hủy
DH07431,KH01606,393,2025-11-10,2,15902198,31804396,Thẻ ngân hàng,Đã giao
DH07432,KH01787,389,2024-11-08,1,2247745,2247745,Ví điện tử,Đang giao
DH07433,KH01474,188,2025-12-14,3,2213985,6641955,Thẻ ngân hàng,Đang giao
DH07434,KH00671,34,2025-05-16,3,21526031,64578093,COD,Đã hủy
DH07435,KH01530,17,2025-12-26,2,11252793,22505586,Chuyển khoản,Đã giao
DH07436,KH01211,57,2024-12-11,1,19310306,19310306,COD,Đang giao
DH07437,KH01441,36,2024-06-26,3,4440658,13321974,Ví điện tử,Đã hủy
DH07438,KH00662,195,2025-11-27,1,2797518,2797518,Chuyển khoản,Đang giao
DH07439,KH01328,331,2024-09-06,3,16419785,49259355,Ví điện tử,Đã hủy
DH07440,KH01515,355,2025-04-03,2,19241391,38482782,COD,Đã giao
DH07441,KH01651,408,2025-07-16,3,17462807,52388421,Thẻ ngân hàng,Đang giao
DH07442,KH00409,36,2024-01-26,3,4440658,13321974,Ví điện tử,Đã giao
DH07443,KH01742,441,2025-04-14,1,18385006,18385006,COD,Đang giao
DH07444,KH00495,357,2024-02-27,1,4857102,4857102,Ví điện tử,Đang giao
DH07445,KH00817,29,2025-02-01,2,8608366,17216732,COD,Đã hủy
DH07446,KH01372,373,2024-07-22,2,17596085,35192170,Thẻ ngân hàng,Đã giao
DH07447,KH01346,296,2024-10-31,2,7282780,14565560,Thẻ ngân hàng,Đã giao
DH07448,KH00919,397,2025-01-21,2,23886813,47773626,Chuyển khoản,Đã hủy
DH07449,KH00403,245,2024-12-02,2,11838005,23676010,Chuyển khoản,Đã hủy
DH07450,KH00102,116,2024-05-12,1,17991157,17991157,COD,Đã hủy
DH07451,KH00761,268,2025-06-16,1,20509489,20509489,COD,Đã giao
DH07452,KH01176,495,2025-08-15,1,24537951,24537951,Chuyển khoản,Đang giao
DH07453,KH01901,191,2024-07-17,3,2180855,6542565,Chuyển khoản,Đã giao
DH07454,KH00124,142,2024-03-20,3,23627613,70882839,Thẻ ngân hàng,Đang giao
DH07455,KH00807,465,2024-08-21,2,24131257,48262514,Chuyển khoản,Đã giao
DH07456,KH00988,169,2025-01-26,2,25706307,51412614,Ví điện tử,Đang giao
DH07457,KH00534,42,2025-03-29,3,4888990,14666970,Ví điện tử,Đã hủy
DH07458,KH00622,482,2024-11-04,2,25397322,50794644,COD,Đã hủy
DH07459,KH01254,366,2024-12-24,1,7038014,7038014,Thẻ ngân hàng,Đã hủy
DH07460,KH01942,417,2024-09-19,1,1927702,1927702,Ví điện tử,Đã hủy
DH07461,KH00112,420,2024-12-10,1,7580608,7580608,Thẻ ngân hàng,Đang giao
DH07462,KH01433,21,2024-10-15,1,20692785,20692785,Ví điện tử,Đang giao
DH07463,KH01577,474,2024-05-29,2,13191529,26383058,COD,Đã hủy
DH07464,KH01012,398,2025-06-28,1,4672398,4672398,Ví điện tử,Đã hủy
DH07465,KH00262,499,2024-10-30,1,11225264,11225264,COD,Đang giao
DH07466,KH00893,407,2024-07-07,3,22242654,66727962,COD,Đã giao
DH07467,KH01434,355,2025-09-16,1,19241391,19241391,Ví điện tử,Đã hủy
DH07468,KH00559,256,2025-09-23,1,7503626,7503626,Thẻ ngân hàng,Đang giao
DH07469,KH00425,278,2025-12-26,2,16871480,33742960,Chuyển khoản,Đã hủy
DH07470,KH01284,14,2024-06-11,2,7886377,15772754,Ví điện tử,Đã giao
DH07471,KH01840,104,2025-09-08,1,21205978,21205978,Ví điện tử,Đã hủy
DH07472,KH00781,437,2024-12-11,1,20884762,20884762,COD,Đã giao
DH07473,KH00071,407,2024-06-21,2,22242654,44485308,Ví điện tử,Đã hủy
DH07474,KH01242,463,2025-07-13,2,14123822,28247644,Ví điện tử,Đang giao
DH07475,KH01485,451,2024-08-23,2,18801455,37602910,Ví điện tử,Đang giao
DH07476,KH00674,362,2025-12-01,2,18686057,37372114,Thẻ ngân hàng,Đang giao
DH07477,KH00385,267,2025-08-26,2,20768736,41537472,COD,Đã giao
DH07478,KH01215,499,2025-08-04,3,11225264,33675792,Thẻ ngân hàng,Đang giao
DH07479,KH01894,238,2024-02-18,3,8768981,26306943,COD,Đã hủy
DH07480,KH01873,109,2025-03-25,2,8310763,16621526,Chuyển khoản,Đang giao
DH07481,KH01925,471,2024-08-14,3,25755884,77267652,Thẻ ngân hàng,Đã hủy
DH07482,KH00524,294,2025-02-22,2,20611090,41222180,Thẻ ngân hàng,Đã hủy
DH07483,KH00647,237,2024-03-11,3,5969756,17909268,Chuyển khoản,Đã giao
DH07484,KH00571,301,2024-11-16,1,23179464,23179464,Chuyển khoản,Đã hủy
DH07485,KH01223,267,2025-05-09,2,20768736,41537472,Thẻ ngân hàng,Đã hủy
DH07486,KH01520,419,2024-08-09,1,14450529,14450529,Ví điện tử,Đã giao
DH07487,KH01725,175,2024-03-05,1,4766108,4766108,COD,Đã giao
DH07488,KH00985,297,2024-09-09,1,3729757,3729757,COD,Đang giao
DH07489,KH00509,46,2024-06-02,3,13724985,41174955,Chuyển khoản,Đã giao
DH07490,KH00104,345,2024-06-12,2,24716330,49432660,COD,Đã giao
DH07491,KH01406,466,2025-08-27,2,16269792,32539584,Ví điện tử,Đã giao
DH07492,KH00843,68,2025-10-01,2,14423549,28847098,Chuyển khoản,Đã giao
DH07493,KH00208,166,2024-05-12,2,17284447,34568894,Ví điện tử,Đã giao
DH07494,KH00453,40,2024-10-05,2,13768783,27537566,Chuyển khoản,Đã hủy
DH07495,KH00600,130,2025-04-21,2,8364943,16729886,Chuyển khoản,Đang giao
DH07496,KH01485,103,2025-04-27,1,17996106,17996106,Ví điện tử,Đã giao
DH07497,KH00308,150,2024-04-22,2,22175650,44351300,Chuyển khoản,Đang giao
DH07498,KH00886,228,2024-04-06,3,9625566,28876698,Chuyển khoản,Đã giao
DH07499,KH00918,248,2024-01-03,3,22980553,68941659,COD,Đã giao
DH07500,KH01057,67,2024-08-04,2,2603224,5206448,Thẻ ngân hàng,Đã giao
DH07501,KH01458,332,2024-10-26,1,16273428,16273428,COD,Đang giao
DH07502,KH00978,81,2024-03-11,1,11760834,11760834,Ví điện tử,Đã giao
DH07503,KH01252,107,2024-01-27,2,15707585,31415170,Ví điện tử,Đã giao
DH07504,KH00253,44,2025-05-12,3,12890144,38670432,Ví điện tử,Đã hủy
DH07505,KH00962,158,2024-06-25,2,2814097,5628194,Ví điện tử,Đã giao
DH07506,KH00406,216,2025-11-30,2,13741880,27483760,Thẻ ngân hàng,Đã hủy
DH07507,KH01008,34,2025-02-03,3,21526031,64578093,Chuyển khoản,Đã giao
DH07508,KH00967,101,2024-01-18,3,4709001,14127003,Chuyển khoản,Đã hủy
DH07509,KH00157,11,2025-08-04,1,10235878,10235878,Thẻ ngân hàng,Đã giao
DH07510,KH01870,45,2024-10-15,2,22446227,44892454,Thẻ ngân hàng,Đã giao
DH07511,KH00183,14,2025-08-20,2,7886377,15772754,COD,Đang giao
DH07512,KH00555,56,2024-01-31,3,3656281,10968843,Chuyển khoản,Đã hủy
DH07513,KH00692,31,2025-12-27,2,19561998,39123996,Ví điện tử,Đã hủy
DH07514,KH00722,379,2024-08-12,3,11024419,33073257,Chuyển khoản,Đang giao
DH07515,KH00275,392,2024-02-08,2,2439684,4879368,Thẻ ngân hàng,Đã hủy
DH07516,KH01523,72,2024-09-17,3,11915298,35745894,Chuyển khoản,Đang giao
DH07517,KH01337,130,2024-12-08,3,8364943,25094829,COD,Đã giao
DH07518,KH01243,471,2025-09-08,1,25755884,25755884,Ví điện tử,Đã giao
DH07519,KH00475,25,2025-10-11,3,7741025,23223075,Thẻ ngân hàng,Đang giao
DH07520,KH01284,214,2024-01-31,3,21742788,65228364,Ví điện tử,Đang giao
DH07521,KH01714,3,2025-05-15,2,23951194,47902388,Chuyển khoản,Đã hủy
DH07522,KH00140,309,2024-09-24,1,16160657,16160657,Ví điện tử,Đã giao
DH07523,KH01210,87,2024-07-27,2,1388487,2776974,Thẻ ngân hàng,Đang giao
DH07524,KH00911,123,2024-11-02,3,5880587,17641761,Chuyển khoản,Đang giao
DH07525,KH00273,232,2024-01-17,3,17350864,52052592,Ví điện tử,Đang giao
DH07526,KH00629,405,2024-10-01,1,6786774,6786774,Ví điện tử,Đã giao
DH07527,KH01500,376,2024-01-13,2,7479061,14958122,COD,Đã hủy
DH07528,KH00367,336,2025-08-28,3,20788903,62366709,COD,Đã giao
DH07529,KH01435,193,2025-02-04,1,12107524,12107524,COD,Đang giao
DH07530,KH00701,31,2025-11-13,3,19561998,58685994,Thẻ ngân hàng,Đã giao
DH07531,KH00787,106,2024-03-02,2,3358747,6717494,COD,Đã giao
DH07532,KH01788,324,2025-10-07,3,5235456,15706368,Thẻ ngân hàng,Đang giao
DH07533,KH00790,51,2025-08-28,3,18354531,55063593,COD,Đã giao
DH07534,KH01480,461,2025-11-09,2,13898840,27797680,COD,Đã giao
DH07535,KH01148,205,2025-05-02,3,11351137,34053411,Chuyển khoản,Đã hủy
DH07536,KH00885,123,2024-01-23,3,5880587,17641761,Ví điện tử,Đã giao
DH07537,KH01373,251,2025-06-28,2,11288407,22576814,COD,Đang giao
DH07538,KH01210,280,2025-03-05,2,25571963,51143926,Thẻ ngân hàng,Đã giao
DH07539,KH01216,243,2024-06-22,1,9384883,9384883,Thẻ ngân hàng,Đã hủy
DH07540,KH01304,485,2025-12-31,1,2937854,2937854,Thẻ ngân hàng,Đang giao
DH07541,KH00409,13,2024-05-20,2,24933847,49867694,Ví điện tử,Đang giao
DH07542,KH00327,385,2024-04-19,2,9022052,18044104,COD,Đã giao
DH07543,KH00414,446,2024-08-29,1,10227214,10227214,Thẻ ngân hàng,Đã giao
DH07544,KH00358,366,2025-08-30,1,7038014,7038014,Thẻ ngân hàng,Đã giao
DH07545,KH00640,13,2024-08-20,3,24933847,74801541,Thẻ ngân hàng,Đang giao
DH07546,KH01294,55,2025-11-20,3,17890818,53672454,COD,Đã hủy
DH07547,KH00769,373,2025-11-02,3,17596085,52788255,COD,Đang giao
DH07548,KH01326,31,2024-12-01,2,19561998,39123996,COD,Đã hủy
DH07549,KH00675,4,2025-09-03,1,2033327,2033327,Ví điện tử,Đã giao
DH07550,KH00623,218,2024-04-09,1,7876105,7876105,COD,Đã hủy
DH07551,KH00593,381,2025-07-14,3,3635754,10907262,Chuyển khoản,Đang giao
DH07552,KH01723,494,2025-07-17,3,4606985,13820955,Ví điện tử,Đang giao
DH07553,KH00870,165,2025-01-04,2,25319024,50638048,Ví điện tử,Đã giao
DH07554,KH00377,344,2024-04-20,2,15192156,30384312,Ví điện tử,Đã giao
DH07555,KH00019,237,2024-10-24,1,5969756,5969756,Ví điện tử,Đang giao
DH07556,KH01431,16,2024-06-30,1,1902478,1902478,Thẻ ngân hàng,Đã giao
DH07557,KH01577,105,2025-01-08,3,9768220,29304660,COD,Đã hủy
DH07558,KH00101,77,2024-10-09,1,20281855,20281855,COD,Đã hủy
DH07559,KH00085,374,2024-03-21,3,17616582,52849746,Thẻ ngân hàng,Đang giao
DH07560,KH01650,349,2024-12-03,1,19870600,19870600,Thẻ ngân hàng,Đã giao
DH07561,KH01793,277,2025-11-20,2,20673499,41346998,Ví điện tử,Đang giao
DH07562,KH01288,161,2024-04-07,2,5421161,10842322,Ví điện tử,Đã hủy
DH07563,KH00607,413,2025-02-09,2,19949073,39898146,Ví điện tử,Đã giao
DH07564,KH01740,20,2025-11-12,3,14519905,43559715,Ví điện tử,Đã giao
DH07565,KH00381,3,2025-09-11,3,23951194,71853582,Chuyển khoản,Đã hủy
DH07566,KH01411,447,2024-09-01,1,13793804,13793804,COD,Đang giao
DH07567,KH01128,59,2025-10-27,3,11020945,33062835,COD,Đang giao
DH07568,KH00818,103,2025-07-11,1,17996106,17996106,COD,Đã giao
DH07569,KH00553,64,2025-02-11,3,9718506,29155518,Thẻ ngân hàng,Đã giao
DH07570,KH01522,401,2025-11-02,3,3227628,9682884,Thẻ ngân hàng,Đã hủy
DH07571,KH01262,393,2025-07-09,2,15902198,31804396,COD,Đang giao
DH07572,KH00738,227,2025-08-12,1,23575212,23575212,Ví điện tử,Đang giao
DH07573,KH00503,347,2025-12-11,2,10484449,20968898,Thẻ ngân hàng,Đã giao
DH07574,KH00997,167,2025-09-12,1,19477755,19477755,COD,Đang giao
DH07575,KH00649,40,2024-05-10,3,13768783,41306349,Chuyển khoản,Đang giao
DH07576,KH00856,205,2025-10-10,1,11351137,11351137,Thẻ ngân hàng,Đã hủy
DH07577,KH00235,340,2025-09-01,2,2512853,5025706,Thẻ ngân hàng,Đã giao
DH07578,KH00541,149,2024-01-26,2,20816892,41633784,COD,Đã hủy
DH07579,KH00378,491,2024-05-24,3,23791756,71375268,Ví điện tử,Đang giao
DH07580,KH01513,376,2024-05-15,3,7479061,22437183,Chuyển khoản,Đã giao
DH07581,KH01254,181,2024-10-10,3,1690676,5072028,Ví điện tử,Đã hủy
DH07582,KH00261,174,2025-03-01,2,24577473,49154946,COD,Đã giao
DH07583,KH01841,7,2025-01-18,3,4357180,13071540,Chuyển khoản,Đã hủy
DH07584,KH01267,440,2025-11-16,2,21263667,42527334,Ví điện tử,Đã hủy
DH07585,KH01060,101,2024-11-10,2,4709001,9418002,Chuyển khoản,Đã hủy
DH07586,KH01428,492,2024-09-12,2,8668431,17336862,Chuyển khoản,Đã giao
DH07587,KH01588,106,2025-03-03,2,3358747,6717494,Thẻ ngân hàng,Đã giao
DH07588,KH00097,296,2024-11-05,1,7282780,7282780,Ví điện tử,Đã giao
DH07589,KH01902,358,2024-02-29,1,8803419,8803419,Chuyển khoản,Đã giao
DH07590,KH00136,95,2025-05-08,3,17932883,53798649,Ví điện tử,Đã giao
DH07591,KH00523,388,2024-02-12,2,12500788,25001576,Chuyển khoản,Đã giao
DH07592,KH01694,151,2024-12-17,1,14524360,14524360,Thẻ ngân hàng,Đang giao
DH07593,KH01512,306,2024-06-27,3,9109540,27328620,Ví điện tử,Đã giao
DH07594,KH01064,204,2025-10-30,1,6098253,6098253,Chuyển khoản,Đã hủy
DH07595,KH00722,275,2025-06-27,3,1991880,5975640,Chuyển khoản,Đã giao
DH07596,KH01436,226,2024-11-03,1,24912858,24912858,Thẻ ngân hàng,Đang giao
DH07597,KH00332,134,2025-11-02,1,24009450,24009450,Chuyển khoản,Đã giao
DH07598,KH01169,1,2025-02-01,2,5597326,11194652,COD,Đã hủy
DH07599,KH00037,34,2024-03-20,3,21526031,64578093,Chuyển khoản,Đã hủy
DH07600,KH01496,149,2025-10-15,2,20816892,41633784,Ví điện tử,Đã giao
DH07601,KH01333,321,2025-06-22,3,9556944,28670832,Thẻ ngân hàng,Đã giao
DH07602,KH01213,483,2024-05-10,3,9287345,27862035,COD,Đang giao
DH07603,KH00598,201,2024-11-26,1,14510585,14510585,Chuyển khoản,Đã giao
DH07604,KH01996,8,2025-03-09,3,16791775,50375325,Chuyển khoản,Đã hủy
DH07605,KH01392,40,2024-02-13,2,13768783,27537566,Ví điện tử,Đã hủy
DH07606,KH01699,11,2025-03-25,3,10235878,30707634,Ví điện tử,Đã hủy
DH07607,KH00736,63,2024-07-30,2,25365618,50731236,Ví điện tử,Đã giao
DH07608,KH00009,184,2024-07-23,3,17356432,52069296,Chuyển khoản,Đã giao
DH07609,KH01002,452,2024-11-20,2,6422656,12845312,Ví điện tử,Đã giao
DH07610,KH01603,89,2024-08-09,1,15656852,15656852,Ví điện tử,Đang giao
DH07611,KH01699,347,2025-07-02,1,10484449,10484449,Ví điện tử,Đang giao
DH07612,KH00261,206,2025-05-18,2,9160201,18320402,Ví điện tử,Đã giao
DH07613,KH01117,321,2025-10-07,1,9556944,9556944,Thẻ ngân hàng,Đang giao
DH07614,KH00641,395,2024-04-17,2,15941796,31883592,Chuyển khoản,Đã giao
DH07615,KH01162,162,2024-01-04,3,16154689,48464067,Ví điện tử,Đã hủy
DH07616,KH00833,140,2024-08-07,3,13589526,40768578,Ví điện tử,Đang giao
DH07617,KH01785,286,2024-10-24,1,3106273,3106273,Ví điện tử,Đã giao
DH07618,KH01773,203,2024-06-28,1,2141244,2141244,COD,Đang giao
DH07619,KH00444,439,2024-12-29,2,11444083,22888166,Chuyển khoản,Đang giao
DH07620,KH00451,478,2024-07-09,3,8623329,25869987,Chuyển khoản,Đã giao
DH07621,KH01884,238,2025-05-15,1,8768981,8768981,COD,Đã hủy
DH07622,KH00817,499,2025-08-24,2,11225264,22450528,Thẻ ngân hàng,Đã hủy
DH07623,KH01250,191,2025-12-16,3,2180855,6542565,COD,Đang giao
DH07624,KH01762,80,2024-04-18,1,15432098,15432098,COD,Đang giao
DH07625,KH01667,30,2024-10-13,1,22850493,22850493,Chuyển khoản,Đang giao
DH07626,KH01120,486,2025-07-30,2,14815928,29631856,Thẻ ngân hàng,Đã hủy
DH07627,KH00641,500,2024-08-11,2,12716509,25433018,COD,Đang giao
DH07628,KH00592,452,2024-07-12,2,6422656,12845312,Chuyển khoản,Đã giao
DH07629,KH01664,116,2024-09-14,3,17991157,53973471,Ví điện tử,Đang giao
DH07630,KH00328,81,2024-07-12,2,11760834,23521668,Ví điện tử,Đã giao
DH07631,KH01682,21,2024-07-29,2,20692785,41385570,Ví điện tử,Đang giao
DH07632,KH01620,323,2024-12-24,2,8114299,16228598,Ví điện tử,Đã giao
DH07633,KH01500,273,2024-02-22,2,13267090,26534180,Chuyển khoản,Đang giao
DH07634,KH01896,284,2024-08-23,2,7510427,15020854,Thẻ ngân hàng,Đang giao
DH07635,KH00701,79,2025-04-16,2,5712887,11425774,COD,Đang giao
DH07636,KH01543,161,2024-01-12,3,5421161,16263483,Thẻ ngân hàng,Đã giao
DH07637,KH00147,63,2025-05-29,3,25365618,76096854,Chuyển khoản,Đã giao
DH07638,KH00488,388,2024-03-23,2,12500788,25001576,Ví điện tử,Đã hủy
DH07639,KH01825,205,2025-05-06,2,11351137,22702274,Thẻ ngân hàng,Đã hủy
DH07640,KH00076,240,2025-06-28,2,23483447,46966894,Thẻ ngân hàng,Đang giao
DH07641,KH00465,304,2025-10-14,2,24317139,48634278,Thẻ ngân hàng,Đã hủy
DH07642,KH01288,314,2024-01-26,1,21535304,21535304,Chuyển khoản,Đã giao
DH07643,KH00284,209,2025-11-24,3,11044537,33133611,Ví điện tử,Đang giao
DH07644,KH00091,67,2024-03-08,1,2603224,2603224,Ví điện tử,Đã giao
DH07645,KH00789,269,2024-02-18,3,13567100,40701300,Ví điện tử,Đang giao
DH07646,KH00404,347,2025-04-25,1,10484449,10484449,Chuyển khoản,Đang giao
DH07647,KH01080,442,2025-07-17,3,14674667,44024001,Thẻ ngân hàng,Đã giao
DH07648,KH01582,55,2024-12-27,2,17890818,35781636,COD,Đã hủy
DH07649,KH01343,411,2025-12-31,3,15292733,45878199,COD,Đã hủy
DH07650,KH01968,369,2025-08-12,3,10752264,32256792,COD,Đang giao
DH07651,KH01591,442,2024-10-31,1,14674667,14674667,Thẻ ngân hàng,Đã giao
DH07652,KH01398,422,2025-02-02,2,12003004,24006008,Ví điện tử,Đã hủy
DH07653,KH01762,289,2024-01-21,3,4921805,14765415,Ví điện tử,Đã hủy
DH07654,KH00450,172,2024-06-30,2,11563207,23126414,Chuyển khoản,Đang giao
DH07655,KH01793,434,2024-11-13,1,20511341,20511341,Chuyển khoản,Đã giao
DH07656,KH00730,92,2024-09-19,3,11092983,33278949,Ví điện tử,Đã hủy
DH07657,KH00645,410,2024-01-31,1,12647688,12647688,COD,Đang giao
DH07658,KH00730,196,2025-07-13,1,9383000,9383000,Chuyển khoản,Đã hủy
DH07659,KH01974,386,2024-02-24,2,11489944,22979888,Thẻ ngân hàng,Đã hủy
DH07660,KH01561,271,2025-01-11,1,8962577,8962577,Ví điện tử,Đã giao
DH07661,KH01720,284,2024-02-25,3,7510427,22531281,Chuyển khoản,Đang giao
DH07662,KH01793,366,2024-09-08,3,7038014,21114042,Thẻ ngân hàng,Đã hủy
DH07663,KH01033,167,2024-05-22,2,19477755,38955510,Ví điện tử,Đã hủy
DH07664,KH01930,114,2024-02-08,3,5461510,16384530,Chuyển khoản,Đã giao
DH07665,KH01818,13,2025-02-21,3,24933847,74801541,Thẻ ngân hàng,Đã giao
DH07666,KH00914,239,2025-09-12,2,9904462,19808924,Chuyển khoản,Đã hủy
DH07667,KH00628,204,2024-06-18,3,6098253,18294759,Thẻ ngân hàng,Đang giao
DH07668,KH00119,59,2024-10-15,1,11020945,11020945,Thẻ ngân hàng,Đang giao
DH07669,KH00254,427,2025-06-28,1,12881666,12881666,Chuyển khoản,Đã giao
DH07670,KH01478,89,2024-04-02,3,15656852,46970556,COD,Đã hủy
DH07671,KH01010,113,2025-10-05,3,9188480,27565440,Ví điện tử,Đã giao
DH07672,KH00858,313,2025-01-17,3,2770705,8312115,Chuyển khoản,Đang giao
DH07673,KH01135,140,2024-01-05,2,13589526,27179052,Chuyển khoản,Đã hủy
DH07674,KH00678,456,2024-06-02,3,1907183,5721549,Ví điện tử,Đã giao
DH07675,KH00634,260,2025-01-28,1,5169564,5169564,Thẻ ngân hàng,Đã giao
DH07676,KH01623,327,2024-03-07,1,6561107,6561107,Thẻ ngân hàng,Đã hủy
DH07677,KH00837,452,2025-11-23,3,6422656,19267968,Ví điện tử,Đã hủy
DH07678,KH01638,171,2025-08-23,1,16022163,16022163,Chuyển khoản,Đã hủy
DH07679,KH01851,120,2024-12-09,3,23629104,70887312,Thẻ ngân hàng,Đã giao
DH07680,KH00197,393,2024-05-15,3,15902198,47706594,Ví điện tử,Đã giao
DH07681,KH01159,280,2025-01-24,1,25571963,25571963,Thẻ ngân hàng,Đã giao
DH07682,KH01081,197,2025-01-02,2,1767828,3535656,COD,Đang giao
DH07683,KH00633,468,2025-10-25,2,21281263,42562526,COD,Đã giao
DH07684,KH00590,481,2024-03-26,2,11804603,23609206,Ví điện tử,Đã hủy
DH07685,KH01552,193,2024-11-22,1,12107524,12107524,COD,Đã hủy
DH07686,KH01881,494,2025-12-30,2,4606985,9213970,COD,Đang giao
DH07687,KH00609,83,2025-07-02,2,10278942,20557884,Ví điện tử,Đã hủy
DH07688,KH01027,165,2025-09-02,2,25319024,50638048,Thẻ ngân hàng,Đang giao
DH07689,KH01685,6,2024-06-03,3,15618829,46856487,COD,Đã hủy
DH07690,KH01023,467,2024-03-22,1,6408461,6408461,Thẻ ngân hàng,Đã hủy
DH07691,KH00586,291,2024-10-15,1,19063989,19063989,COD,Đã hủy
DH07692,KH01705,470,2025-02-06,1,2362889,2362889,COD,Đã giao
DH07693,KH00636,32,2024-01-11,3,16788448,50365344,Thẻ ngân hàng,Đã giao
DH07694,KH00914,83,2025-11-16,1,10278942,10278942,Chuyển khoản,Đã giao
DH07695,KH01775,95,2025-02-24,1,17932883,17932883,COD,Đã hủy
DH07696,KH01112,425,2024-10-17,1,12382069,12382069,Chuyển khoản,Đã hủy
DH07697,KH01240,335,2025-10-13,1,6359823,6359823,Ví điện tử,Đang giao
DH07698,KH01533,98,2024-05-11,1,25849081,25849081,Ví điện tử,Đã giao
DH07699,KH00732,499,2025-07-21,1,11225264,11225264,Thẻ ngân hàng,Đã giao
DH07700,KH01885,262,2024-05-08,2,15404344,30808688,Ví điện tử,Đang giao
DH07701,KH01608,264,2025-08-11,2,7333700,14667400,Ví điện tử,Đang giao
DH07702,KH01714,94,2024-04-20,3,4892461,14677383,Thẻ ngân hàng,Đã giao
DH07703,KH00879,71,2025-06-14,1,20920065,20920065,COD,Đang giao
DH07704,KH00921,377,2024-10-13,3,12231914,36695742,Ví điện tử,Đã hủy
DH07705,KH01184,68,2025-01-07,1,14423549,14423549,Thẻ ngân hàng,Đang giao
DH07706,KH01528,230,2025-10-18,3,4583309,13749927,COD,Đã hủy
DH07707,KH01710,454,2025-10-29,2,24379043,48758086,Ví điện tử,Đã giao
DH07708,KH01843,303,2024-03-01,3,19460829,58382487,Ví điện tử,Đang giao
DH07709,KH01884,218,2024-04-19,1,7876105,7876105,Chuyển khoản,Đã giao
DH07710,KH00120,105,2024-10-24,3,9768220,29304660,Thẻ ngân hàng,Đã giao
DH07711,KH01116,155,2024-11-27,1,23734363,23734363,Chuyển khoản,Đã giao
DH07712,KH00523,367,2025-02-13,2,21910738,43821476,Ví điện tử,Đang giao
DH07713,KH00497,419,2025-11-17,2,14450529,28901058,Chuyển khoản,Đã giao
DH07714,KH01967,369,2025-05-02,3,10752264,32256792,Thẻ ngân hàng,Đã hủy
DH07715,KH01621,364,2024-02-06,3,14254399,42763197,Thẻ ngân hàng,Đã giao
DH07716,KH01036,477,2024-03-20,1,17019502,17019502,Ví điện tử,Đã hủy
DH07717,KH00040,346,2025-08-05,1,15198565,15198565,Ví điện tử,Đã giao
DH07718,KH01721,55,2025-10-02,3,17890818,53672454,COD,Đang giao
DH07719,KH00734,28,2024-08-12,2,8340920,16681840,COD,Đã giao
DH07720,KH00247,29,2025-04-27,2,8608366,17216732,Thẻ ngân hàng,Đã hủy
DH07721,KH00496,133,2025-09-12,1,25260384,25260384,Chuyển khoản,Đã hủy
DH07722,KH01982,334,2025-02-07,3,7901528,23704584,COD,Đang giao
DH07723,KH01836,419,2025-12-07,2,14450529,28901058,Ví điện tử,Đã giao
DH07724,KH00870,301,2024-09-13,3,23179464,69538392,Thẻ ngân hàng,Đã giao
DH07725,KH01055,213,2024-11-15,2,9135747,18271494,Ví điện tử,Đã hủy
DH07726,KH00415,422,2024-11-09,1,12003004,12003004,Chuyển khoản,Đang giao
DH07727,KH01135,424,2024-03-30,3,19568438,58705314,Ví điện tử,Đang giao
DH07728,KH00664,222,2024-07-05,2,24480557,48961114,Chuyển khoản,Đã hủy
DH07729,KH00695,197,2024-01-10,1,1767828,1767828,Thẻ ngân hàng,Đã hủy
DH07730,KH00894,499,2025-01-03,3,11225264,33675792,COD,Đã hủy
DH07731,KH00250,282,2024-09-19,2,9983595,19967190,COD,Đã giao
DH07732,KH00595,88,2025-03-20,3,15268123,45804369,COD,Đã giao
DH07733,KH00781,64,2024-02-12,1,9718506,9718506,Thẻ ngân hàng,Đang giao
DH07734,KH01003,29,2025-02-02,1,8608366,8608366,Ví điện tử,Đang giao
DH07735,KH00577,430,2024-01-08,2,11677101,23354202,Chuyển khoản,Đang giao
DH07736,KH01859,399,2024-03-26,2,2042288,4084576,Thẻ ngân hàng,Đang giao
DH07737,KH00611,37,2024-01-19,3,24694673,74084019,Ví điện tử,Đã giao
DH07738,KH00762,199,2024-11-25,1,15317157,15317157,Thẻ ngân hàng,Đang giao
DH07739,KH01133,126,2024-04-26,1,7453646,7453646,COD,Đã hủy
DH07740,KH01418,284,2025-01-21,2,7510427,15020854,Chuyển khoản,Đã giao
DH07741,KH00073,260,2024-06-05,3,5169564,15508692,Thẻ ngân hàng,Đã giao
DH07742,KH01816,306,2025-09-23,3,9109540,27328620,Chuyển khoản,Đã giao
DH07743,KH00477,67,2025-08-11,2,2603224,5206448,Ví điện tử,Đang giao
DH07744,KH00006,294,2024-03-27,1,20611090,20611090,Ví điện tử,Đang giao
DH07745,KH01747,262,2025-11-13,1,15404344,15404344,Ví điện tử,Đang giao
DH07746,KH01129,238,2025-06-22,1,8768981,8768981,Thẻ ngân hàng,Đã giao
DH07747,KH00367,154,2025-06-21,2,5917692,11835384,Thẻ ngân hàng,Đã hủy
DH07748,KH00517,391,2024-06-03,3,14598944,43796832,Thẻ ngân hàng,Đang giao
DH07749,KH01509,195,2024-07-02,1,2797518,2797518,Chuyển khoản,Đã giao
DH07750,KH00189,492,2024-08-11,1,8668431,8668431,COD,Đang giao
DH07751,KH01005,210,2025-03-09,3,20061356,60184068,COD,Đã hủy
DH07752,KH00277,90,2024-04-06,2,19909796,39819592,Ví điện tử,Đang giao
DH07753,KH01587,261,2025-07-22,2,8666850,17333700,COD,Đã hủy
DH07754,KH00177,228,2024-05-15,3,9625566,28876698,Ví điện tử,Đang giao
DH07755,KH01658,334,2025-12-16,2,7901528,15803056,COD,Đã hủy
DH07756,KH00702,482,2024-10-25,2,25397322,50794644,Ví điện tử,Đang giao
DH07757,KH01842,164,2024-07-31,3,12450217,37350651,COD,Đang giao
DH07758,KH01962,336,2024-07-09,2,20788903,41577806,Ví điện tử,Đã hủy
DH07759,KH01993,395,2024-07-17,2,15941796,31883592,Ví điện tử,Đang giao
DH07760,KH00133,36,2025-01-25,1,4440658,4440658,COD,Đã hủy
DH07761,KH01287,4,2025-09-05,2,2033327,4066654,COD,Đang giao
DH07762,KH01041,364,2024-05-31,2,14254399,28508798,COD,Đang giao
DH07763,KH01386,170,2024-03-26,1,18830250,18830250,Thẻ ngân hàng,Đã giao
DH07764,KH01214,314,2025-12-14,3,21535304,64605912,COD,Đang giao
DH07765,KH00951,224,2025-05-23,1,17686916,17686916,Ví điện tử,Đã giao
DH07766,KH00320,163,2025-10-07,3,5148746,15446238,Ví điện tử,Đã giao
DH07767,KH01307,414,2024-11-16,1,8838663,8838663,Thẻ ngân hàng,Đã giao
DH07768,KH01414,393,2025-01-11,3,15902198,47706594,Thẻ ngân hàng,Đang giao
DH07769,KH00833,370,2025-02-04,3,16487087,49461261,Chuyển khoản,Đã hủy
DH07770,KH01903,25,2024-12-04,1,7741025,7741025,Ví điện tử,Đang giao
DH07771,KH00368,234,2024-03-01,3,12378563,37135689,COD,Đã giao
DH07772,KH00046,498,2024-03-10,2,19498927,38997854,Chuyển khoản,Đã hủy
DH07773,KH00785,124,2024-11-23,3,18670083,56010249,Ví điện tử,Đang giao
DH07774,KH01943,273,2024-05-20,3,13267090,39801270,Chuyển khoản,Đang giao
DH07775,KH00707,486,2024-09-01,1,14815928,14815928,Ví điện tử,Đã hủy
DH07776,KH01498,272,2025-12-27,3,15085613,45256839,Thẻ ngân hàng,Đã hủy
DH07777,KH00255,168,2024-02-20,3,4959346,14878038,Thẻ ngân hàng,Đã hủy
DH07778,KH01929,17,2025-10-19,3,11252793,33758379,Thẻ ngân hàng,Đã hủy
DH07779,KH00726,266,2024-01-20,3,8991711,26975133,Ví điện tử,Đã giao
DH07780,KH01096,35,2025-02-03,3,5481589,16444767,COD,Đang giao
DH07781,KH00978,192,2025-06-19,2,10036440,20072880,Ví điện tử,Đang giao
DH07782,KH01467,45,2024-02-10,3,22446227,67338681,Ví điện tử,Đang giao
DH07783,KH01402,463,2025-05-27,2,14123822,28247644,Thẻ ngân hàng,Đã hủy
DH07784,KH00275,79,2024-09-28,3,5712887,17138661,Thẻ ngân hàng,Đang giao
DH07785,KH01182,290,2024-07-25,3,14771023,44313069,Chuyển khoản,Đang giao
DH07786,KH00342,266,2025-04-30,1,8991711,8991711,Thẻ ngân hàng,Đã giao
DH07787,KH01241,37,2024-09-07,1,24694673,24694673,Chuyển khoản,Đã giao
DH07788,KH01170,11,2025-08-22,1,10235878,10235878,Chuyển khoản,Đang giao
DH07789,KH01300,484,2024-01-23,2,9546339,19092678,Thẻ ngân hàng,Đã giao
DH07790,KH00408,163,2024-01-23,2,5148746,10297492,COD,Đã giao
DH07791,KH01122,353,2025-11-27,2,17335247,34670494,Thẻ ngân hàng,Đang giao
DH07792,KH01095,144,2024-05-18,1,6059706,6059706,COD,Đã hủy
DH07793,KH01852,153,2025-11-25,3,9382132,28146396,COD,Đang giao
DH07794,KH00405,166,2024-02-17,2,17284447,34568894,Chuyển khoản,Đã giao
DH07795,KH00507,468,2024-10-23,1,21281263,21281263,Thẻ ngân hàng,Đã giao
DH07796,KH00422,361,2025-06-25,3,2131412,6394236,Ví điện tử,Đã hủy
DH07797,KH00281,347,2025-01-24,2,10484449,20968898,Chuyển khoản,Đã hủy
DH07798,KH00517,155,2024-10-05,2,23734363,47468726,COD,Đã hủy
DH07799,KH01431,210,2024-09-22,2,20061356,40122712,Ví điện tử,Đang giao
DH07800,KH00536,141,2024-12-27,2,22227393,44454786,COD,Đã hủy
DH07801,KH00808,384,2024-07-13,2,7946719,15893438,COD,Đang giao
DH07802,KH01535,353,2025-05-05,3,17335247,52005741,Thẻ ngân hàng,Đã giao
DH07803,KH00842,90,2025-11-27,2,19909796,39819592,Thẻ ngân hàng,Đã hủy
DH07804,KH00927,460,2024-11-04,1,15973168,15973168,COD,Đã hủy
DH07805,KH01055,118,2025-08-09,3,6945092,20835276,Thẻ ngân hàng,Đang giao
DH07806,KH00843,303,2025-06-07,3,19460829,58382487,Thẻ ngân hàng,Đang giao
DH07807,KH01534,194,2024-11-11,2,10519150,21038300,Chuyển khoản,Đã hủy
DH07808,KH01013,389,2024-03-21,2,2247745,4495490,COD,Đang giao
DH07809,KH00740,408,2024-05-19,2,17462807,34925614,Chuyển khoản,Đã hủy
DH07810,KH01019,108,2025-01-01,3,16704100,50112300,Thẻ ngân hàng,Đang giao
DH07811,KH01869,24,2025-11-23,3,1688485,5065455,Thẻ ngân hàng,Đang giao
DH07812,KH00993,496,2024-11-11,2,14220784,28441568,Chuyển khoản,Đang giao
DH07813,KH00350,203,2024-08-30,1,2141244,2141244,Ví điện tử,Đã hủy
DH07814,KH01880,448,2024-04-01,2,1655313,3310626,Thẻ ngân hàng,Đang giao
DH07815,KH01694,208,2024-09-23,1,16507221,16507221,COD,Đang giao
DH07816,KH01381,455,2025-01-28,3,2445683,7337049,Thẻ ngân hàng,Đã hủy
DH07817,KH00407,451,2025-06-20,2,18801455,37602910,Thẻ ngân hàng,Đang giao
DH07818,KH00658,372,2024-08-03,1,11933021,11933021,COD,Đang giao
DH07819,KH01380,70,2024-08-13,1,24683647,24683647,Thẻ ngân hàng,Đã giao
DH07820,KH01252,400,2025-03-30,1,19389256,19389256,Thẻ ngân hàng,Đã giao
DH07821,KH01766,330,2025-12-19,3,21871930,65615790,Chuyển khoản,Đang giao
DH07822,KH00105,367,2025-09-30,3,21910738,65732214,Thẻ ngân hàng,Đã giao
DH07823,KH01741,351,2025-09-11,2,13618008,27236016,Chuyển khoản,Đã hủy
DH07824,KH01711,8,2024-05-06,2,16791775,33583550,COD,Đã hủy
DH07825,KH00372,65,2024-09-09,3,20123002,60369006,Thẻ ngân hàng,Đã hủy
DH07826,KH01507,452,2025-11-14,2,6422656,12845312,Thẻ ngân hàng,Đang giao
DH07827,KH01019,433,2024-09-26,3,2223429,6670287,Chuyển khoản,Đã hủy
DH07828,KH00567,333,2025-06-30,3,4723884,14171652,Chuyển khoản,Đã hủy
DH07829,KH01476,48,2025-01-22,3,10369706,31109118,Thẻ ngân hàng,Đã hủy
DH07830,KH01786,348,2024-04-11,2,16075438,32150876,Thẻ ngân hàng,Đang giao
DH07831,KH01223,184,2024-08-11,2,17356432,34712864,COD,Đã giao
DH07832,KH01689,488,2025-09-07,2,1330310,2660620,COD,Đã giao
DH07833,KH01719,282,2025-07-05,1,9983595,9983595,Thẻ ngân hàng,Đã hủy
DH07834,KH00204,4,2024-08-12,3,2033327,6099981,Thẻ ngân hàng,Đã giao
DH07835,KH01078,68,2025-01-06,3,14423549,43270647,COD,Đang giao
DH07836,KH01401,269,2024-07-08,2,13567100,27134200,COD,Đã hủy
DH07837,KH00307,449,2024-04-13,2,7676975,15353950,COD,Đã giao
DH07838,KH01367,446,2025-07-26,3,10227214,30681642,Ví điện tử,Đã giao
DH07839,KH00149,93,2024-10-16,3,14686287,44058861,Ví điện tử,Đang giao
DH07840,KH00039,470,2024-06-19,2,2362889,4725778,COD,Đang giao
DH07841,KH01014,63,2025-02-03,2,25365618,50731236,Thẻ ngân hàng,Đang giao
DH07842,KH01650,137,2024-12-12,3,20559073,61677219,COD,Đã hủy
DH07843,KH01512,51,2025-04-04,2,18354531,36709062,COD,Đã hủy
DH07844,KH00634,295,2024-09-17,1,2326130,2326130,Ví điện tử,Đã hủy
DH07845,KH01196,379,2024-10-13,1,11024419,11024419,Thẻ ngân hàng,Đang giao
DH07846,KH00693,327,2025-06-26,2,6561107,13122214,Chuyển khoản,Đã hủy
DH07847,KH00920,110,2024-11-22,1,2655742,2655742,Chuyển khoản,Đã hủy
DH07848,KH01034,330,2025-12-31,2,21871930,43743860,Ví điện tử,Đã hủy
DH07849,KH00960,378,2025-08-09,3,5459248,16377744,Ví điện tử,Đã hủy
DH07850,KH00734,474,2024-02-03,3,13191529,39574587,COD,Đã giao
DH07851,KH00373,305,2024-04-28,1,19848099,19848099,Thẻ ngân hàng,Đang giao
DH07852,KH01023,318,2024-01-10,2,23570935,47141870,Thẻ ngân hàng,Đã hủy
DH07853,KH00840,173,2025-11-16,1,8932665,8932665,COD,Đã giao
DH07854,KH00586,164,2024-07-01,3,12450217,37350651,Thẻ ngân hàng,Đã giao
DH07855,KH01580,83,2025-09-13,1,10278942,10278942,Ví điện tử,Đã hủy
DH07856,KH00133,329,2025-09-03,3,13517918,40553754,COD,Đang giao
DH07857,KH00301,201,2024-07-08,2,14510585,29021170,Thẻ ngân hàng,Đã giao
DH07858,KH00590,163,2024-08-24,1,5148746,5148746,Chuyển khoản,Đang giao
DH07859,KH00939,325,2025-08-19,2,16561482,33122964,Chuyển khoản,Đang giao
DH07860,KH00566,476,2024-03-03,3,5610573,16831719,Thẻ ngân hàng,Đã giao
DH07861,KH01816,304,2024-03-17,3,24317139,72951417,COD,Đã giao
DH07862,KH01221,351,2024-10-06,1,13618008,13618008,Thẻ ngân hàng,Đã hủy
DH07863,KH01294,373,2024-12-27,1,17596085,17596085,Thẻ ngân hàng,Đang giao
DH07864,KH00849,150,2025-06-26,1,22175650,22175650,Thẻ ngân hàng,Đã hủy
DH07865,KH00668,426,2025-08-28,1,22978827,22978827,Chuyển khoản,Đã giao
DH07866,KH00004,206,2025-09-02,3,9160201,27480603,Chuyển khoản,Đã giao
DH07867,KH01260,118,2024-04-24,2,6945092,13890184,Chuyển khoản,Đã hủy
DH07868,KH00422,66,2025-12-28,2,9292701,18585402,Chuyển khoản,Đã giao
DH07869,KH01169,53,2025-07-01,3,18088695,54266085,COD,Đã giao
DH07870,KH01982,250,2024-01-20,3,5901364,17704092,Thẻ ngân hàng,Đã giao
DH07871,KH01604,294,2024-02-01,1,20611090,20611090,Chuyển khoản,Đã hủy
DH07872,KH01696,219,2025-01-31,2,20274689,40549378,Ví điện tử,Đã hủy
DH07873,KH01970,65,2024-11-18,2,20123002,40246004,COD,Đã giao
DH07874,KH01995,20,2025-03-18,1,14519905,14519905,Chuyển khoản,Đã hủy
DH07875,KH01973,402,2025-10-03,1,14448552,14448552,Thẻ ngân hàng,Đã hủy
DH07876,KH00593,356,2025-04-08,2,23139278,46278556,Ví điện tử,Đã hủy
DH07877,KH00491,116,2025-06-14,1,17991157,17991157,Thẻ ngân hàng,Đã giao
DH07878,KH00693,22,2024-09-10,1,24114298,24114298,Ví điện tử,Đã giao
DH07879,KH00886,290,2025-06-21,1,14771023,14771023,COD,Đã hủy
DH07880,KH00309,250,2024-06-27,3,5901364,17704092,Thẻ ngân hàng,Đang giao
DH07881,KH00164,135,2025-03-08,3,18508141,55524423,COD,Đang giao
DH07882,KH00426,257,2024-07-19,3,22709217,68127651,Chuyển khoản,Đã hủy
DH07883,KH01568,111,2024-04-27,1,5190528,5190528,Thẻ ngân hàng,Đã giao
DH07884,KH01971,63,2025-03-29,2,25365618,50731236,COD,Đã hủy
DH07885,KH01733,466,2025-03-24,2,16269792,32539584,Ví điện tử,Đang giao
DH07886,KH00281,145,2024-12-22,1,13595803,13595803,COD,Đang giao
DH07887,KH00796,496,2025-05-28,3,14220784,42662352,Ví điện tử,Đã giao
DH07888,KH00861,484,2024-11-18,2,9546339,19092678,COD,Đã giao
DH07889,KH00747,1,2025-06-23,3,5597326,16791978,Chuyển khoản,Đã giao
DH07890,KH01909,137,2024-06-05,3,20559073,61677219,Thẻ ngân hàng,Đang giao
DH07891,KH01983,225,2025-07-22,2,17350639,34701278,Ví điện tử,Đã hủy
DH07892,KH00691,103,2024-09-19,2,17996106,35992212,COD,Đang giao
DH07893,KH00206,430,2025-07-13,1,11677101,11677101,COD,Đang giao
DH07894,KH00982,395,2025-08-09,2,15941796,31883592,Thẻ ngân hàng,Đang giao
DH07895,KH00987,405,2025-04-04,2,6786774,13573548,Chuyển khoản,Đã hủy
DH07896,KH01614,277,2025-05-12,3,20673499,62020497,Chuyển khoản,Đang giao
DH07897,KH00582,291,2025-05-25,1,19063989,19063989,Thẻ ngân hàng,Đang giao
DH07898,KH00796,500,2024-04-12,1,12716509,12716509,Chuyển khoản,Đã hủy
DH07899,KH00861,158,2025-12-14,3,2814097,8442291,Thẻ ngân hàng,Đang giao
DH07900,KH01756,50,2025-04-05,1,16126277,16126277,Ví điện tử,Đã hủy
DH07901,KH01444,239,2025-11-08,2,9904462,19808924,Ví điện tử,Đã hủy
DH07902,KH01386,28,2024-11-13,3,8340920,25022760,Chuyển khoản,Đã hủy
DH07903,KH00352,37,2024-03-05,2,24694673,49389346,Ví điện tử,Đang giao
DH07904,KH01153,481,2024-01-29,3,11804603,35413809,Chuyển khoản,Đã giao
DH07905,KH00126,380,2025-02-03,2,7759711,15519422,Thẻ ngân hàng,Đã giao
DH07906,KH00079,386,2025-08-31,3,11489944,34469832,Chuyển khoản,Đang giao
DH07907,KH01625,96,2025-01-20,2,2158473,4316946,Chuyển khoản,Đã hủy
DH07908,KH01857,420,2024-11-14,2,7580608,15161216,Ví điện tử,Đã giao
DH07909,KH01210,397,2024-03-26,2,23886813,47773626,Chuyển khoản,Đang giao
DH07910,KH01662,377,2025-06-11,2,12231914,24463828,COD,Đã giao
DH07911,KH00368,203,2024-09-08,1,2141244,2141244,Ví điện tử,Đã hủy
DH07912,KH01542,498,2024-02-10,2,19498927,38997854,Thẻ ngân hàng,Đang giao
DH07913,KH01758,240,2024-01-14,3,23483447,70450341,COD,Đã giao
DH07914,KH01100,298,2025-02-04,3,19424399,58273197,COD,Đã hủy
DH07915,KH01918,228,2024-04-13,2,9625566,19251132,Chuyển khoản,Đã giao
DH07916,KH00414,65,2024-02-24,3,20123002,60369006,Chuyển khoản,Đã giao
DH07917,KH01047,62,2025-10-06,3,17040933,51122799,COD,Đã giao
DH07918,KH01398,242,2024-07-17,2,1536406,3072812,Thẻ ngân hàng,Đã giao
DH07919,KH00148,70,2025-11-24,2,24683647,49367294,Chuyển khoản,Đã giao
DH07920,KH01991,240,2024-02-09,2,23483447,46966894,Chuyển khoản,Đã giao
DH07921,KH00725,455,2024-09-03,2,2445683,4891366,Ví điện tử,Đã hủy
DH07922,KH00060,202,2024-09-22,3,10502987,31508961,Ví điện tử,Đang giao
DH07923,KH01003,147,2025-07-03,1,13624031,13624031,COD,Đã hủy
DH07924,KH00430,186,2025-09-16,1,11833611,11833611,Ví điện tử,Đã giao
DH07925,KH00236,168,2024-04-02,1,4959346,4959346,COD,Đã giao
DH07926,KH01380,318,2025-10-04,2,23570935,47141870,Chuyển khoản,Đã hủy
DH07927,KH01186,258,2024-09-05,2,12909089,25818178,Chuyển khoản,Đã hủy
DH07928,KH01936,344,2025-09-15,1,15192156,15192156,Chuyển khoản,Đã giao
DH07929,KH01726,25,2024-12-03,1,7741025,7741025,Chuyển khoản,Đã hủy
DH07930,KH01491,250,2024-01-05,3,5901364,17704092,Ví điện tử,Đã giao
DH07931,KH01607,371,2025-12-03,1,15596681,15596681,Thẻ ngân hàng,Đang giao
DH07932,KH00942,463,2025-10-01,1,14123822,14123822,Chuyển khoản,Đã giao
DH07933,KH01200,300,2024-03-09,3,20713031,62139093,COD,Đã giao
DH07934,KH00792,88,2024-05-15,1,15268123,15268123,Ví điện tử,Đã giao
DH07935,KH00803,491,2025-03-19,3,23791756,71375268,COD,Đã hủy
DH07936,KH01135,291,2025-07-19,3,19063989,57191967,COD,Đã hủy
DH07937,KH01822,77,2025-12-31,1,20281855,20281855,Thẻ ngân hàng,Đang giao
DH07938,KH00415,473,2025-05-21,2,8143318,16286636,COD,Đã giao
DH07939,KH00865,312,2024-10-16,1,22250953,22250953,Chuyển khoản,Đã giao
DH07940,KH01744,419,2025-10-20,1,14450529,14450529,COD,Đang giao
DH07941,KH01269,240,2025-04-26,1,23483447,23483447,COD,Đang giao
DH07942,KH01756,114,2025-11-30,1,5461510,5461510,Ví điện tử,Đã giao
DH07943,KH01426,37,2025-03-25,1,24694673,24694673,Thẻ ngân hàng,Đã hủy
DH07944,KH01147,104,2024-05-01,1,21205978,21205978,Chuyển khoản,Đã giao
DH07945,KH01989,134,2024-10-30,3,24009450,72028350,Chuyển khoản,Đang giao
DH07946,KH00528,322,2025-09-12,2,4789634,9579268,Chuyển khoản,Đang giao
DH07947,KH00837,482,2025-09-06,2,25397322,50794644,COD,Đang giao
DH07948,KH00924,413,2025-01-27,1,19949073,19949073,Thẻ ngân hàng,Đã hủy
DH07949,KH01086,51,2025-01-29,2,18354531,36709062,Thẻ ngân hàng,Đã giao
DH07950,KH00567,109,2024-04-07,2,8310763,16621526,Ví điện tử,Đã giao
DH07951,KH01755,353,2024-10-09,1,17335247,17335247,Ví điện tử,Đã hủy
DH07952,KH00041,315,2025-01-21,2,7916762,15833524,Ví điện tử,Đã hủy
DH07953,KH00645,304,2025-05-09,2,24317139,48634278,Ví điện tử,Đang giao
DH07954,KH00305,313,2024-09-30,3,2770705,8312115,Chuyển khoản,Đã hủy
DH07955,KH00960,347,2025-07-04,2,10484449,20968898,Thẻ ngân hàng,Đang giao
DH07956,KH00358,277,2025-02-01,2,20673499,41346998,Ví điện tử,Đã hủy
DH07957,KH00848,243,2025-01-29,2,9384883,18769766,Ví điện tử,Đã hủy
DH07958,KH00820,95,2025-10-06,3,17932883,53798649,COD,Đã hủy
DH07959,KH00052,89,2025-11-19,1,15656852,15656852,Thẻ ngân hàng,Đã giao
DH07960,KH00655,217,2024-07-17,1,21518753,21518753,COD,Đang giao
DH07961,KH01882,255,2024-02-02,3,11357464,34072392,Thẻ ngân hàng,Đã hủy
DH07962,KH01149,135,2025-01-02,2,18508141,37016282,Ví điện tử,Đã hủy
DH07963,KH01601,43,2025-08-06,3,14663576,43990728,Chuyển khoản,Đang giao
DH07964,KH00194,412,2024-06-16,2,5966347,11932694,Ví điện tử,Đang giao
DH07965,KH00457,275,2025-03-31,1,1991880,1991880,Chuyển khoản,Đã giao
DH07966,KH01634,348,2025-10-20,3,16075438,48226314,Thẻ ngân hàng,Đang giao
DH07967,KH01634,153,2024-11-23,1,9382132,9382132,COD,Đã giao
DH07968,KH01881,321,2024-10-01,1,9556944,9556944,Chuyển khoản,Đang giao
DH07969,KH01605,450,2024-09-11,3,19208894,57626682,Ví điện tử,Đang giao
DH07970,KH01588,88,2024-03-18,3,15268123,45804369,COD,Đang giao
DH07971,KH00771,213,2025-10-22,1,9135747,9135747,COD,Đang giao
DH07972,KH01278,214,2025-10-13,2,21742788,43485576,Ví điện tử,Đã hủy
DH07973,KH00268,195,2025-03-04,2,2797518,5595036,Ví điện tử,Đã giao
DH07974,KH00982,450,2024-04-12,1,19208894,19208894,COD,Đã hủy
DH07975,KH01544,249,2024-02-15,1,12650029,12650029,Thẻ ngân hàng,Đã hủy
DH07976,KH01211,477,2025-08-26,3,17019502,51058506,Ví điện tử,Đã hủy
DH07977,KH00975,150,2024-05-03,2,22175650,44351300,Chuyển khoản,Đã hủy
DH07978,KH00125,283,2025-05-25,3,9498824,28496472,COD,Đã hủy
DH07979,KH01700,362,2024-07-15,2,18686057,37372114,Thẻ ngân hàng,Đã giao
DH07980,KH01155,52,2024-10-19,3,14404540,43213620,COD,Đã giao
DH07981,KH00107,333,2024-05-07,1,4723884,4723884,Ví điện tử,Đã hủy
DH07982,KH00681,394,2024-01-10,2,14325309,28650618,Ví điện tử,Đang giao
DH07983,KH01795,153,2025-12-12,3,9382132,28146396,Thẻ ngân hàng,Đang giao
DH07984,KH01182,233,2024-05-29,3,5799781,17399343,COD,Đã hủy
DH07985,KH00848,341,2025-08-12,2,24878704,49757408,Thẻ ngân hàng,Đã giao
DH07986,KH01941,117,2024-12-09,2,1822241,3644482,Thẻ ngân hàng,Đang giao
DH07987,KH01742,445,2025-10-13,1,3753037,3753037,Chuyển khoản,Đã giao
DH07988,KH00843,84,2025-06-21,3,5916601,17749803,Ví điện tử,Đã hủy
DH07989,KH00772,371,2025-04-15,1,15596681,15596681,Ví điện tử,Đã hủy
DH07990,KH01103,428,2025-08-20,2,8623074,17246148,Thẻ ngân hàng,Đã giao
DH07991,KH00063,367,2025-11-21,3,21910738,65732214,Chuyển khoản,Đã giao
DH07992,KH00925,115,2024-06-25,1,24228127,24228127,Thẻ ngân hàng,Đã giao
DH07993,KH01915,15,2025-06-25,3,21879885,65639655,Thẻ ngân hàng,Đã giao
DH07994,KH00264,161,2024-05-11,3,5421161,16263483,COD,Đang giao
DH07995,KH01214,47,2024-04-22,3,2363748,7091244,Chuyển khoản,Đã hủy
DH07996,KH00834,309,2025-09-25,1,16160657,16160657,COD,Đã hủy
DH07997,KH01381,250,2024-10-06,3,5901364,17704092,Chuyển khoản,Đang giao
DH07998,KH01824,48,2025-11-12,2,10369706,20739412,Thẻ ngân hàng,Đã giao
DH07999,KH01995,96,2024-04-19,3,2158473,6475419,COD,Đã hủy
DH08000,KH00594,357,2025-04-10,1,4857102,4857102,Thẻ ngân hàng,Đang giao
DH08001,KH01955,21,2024-08-21,3,20692785,62078355,Chuyển khoản,Đã hủy
DH08002,KH00434,26,2025-07-02,1,23522794,23522794,Thẻ ngân hàng,Đã giao
DH08003,KH01695,254,2024-12-07,2,7786382,15572764,COD,Đã hủy
DH08004,KH00885,126,2024-03-06,1,7453646,7453646,Ví điện tử,Đã giao
DH08005,KH00295,178,2024-09-24,3,25162917,75488751,Ví điện tử,Đã hủy
DH08006,KH01883,81,2024-03-13,1,11760834,11760834,COD,Đang giao
DH08007,KH01335,172,2024-01-25,2,11563207,23126414,COD,Đã giao
DH08008,KH01548,52,2024-05-19,1,14404540,14404540,COD,Đã giao
DH08009,KH00838,215,2025-04-13,2,22688954,45377908,COD,Đã giao
DH08010,KH01440,181,2025-12-23,1,1690676,1690676,COD,Đang giao
DH08011,KH01912,395,2024-01-12,3,15941796,47825388,Ví điện tử,Đang giao
DH08012,KH01842,233,2025-12-15,3,5799781,17399343,COD,Đã hủy
DH08013,KH00245,196,2024-08-02,2,9383000,18766000,Ví điện tử,Đang giao
DH08014,KH00026,8,2024-01-05,2,16791775,33583550,Thẻ ngân hàng,Đã hủy
DH08015,KH00955,135,2025-09-23,1,18508141,18508141,Thẻ ngân hàng,Đã hủy
DH08016,KH00206,428,2025-03-29,2,8623074,17246148,Ví điện tử,Đã giao
DH08017,KH01322,236,2025-08-07,1,25624479,25624479,Thẻ ngân hàng,Đã hủy
DH08018,KH00746,395,2025-06-13,3,15941796,47825388,Chuyển khoản,Đã giao
DH08019,KH01651,324,2024-10-04,3,5235456,15706368,COD,Đã hủy
DH08020,KH01442,184,2025-01-17,3,17356432,52069296,Ví điện tử,Đang giao
DH08021,KH00687,452,2025-11-15,2,6422656,12845312,Ví điện tử,Đã hủy
DH08022,KH00537,369,2025-03-28,1,10752264,10752264,COD,Đã hủy
DH08023,KH00110,430,2024-06-14,1,11677101,11677101,COD,Đã hủy
DH08024,KH00499,222,2024-10-04,2,24480557,48961114,Ví điện tử,Đã giao
DH08025,KH01074,350,2025-12-08,1,12090591,12090591,COD,Đang giao
DH08026,KH01207,132,2025-08-14,2,16198314,32396628,Chuyển khoản,Đã giao
DH08027,KH00412,12,2025-03-19,1,11992784,11992784,Thẻ ngân hàng,Đang giao
DH08028,KH01537,68,2024-06-19,3,14423549,43270647,Thẻ ngân hàng,Đang giao
DH08029,KH00813,48,2024-12-03,3,10369706,31109118,COD,Đang giao
DH08030,KH00201,371,2025-12-03,1,15596681,15596681,COD,Đã giao
DH08031,KH01011,396,2025-07-07,3,2735462,8206386,Thẻ ngân hàng,Đã hủy
DH08032,KH01978,24,2024-03-22,1,1688485,1688485,Ví điện tử,Đã giao
DH08033,KH01311,232,2024-02-01,3,17350864,52052592,Thẻ ngân hàng,Đã giao
DH08034,KH00009,461,2024-03-14,2,13898840,27797680,COD,Đang giao
DH08035,KH00387,256,2024-05-18,3,7503626,22510878,COD,Đã hủy
DH08036,KH01410,402,2025-04-15,2,14448552,28897104,COD,Đã giao
DH08037,KH01258,315,2025-02-05,2,7916762,15833524,COD,Đang giao
DH08038,KH01201,119,2024-04-05,3,13510580,40531740,Chuyển khoản,Đã giao
DH08039,KH00407,290,2024-12-05,2,14771023,29542046,Chuyển khoản,Đã hủy
DH08040,KH00018,128,2025-09-13,2,5789660,11579320,Thẻ ngân hàng,Đã hủy
DH08041,KH01084,16,2025-11-17,1,1902478,1902478,COD,Đã giao
DH08042,KH00465,152,2024-05-29,1,11691816,11691816,Ví điện tử,Đã hủy
DH08043,KH01836,213,2024-08-27,2,9135747,18271494,Thẻ ngân hàng,Đã hủy
DH08044,KH00201,138,2025-10-04,1,24036792,24036792,COD,Đã giao
DH08045,KH01957,31,2025-05-15,1,19561998,19561998,Thẻ ngân hàng,Đã giao
DH08046,KH00559,401,2024-04-08,3,3227628,9682884,COD,Đã giao
DH08047,KH00230,35,2024-05-23,2,5481589,10963178,COD,Đang giao
DH08048,KH01999,287,2024-05-25,1,10898911,10898911,Chuyển khoản,Đã giao
DH08049,KH00307,362,2025-08-29,3,18686057,56058171,Chuyển khoản,Đang giao
DH08050,KH00358,291,2024-07-26,2,19063989,38127978,Chuyển khoản,Đã hủy
DH08051,KH00756,25,2024-01-13,2,7741025,15482050,COD,Đã giao
DH08052,KH01959,216,2024-06-29,1,13741880,13741880,Thẻ ngân hàng,Đang giao
DH08053,KH00491,448,2025-11-11,2,1655313,3310626,Ví điện tử,Đang giao
DH08054,KH00770,236,2024-11-07,2,25624479,51248958,Thẻ ngân hàng,Đã giao
DH08055,KH00073,374,2024-03-08,2,17616582,35233164,Thẻ ngân hàng,Đang giao
DH08056,KH00623,420,2024-09-30,1,7580608,7580608,Ví điện tử,Đã giao
DH08057,KH00096,455,2024-02-03,2,2445683,4891366,Thẻ ngân hàng,Đã giao
DH08058,KH01043,413,2024-10-21,3,19949073,59847219,Ví điện tử,Đã giao
DH08059,KH00391,270,2025-01-09,1,15138021,15138021,Chuyển khoản,Đang giao
DH08060,KH00543,296,2025-11-25,3,7282780,21848340,COD,Đã giao
DH08061,KH01968,428,2025-07-24,2,8623074,17246148,Ví điện tử,Đã hủy
DH08062,KH01866,39,2025-11-25,2,5958851,11917702,COD,Đang giao
DH08063,KH00517,360,2025-01-03,1,17479616,17479616,Ví điện tử,Đã giao
DH08064,KH00494,392,2024-10-09,2,2439684,4879368,COD,Đã hủy
DH08065,KH00837,206,2025-09-09,3,9160201,27480603,COD,Đang giao
DH08066,KH00935,257,2024-08-11,1,22709217,22709217,Thẻ ngân hàng,Đã giao
DH08067,KH00130,216,2025-02-21,1,13741880,13741880,Ví điện tử,Đang giao
DH08068,KH01732,98,2024-09-23,3,25849081,77547243,Thẻ ngân hàng,Đã giao
DH08069,KH01949,356,2024-01-28,1,23139278,23139278,Chuyển khoản,Đã hủy
DH08070,KH00105,394,2024-03-26,1,14325309,14325309,Thẻ ngân hàng,Đã hủy
DH08071,KH00414,472,2024-01-10,2,24725902,49451804,Chuyển khoản,Đã hủy
DH08072,KH00370,363,2025-01-23,3,13943365,41830095,Ví điện tử,Đang giao
DH08073,KH00669,51,2024-03-31,1,18354531,18354531,COD,Đã hủy
DH08074,KH00882,373,2025-01-15,1,17596085,17596085,COD,Đã hủy
DH08075,KH01098,144,2025-04-14,1,6059706,6059706,Chuyển khoản,Đang giao
DH08076,KH00070,118,2024-03-30,1,6945092,6945092,Ví điện tử,Đã hủy
DH08077,KH00349,473,2024-10-19,1,8143318,8143318,COD,Đã hủy
DH08078,KH00096,141,2025-08-03,1,22227393,22227393,Thẻ ngân hàng,Đang giao
DH08079,KH00330,134,2025-01-27,2,24009450,48018900,Chuyển khoản,Đang giao
DH08080,KH01055,376,2024-08-04,1,7479061,7479061,Ví điện tử,Đã giao
DH08081,KH01571,107,2024-07-30,1,15707585,15707585,COD,Đã giao
DH08082,KH01997,339,2024-06-06,2,7585126,15170252,Chuyển khoản,Đang giao
DH08083,KH01883,95,2024-12-29,3,17932883,53798649,Chuyển khoản,Đã giao
DH08084,KH01452,253,2024-07-10,2,9232276,18464552,Chuyển khoản,Đã giao
DH08085,KH01619,263,2025-01-05,1,5779215,5779215,Thẻ ngân hàng,Đã hủy
DH08086,KH00422,350,2025-08-15,3,12090591,36271773,Chuyển khoản,Đang giao
DH08087,KH01506,362,2024-11-25,2,18686057,37372114,COD,Đã giao
DH08088,KH01859,307,2025-01-16,2,2970393,5940786,Ví điện tử,Đang giao
DH08089,KH00807,214,2024-11-24,1,21742788,21742788,Chuyển khoản,Đã giao
DH08090,KH00322,256,2025-11-26,2,7503626,15007252,Chuyển khoản,Đang giao
DH08091,KH00882,127,2024-07-20,3,23583550,70750650,Chuyển khoản,Đang giao
DH08092,KH01741,7,2025-06-04,3,4357180,13071540,COD,Đang giao
DH08093,KH01082,212,2024-04-16,2,9801647,19603294,Thẻ ngân hàng,Đang giao
DH08094,KH00130,216,2025-10-05,2,13741880,27483760,Thẻ ngân hàng,Đã giao
DH08095,KH01278,258,2024-01-17,2,12909089,25818178,Ví điện tử,Đã hủy
DH08096,KH00660,21,2024-08-07,3,20692785,62078355,Thẻ ngân hàng,Đã hủy
DH08097,KH00088,142,2024-01-25,3,23627613,70882839,Ví điện tử,Đã hủy
DH08098,KH00729,294,2024-04-08,1,20611090,20611090,Chuyển khoản,Đã hủy
DH08099,KH01663,474,2025-12-16,3,13191529,39574587,Chuyển khoản,Đã giao
DH08100,KH00926,135,2024-10-10,2,18508141,37016282,Thẻ ngân hàng,Đã hủy
DH08101,KH00434,361,2025-10-19,1,2131412,2131412,Ví điện tử,Đang giao
DH08102,KH00558,191,2024-10-10,2,2180855,4361710,COD,Đang giao
DH08103,KH00972,195,2024-06-24,3,2797518,8392554,Thẻ ngân hàng,Đã giao
DH08104,KH01289,442,2024-03-21,2,14674667,29349334,Thẻ ngân hàng,Đã giao
DH08105,KH01340,134,2025-05-22,2,24009450,48018900,Thẻ ngân hàng,Đã hủy
DH08106,KH00009,210,2024-07-19,1,20061356,20061356,Ví điện tử,Đã giao
DH08107,KH01685,442,2025-06-06,2,14674667,29349334,COD,Đã hủy
DH08108,KH00550,190,2024-03-15,1,19493368,19493368,Chuyển khoản,Đã hủy
DH08109,KH01071,268,2024-11-03,1,20509489,20509489,Chuyển khoản,Đã hủy
DH08110,KH01355,255,2024-01-06,1,11357464,11357464,Chuyển khoản,Đã giao
DH08111,KH00658,59,2025-08-14,1,11020945,11020945,Ví điện tử,Đang giao
DH08112,KH01535,275,2025-06-26,3,1991880,5975640,COD,Đang giao
DH08113,KH01229,254,2024-10-19,2,7786382,15572764,Ví điện tử,Đang giao
DH08114,KH01146,389,2025-05-15,1,2247745,2247745,COD,Đã giao
DH08115,KH00051,27,2024-06-24,3,12159304,36477912,Chuyển khoản,Đã hủy
DH08116,KH00157,25,2024-02-10,1,7741025,7741025,Ví điện tử,Đang giao
DH08117,KH00039,17,2025-06-13,2,11252793,22505586,COD,Đã hủy
DH08118,KH01972,354,2025-07-22,3,14109722,42329166,COD,Đã hủy
DH08119,KH01212,229,2025-04-20,1,5955017,5955017,Thẻ ngân hàng,Đã hủy
DH08120,KH00068,190,2024-03-11,3,19493368,58480104,COD,Đang giao
DH08121,KH00098,464,2025-02-13,2,10451249,20902498,Ví điện tử,Đã hủy
DH08122,KH00981,419,2024-06-26,1,14450529,14450529,COD,Đã hủy
DH08123,KH00942,219,2025-07-25,1,20274689,20274689,Chuyển khoản,Đang giao
DH08124,KH00584,384,2025-08-19,2,7946719,15893438,Ví điện tử,Đang giao
DH08125,KH00338,107,2025-01-28,3,15707585,47122755,COD,Đang giao
DH08126,KH01000,255,2024-03-08,1,11357464,11357464,Ví điện tử,Đang giao
DH08127,KH00117,19,2025-03-25,1,6165758,6165758,Ví điện tử,Đang giao
DH08128,KH00684,65,2025-09-11,3,20123002,60369006,Thẻ ngân hàng,Đã giao
DH08129,KH00564,340,2024-07-10,2,2512853,5025706,Thẻ ngân hàng,Đã giao
DH08130,KH00354,436,2025-07-28,1,8088441,8088441,Chuyển khoản,Đã hủy
DH08131,KH01424,499,2025-11-01,2,11225264,22450528,Chuyển khoản,Đã giao
DH08132,KH01998,148,2024-03-24,3,24016044,72048132,Chuyển khoản,Đã giao
DH08133,KH01165,134,2024-09-04,3,24009450,72028350,Thẻ ngân hàng,Đã hủy
DH08134,KH01047,259,2025-03-19,2,2352165,4704330,Thẻ ngân hàng,Đã giao
DH08135,KH00857,180,2024-07-02,3,5187803,15563409,COD,Đang giao
DH08136,KH00983,181,2024-10-14,2,1690676,3381352,Thẻ ngân hàng,Đã giao
DH08137,KH00820,499,2025-12-31,3,11225264,33675792,Ví điện tử,Đã hủy
DH08138,KH01077,348,2025-07-31,2,16075438,32150876,Chuyển khoản,Đã giao
DH08139,KH01034,477,2025-02-16,2,17019502,34039004,Ví điện tử,Đang giao
DH08140,KH00095,84,2025-12-06,3,5916601,17749803,COD,Đang giao
DH08141,KH01425,97,2024-02-18,3,20721508,62164524,Chuyển khoản,Đã hủy
DH08142,KH00881,101,2025-06-22,2,4709001,9418002,Ví điện tử,Đã giao
DH08143,KH00488,176,2025-03-12,1,12520307,12520307,Chuyển khoản,Đã giao
DH08144,KH01799,213,2024-12-08,3,9135747,27407241,Thẻ ngân hàng,Đã hủy
DH08145,KH00319,295,2024-09-01,1,2326130,2326130,Thẻ ngân hàng,Đang giao
DH08146,KH00369,413,2024-03-11,3,19949073,59847219,Chuyển khoản,Đã hủy
DH08147,KH00465,254,2024-01-31,1,7786382,7786382,Chuyển khoản,Đang giao
DH08148,KH00346,423,2025-07-14,1,11205935,11205935,Ví điện tử,Đã giao
DH08149,KH01529,4,2025-06-24,1,2033327,2033327,COD,Đã giao
DH08150,KH00446,37,2024-02-21,3,24694673,74084019,Chuyển khoản,Đã hủy
DH08151,KH01327,340,2024-02-03,1,2512853,2512853,Chuyển khoản,Đã hủy
DH08152,KH00106,389,2024-05-10,2,2247745,4495490,Chuyển khoản,Đã hủy
DH08153,KH00273,444,2024-08-02,2,24721344,49442688,Thẻ ngân hàng,Đã giao
DH08154,KH00252,220,2024-09-07,2,21154109,42308218,Thẻ ngân hàng,Đã giao
DH08155,KH00829,49,2025-05-19,1,10127878,10127878,Ví điện tử,Đã giao
DH08156,KH01109,180,2024-01-28,2,5187803,10375606,Chuyển khoản,Đã giao
DH08157,KH01923,403,2024-08-22,3,10108987,30326961,Ví điện tử,Đã giao
DH08158,KH00004,412,2024-10-07,2,5966347,11932694,Chuyển khoản,Đã giao
DH08159,KH00615,421,2024-11-29,2,22589235,45178470,COD,Đã hủy
DH08160,KH01149,479,2025-05-04,3,24995661,74986983,Ví điện tử,Đang giao
DH08161,KH00418,448,2024-05-27,2,1655313,3310626,Ví điện tử,Đã giao
DH08162,KH00544,241,2025-05-02,1,14883376,14883376,Chuyển khoản,Đã giao
DH08163,KH01577,30,2024-10-18,2,22850493,45700986,Thẻ ngân hàng,Đã hủy
DH08164,KH01328,23,2024-09-21,3,18730487,56191461,COD,Đang giao
DH08165,KH00298,484,2025-04-11,2,9546339,19092678,Thẻ ngân hàng,Đang giao
DH08166,KH00011,431,2025-01-28,1,3483711,3483711,Thẻ ngân hàng,Đã hủy
DH08167,KH00907,353,2025-07-26,1,17335247,17335247,Chuyển khoản,Đã giao
DH08168,KH00172,31,2024-01-20,1,19561998,19561998,Thẻ ngân hàng,Đã giao
DH08169,KH00192,77,2025-07-30,2,20281855,40563710,Thẻ ngân hàng,Đang giao
DH08170,KH00354,85,2024-11-24,1,22953739,22953739,COD,Đang giao
DH08171,KH00850,282,2024-04-01,2,9983595,19967190,COD,Đang giao
DH08172,KH00081,231,2024-07-02,3,7056866,21170598,Ví điện tử,Đã hủy
DH08173,KH00074,499,2024-07-03,1,11225264,11225264,Chuyển khoản,Đã hủy
DH08174,KH00282,474,2024-01-10,3,13191529,39574587,Ví điện tử,Đã giao
DH08175,KH01930,196,2025-11-30,1,9383000,9383000,COD,Đã giao
DH08176,KH00968,431,2024-08-17,2,3483711,6967422,Chuyển khoản,Đã hủy
DH08177,KH01830,435,2024-03-11,2,4349985,8699970,COD,Đã hủy
DH08178,KH01369,216,2024-12-02,2,13741880,27483760,Chuyển khoản,Đã giao
DH08179,KH00089,253,2025-05-31,1,9232276,9232276,Chuyển khoản,Đang giao
DH08180,KH01589,382,2025-06-22,2,23997672,47995344,COD,Đang giao
DH08181,KH01005,197,2025-02-23,3,1767828,5303484,COD,Đã giao
DH08182,KH00259,221,2025-05-31,2,18603561,37207122,Thẻ ngân hàng,Đã giao
DH08183,KH01321,185,2025-11-18,1,5305149,5305149,COD,Đang giao
DH08184,KH01330,497,2024-12-06,2,20532926,41065852,Thẻ ngân hàng,Đang giao
DH08185,KH01393,414,2024-07-25,1,8838663,8838663,Thẻ ngân hàng,Đã giao
DH08186,KH00209,359,2025-09-15,3,18193067,54579201,Ví điện tử,Đã hủy
DH08187,KH00854,444,2025-02-26,1,24721344,24721344,Ví điện tử,Đã hủy
DH08188,KH00809,156,2024-02-17,3,23900042,71700126,Thẻ ngân hàng,Đã hủy
DH08189,KH00137,54,2024-07-17,3,18474415,55423245,Ví điện tử,Đang giao
DH08190,KH01894,462,2024-02-15,2,16447832,32895664,Chuyển khoản,Đã giao
DH08191,KH01770,286,2025-10-31,3,3106273,9318819,COD,Đang giao
DH08192,KH01569,90,2025-07-17,3,19909796,59729388,Thẻ ngân hàng,Đang giao
DH08193,KH01664,90,2024-01-25,3,19909796,59729388,Thẻ ngân hàng,Đã giao
DH08194,KH01650,32,2024-09-07,1,16788448,16788448,Ví điện tử,Đã giao
DH08195,KH00843,278,2025-09-19,3,16871480,50614440,COD,Đang giao
DH08196,KH01134,207,2024-01-15,1,11794425,11794425,Chuyển khoản,Đã giao
DH08197,KH02000,205,2025-10-20,3,11351137,34053411,COD,Đã giao
DH08198,KH01114,160,2025-03-22,1,7269450,7269450,COD,Đã giao
DH08199,KH00714,215,2024-06-20,1,22688954,22688954,COD,Đã giao
DH08200,KH01937,170,2025-03-05,3,18830250,56490750,Thẻ ngân hàng,Đã hủy
DH08201,KH01449,10,2025-05-17,1,8245338,8245338,Chuyển khoản,Đang giao
DH08202,KH01100,233,2025-04-05,1,5799781,5799781,COD,Đã giao
DH08203,KH00952,205,2025-11-09,3,11351137,34053411,COD,Đã giao
DH08204,KH01493,40,2025-02-17,3,13768783,41306349,Ví điện tử,Đã hủy
DH08205,KH01492,90,2024-04-03,2,19909796,39819592,Chuyển khoản,Đã giao
DH08206,KH00437,484,2025-02-27,2,9546339,19092678,COD,Đã giao
DH08207,KH00536,273,2024-09-16,2,13267090,26534180,Ví điện tử,Đã giao
DH08208,KH00490,125,2024-04-30,1,13225929,13225929,Ví điện tử,Đã giao
DH08209,KH01105,482,2025-05-01,3,25397322,76191966,Chuyển khoản,Đã giao
DH08210,KH00494,2,2025-09-16,3,2619639,7858917,Thẻ ngân hàng,Đang giao
DH08211,KH00352,41,2025-02-27,2,23214519,46429038,COD,Đang giao
DH08212,KH01926,403,2025-05-24,2,10108987,20217974,Thẻ ngân hàng,Đang giao
DH08213,KH01042,476,2025-04-04,1,5610573,5610573,Ví điện tử,Đã hủy
DH08214,KH01919,68,2025-12-19,3,14423549,43270647,Thẻ ngân hàng,Đang giao
DH08215,KH00884,487,2025-04-10,1,9625660,9625660,Thẻ ngân hàng,Đã hủy
DH08216,KH01938,447,2025-02-19,3,13793804,41381412,Chuyển khoản,Đã giao
DH08217,KH01899,112,2024-04-20,2,21786528,43573056,COD,Đang giao
DH08218,KH00582,381,2024-12-15,2,3635754,7271508,Ví điện tử,Đã giao
DH08219,KH00323,166,2025-04-30,2,17284447,34568894,Thẻ ngân hàng,Đã giao
DH08220,KH00598,491,2024-12-26,2,23791756,47583512,Thẻ ngân hàng,Đã giao
DH08221,KH01414,410,2025-10-07,1,12647688,12647688,Chuyển khoản,Đang giao
DH08222,KH01430,299,2025-04-27,2,10443833,20887666,Thẻ ngân hàng,Đã giao
DH08223,KH00805,213,2025-01-06,1,9135747,9135747,COD,Đã giao
DH08224,KH01423,267,2024-09-27,3,20768736,62306208,Thẻ ngân hàng,Đã giao
DH08225,KH00037,304,2025-12-03,1,24317139,24317139,Ví điện tử,Đã hủy
DH08226,KH00820,293,2025-07-10,1,5223702,5223702,Ví điện tử,Đã giao
DH08227,KH00171,360,2025-04-15,3,17479616,52438848,COD,Đã giao
DH08228,KH00570,485,2025-05-25,2,2937854,5875708,Chuyển khoản,Đang giao
DH08229,KH01813,123,2024-03-21,3,5880587,17641761,COD,Đã giao
DH08230,KH01471,43,2024-07-10,2,14663576,29327152,COD,Đang giao
DH08231,KH01171,157,2025-04-06,2,10354320,20708640,Chuyển khoản,Đã giao
DH08232,KH00349,185,2024-11-27,1,5305149,5305149,Chuyển khoản,Đã giao
DH08233,KH01035,29,2024-11-07,1,8608366,8608366,COD,Đã hủy
DH08234,KH00415,195,2025-11-20,3,2797518,8392554,Thẻ ngân hàng,Đang giao
DH08235,KH01200,338,2025-03-03,2,11491142,22982284,COD,Đã hủy
DH08236,KH00075,305,2024-03-17,3,19848099,59544297,Ví điện tử,Đang giao
DH08237,KH01899,464,2025-12-27,2,10451249,20902498,Thẻ ngân hàng,Đã hủy
DH08238,KH01865,312,2024-11-23,3,22250953,66752859,COD,Đã hủy
DH08239,KH01808,81,2025-04-26,3,11760834,35282502,Chuyển khoản,Đang giao
DH08240,KH00896,94,2024-12-16,1,4892461,4892461,Chuyển khoản,Đã giao
DH08241,KH01554,403,2025-11-21,1,10108987,10108987,Chuyển khoản,Đã hủy
DH08242,KH00052,119,2024-12-27,3,13510580,40531740,Ví điện tử,Đang giao
DH08243,KH00174,126,2025-06-11,2,7453646,14907292,COD,Đã hủy
DH08244,KH00608,210,2024-04-06,3,20061356,60184068,Chuyển khoản,Đã hủy
DH08245,KH00862,361,2025-10-20,2,2131412,4262824,COD,Đã giao
DH08246,KH00026,178,2025-02-19,2,25162917,50325834,Ví điện tử,Đã hủy
DH08247,KH01989,195,2024-11-28,1,2797518,2797518,Ví điện tử,Đã hủy
DH08248,KH01130,29,2025-07-03,1,8608366,8608366,Ví điện tử,Đã giao
DH08249,KH00203,202,2024-07-25,2,10502987,21005974,Thẻ ngân hàng,Đã hủy
DH08250,KH01071,145,2024-01-05,3,13595803,40787409,COD,Đang giao
DH08251,KH00649,247,2025-01-30,1,14840560,14840560,COD,Đã hủy
DH08252,KH01965,379,2025-05-25,1,11024419,11024419,Ví điện tử,Đang giao
DH08253,KH01732,314,2024-12-18,1,21535304,21535304,COD,Đã hủy
DH08254,KH00449,257,2025-01-28,3,22709217,68127651,Thẻ ngân hàng,Đã giao
DH08255,KH00310,109,2025-09-22,1,8310763,8310763,Ví điện tử,Đã hủy
DH08256,KH00715,186,2025-05-09,3,11833611,35500833,Chuyển khoản,Đã giao
DH08257,KH00825,322,2024-06-14,3,4789634,14368902,Thẻ ngân hàng,Đã giao
DH08258,KH01263,471,2025-12-28,2,25755884,51511768,COD,Đang giao
DH08259,KH00316,349,2025-08-14,3,19870600,59611800,Chuyển khoản,Đã hủy
DH08260,KH00389,447,2024-06-06,2,13793804,27587608,Chuyển khoản,Đang giao
DH08261,KH00965,42,2024-11-27,1,4888990,4888990,COD,Đã hủy
DH08262,KH00084,103,2024-10-14,1,17996106,17996106,Chuyển khoản,Đã hủy
DH08263,KH00906,402,2024-04-01,2,14448552,28897104,Ví điện tử,Đã giao
DH08264,KH00996,136,2025-02-19,3,13200645,39601935,COD,Đang giao
DH08265,KH00789,32,2025-12-16,3,16788448,50365344,COD,Đã hủy
DH08266,KH00459,356,2024-06-15,2,23139278,46278556,Ví điện tử,Đã hủy
DH08267,KH01667,366,2025-02-19,2,7038014,14076028,Thẻ ngân hàng,Đã hủy
DH08268,KH01816,125,2025-12-29,1,13225929,13225929,COD,Đang giao
DH08269,KH01843,291,2024-06-01,3,19063989,57191967,Ví điện tử,Đã giao
DH08270,KH01461,54,2024-10-24,1,18474415,18474415,COD,Đang giao
DH08271,KH01422,240,2024-11-19,2,23483447,46966894,Chuyển khoản,Đang giao
DH08272,KH00585,335,2025-11-06,2,6359823,12719646,Chuyển khoản,Đã hủy
DH08273,KH00683,314,2024-08-18,1,21535304,21535304,COD,Đã hủy
DH08274,KH00994,78,2024-05-16,2,10074989,20149978,Chuyển khoản,Đang giao
DH08275,KH01434,134,2024-02-28,2,24009450,48018900,Thẻ ngân hàng,Đang giao
DH08276,KH00835,241,2025-03-11,2,14883376,29766752,Chuyển khoản,Đã giao
DH08277,KH01956,302,2024-10-18,1,1904905,1904905,Ví điện tử,Đã hủy
DH08278,KH01272,476,2024-10-02,3,5610573,16831719,Chuyển khoản,Đang giao
DH08279,KH00917,78,2025-11-06,2,10074989,20149978,Ví điện tử,Đang giao
DH08280,KH00912,280,2025-03-17,3,25571963,76715889,Ví điện tử,Đã giao
DH08281,KH00103,280,2025-04-03,3,25571963,76715889,COD,Đã giao
DH08282,KH01324,433,2025-06-30,2,2223429,4446858,COD,Đã giao
DH08283,KH00696,55,2024-05-19,2,17890818,35781636,COD,Đã hủy
DH08284,KH01265,155,2025-06-22,2,23734363,47468726,Thẻ ngân hàng,Đã hủy
DH08285,KH00889,491,2024-09-27,2,23791756,47583512,Chuyển khoản,Đã hủy
DH08286,KH00222,64,2025-02-09,2,9718506,19437012,Ví điện tử,Đã hủy
DH08287,KH00585,35,2025-08-24,3,5481589,16444767,COD,Đã hủy
DH08288,KH01364,306,2024-01-19,2,9109540,18219080,Thẻ ngân hàng,Đã giao
DH08289,KH01158,160,2024-02-15,3,7269450,21808350,COD,Đã hủy
DH08290,KH01071,411,2024-10-31,1,15292733,15292733,COD,Đã hủy
DH08291,KH00695,493,2024-02-15,1,5355143,5355143,Ví điện tử,Đã hủy
DH08292,KH00702,400,2025-12-21,3,19389256,58167768,Thẻ ngân hàng,Đã giao
DH08293,KH01356,191,2025-04-05,3,2180855,6542565,COD,Đang giao
DH08294,KH00606,188,2024-06-21,2,2213985,4427970,Ví điện tử,Đã hủy
DH08295,KH00523,335,2024-01-19,2,6359823,12719646,Chuyển khoản,Đã giao
DH08296,KH01034,274,2024-11-03,1,8049917,8049917,Chuyển khoản,Đã hủy
DH08297,KH01155,154,2025-03-21,2,5917692,11835384,Ví điện tử,Đã hủy
DH08298,KH01114,245,2025-04-08,1,11838005,11838005,Thẻ ngân hàng,Đã hủy
DH08299,KH00422,314,2024-06-30,1,21535304,21535304,Chuyển khoản,Đã hủy
DH08300,KH01786,463,2024-03-08,2,14123822,28247644,COD,Đã giao
DH08301,KH01194,89,2024-04-10,2,15656852,31313704,Chuyển khoản,Đã giao
DH08302,KH01738,239,2024-04-17,2,9904462,19808924,COD,Đang giao
DH08303,KH01591,330,2024-02-19,1,21871930,21871930,COD,Đã hủy
DH08304,KH01496,408,2024-07-27,3,17462807,52388421,COD,Đang giao
DH08305,KH00001,416,2025-05-21,2,17524717,35049434,Ví điện tử,Đã giao
DH08306,KH01205,125,2024-09-09,2,13225929,26451858,COD,Đang giao
DH08307,KH00737,111,2024-06-23,2,5190528,10381056,Ví điện tử,Đang giao
DH08308,KH01772,282,2024-10-08,3,9983595,29950785,COD,Đã hủy
DH08309,KH01188,250,2024-02-12,2,5901364,11802728,COD,Đã hủy
DH08310,KH00287,483,2024-03-06,2,9287345,18574690,Chuyển khoản,Đã hủy
DH08311,KH01708,434,2025-11-11,2,20511341,41022682,Ví điện tử,Đã hủy
DH08312,KH00288,486,2024-07-01,2,14815928,29631856,Thẻ ngân hàng,Đã hủy
DH08313,KH00626,470,2024-03-16,3,2362889,7088667,Chuyển khoản,Đã giao
DH08314,KH00466,353,2025-05-06,3,17335247,52005741,Chuyển khoản,Đã giao
DH08315,KH01607,412,2024-09-14,2,5966347,11932694,Thẻ ngân hàng,Đã giao
DH08316,KH01944,147,2025-01-31,3,13624031,40872093,Ví điện tử,Đang giao
DH08317,KH00985,231,2024-07-06,1,7056866,7056866,Ví điện tử,Đang giao
DH08318,KH01446,304,2025-08-18,3,24317139,72951417,Thẻ ngân hàng,Đã giao
DH08319,KH00594,77,2025-04-30,2,20281855,40563710,Chuyển khoản,Đang giao
DH08320,KH01194,474,2024-12-25,3,13191529,39574587,Ví điện tử,Đã hủy
DH08321,KH00369,116,2025-03-29,1,17991157,17991157,Thẻ ngân hàng,Đang giao
DH08322,KH01404,500,2025-06-26,2,12716509,25433018,Ví điện tử,Đã giao
DH08323,KH00914,364,2024-11-23,1,14254399,14254399,Thẻ ngân hàng,Đã hủy
DH08324,KH01907,291,2024-11-11,1,19063989,19063989,Thẻ ngân hàng,Đã hủy
DH08325,KH00079,98,2025-12-06,2,25849081,51698162,Ví điện tử,Đang giao
DH08326,KH00776,26,2025-06-11,3,23522794,70568382,Chuyển khoản,Đã giao
DH08327,KH00370,346,2025-06-25,2,15198565,30397130,COD,Đã giao
DH08328,KH00478,113,2024-11-27,1,9188480,9188480,Ví điện tử,Đã hủy
DH08329,KH01086,17,2025-11-29,1,11252793,11252793,Thẻ ngân hàng,Đang giao
DH08330,KH00976,105,2024-07-20,2,9768220,19536440,Chuyển khoản,Đã giao
DH08331,KH01527,433,2024-12-20,2,2223429,4446858,Thẻ ngân hàng,Đã giao
DH08332,KH01051,132,2024-10-21,1,16198314,16198314,COD,Đã hủy
DH08333,KH01641,115,2024-08-14,1,24228127,24228127,COD,Đã giao
DH08334,KH01371,177,2024-02-25,1,6101695,6101695,COD,Đang giao
DH08335,KH01465,435,2025-02-10,2,4349985,8699970,COD,Đang giao
DH08336,KH01658,452,2025-10-03,1,6422656,6422656,COD,Đã hủy
DH08337,KH00018,474,2025-11-28,2,13191529,26383058,Ví điện tử,Đang giao
DH08338,KH00254,70,2025-06-03,2,24683647,49367294,Ví điện tử,Đã hủy
DH08339,KH00933,15,2024-03-01,1,21879885,21879885,COD,Đang giao
DH08340,KH01707,260,2024-10-20,2,5169564,10339128,Ví điện tử,Đã hủy
DH08341,KH01755,35,2025-01-06,1,5481589,5481589,Thẻ ngân hàng,Đang giao
DH08342,KH00159,126,2024-11-30,2,7453646,14907292,COD,Đã hủy
DH08343,KH00636,350,2025-07-13,2,12090591,24181182,Thẻ ngân hàng,Đã giao
DH08344,KH00899,491,2025-07-09,3,23791756,71375268,COD,Đã giao
DH08345,KH01423,435,2025-08-26,2,4349985,8699970,Chuyển khoản,Đang giao
DH08346,KH01518,483,2025-06-20,1,9287345,9287345,Thẻ ngân hàng,Đã hủy
DH08347,KH01900,495,2025-04-21,2,24537951,49075902,Ví điện tử,Đã hủy
DH08348,KH00274,349,2025-02-15,2,19870600,39741200,Ví điện tử,Đã hủy
DH08349,KH01839,298,2025-05-21,3,19424399,58273197,Thẻ ngân hàng,Đã giao
DH08350,KH01578,483,2025-07-29,2,9287345,18574690,COD,Đang giao
DH08351,KH01128,104,2024-01-02,1,21205978,21205978,Thẻ ngân hàng,Đã hủy
DH08352,KH01382,167,2024-07-18,2,19477755,38955510,COD,Đang giao
DH08353,KH01662,185,2024-07-12,3,5305149,15915447,Chuyển khoản,Đã hủy
DH08354,KH00842,220,2024-11-29,3,21154109,63462327,Chuyển khoản,Đã hủy
DH08355,KH01604,16,2025-06-19,3,1902478,5707434,Thẻ ngân hàng,Đang giao
DH08356,KH00149,181,2024-06-02,2,1690676,3381352,Chuyển khoản,Đang giao
DH08357,KH01951,148,2025-02-05,2,24016044,48032088,COD,Đã hủy
DH08358,KH01271,19,2025-06-22,3,6165758,18497274,Chuyển khoản,Đã giao
DH08359,KH00646,10,2024-08-21,1,8245338,8245338,Ví điện tử,Đã hủy
DH08360,KH00356,257,2025-07-22,3,22709217,68127651,Ví điện tử,Đang giao
DH08361,KH00612,55,2025-02-10,3,17890818,53672454,Thẻ ngân hàng,Đã hủy
DH08362,KH00844,209,2025-09-13,1,11044537,11044537,Thẻ ngân hàng,Đang giao
DH08363,KH00143,225,2024-10-29,3,17350639,52051917,Thẻ ngân hàng,Đang giao
DH08364,KH00731,310,2025-08-21,1,10351478,10351478,Chuyển khoản,Đã giao
DH08365,KH00666,210,2024-02-07,3,20061356,60184068,COD,Đã hủy
DH08366,KH00209,194,2025-03-16,3,10519150,31557450,COD,Đã giao
DH08367,KH01584,412,2024-11-12,2,5966347,11932694,Thẻ ngân hàng,Đã hủy
DH08368,KH00018,243,2024-02-01,3,9384883,28154649,Thẻ ngân hàng,Đang giao
DH08369,KH01144,52,2025-10-22,3,14404540,43213620,Ví điện tử,Đang giao
DH08370,KH01081,429,2024-08-09,1,13157569,13157569,COD,Đang giao
DH08371,KH01215,330,2024-09-03,3,21871930,65615790,Ví điện tử,Đã hủy
DH08372,KH00639,93,2024-01-29,1,14686287,14686287,Chuyển khoản,Đã giao
DH08373,KH01868,81,2024-01-24,1,11760834,11760834,Thẻ ngân hàng,Đã giao
DH08374,KH01571,388,2024-03-16,3,12500788,37502364,Thẻ ngân hàng,Đang giao
DH08375,KH01729,253,2025-07-11,2,9232276,18464552,Ví điện tử,Đã hủy
DH08376,KH01428,300,2024-01-13,1,20713031,20713031,Thẻ ngân hàng,Đang giao
DH08377,KH00629,103,2025-02-27,3,17996106,53988318,Chuyển khoản,Đã hủy
DH08378,KH00874,391,2025-08-11,3,14598944,43796832,Ví điện tử,Đã hủy
DH08379,KH01655,86,2025-07-21,1,8568170,8568170,COD,Đang giao
DH08380,KH00225,311,2025-08-14,3,20701272,62103816,COD,Đã hủy
DH08381,KH00471,19,2024-07-26,3,6165758,18497274,Chuyển khoản,Đã hủy
DH08382,KH00976,147,2025-12-11,1,13624031,13624031,Thẻ ngân hàng,Đã giao
DH08383,KH00909,476,2024-08-19,1,5610573,5610573,COD,Đã giao
DH08384,KH00736,440,2024-08-08,2,21263667,42527334,COD,Đã hủy
DH08385,KH01891,119,2024-04-06,2,13510580,27021160,Thẻ ngân hàng,Đã hủy
DH08386,KH00940,247,2024-10-14,3,14840560,44521680,COD,Đã giao
DH08387,KH00348,77,2025-09-18,1,20281855,20281855,Chuyển khoản,Đã hủy
DH08388,KH00241,67,2024-02-23,3,2603224,7809672,Chuyển khoản,Đang giao
DH08389,KH00597,419,2025-09-22,3,14450529,43351587,Chuyển khoản,Đã hủy
DH08390,KH01806,358,2025-10-04,3,8803419,26410257,Chuyển khoản,Đã giao
DH08391,KH01830,386,2024-03-22,1,11489944,11489944,COD,Đã hủy
DH08392,KH00604,42,2024-04-10,2,4888990,9777980,COD,Đang giao
DH08393,KH00187,382,2025-06-17,2,23997672,47995344,Ví điện tử,Đã hủy
DH08394,KH00772,156,2024-02-14,2,23900042,47800084,Thẻ ngân hàng,Đang giao
DH08395,KH00123,455,2025-06-21,1,2445683,2445683,Thẻ ngân hàng,Đang giao
DH08396,KH00993,139,2024-10-18,3,8176702,24530106,COD,Đã giao
DH08397,KH00962,78,2025-06-27,1,10074989,10074989,COD,Đang giao
DH08398,KH00849,65,2024-08-30,3,20123002,60369006,Chuyển khoản,Đã hủy
DH08399,KH00978,381,2024-08-17,2,3635754,7271508,COD,Đã hủy
DH08400,KH00440,210,2024-11-02,2,20061356,40122712,Ví điện tử,Đã hủy
DH08401,KH00131,312,2024-08-15,1,22250953,22250953,Ví điện tử,Đang giao
DH08402,KH01522,200,2024-06-19,3,25326262,75978786,Thẻ ngân hàng,Đã giao
DH08403,KH01866,279,2025-06-19,1,22313060,22313060,Ví điện tử,Đã hủy
DH08404,KH01178,442,2025-01-26,3,14674667,44024001,Ví điện tử,Đã hủy
DH08405,KH00485,401,2025-05-07,2,3227628,6455256,COD,Đang giao
DH08406,KH00117,273,2024-07-20,3,13267090,39801270,COD,Đang giao
DH08407,KH01740,54,2024-07-24,2,18474415,36948830,Thẻ ngân hàng,Đang giao
DH08408,KH00632,361,2025-03-18,3,2131412,6394236,Thẻ ngân hàng,Đã hủy
DH08409,KH01024,451,2025-06-12,2,18801455,37602910,COD,Đã hủy
DH08410,KH00436,255,2025-06-16,2,11357464,22714928,Chuyển khoản,Đã giao
DH08411,KH00630,465,2025-03-25,3,24131257,72393771,Ví điện tử,Đã hủy
DH08412,KH00592,102,2025-09-23,2,13562744,27125488,Thẻ ngân hàng,Đã giao
DH08413,KH00135,383,2025-06-10,2,21556385,43112770,Thẻ ngân hàng,Đã giao
DH08414,KH00019,47,2025-04-25,3,2363748,7091244,Chuyển khoản,Đã giao
DH08415,KH00325,208,2025-04-05,3,16507221,49521663,Thẻ ngân hàng,Đã hủy
DH08416,KH01325,3,2024-10-26,1,23951194,23951194,Thẻ ngân hàng,Đã hủy
DH08417,KH01621,110,2024-07-30,1,2655742,2655742,Chuyển khoản,Đang giao
DH08418,KH00079,440,2025-05-21,3,21263667,63791001,COD,Đã hủy
DH08419,KH01795,36,2024-03-10,1,4440658,4440658,Ví điện tử,Đã hủy
DH08420,KH00056,476,2024-05-10,1,5610573,5610573,Ví điện tử,Đang giao
DH08421,KH01509,391,2025-01-02,1,14598944,14598944,COD,Đã hủy
DH08422,KH00886,4,2024-04-06,3,2033327,6099981,COD,Đã hủy
DH08423,KH01439,428,2024-08-25,1,8623074,8623074,COD,Đang giao
DH08424,KH00100,65,2025-12-20,1,20123002,20123002,COD,Đang giao
DH08425,KH00892,43,2024-04-27,1,14663576,14663576,Ví điện tử,Đã giao
DH08426,KH00415,233,2025-10-30,2,5799781,11599562,Thẻ ngân hàng,Đã hủy
DH08427,KH00331,302,2025-01-15,1,1904905,1904905,Ví điện tử,Đã hủy
DH08428,KH00002,55,2024-09-05,3,17890818,53672454,Ví điện tử,Đang giao
DH08429,KH01708,68,2024-10-25,2,14423549,28847098,Thẻ ngân hàng,Đã giao
DH08430,KH01385,28,2025-09-11,2,8340920,16681840,Ví điện tử,Đã giao
DH08431,KH00400,207,2025-11-18,1,11794425,11794425,Chuyển khoản,Đã hủy
DH08432,KH01588,66,2024-06-13,2,9292701,18585402,COD,Đã hủy
DH08433,KH01875,276,2024-03-09,1,11889649,11889649,Chuyển khoản,Đã hủy
DH08434,KH01010,434,2025-01-04,2,20511341,41022682,Thẻ ngân hàng,Đã giao
DH08435,KH00157,152,2024-05-20,1,11691816,11691816,Ví điện tử,Đã hủy
DH08436,KH00805,185,2024-05-20,3,5305149,15915447,COD,Đang giao
DH08437,KH00556,63,2025-09-08,2,25365618,50731236,Chuyển khoản,Đã giao
DH08438,KH00050,210,2024-05-03,3,20061356,60184068,Thẻ ngân hàng,Đã hủy
DH08439,KH00461,277,2025-01-06,1,20673499,20673499,COD,Đang giao
DH08440,KH01051,135,2024-01-04,1,18508141,18508141,Chuyển khoản,Đang giao
DH08441,KH01620,248,2024-11-03,2,22980553,45961106,Thẻ ngân hàng,Đã hủy
DH08442,KH00847,13,2024-10-12,2,24933847,49867694,Ví điện tử,Đã giao
DH08443,KH00763,307,2024-10-31,2,2970393,5940786,Ví điện tử,Đã hủy
DH08444,KH00251,402,2025-07-18,2,14448552,28897104,Ví điện tử,Đã hủy
DH08445,KH01486,319,2025-06-14,3,17175754,51527262,Thẻ ngân hàng,Đã giao
DH08446,KH01366,144,2025-05-16,2,6059706,12119412,COD,Đã giao
DH08447,KH01027,241,2024-08-07,1,14883376,14883376,COD,Đang giao
DH08448,KH00760,465,2025-08-31,2,24131257,48262514,Chuyển khoản,Đang giao
DH08449,KH00858,210,2025-10-27,1,20061356,20061356,COD,Đang giao
DH08450,KH00573,63,2024-08-30,1,25365618,25365618,COD,Đang giao
DH08451,KH01281,442,2024-09-18,1,14674667,14674667,Ví điện tử,Đã hủy
DH08452,KH01120,113,2024-05-21,3,9188480,27565440,Ví điện tử,Đang giao
DH08453,KH00994,36,2025-02-26,3,4440658,13321974,Thẻ ngân hàng,Đã hủy
DH08454,KH01016,185,2025-12-14,2,5305149,10610298,Thẻ ngân hàng,Đã hủy
DH08455,KH00123,408,2024-04-16,3,17462807,52388421,Chuyển khoản,Đã giao
DH08456,KH00384,322,2024-08-05,2,4789634,9579268,Thẻ ngân hàng,Đang giao
DH08457,KH00903,325,2025-02-09,2,16561482,33122964,Thẻ ngân hàng,Đang giao
DH08458,KH00749,25,2024-11-20,1,7741025,7741025,Chuyển khoản,Đã giao
DH08459,KH01181,193,2025-12-17,1,12107524,12107524,Chuyển khoản,Đang giao
DH08460,KH01718,490,2025-04-22,3,24697745,74093235,Ví điện tử,Đã hủy
DH08461,KH01957,96,2024-05-20,3,2158473,6475419,COD,Đã hủy
DH08462,KH00140,445,2025-09-04,3,3753037,11259111,COD,Đã hủy
DH08463,KH00171,492,2024-02-26,1,8668431,8668431,COD,Đã hủy
DH08464,KH01679,399,2024-08-09,3,2042288,6126864,COD,Đã hủy
DH08465,KH00911,183,2024-11-17,1,25583781,25583781,Ví điện tử,Đang giao
DH08466,KH01310,62,2024-12-29,3,17040933,51122799,Chuyển khoản,Đã hủy
DH08467,KH01885,23,2024-10-09,1,18730487,18730487,COD,Đang giao
DH08468,KH01996,323,2024-01-28,3,8114299,24342897,COD,Đã giao
DH08469,KH00113,258,2025-12-25,1,12909089,12909089,COD,Đang giao
DH08470,KH01705,265,2025-05-07,1,18875655,18875655,Ví điện tử,Đã hủy
DH08471,KH00144,145,2024-05-08,2,13595803,27191606,Thẻ ngân hàng,Đang giao
DH08472,KH00462,268,2024-01-20,3,20509489,61528467,Chuyển khoản,Đang giao
DH08473,KH01317,99,2025-08-04,3,22557878,67673634,COD,Đã giao
DH08474,KH00513,38,2024-08-02,3,25625870,76877610,Ví điện tử,Đã hủy
DH08475,KH00979,56,2024-08-26,2,3656281,7312562,Thẻ ngân hàng,Đang giao
DH08476,KH01885,94,2025-04-04,1,4892461,4892461,Chuyển khoản,Đã hủy
DH08477,KH01880,349,2024-03-01,1,19870600,19870600,Chuyển khoản,Đang giao
DH08478,KH01201,439,2024-08-07,3,11444083,34332249,COD,Đang giao
DH08479,KH00656,432,2024-04-04,1,25961408,25961408,Ví điện tử,Đã giao
DH08480,KH01126,28,2025-05-23,2,8340920,16681840,Thẻ ngân hàng,Đã giao
DH08481,KH00657,153,2025-12-29,3,9382132,28146396,COD,Đã giao
DH08482,KH01063,496,2025-12-31,2,14220784,28441568,COD,Đã hủy
DH08483,KH01367,310,2024-01-17,1,10351478,10351478,Ví điện tử,Đã hủy
DH08484,KH00364,257,2024-10-21,2,22709217,45418434,Chuyển khoản,Đã hủy
DH08485,KH01283,54,2024-02-11,3,18474415,55423245,Thẻ ngân hàng,Đang giao
DH08486,KH01130,359,2024-05-11,3,18193067,54579201,COD,Đã giao
DH08487,KH00942,9,2024-06-08,3,2348573,7045719,Ví điện tử,Đã hủy
DH08488,KH00149,269,2024-02-23,1,13567100,13567100,COD,Đã giao
DH08489,KH00561,456,2025-12-26,1,1907183,1907183,Thẻ ngân hàng,Đã giao
DH08490,KH00584,252,2024-04-18,2,18216160,36432320,Thẻ ngân hàng,Đã giao
DH08491,KH00084,413,2024-10-05,1,19949073,19949073,COD,Đang giao
DH08492,KH01718,196,2024-12-05,1,9383000,9383000,Chuyển khoản,Đã giao
DH08493,KH00383,157,2024-12-02,3,10354320,31062960,Chuyển khoản,Đang giao
DH08494,KH01261,74,2024-10-02,1,2460854,2460854,Chuyển khoản,Đã giao
DH08495,KH00452,116,2025-05-30,2,17991157,35982314,Thẻ ngân hàng,Đã giao
DH08496,KH01370,419,2024-05-20,2,14450529,28901058,Ví điện tử,Đã giao
DH08497,KH00398,120,2025-11-06,1,23629104,23629104,Thẻ ngân hàng,Đã giao
DH08498,KH00548,40,2024-06-23,2,13768783,27537566,Thẻ ngân hàng,Đang giao
DH08499,KH01712,380,2025-10-26,1,7759711,7759711,COD,Đang giao
DH08500,KH00779,499,2025-09-21,3,11225264,33675792,Thẻ ngân hàng,Đã hủy
DH08501,KH00795,204,2025-10-27,1,6098253,6098253,Thẻ ngân hàng,Đã hủy
DH08502,KH01871,117,2024-02-24,2,1822241,3644482,Thẻ ngân hàng,Đã giao
DH08503,KH00412,324,2025-01-27,2,5235456,10470912,Chuyển khoản,Đang giao
DH08504,KH00671,161,2024-02-03,1,5421161,5421161,COD,Đã hủy
DH08505,KH01200,304,2025-02-10,3,24317139,72951417,Ví điện tử,Đang giao
DH08506,KH01995,337,2025-07-07,2,16155694,32311388,Thẻ ngân hàng,Đang giao
DH08507,KH00159,235,2025-12-30,1,1672401,1672401,Ví điện tử,Đang giao
DH08508,KH00463,79,2025-03-18,3,5712887,17138661,Chuyển khoản,Đã hủy
DH08509,KH01771,13,2024-04-21,2,24933847,49867694,Thẻ ngân hàng,Đã giao
DH08510,KH00591,452,2024-04-03,1,6422656,6422656,COD,Đã giao
DH08511,KH01344,36,2025-12-04,1,4440658,4440658,Ví điện tử,Đã hủy
DH08512,KH00754,361,2024-10-24,3,2131412,6394236,COD,Đang giao
DH08513,KH01329,173,2025-10-09,2,8932665,17865330,Chuyển khoản,Đã hủy
DH08514,KH01277,97,2025-01-21,1,20721508,20721508,Chuyển khoản,Đã giao
DH08515,KH00341,121,2024-06-23,1,22194333,22194333,Ví điện tử,Đã hủy
DH08516,KH00131,55,2024-11-09,1,17890818,17890818,Chuyển khoản,Đã hủy
DH08517,KH00022,363,2025-08-26,2,13943365,27886730,COD,Đang giao
DH08518,KH01844,96,2024-02-22,1,2158473,2158473,COD,Đã giao
DH08519,KH01260,120,2025-07-01,1,23629104,23629104,COD,Đang giao
DH08520,KH01947,339,2024-11-05,3,7585126,22755378,Chuyển khoản,Đã hủy
DH08521,KH00131,38,2024-10-22,1,25625870,25625870,Chuyển khoản,Đã hủy
DH08522,KH00863,28,2024-09-15,1,8340920,8340920,COD,Đã giao
DH08523,KH01944,387,2024-04-20,2,3436274,6872548,Ví điện tử,Đang giao
DH08524,KH01221,341,2025-07-23,2,24878704,49757408,Ví điện tử,Đang giao
DH08525,KH01739,462,2025-03-26,3,16447832,49343496,Thẻ ngân hàng,Đã giao
DH08526,KH00639,429,2025-11-28,2,13157569,26315138,Thẻ ngân hàng,Đã hủy
DH08527,KH00593,154,2025-02-26,2,5917692,11835384,COD,Đã giao
DH08528,KH00370,185,2024-12-06,1,5305149,5305149,Thẻ ngân hàng,Đã hủy
DH08529,KH00269,112,2025-12-25,3,21786528,65359584,Chuyển khoản,Đã giao
DH08530,KH01605,28,2024-05-18,1,8340920,8340920,Thẻ ngân hàng,Đang giao
DH08531,KH01078,189,2024-07-08,2,21341902,42683804,Ví điện tử,Đã hủy
DH08532,KH00118,92,2025-02-21,3,11092983,33278949,COD,Đã hủy
DH08533,KH00359,407,2024-02-26,3,22242654,66727962,Chuyển khoản,Đang giao
DH08534,KH01886,457,2024-11-11,2,24221919,48443838,COD,Đã giao
DH08535,KH01104,280,2025-11-14,3,25571963,76715889,Chuyển khoản,Đang giao
DH08536,KH00658,148,2025-02-07,3,24016044,72048132,Ví điện tử,Đã hủy
DH08537,KH00334,387,2024-10-07,3,3436274,10308822,Thẻ ngân hàng,Đã hủy
DH08538,KH01674,88,2025-02-06,2,15268123,30536246,Thẻ ngân hàng,Đang giao
DH08539,KH01636,402,2024-04-24,3,14448552,43345656,Thẻ ngân hàng,Đã hủy
DH08540,KH01667,225,2025-04-10,1,17350639,17350639,COD,Đã hủy
DH08541,KH00291,186,2025-09-28,2,11833611,23667222,Ví điện tử,Đã giao
DH08542,KH00812,349,2025-11-15,2,19870600,39741200,Chuyển khoản,Đã giao
DH08543,KH01720,295,2025-10-20,3,2326130,6978390,Thẻ ngân hàng,Đã giao
DH08544,KH00590,368,2025-12-13,1,21192004,21192004,COD,Đang giao
DH08545,KH01722,432,2024-10-29,3,25961408,77884224,Thẻ ngân hàng,Đang giao
DH08546,KH00083,440,2024-03-29,1,21263667,21263667,Chuyển khoản,Đã hủy
DH08547,KH00964,478,2024-05-29,1,8623329,8623329,Ví điện tử,Đã hủy
DH08548,KH01305,389,2024-01-01,3,2247745,6743235,COD,Đã hủy
DH08549,KH01488,411,2024-10-11,3,15292733,45878199,Ví điện tử,Đang giao
DH08550,KH00804,229,2025-11-10,1,5955017,5955017,COD,Đã giao
DH08551,KH01318,277,2025-10-09,2,20673499,41346998,Chuyển khoản,Đang giao
DH08552,KH01387,223,2025-03-09,2,2575778,5151556,Chuyển khoản,Đã giao
DH08553,KH00619,481,2024-01-08,2,11804603,23609206,Chuyển khoản,Đang giao
DH08554,KH01454,289,2024-04-18,3,4921805,14765415,Thẻ ngân hàng,Đã hủy
DH08555,KH00056,23,2025-02-09,2,18730487,37460974,COD,Đã giao
DH08556,KH01652,287,2024-04-22,1,10898911,10898911,Ví điện tử,Đang giao
DH08557,KH01494,317,2024-01-28,1,3451035,3451035,COD,Đang giao
DH08558,KH01772,455,2025-04-19,1,2445683,2445683,Ví điện tử,Đã giao
DH08559,KH00788,39,2025-04-08,2,5958851,11917702,Chuyển khoản,Đã hủy
DH08560,KH00534,256,2025-09-05,3,7503626,22510878,COD,Đã hủy
DH08561,KH01023,478,2025-10-04,1,8623329,8623329,Thẻ ngân hàng,Đang giao
DH08562,KH00999,362,2025-12-14,2,18686057,37372114,Ví điện tử,Đã hủy
DH08563,KH01004,54,2024-08-05,3,18474415,55423245,Ví điện tử,Đang giao
DH08564,KH01451,140,2024-09-04,3,13589526,40768578,Thẻ ngân hàng,Đang giao
DH08565,KH00848,314,2024-11-09,2,21535304,43070608,COD,Đã giao
DH08566,KH00458,369,2025-01-02,1,10752264,10752264,Ví điện tử,Đã giao
DH08567,KH01800,73,2024-07-27,1,13467563,13467563,COD,Đã giao
DH08568,KH00354,28,2024-02-14,1,8340920,8340920,Ví điện tử,Đã hủy
DH08569,KH01155,3,2024-12-25,2,23951194,47902388,Chuyển khoản,Đã hủy
DH08570,KH01556,382,2025-02-24,1,23997672,23997672,Thẻ ngân hàng,Đang giao
DH08571,KH01896,280,2024-10-13,1,25571963,25571963,Ví điện tử,Đang giao
DH08572,KH01334,219,2024-07-13,2,20274689,40549378,Chuyển khoản,Đang giao
DH08573,KH01525,249,2024-07-16,3,12650029,37950087,COD,Đã hủy
DH08574,KH00826,35,2024-01-11,1,5481589,5481589,Ví điện tử,Đã giao
DH08575,KH00091,446,2024-01-15,3,10227214,30681642,Chuyển khoản,Đang giao
DH08576,KH01120,451,2024-07-10,3,18801455,56404365,Ví điện tử,Đã giao
DH08577,KH01315,46,2024-08-30,3,13724985,41174955,Chuyển khoản,Đã hủy
DH08578,KH01039,471,2024-06-17,1,25755884,25755884,Thẻ ngân hàng,Đang giao
DH08579,KH00638,146,2024-07-12,1,19268450,19268450,COD,Đã giao
DH08580,KH01849,150,2025-11-27,2,22175650,44351300,Ví điện tử,Đã hủy
DH08581,KH01072,488,2025-06-16,3,1330310,3990930,COD,Đang giao
DH08582,KH00653,188,2024-07-10,1,2213985,2213985,COD,Đã giao
DH08583,KH00098,131,2024-09-06,1,2156224,2156224,Thẻ ngân hàng,Đã giao
DH08584,KH00885,452,2025-03-13,2,6422656,12845312,Chuyển khoản,Đã giao
DH08585,KH01961,226,2024-01-30,3,24912858,74738574,Thẻ ngân hàng,Đang giao
DH08586,KH00721,401,2025-02-11,1,3227628,3227628,Thẻ ngân hàng,Đã giao
DH08587,KH01629,276,2025-06-04,3,11889649,35668947,COD,Đang giao
DH08588,KH00903,371,2024-11-07,1,15596681,15596681,Ví điện tử,Đã hủy
DH08589,KH00450,262,2024-03-28,2,15404344,30808688,COD,Đang giao
DH08590,KH00282,217,2025-04-10,3,21518753,64556259,Ví điện tử,Đã giao
DH08591,KH00662,37,2024-08-26,3,24694673,74084019,Ví điện tử,Đang giao
DH08592,KH01553,260,2025-09-29,2,5169564,10339128,COD,Đã giao
DH08593,KH00356,108,2025-12-14,2,16704100,33408200,Thẻ ngân hàng,Đã hủy
DH08594,KH00157,108,2025-03-04,3,16704100,50112300,Chuyển khoản,Đang giao
DH08595,KH01493,171,2024-02-07,1,16022163,16022163,Ví điện tử,Đã hủy
DH08596,KH00282,207,2025-05-23,3,11794425,35383275,Chuyển khoản,Đang giao
DH08597,KH01191,327,2025-08-12,2,6561107,13122214,Thẻ ngân hàng,Đã giao
DH08598,KH01001,301,2024-02-02,1,23179464,23179464,COD,Đang giao
DH08599,KH00319,427,2025-01-05,2,12881666,25763332,Chuyển khoản,Đã giao
DH08600,KH01343,449,2025-03-12,3,7676975,23030925,COD,Đã hủy
DH08601,KH01070,399,2024-05-17,1,2042288,2042288,Thẻ ngân hàng,Đang giao
DH08602,KH01450,361,2025-04-29,3,2131412,6394236,Ví điện tử,Đã hủy
DH08603,KH01419,360,2025-07-13,3,17479616,52438848,COD,Đã giao
DH08604,KH01006,308,2025-08-16,3,23205555,69616665,Ví điện tử,Đã giao
DH08605,KH01207,95,2024-02-14,3,17932883,53798649,Ví điện tử,Đang giao
DH08606,KH01629,311,2024-05-05,1,20701272,20701272,Thẻ ngân hàng,Đang giao
DH08607,KH00970,311,2025-02-20,3,20701272,62103816,Ví điện tử,Đã giao
DH08608,KH01681,445,2024-04-14,3,3753037,11259111,Chuyển khoản,Đã giao
DH08609,KH01958,205,2025-02-28,1,11351137,11351137,COD,Đã giao
DH08610,KH01714,273,2025-08-12,2,13267090,26534180,COD,Đang giao
DH08611,KH00368,392,2024-10-12,1,2439684,2439684,Chuyển khoản,Đang giao
DH08612,KH01431,157,2024-10-16,2,10354320,20708640,Thẻ ngân hàng,Đang giao
DH08613,KH01374,265,2024-01-16,1,18875655,18875655,Ví điện tử,Đã hủy
DH08614,KH00975,14,2024-10-09,1,7886377,7886377,Thẻ ngân hàng,Đã giao
DH08615,KH00493,355,2025-10-16,2,19241391,38482782,COD,Đang giao
DH08616,KH00579,246,2024-06-27,1,4574511,4574511,Chuyển khoản,Đã hủy
DH08617,KH01343,145,2024-06-16,1,13595803,13595803,Chuyển khoản,Đã hủy
DH08618,KH00755,48,2025-07-27,1,10369706,10369706,COD,Đã giao
DH08619,KH00275,439,2025-04-21,3,11444083,34332249,Thẻ ngân hàng,Đang giao
DH08620,KH00154,99,2025-06-02,1,22557878,22557878,Chuyển khoản,Đang giao
DH08621,KH01299,56,2025-11-26,1,3656281,3656281,Thẻ ngân hàng,Đã giao
DH08622,KH01496,341,2024-06-20,2,24878704,49757408,Chuyển khoản,Đang giao
DH08623,KH01946,5,2025-01-04,2,6035905,12071810,Ví điện tử,Đã giao
DH08624,KH00370,279,2024-06-02,2,22313060,44626120,Ví điện tử,Đã giao
DH08625,KH01792,499,2024-10-24,1,11225264,11225264,COD,Đã giao
DH08626,KH01149,8,2024-10-25,2,16791775,33583550,Thẻ ngân hàng,Đã giao
DH08627,KH01889,135,2025-09-01,3,18508141,55524423,COD,Đang giao
DH08628,KH00315,110,2025-01-25,2,2655742,5311484,Chuyển khoản,Đã giao
DH08629,KH00301,218,2025-01-22,3,7876105,23628315,Chuyển khoản,Đã giao
DH08630,KH00837,460,2025-10-06,1,15973168,15973168,Ví điện tử,Đã hủy
DH08631,KH00881,251,2025-01-07,3,11288407,33865221,Thẻ ngân hàng,Đang giao
DH08632,KH00570,306,2024-08-25,1,9109540,9109540,COD,Đã hủy
DH08633,KH01971,89,2025-06-16,1,15656852,15656852,COD,Đã hủy
DH08634,KH00583,3,2025-09-05,3,23951194,71853582,Chuyển khoản,Đang giao
DH08635,KH01731,154,2024-11-30,3,5917692,17753076,Thẻ ngân hàng,Đang giao
DH08636,KH00227,72,2025-04-25,3,11915298,35745894,Chuyển khoản,Đang giao
DH08637,KH00405,466,2025-02-26,2,16269792,32539584,Thẻ ngân hàng,Đã hủy
DH08638,KH01491,244,2024-09-05,1,16782990,16782990,Ví điện tử,Đã hủy
DH08639,KH01684,349,2024-07-14,3,19870600,59611800,Chuyển khoản,Đã giao
DH08640,KH01127,141,2024-05-25,2,22227393,44454786,Ví điện tử,Đang giao
DH08641,KH00933,448,2024-03-28,3,1655313,4965939,Thẻ ngân hàng,Đã hủy
DH08642,KH00110,242,2025-04-09,2,1536406,3072812,COD,Đang giao
DH08643,KH01047,245,2025-02-22,1,11838005,11838005,COD,Đang giao
DH08644,KH01301,246,2024-05-15,1,4574511,4574511,Ví điện tử,Đã giao
DH08645,KH01376,174,2025-05-01,1,24577473,24577473,Thẻ ngân hàng,Đã giao
DH08646,KH00384,242,2024-02-25,3,1536406,4609218,Ví điện tử,Đã giao
DH08647,KH01189,85,2025-11-25,3,22953739,68861217,Thẻ ngân hàng,Đang giao
DH08648,KH00585,177,2025-06-06,2,6101695,12203390,COD,Đã giao
DH08649,KH01082,343,2024-04-24,2,17874359,35748718,Thẻ ngân hàng,Đã hủy
DH08650,KH01888,223,2024-11-12,2,2575778,5151556,Ví điện tử,Đã hủy
DH08651,KH00660,396,2024-02-17,1,2735462,2735462,Ví điện tử,Đã giao
DH08652,KH00436,263,2025-03-24,1,5779215,5779215,COD,Đã giao
DH08653,KH01053,70,2024-02-23,1,24683647,24683647,Ví điện tử,Đã hủy
DH08654,KH01289,371,2024-10-17,2,15596681,31193362,COD,Đã hủy
DH08655,KH00440,405,2024-08-02,3,6786774,20360322,Ví điện tử,Đang giao
DH08656,KH01606,275,2025-04-05,1,1991880,1991880,Ví điện tử,Đã giao
DH08657,KH00068,107,2024-05-12,1,15707585,15707585,COD,Đã hủy
DH08658,KH01346,376,2024-12-26,2,7479061,14958122,Ví điện tử,Đã giao
DH08659,KH00606,39,2024-02-11,3,5958851,17876553,Thẻ ngân hàng,Đã hủy
DH08660,KH00232,307,2025-08-17,2,2970393,5940786,Thẻ ngân hàng,Đã giao
DH08661,KH01914,456,2025-08-16,3,1907183,5721549,Thẻ ngân hàng,Đang giao
DH08662,KH00517,84,2024-05-21,3,5916601,17749803,Chuyển khoản,Đã giao
DH08663,KH01526,114,2025-08-28,2,5461510,10923020,Chuyển khoản,Đã hủy
DH08664,KH01683,104,2025-08-29,2,21205978,42411956,Ví điện tử,Đã hủy
DH08665,KH01339,74,2025-04-30,3,2460854,7382562,COD,Đã giao
DH08666,KH00238,17,2024-05-15,1,11252793,11252793,Thẻ ngân hàng,Đã giao
DH08667,KH00647,137,2025-11-20,2,20559073,41118146,COD,Đã giao
DH08668,KH00815,341,2025-08-13,1,24878704,24878704,Chuyển khoản,Đang giao
DH08669,KH00222,122,2025-02-25,1,18283116,18283116,COD,Đang giao
DH08670,KH00421,93,2024-05-10,3,14686287,44058861,Thẻ ngân hàng,Đang giao
DH08671,KH00993,473,2024-08-26,2,8143318,16286636,Thẻ ngân hàng,Đang giao
DH08672,KH00261,68,2024-01-26,1,14423549,14423549,COD,Đang giao
DH08673,KH00334,458,2025-06-13,2,3104580,6209160,Chuyển khoản,Đã hủy
DH08674,KH01381,341,2025-03-02,3,24878704,74636112,Thẻ ngân hàng,Đã giao
DH08675,KH01557,282,2024-09-13,2,9983595,19967190,Thẻ ngân hàng,Đã giao
DH08676,KH00400,121,2025-11-14,3,22194333,66582999,COD,Đã giao
DH08677,KH00078,180,2025-04-18,3,5187803,15563409,Chuyển khoản,Đang giao
DH08678,KH01556,474,2025-01-09,3,13191529,39574587,Thẻ ngân hàng,Đã giao
DH08679,KH01177,99,2025-03-24,3,22557878,67673634,COD,Đã giao
DH08680,KH00524,408,2024-04-17,2,17462807,34925614,Thẻ ngân hàng,Đang giao
DH08681,KH01770,346,2025-10-28,2,15198565,30397130,Chuyển khoản,Đã giao
DH08682,KH01076,442,2025-03-02,3,14674667,44024001,Chuyển khoản,Đã hủy
DH08683,KH01139,471,2024-02-23,3,25755884,77267652,COD,Đang giao
DH08684,KH01754,242,2024-11-27,1,1536406,1536406,Chuyển khoản,Đã hủy
DH08685,KH01688,318,2024-09-09,1,23570935,23570935,Ví điện tử,Đang giao
DH08686,KH01727,326,2025-05-09,3,10657286,31971858,Chuyển khoản,Đã hủy
DH08687,KH01063,158,2024-09-10,3,2814097,8442291,COD,Đang giao
DH08688,KH00380,242,2024-02-26,1,1536406,1536406,COD,Đã hủy
DH08689,KH00631,376,2025-05-13,1,7479061,7479061,Thẻ ngân hàng,Đã giao
DH08690,KH00423,183,2025-02-12,2,25583781,51167562,Ví điện tử,Đã giao
DH08691,KH00010,64,2025-01-15,3,9718506,29155518,COD,Đã giao
DH08692,KH00461,386,2024-10-13,3,11489944,34469832,Thẻ ngân hàng,Đã giao
DH08693,KH01826,152,2025-09-15,1,11691816,11691816,Thẻ ngân hàng,Đã giao
DH08694,KH00565,429,2024-02-29,1,13157569,13157569,Chuyển khoản,Đang giao
DH08695,KH00091,253,2025-09-22,3,9232276,27696828,Thẻ ngân hàng,Đã giao
DH08696,KH00859,155,2025-04-18,1,23734363,23734363,Ví điện tử,Đang giao
DH08697,KH01685,401,2025-03-03,1,3227628,3227628,COD,Đã giao
DH08698,KH00461,125,2024-01-22,2,13225929,26451858,COD,Đã hủy
DH08699,KH01234,352,2024-10-23,2,22014922,44029844,COD,Đã giao
DH08700,KH01361,294,2024-03-17,3,20611090,61833270,Chuyển khoản,Đang giao
DH08701,KH00447,26,2025-11-13,1,23522794,23522794,COD,Đang giao
DH08702,KH01234,53,2024-02-19,3,18088695,54266085,Ví điện tử,Đang giao
DH08703,KH01944,269,2025-05-26,3,13567100,40701300,COD,Đã giao
DH08704,KH01606,356,2024-08-22,3,23139278,69417834,COD,Đã giao
DH08705,KH00059,437,2024-10-22,2,20884762,41769524,COD,Đang giao
DH08706,KH01247,138,2024-01-09,3,24036792,72110376,Chuyển khoản,Đã hủy
DH08707,KH00672,77,2024-06-03,1,20281855,20281855,COD,Đã hủy
DH08708,KH01404,60,2025-03-13,3,10296353,30889059,Ví điện tử,Đã giao
DH08709,KH00720,297,2024-02-06,1,3729757,3729757,Ví điện tử,Đã giao
DH08710,KH01856,315,2024-04-01,2,7916762,15833524,Ví điện tử,Đã giao
DH08711,KH01615,483,2025-06-05,2,9287345,18574690,COD,Đã hủy
DH08712,KH00182,328,2025-09-26,2,19906025,39812050,Thẻ ngân hàng,Đã hủy
DH08713,KH01809,467,2025-12-20,3,6408461,19225383,Chuyển khoản,Đã giao
DH08714,KH01270,134,2024-04-11,2,24009450,48018900,Chuyển khoản,Đang giao
DH08715,KH00438,391,2025-12-12,3,14598944,43796832,Thẻ ngân hàng,Đã giao
DH08716,KH01829,394,2025-01-06,2,14325309,28650618,Thẻ ngân hàng,Đang giao
DH08717,KH01822,138,2024-01-21,3,24036792,72110376,Ví điện tử,Đã giao
DH08718,KH01000,123,2024-01-09,3,5880587,17641761,Ví điện tử,Đã hủy
DH08719,KH01625,364,2024-12-16,2,14254399,28508798,Ví điện tử,Đã giao
DH08720,KH00825,62,2024-12-03,2,17040933,34081866,Ví điện tử,Đã giao
DH08721,KH00694,56,2025-04-14,3,3656281,10968843,Thẻ ngân hàng,Đã hủy
DH08722,KH00584,247,2024-12-20,3,14840560,44521680,Chuyển khoản,Đã hủy
DH08723,KH00062,144,2024-06-11,1,6059706,6059706,Chuyển khoản,Đang giao
DH08724,KH01764,40,2024-02-24,2,13768783,27537566,Thẻ ngân hàng,Đã giao
DH08725,KH01034,395,2025-11-01,1,15941796,15941796,Chuyển khoản,Đang giao
DH08726,KH01077,296,2024-05-01,2,7282780,14565560,Ví điện tử,Đã giao
DH08727,KH00901,328,2024-01-02,2,19906025,39812050,Ví điện tử,Đã hủy
DH08728,KH01152,268,2024-03-02,3,20509489,61528467,Ví điện tử,Đang giao
DH08729,KH00436,447,2024-01-02,2,13793804,27587608,COD,Đã giao
DH08730,KH00729,395,2025-06-07,1,15941796,15941796,Ví điện tử,Đã hủy
DH08731,KH00202,497,2025-06-15,1,20532926,20532926,COD,Đang giao
DH08732,KH00369,170,2025-03-13,3,18830250,56490750,Chuyển khoản,Đã hủy
DH08733,KH00120,385,2025-10-07,1,9022052,9022052,COD,Đang giao
DH08734,KH00130,9,2025-05-26,2,2348573,4697146,Ví điện tử,Đang giao
DH08735,KH00809,378,2025-08-05,1,5459248,5459248,Chuyển khoản,Đã hủy
DH08736,KH01175,474,2024-05-27,3,13191529,39574587,Thẻ ngân hàng,Đã hủy
DH08737,KH00573,488,2025-07-09,2,1330310,2660620,Ví điện tử,Đang giao
DH08738,KH00938,89,2025-12-08,1,15656852,15656852,Thẻ ngân hàng,Đã giao
DH08739,KH01871,217,2025-09-11,1,21518753,21518753,Thẻ ngân hàng,Đã giao
DH08740,KH00638,298,2025-09-08,1,19424399,19424399,Thẻ ngân hàng,Đang giao
DH08741,KH00158,320,2025-09-09,3,13927009,41781027,Chuyển khoản,Đang giao
DH08742,KH01991,434,2025-08-12,1,20511341,20511341,Thẻ ngân hàng,Đang giao
DH08743,KH01776,383,2025-11-28,1,21556385,21556385,Ví điện tử,Đang giao
DH08744,KH00483,241,2024-05-02,3,14883376,44650128,Ví điện tử,Đã giao
DH08745,KH01562,321,2024-02-28,3,9556944,28670832,Thẻ ngân hàng,Đã hủy
DH08746,KH01253,346,2024-09-21,3,15198565,45595695,COD,Đang giao
DH08747,KH01789,154,2025-12-23,3,5917692,17753076,Thẻ ngân hàng,Đang giao
DH08748,KH00050,62,2025-07-02,3,17040933,51122799,Thẻ ngân hàng,Đã hủy
DH08749,KH00885,417,2024-01-01,3,1927702,5783106,Ví điện tử,Đang giao
DH08750,KH00736,274,2024-12-22,2,8049917,16099834,Ví điện tử,Đã hủy
DH08751,KH01757,152,2024-08-11,1,11691816,11691816,Thẻ ngân hàng,Đã giao
DH08752,KH00062,63,2024-07-25,2,25365618,50731236,COD,Đã hủy
DH08753,KH00298,423,2024-09-25,3,11205935,33617805,Ví điện tử,Đã giao
DH08754,KH01781,41,2025-09-14,1,23214519,23214519,Ví điện tử,Đang giao
DH08755,KH00761,500,2025-07-14,2,12716509,25433018,Chuyển khoản,Đang giao
DH08756,KH00018,418,2025-02-11,1,6732468,6732468,Chuyển khoản,Đang giao
DH08757,KH01087,489,2025-09-07,2,23457899,46915798,Ví điện tử,Đang giao
DH08758,KH00052,468,2025-05-20,3,21281263,63843789,Thẻ ngân hàng,Đang giao
DH08759,KH00929,295,2024-12-10,1,2326130,2326130,Ví điện tử,Đã hủy
DH08760,KH00732,5,2024-11-30,2,6035905,12071810,Thẻ ngân hàng,Đã giao
DH08761,KH01364,363,2024-12-19,2,13943365,27886730,COD,Đang giao
DH08762,KH00127,412,2025-06-13,2,5966347,11932694,Ví điện tử,Đã giao
DH08763,KH01922,61,2024-07-16,1,11543600,11543600,COD,Đã giao
DH08764,KH01040,351,2025-10-06,1,13618008,13618008,COD,Đã hủy
DH08765,KH01651,195,2025-02-24,2,2797518,5595036,Thẻ ngân hàng,Đang giao
DH08766,KH01951,187,2025-08-03,3,8866140,26598420,COD,Đã giao
DH08767,KH01200,131,2024-11-30,1,2156224,2156224,Ví điện tử,Đang giao
DH08768,KH00260,280,2025-09-19,1,25571963,25571963,Ví điện tử,Đang giao
DH08769,KH00463,384,2025-08-24,3,7946719,23840157,Ví điện tử,Đang giao
DH08770,KH01695,447,2025-04-21,3,13793804,41381412,COD,Đã giao
DH08771,KH00277,89,2024-10-12,1,15656852,15656852,Thẻ ngân hàng,Đang giao
DH08772,KH00739,497,2024-02-23,1,20532926,20532926,Thẻ ngân hàng,Đang giao
DH08773,KH00107,269,2025-12-01,2,13567100,27134200,Chuyển khoản,Đã giao
DH08774,KH00575,310,2024-06-16,2,10351478,20702956,Chuyển khoản,Đã hủy
DH08775,KH00566,54,2025-04-30,1,18474415,18474415,Thẻ ngân hàng,Đã hủy
DH08776,KH01721,37,2024-03-05,2,24694673,49389346,Chuyển khoản,Đã giao
DH08777,KH00273,306,2025-12-29,1,9109540,9109540,Chuyển khoản,Đang giao
DH08778,KH00431,418,2024-11-15,3,6732468,20197404,Chuyển khoản,Đang giao
DH08779,KH00958,159,2024-10-04,3,18319776,54959328,Thẻ ngân hàng,Đã giao
DH08780,KH00816,22,2025-04-04,3,24114298,72342894,COD,Đã giao
DH08781,KH00920,186,2025-11-23,2,11833611,23667222,Chuyển khoản,Đang giao
DH08782,KH00933,366,2024-01-09,1,7038014,7038014,COD,Đã giao
DH08783,KH01690,348,2025-06-20,3,16075438,48226314,COD,Đã giao
DH08784,KH01718,30,2025-12-12,3,22850493,68551479,Chuyển khoản,Đã giao
DH08785,KH00755,167,2025-03-08,2,19477755,38955510,Ví điện tử,Đang giao
DH08786,KH00738,156,2024-08-27,3,23900042,71700126,Thẻ ngân hàng,Đã giao
DH08787,KH00355,439,2025-04-26,1,11444083,11444083,Thẻ ngân hàng,Đã hủy
DH08788,KH01847,485,2025-03-23,1,2937854,2937854,COD,Đang giao
DH08789,KH01152,266,2024-02-22,1,8991711,8991711,Ví điện tử,Đã hủy
DH08790,KH01824,289,2024-10-01,2,4921805,9843610,Thẻ ngân hàng,Đang giao
DH08791,KH00997,25,2025-06-30,1,7741025,7741025,COD,Đã hủy
DH08792,KH01697,413,2025-02-08,1,19949073,19949073,Chuyển khoản,Đang giao
DH08793,KH01908,463,2024-07-06,1,14123822,14123822,Chuyển khoản,Đã giao
DH08794,KH00850,289,2024-06-27,3,4921805,14765415,Chuyển khoản,Đang giao
DH08795,KH00215,345,2025-07-20,2,24716330,49432660,COD,Đã giao
DH08796,KH01180,447,2025-04-19,1,13793804,13793804,Ví điện tử,Đang giao
DH08797,KH01688,490,2024-07-11,2,24697745,49395490,Chuyển khoản,Đã giao
DH08798,KH01463,177,2024-04-18,2,6101695,12203390,Ví điện tử,Đã hủy
DH08799,KH00266,492,2025-08-12,3,8668431,26005293,COD,Đã hủy
DH08800,KH00175,348,2025-04-05,3,16075438,48226314,Thẻ ngân hàng,Đã hủy
DH08801,KH00658,314,2024-04-04,1,21535304,21535304,Ví điện tử,Đã hủy
DH08802,KH01805,376,2025-09-06,2,7479061,14958122,Ví điện tử,Đang giao
DH08803,KH01161,328,2024-06-27,3,19906025,59718075,Thẻ ngân hàng,Đã giao
DH08804,KH01087,162,2025-10-12,1,16154689,16154689,Thẻ ngân hàng,Đã hủy
DH08805,KH00640,149,2024-12-06,1,20816892,20816892,Thẻ ngân hàng,Đang giao
DH08806,KH01328,105,2025-08-02,3,9768220,29304660,Ví điện tử,Đã hủy
DH08807,KH01663,405,2024-12-02,2,6786774,13573548,COD,Đã hủy
DH08808,KH01167,386,2024-08-19,2,11489944,22979888,Thẻ ngân hàng,Đã giao
DH08809,KH00001,496,2024-05-24,2,14220784,28441568,Thẻ ngân hàng,Đã giao
DH08810,KH01491,436,2025-04-29,2,8088441,16176882,COD,Đã giao
DH08811,KH01218,472,2024-05-31,3,24725902,74177706,Thẻ ngân hàng,Đang giao
DH08812,KH00223,146,2024-03-01,1,19268450,19268450,Chuyển khoản,Đã giao
DH08813,KH00251,131,2025-11-23,2,2156224,4312448,Thẻ ngân hàng,Đã giao
DH08814,KH01354,498,2025-09-12,2,19498927,38997854,Ví điện tử,Đang giao
DH08815,KH00142,120,2025-03-07,2,23629104,47258208,Ví điện tử,Đã giao
DH08816,KH00404,470,2025-07-18,3,2362889,7088667,COD,Đang giao
DH08817,KH01478,444,2024-12-21,2,24721344,49442688,COD,Đã giao
DH08818,KH01600,429,2025-07-25,2,13157569,26315138,Chuyển khoản,Đã hủy
DH08819,KH01470,157,2025-09-28,1,10354320,10354320,Ví điện tử,Đang giao
DH08820,KH01874,276,2024-07-23,2,11889649,23779298,COD,Đang giao
DH08821,KH01846,128,2024-01-24,2,5789660,11579320,COD,Đã giao
DH08822,KH00681,182,2025-01-03,2,19817463,39634926,Thẻ ngân hàng,Đang giao
DH08823,KH01456,108,2024-02-20,3,16704100,50112300,COD,Đã hủy
DH08824,KH01107,236,2025-11-02,3,25624479,76873437,Ví điện tử,Đã giao
DH08825,KH01840,305,2025-08-06,2,19848099,39696198,Chuyển khoản,Đang giao
DH08826,KH00578,226,2025-02-01,1,24912858,24912858,Chuyển khoản,Đang giao
DH08827,KH00064,210,2024-05-28,3,20061356,60184068,Chuyển khoản,Đã giao
DH08828,KH01919,426,2025-04-24,1,22978827,22978827,COD,Đã giao
DH08829,KH00992,173,2024-11-05,3,8932665,26797995,Chuyển khoản,Đã hủy
DH08830,KH00679,225,2024-06-02,1,17350639,17350639,Chuyển khoản,Đã giao
DH08831,KH01849,288,2025-02-15,3,11145011,33435033,Thẻ ngân hàng,Đã giao
DH08832,KH00031,430,2024-01-13,1,11677101,11677101,COD,Đã hủy
DH08833,KH01622,361,2025-09-07,1,2131412,2131412,Chuyển khoản,Đang giao
DH08834,KH01178,492,2025-06-23,2,8668431,17336862,COD,Đang giao
DH08835,KH00557,387,2024-04-06,3,3436274,10308822,Chuyển khoản,Đã giao
DH08836,KH01398,272,2025-12-12,1,15085613,15085613,Thẻ ngân hàng,Đã giao
DH08837,KH00610,210,2024-07-27,2,20061356,40122712,COD,Đã hủy
DH08838,KH01255,206,2025-07-02,3,9160201,27480603,COD,Đã hủy
DH08839,KH00115,376,2024-06-19,2,7479061,14958122,Thẻ ngân hàng,Đã hủy
DH08840,KH01294,337,2025-06-22,1,16155694,16155694,COD,Đã giao
DH08841,KH01805,166,2025-01-25,2,17284447,34568894,COD,Đang giao
DH08842,KH00266,293,2025-05-03,1,5223702,5223702,Thẻ ngân hàng,Đang giao
DH08843,KH00193,28,2024-12-12,1,8340920,8340920,Thẻ ngân hàng,Đã hủy
DH08844,KH00391,194,2025-01-28,2,10519150,21038300,COD,Đang giao
DH08845,KH01628,221,2025-09-16,1,18603561,18603561,COD,Đã giao
DH08846,KH00572,269,2025-04-17,2,13567100,27134200,Ví điện tử,Đã giao
DH08847,KH00039,91,2025-01-15,1,20666588,20666588,Thẻ ngân hàng,Đã hủy
DH08848,KH01539,264,2025-12-07,3,7333700,22001100,Ví điện tử,Đang giao
DH08849,KH00554,275,2024-01-11,2,1991880,3983760,Chuyển khoản,Đã giao
DH08850,KH00118,471,2025-07-15,3,25755884,77267652,Ví điện tử,Đã hủy
DH08851,KH00329,125,2024-06-24,2,13225929,26451858,Ví điện tử,Đã giao
DH08852,KH00434,193,2025-11-07,2,12107524,24215048,Chuyển khoản,Đã hủy
DH08853,KH01630,77,2024-10-03,2,20281855,40563710,Chuyển khoản,Đã hủy
DH08854,KH01401,243,2024-07-14,3,9384883,28154649,COD,Đang giao
DH08855,KH00873,448,2024-07-22,1,1655313,1655313,Ví điện tử,Đang giao
DH08856,KH01602,333,2025-10-27,2,4723884,9447768,Chuyển khoản,Đã hủy
DH08857,KH00541,226,2025-03-11,1,24912858,24912858,Ví điện tử,Đã hủy
DH08858,KH00867,57,2024-06-26,2,19310306,38620612,Thẻ ngân hàng,Đã giao
DH08859,KH00387,67,2024-01-29,3,2603224,7809672,Thẻ ngân hàng,Đã giao
DH08860,KH00363,396,2025-09-13,1,2735462,2735462,COD,Đang giao
DH08861,KH00923,207,2025-05-30,1,11794425,11794425,Thẻ ngân hàng,Đã giao
DH08862,KH01130,464,2024-07-26,3,10451249,31353747,COD,Đã hủy
DH08863,KH01862,70,2025-07-22,2,24683647,49367294,Ví điện tử,Đang giao
DH08864,KH00524,421,2025-12-03,3,22589235,67767705,Chuyển khoản,Đang giao
DH08865,KH01454,439,2025-05-03,2,11444083,22888166,Chuyển khoản,Đã hủy
DH08866,KH01139,385,2025-08-12,1,9022052,9022052,COD,Đã hủy
DH08867,KH00235,220,2024-09-08,3,21154109,63462327,Chuyển khoản,Đã hủy
DH08868,KH01875,401,2024-03-04,3,3227628,9682884,Chuyển khoản,Đã hủy
DH08869,KH00241,405,2025-10-12,3,6786774,20360322,Thẻ ngân hàng,Đã hủy
DH08870,KH00375,419,2025-04-26,1,14450529,14450529,COD,Đang giao
DH08871,KH01709,118,2025-02-17,3,6945092,20835276,Chuyển khoản,Đã giao
DH08872,KH00007,291,2024-01-01,2,19063989,38127978,Ví điện tử,Đang giao
DH08873,KH01394,426,2024-05-08,1,22978827,22978827,Chuyển khoản,Đang giao
DH08874,KH01049,251,2025-10-15,3,11288407,33865221,Ví điện tử,Đang giao
DH08875,KH01987,305,2025-06-02,3,19848099,59544297,COD,Đã giao
DH08876,KH01093,144,2025-04-24,3,6059706,18179118,COD,Đang giao
DH08877,KH01380,348,2025-01-03,3,16075438,48226314,Thẻ ngân hàng,Đang giao
DH08878,KH00034,470,2024-08-05,3,2362889,7088667,Chuyển khoản,Đã giao
DH08879,KH00599,284,2025-05-30,1,7510427,7510427,COD,Đang giao
DH08880,KH01415,210,2025-07-02,1,20061356,20061356,Thẻ ngân hàng,Đã hủy
DH08881,KH00550,170,2025-05-29,2,18830250,37660500,COD,Đã giao
DH08882,KH01346,89,2025-02-28,2,15656852,31313704,COD,Đã giao
DH08883,KH00318,213,2025-02-07,3,9135747,27407241,Thẻ ngân hàng,Đã giao
DH08884,KH01643,421,2024-02-22,1,22589235,22589235,Ví điện tử,Đang giao
DH08885,KH01637,489,2024-02-02,1,23457899,23457899,Thẻ ngân hàng,Đang giao
DH08886,KH01875,497,2025-11-04,2,20532926,41065852,Ví điện tử,Đã giao
DH08887,KH01704,295,2024-06-17,1,2326130,2326130,Chuyển khoản,Đang giao
DH08888,KH01207,98,2024-01-29,1,25849081,25849081,Chuyển khoản,Đã giao
DH08889,KH00603,22,2024-09-13,3,24114298,72342894,Ví điện tử,Đang giao
DH08890,KH01445,24,2025-01-13,3,1688485,5065455,COD,Đã hủy
DH08891,KH01488,317,2025-02-17,3,3451035,10353105,Chuyển khoản,Đã hủy
DH08892,KH01669,115,2024-01-16,3,24228127,72684381,Ví điện tử,Đang giao
DH08893,KH01226,496,2025-06-13,3,14220784,42662352,Chuyển khoản,Đã hủy
DH08894,KH01236,75,2025-01-17,3,1572912,4718736,Thẻ ngân hàng,Đã hủy
DH08895,KH01007,422,2024-09-16,2,12003004,24006008,COD,Đã hủy
DH08896,KH01594,172,2024-10-25,1,11563207,11563207,COD,Đã giao
DH08897,KH01141,114,2025-07-16,1,5461510,5461510,Chuyển khoản,Đang giao
DH08898,KH00796,446,2024-09-15,1,10227214,10227214,Thẻ ngân hàng,Đã hủy
DH08899,KH01871,457,2025-09-03,2,24221919,48443838,Ví điện tử,Đang giao
DH08900,KH00455,446,2024-05-09,1,10227214,10227214,Thẻ ngân hàng,Đã giao
DH08901,KH00420,438,2024-08-16,3,19966047,59898141,Thẻ ngân hàng,Đã giao
DH08902,KH01757,49,2024-05-20,2,10127878,20255756,Thẻ ngân hàng,Đang giao
DH08903,KH00263,185,2025-02-19,1,5305149,5305149,Thẻ ngân hàng,Đã hủy
DH08904,KH01146,43,2024-02-26,3,14663576,43990728,Ví điện tử,Đã hủy
DH08905,KH00389,166,2025-02-01,1,17284447,17284447,Ví điện tử,Đang giao
DH08906,KH00590,183,2024-11-11,1,25583781,25583781,Ví điện tử,Đã giao
DH08907,KH01626,171,2024-09-01,1,16022163,16022163,Chuyển khoản,Đã giao
DH08908,KH00755,367,2024-10-22,2,21910738,43821476,Thẻ ngân hàng,Đã giao
DH08909,KH01486,165,2024-09-05,2,25319024,50638048,COD,Đang giao
DH08910,KH00821,46,2025-12-12,2,13724985,27449970,Ví điện tử,Đã hủy
DH08911,KH00994,94,2025-10-04,2,4892461,9784922,Ví điện tử,Đang giao
DH08912,KH01354,407,2025-06-13,2,22242654,44485308,Thẻ ngân hàng,Đang giao
DH08913,KH01177,261,2024-09-09,3,8666850,26000550,COD,Đang giao
DH08914,KH00108,131,2024-10-18,3,2156224,6468672,Ví điện tử,Đang giao
DH08915,KH00447,151,2024-01-30,2,14524360,29048720,Ví điện tử,Đã hủy
DH08916,KH01819,462,2025-08-31,1,16447832,16447832,COD,Đã giao
DH08917,KH00578,149,2025-10-07,2,20816892,41633784,COD,Đã hủy
DH08918,KH00035,39,2024-02-14,2,5958851,11917702,Thẻ ngân hàng,Đã hủy
DH08919,KH00318,373,2025-04-17,3,17596085,52788255,Thẻ ngân hàng,Đã hủy
DH08920,KH01366,290,2025-05-03,2,14771023,29542046,Thẻ ngân hàng,Đang giao
DH08921,KH00313,259,2024-02-18,2,2352165,4704330,Ví điện tử,Đã hủy
DH08922,KH01051,78,2024-02-12,3,10074989,30224967,Ví điện tử,Đang giao
DH08923,KH01227,103,2024-11-14,1,17996106,17996106,COD,Đang giao
DH08924,KH00984,394,2025-05-25,2,14325309,28650618,COD,Đang giao
DH08925,KH00485,158,2024-09-13,2,2814097,5628194,Thẻ ngân hàng,Đã hủy
DH08926,KH01321,368,2025-01-07,1,21192004,21192004,Chuyển khoản,Đã hủy
DH08927,KH01591,354,2025-08-11,3,14109722,42329166,Thẻ ngân hàng,Đang giao
DH08928,KH00421,215,2024-03-18,3,22688954,68066862,Chuyển khoản,Đã giao
DH08929,KH01421,326,2024-07-10,2,10657286,21314572,Thẻ ngân hàng,Đang giao
DH08930,KH01692,381,2024-07-02,1,3635754,3635754,Thẻ ngân hàng,Đã giao
DH08931,KH00081,202,2024-02-17,1,10502987,10502987,Thẻ ngân hàng,Đã giao
DH08932,KH01732,420,2025-05-23,2,7580608,15161216,Ví điện tử,Đã hủy
DH08933,KH00998,118,2024-11-22,2,6945092,13890184,COD,Đang giao
DH08934,KH00361,406,2025-08-23,3,1821869,5465607,Thẻ ngân hàng,Đang giao
DH08935,KH01140,141,2024-12-01,1,22227393,22227393,Thẻ ngân hàng,Đã giao
DH08936,KH01715,460,2024-02-15,1,15973168,15973168,Thẻ ngân hàng,Đã hủy
DH08937,KH01939,312,2025-04-14,2,22250953,44501906,Thẻ ngân hàng,Đã giao
DH08938,KH01551,381,2024-09-19,2,3635754,7271508,COD,Đã giao
DH08939,KH00591,358,2024-10-09,1,8803419,8803419,COD,Đã hủy
DH08940,KH01134,341,2024-04-02,1,24878704,24878704,Thẻ ngân hàng,Đã giao
DH08941,KH01331,225,2024-04-04,1,17350639,17350639,Ví điện tử,Đã giao
DH08942,KH01785,178,2025-05-17,3,25162917,75488751,Chuyển khoản,Đang giao
DH08943,KH01829,466,2025-11-08,3,16269792,48809376,Chuyển khoản,Đang giao
DH08944,KH01527,484,2024-07-28,2,9546339,19092678,Chuyển khoản,Đang giao
DH08945,KH00013,70,2024-05-24,3,24683647,74050941,Thẻ ngân hàng,Đã giao
DH08946,KH01955,19,2025-10-07,2,6165758,12331516,COD,Đang giao
DH08947,KH00536,255,2024-05-26,1,11357464,11357464,Chuyển khoản,Đang giao
DH08948,KH01517,359,2024-06-25,1,18193067,18193067,Ví điện tử,Đã hủy
DH08949,KH01035,205,2024-03-09,2,11351137,22702274,Ví điện tử,Đã giao
DH08950,KH01906,57,2025-06-04,3,19310306,57930918,Chuyển khoản,Đã giao
DH08951,KH01567,323,2025-11-19,3,8114299,24342897,COD,Đã giao
DH08952,KH00784,193,2024-04-05,3,12107524,36322572,Ví điện tử,Đã giao
DH08953,KH00040,372,2025-07-10,1,11933021,11933021,Chuyển khoản,Đang giao
DH08954,KH00828,495,2024-01-16,1,24537951,24537951,Chuyển khoản,Đang giao
DH08955,KH00574,23,2025-06-26,3,18730487,56191461,Ví điện tử,Đã giao
DH08956,KH00868,290,2024-06-12,1,14771023,14771023,COD,Đang giao
DH08957,KH01769,356,2025-04-15,1,23139278,23139278,COD,Đã hủy
DH08958,KH00809,52,2024-05-14,1,14404540,14404540,Chuyển khoản,Đang giao
DH08959,KH00949,344,2024-01-25,2,15192156,30384312,COD,Đã giao
DH08960,KH00190,275,2025-01-20,2,1991880,3983760,Chuyển khoản,Đang giao
DH08961,KH01774,263,2025-05-17,3,5779215,17337645,Thẻ ngân hàng,Đã hủy
DH08962,KH00013,66,2025-06-25,2,9292701,18585402,Ví điện tử,Đã giao
DH08963,KH00230,456,2024-11-13,1,1907183,1907183,Ví điện tử,Đã hủy
DH08964,KH01523,215,2024-05-31,2,22688954,45377908,Ví điện tử,Đang giao
DH08965,KH00195,89,2025-12-17,3,15656852,46970556,Thẻ ngân hàng,Đã giao
DH08966,KH01866,124,2024-01-16,2,18670083,37340166,Ví điện tử,Đang giao
DH08967,KH01471,204,2025-01-08,2,6098253,12196506,COD,Đã hủy
DH08968,KH01828,364,2025-10-01,3,14254399,42763197,COD,Đã hủy
DH08969,KH00073,434,2024-05-27,3,20511341,61534023,COD,Đã giao
DH08970,KH00333,62,2024-02-11,3,17040933,51122799,COD,Đã hủy
DH08971,KH00567,272,2024-07-14,3,15085613,45256839,Chuyển khoản,Đã hủy
DH08972,KH00005,482,2024-06-18,3,25397322,76191966,Thẻ ngân hàng,Đã hủy
DH08973,KH00750,474,2025-10-29,3,13191529,39574587,Chuyển khoản,Đã hủy
DH08974,KH00487,222,2024-12-11,3,24480557,73441671,Ví điện tử,Đã hủy
DH08975,KH01658,139,2025-11-13,2,8176702,16353404,COD,Đang giao
DH08976,KH00672,11,2024-06-05,3,10235878,30707634,Chuyển khoản,Đã giao
DH08977,KH00517,432,2024-09-21,3,25961408,77884224,COD,Đã giao
DH08978,KH01229,272,2024-03-11,3,15085613,45256839,Chuyển khoản,Đang giao
DH08979,KH01494,39,2025-06-19,1,5958851,5958851,COD,Đã giao
DH08980,KH00211,171,2024-04-02,3,16022163,48066489,Thẻ ngân hàng,Đã giao
DH08981,KH01103,231,2024-11-21,3,7056866,21170598,Ví điện tử,Đã giao
DH08982,KH00355,227,2024-10-19,2,23575212,47150424,COD,Đang giao
DH08983,KH01016,437,2025-06-24,3,20884762,62654286,Chuyển khoản,Đã giao
DH08984,KH00922,40,2024-03-09,3,13768783,41306349,Thẻ ngân hàng,Đã giao
DH08985,KH00319,376,2024-04-03,2,7479061,14958122,Thẻ ngân hàng,Đã giao
DH08986,KH00780,483,2024-07-17,3,9287345,27862035,Chuyển khoản,Đã hủy
DH08987,KH00225,388,2025-12-28,2,12500788,25001576,Chuyển khoản,Đã giao
DH08988,KH01547,276,2024-11-01,3,11889649,35668947,Chuyển khoản,Đang giao
DH08989,KH01897,147,2025-10-14,3,13624031,40872093,Thẻ ngân hàng,Đã hủy
DH08990,KH00067,84,2025-10-25,3,5916601,17749803,Chuyển khoản,Đã giao
DH08991,KH00025,148,2025-05-10,2,24016044,48032088,COD,Đã hủy
DH08992,KH01407,316,2024-04-21,3,19653730,58961190,Ví điện tử,Đã hủy
DH08993,KH00337,99,2025-11-04,1,22557878,22557878,COD,Đang giao
DH08994,KH01490,240,2025-01-03,2,23483447,46966894,COD,Đang giao
DH08995,KH01650,431,2025-12-30,3,3483711,10451133,COD,Đã giao
DH08996,KH01525,53,2025-01-13,3,18088695,54266085,Ví điện tử,Đang giao
DH08997,KH00708,198,2024-07-24,3,13851809,41555427,COD,Đang giao
DH08998,KH01355,343,2024-10-26,1,17874359,17874359,Chuyển khoản,Đã hủy
DH08999,KH00869,28,2024-03-10,2,8340920,16681840,Ví điện tử,Đã giao
DH09000,KH00477,30,2025-07-31,1,22850493,22850493,Chuyển khoản,Đang giao
DH09001,KH00677,403,2024-04-15,1,10108987,10108987,COD,Đã giao
DH09002,KH00067,400,2024-12-21,2,19389256,38778512,COD,Đã hủy
DH09003,KH01750,85,2025-04-05,1,22953739,22953739,Thẻ ngân hàng,Đã giao
DH09004,KH02000,461,2024-11-04,1,13898840,13898840,Chuyển khoản,Đã giao
DH09005,KH00957,443,2025-03-13,3,15873432,47620296,COD,Đang giao
DH09006,KH01466,35,2025-02-21,2,5481589,10963178,COD,Đang giao
DH09007,KH00308,214,2024-09-29,3,21742788,65228364,Chuyển khoản,Đang giao
DH09008,KH01470,213,2024-01-07,2,9135747,18271494,COD,Đang giao
DH09009,KH01790,322,2024-10-14,3,4789634,14368902,Ví điện tử,Đang giao
DH09010,KH00150,82,2025-05-12,2,6348395,12696790,Thẻ ngân hàng,Đã hủy
DH09011,KH01911,18,2025-08-11,3,8089438,24268314,Ví điện tử,Đang giao
DH09012,KH00163,105,2024-12-12,1,9768220,9768220,COD,Đang giao
DH09013,KH00148,64,2024-08-25,1,9718506,9718506,Ví điện tử,Đã giao
DH09014,KH01196,315,2025-10-13,2,7916762,15833524,Thẻ ngân hàng,Đang giao
DH09015,KH01932,461,2024-02-10,1,13898840,13898840,Chuyển khoản,Đã hủy
DH09016,KH00381,309,2025-03-30,3,16160657,48481971,COD,Đã hủy
DH09017,KH00711,52,2024-06-16,3,14404540,43213620,Ví điện tử,Đã giao
DH09018,KH01954,307,2024-06-14,3,2970393,8911179,Thẻ ngân hàng,Đã giao
DH09019,KH01490,366,2024-12-12,2,7038014,14076028,Ví điện tử,Đang giao
DH09020,KH01402,395,2024-12-24,2,15941796,31883592,COD,Đã giao
DH09021,KH01358,429,2024-12-08,2,13157569,26315138,Thẻ ngân hàng,Đang giao
DH09022,KH01759,233,2024-09-06,2,5799781,11599562,Ví điện tử,Đang giao
DH09023,KH01779,178,2024-12-06,3,25162917,75488751,COD,Đã giao
DH09024,KH01740,256,2025-12-17,3,7503626,22510878,Chuyển khoản,Đã hủy
DH09025,KH01503,332,2025-01-18,2,16273428,32546856,Thẻ ngân hàng,Đã giao
DH09026,KH01956,205,2024-02-07,2,11351137,22702274,Thẻ ngân hàng,Đã giao
DH09027,KH00803,121,2024-02-18,2,22194333,44388666,Ví điện tử,Đã giao
DH09028,KH01616,215,2025-02-09,1,22688954,22688954,Thẻ ngân hàng,Đã hủy
DH09029,KH00977,353,2024-04-06,3,17335247,52005741,Chuyển khoản,Đã hủy
DH09030,KH00834,130,2025-12-22,1,8364943,8364943,Ví điện tử,Đã giao
DH09031,KH00890,47,2024-06-08,2,2363748,4727496,COD,Đã giao
DH09032,KH01937,272,2024-02-07,2,15085613,30171226,COD,Đã giao
DH09033,KH01278,428,2024-03-11,3,8623074,25869222,Ví điện tử,Đang giao
DH09034,KH00454,295,2025-06-05,3,2326130,6978390,Thẻ ngân hàng,Đã hủy
DH09035,KH00662,313,2025-04-01,1,2770705,2770705,COD,Đã giao
DH09036,KH00166,165,2025-07-03,1,25319024,25319024,Chuyển khoản,Đang giao
DH09037,KH01420,65,2025-09-28,2,20123002,40246004,COD,Đã hủy
DH09038,KH01036,145,2024-02-13,3,13595803,40787409,Thẻ ngân hàng,Đang giao
DH09039,KH01631,62,2025-09-19,3,17040933,51122799,Chuyển khoản,Đã hủy
DH09040,KH00676,240,2024-12-26,2,23483447,46966894,Thẻ ngân hàng,Đang giao
DH09041,KH00350,163,2024-05-13,1,5148746,5148746,COD,Đã hủy
DH09042,KH00040,177,2024-01-11,3,6101695,18305085,Ví điện tử,Đã giao
DH09043,KH00665,403,2024-02-08,1,10108987,10108987,COD,Đã giao
DH09044,KH01637,176,2025-05-06,3,12520307,37560921,COD,Đã hủy
DH09045,KH01153,40,2025-04-30,1,13768783,13768783,Ví điện tử,Đang giao
DH09046,KH01062,187,2025-08-27,2,8866140,17732280,Thẻ ngân hàng,Đã hủy
DH09047,KH01863,348,2025-08-25,1,16075438,16075438,Ví điện tử,Đã hủy
DH09048,KH01658,349,2024-05-25,1,19870600,19870600,Thẻ ngân hàng,Đang giao
DH09049,KH01643,189,2024-04-01,2,21341902,42683804,Chuyển khoản,Đã hủy
DH09050,KH01859,36,2025-05-22,1,4440658,4440658,COD,Đã giao
DH09051,KH01705,252,2025-08-03,3,18216160,54648480,Ví điện tử,Đang giao
DH09052,KH00603,256,2025-07-09,2,7503626,15007252,COD,Đã giao
DH09053,KH01109,58,2024-03-11,2,4846247,9692494,Thẻ ngân hàng,Đã giao
DH09054,KH01170,201,2024-02-02,3,14510585,43531755,Ví điện tử,Đang giao
DH09055,KH01626,271,2024-11-08,3,8962577,26887731,Chuyển khoản,Đang giao
DH09056,KH01149,59,2024-05-09,2,11020945,22041890,Ví điện tử,Đã giao
DH09057,KH00101,347,2024-04-08,1,10484449,10484449,Chuyển khoản,Đang giao
DH09058,KH00905,486,2024-09-12,3,14815928,44447784,Thẻ ngân hàng,Đã hủy
DH09059,KH00738,436,2025-02-05,2,8088441,16176882,Ví điện tử,Đã giao
DH09060,KH01146,156,2024-11-24,3,23900042,71700126,Thẻ ngân hàng,Đang giao
DH09061,KH00863,403,2024-09-13,2,10108987,20217974,COD,Đang giao
DH09062,KH00793,96,2024-05-08,1,2158473,2158473,Ví điện tử,Đã giao
DH09063,KH01698,96,2025-11-16,3,2158473,6475419,Thẻ ngân hàng,Đang giao
DH09064,KH01988,499,2025-12-27,3,11225264,33675792,Thẻ ngân hàng,Đang giao
DH09065,KH01998,368,2024-05-01,2,21192004,42384008,Chuyển khoản,Đang giao
DH09066,KH01538,393,2024-10-09,1,15902198,15902198,Chuyển khoản,Đã giao
DH09067,KH01643,198,2024-04-18,3,13851809,41555427,Chuyển khoản,Đã giao
DH09068,KH01518,42,2025-10-02,2,4888990,9777980,Thẻ ngân hàng,Đang giao
DH09069,KH00409,112,2024-11-02,3,21786528,65359584,Ví điện tử,Đang giao
DH09070,KH00820,379,2025-05-06,3,11024419,33073257,COD,Đã giao
DH09071,KH00596,118,2025-02-07,1,6945092,6945092,Thẻ ngân hàng,Đã giao
DH09072,KH00747,176,2024-08-14,2,12520307,25040614,Chuyển khoản,Đang giao
DH09073,KH00853,171,2024-06-19,3,16022163,48066489,COD,Đang giao
DH09074,KH01021,310,2025-11-19,3,10351478,31054434,Chuyển khoản,Đang giao
DH09075,KH00692,381,2025-05-21,1,3635754,3635754,Thẻ ngân hàng,Đã hủy
DH09076,KH01896,108,2024-04-16,3,16704100,50112300,Chuyển khoản,Đang giao
DH09077,KH00587,356,2025-05-10,3,23139278,69417834,COD,Đã hủy
DH09078,KH00701,236,2024-12-08,2,25624479,51248958,COD,Đang giao
DH09079,KH01102,402,2024-04-06,2,14448552,28897104,COD,Đã hủy
DH09080,KH00943,39,2024-03-03,2,5958851,11917702,Chuyển khoản,Đã hủy
DH09081,KH00466,381,2024-08-09,2,3635754,7271508,Thẻ ngân hàng,Đã giao
DH09082,KH00858,100,2025-09-07,1,3300603,3300603,Chuyển khoản,Đang giao
DH09083,KH00349,55,2024-02-06,3,17890818,53672454,Ví điện tử,Đã giao
DH09084,KH01307,319,2024-09-17,1,17175754,17175754,COD,Đang giao
DH09085,KH00004,53,2024-12-19,1,18088695,18088695,Ví điện tử,Đang giao
DH09086,KH01535,365,2025-02-08,2,15480351,30960702,COD,Đã hủy
DH09087,KH00238,426,2024-02-02,2,22978827,45957654,Thẻ ngân hàng,Đã giao
DH09088,KH00113,321,2025-04-07,3,9556944,28670832,Chuyển khoản,Đang giao
DH09089,KH00224,139,2025-01-29,2,8176702,16353404,Ví điện tử,Đã hủy
DH09090,KH01896,259,2025-10-30,1,2352165,2352165,COD,Đã giao
DH09091,KH01544,425,2025-12-01,1,12382069,12382069,Ví điện tử,Đã hủy
DH09092,KH00251,218,2024-07-04,1,7876105,7876105,COD,Đã hủy
DH09093,KH01566,249,2024-06-03,1,12650029,12650029,COD,Đã hủy
DH09094,KH01257,198,2025-08-04,2,13851809,27703618,Ví điện tử,Đang giao
DH09095,KH00977,376,2024-12-12,1,7479061,7479061,COD,Đang giao
DH09096,KH00445,147,2025-07-09,2,13624031,27248062,Ví điện tử,Đã giao
DH09097,KH01597,431,2025-09-08,3,3483711,10451133,Thẻ ngân hàng,Đã hủy
DH09098,KH01228,181,2025-06-27,2,1690676,3381352,COD,Đã giao
DH09099,KH00931,3,2025-07-25,1,23951194,23951194,Chuyển khoản,Đã hủy
DH09100,KH00948,78,2025-01-29,1,10074989,10074989,COD,Đã hủy
DH09101,KH00617,368,2025-01-01,2,21192004,42384008,Chuyển khoản,Đã giao
DH09102,KH01432,66,2025-12-05,1,9292701,9292701,Thẻ ngân hàng,Đã giao
DH09103,KH00483,65,2024-11-22,1,20123002,20123002,COD,Đã giao
DH09104,KH00597,187,2024-03-22,2,8866140,17732280,Chuyển khoản,Đang giao
DH09105,KH01835,184,2025-04-24,2,17356432,34712864,Thẻ ngân hàng,Đã giao
DH09106,KH01530,434,2024-02-16,3,20511341,61534023,Chuyển khoản,Đang giao
DH09107,KH00653,224,2024-01-13,3,17686916,53060748,Thẻ ngân hàng,Đã giao
DH09108,KH00597,442,2024-09-07,3,14674667,44024001,Ví điện tử,Đã giao
DH09109,KH00504,499,2024-02-17,2,11225264,22450528,Chuyển khoản,Đã giao
DH09110,KH01521,232,2024-06-15,3,17350864,52052592,Thẻ ngân hàng,Đã hủy
DH09111,KH01702,228,2024-08-28,2,9625566,19251132,Chuyển khoản,Đã hủy
DH09112,KH00107,262,2024-02-26,2,15404344,30808688,Ví điện tử,Đã giao
DH09113,KH01090,85,2025-08-20,1,22953739,22953739,Chuyển khoản,Đã hủy
DH09114,KH00025,125,2024-12-16,1,13225929,13225929,COD,Đã giao
DH09115,KH01779,6,2025-08-22,2,15618829,31237658,Thẻ ngân hàng,Đã giao
DH09116,KH00556,271,2024-02-05,2,8962577,17925154,Thẻ ngân hàng,Đang giao
DH09117,KH00955,217,2024-03-07,3,21518753,64556259,Chuyển khoản,Đã hủy
DH09118,KH00228,85,2024-11-09,2,22953739,45907478,Thẻ ngân hàng,Đã giao
DH09119,KH01852,295,2025-10-11,3,2326130,6978390,Thẻ ngân hàng,Đã giao
DH09120,KH00754,216,2025-11-06,2,13741880,27483760,Ví điện tử,Đang giao
DH09121,KH01885,218,2025-03-11,2,7876105,15752210,Ví điện tử,Đã hủy
DH09122,KH01895,437,2024-08-10,2,20884762,41769524,Thẻ ngân hàng,Đã giao
DH09123,KH01684,56,2024-11-21,3,3656281,10968843,Ví điện tử,Đã hủy
DH09124,KH01162,27,2025-07-11,1,12159304,12159304,COD,Đang giao
DH09125,KH00859,466,2025-11-27,1,16269792,16269792,Chuyển khoản,Đã giao
DH09126,KH00721,122,2024-02-17,1,18283116,18283116,Ví điện tử,Đã hủy
DH09127,KH00152,82,2024-02-21,3,6348395,19045185,Ví điện tử,Đã giao
DH09128,KH01169,96,2024-03-11,2,2158473,4316946,Chuyển khoản,Đã hủy
DH09129,KH01411,263,2024-05-19,2,5779215,11558430,Ví điện tử,Đã giao
DH09130,KH00040,144,2025-09-09,3,6059706,18179118,COD,Đã hủy
DH09131,KH01288,217,2025-10-27,1,21518753,21518753,Ví điện tử,Đang giao
DH09132,KH00212,328,2024-02-24,1,19906025,19906025,Chuyển khoản,Đã giao
DH09133,KH01033,272,2025-05-07,2,15085613,30171226,Thẻ ngân hàng,Đã giao
DH09134,KH00512,140,2024-09-12,3,13589526,40768578,COD,Đang giao
DH09135,KH01656,83,2024-06-21,1,10278942,10278942,Chuyển khoản,Đang giao
DH09136,KH01394,357,2025-07-08,2,4857102,9714204,COD,Đã giao
DH09137,KH00326,207,2025-06-20,3,11794425,35383275,COD,Đang giao
DH09138,KH01712,421,2024-04-13,2,22589235,45178470,Chuyển khoản,Đã giao
DH09139,KH01793,358,2024-05-05,2,8803419,17606838,Ví điện tử,Đã giao
DH09140,KH01924,395,2025-03-12,1,15941796,15941796,Chuyển khoản,Đang giao
DH09141,KH01110,454,2024-12-20,2,24379043,48758086,COD,Đã hủy
DH09142,KH01090,354,2024-11-27,2,14109722,28219444,Chuyển khoản,Đang giao
DH09143,KH01330,223,2025-08-08,3,2575778,7727334,Thẻ ngân hàng,Đã hủy
DH09144,KH00695,162,2024-02-01,2,16154689,32309378,Chuyển khoản,Đã hủy
DH09145,KH00463,452,2024-09-29,1,6422656,6422656,Thẻ ngân hàng,Đã hủy
DH09146,KH00280,179,2024-09-03,3,23021297,69063891,Chuyển khoản,Đang giao
DH09147,KH00598,400,2025-09-09,1,19389256,19389256,Thẻ ngân hàng,Đã hủy
DH09148,KH00986,119,2024-02-08,3,13510580,40531740,Ví điện tử,Đã hủy
DH09149,KH01581,411,2025-04-26,2,15292733,30585466,Chuyển khoản,Đã hủy
DH09150,KH00582,146,2025-03-14,2,19268450,38536900,Ví điện tử,Đã hủy
DH09151,KH01632,83,2024-10-16,2,10278942,20557884,Thẻ ngân hàng,Đã hủy
DH09152,KH00481,22,2025-10-24,1,24114298,24114298,Thẻ ngân hàng,Đã giao
DH09153,KH01292,487,2024-12-12,2,9625660,19251320,Ví điện tử,Đã giao
DH09154,KH01479,79,2024-10-20,2,5712887,11425774,Chuyển khoản,Đã giao
DH09155,KH00929,42,2024-07-16,2,4888990,9777980,COD,Đã giao
DH09156,KH01392,251,2024-12-02,1,11288407,11288407,COD,Đang giao
DH09157,KH01461,227,2024-06-01,2,23575212,47150424,COD,Đã hủy
DH09158,KH01056,148,2025-07-30,1,24016044,24016044,Thẻ ngân hàng,Đang giao
DH09159,KH01583,477,2025-07-04,3,17019502,51058506,COD,Đã giao
DH09160,KH01423,65,2024-05-24,3,20123002,60369006,Ví điện tử,Đã giao
DH09161,KH00723,56,2024-05-29,1,3656281,3656281,Ví điện tử,Đang giao
DH09162,KH00720,485,2025-12-06,3,2937854,8813562,Thẻ ngân hàng,Đã hủy
DH09163,KH00562,35,2025-01-26,3,5481589,16444767,Ví điện tử,Đang giao
DH09164,KH01029,479,2025-01-03,1,24995661,24995661,Ví điện tử,Đang giao
DH09165,KH00003,251,2024-11-20,2,11288407,22576814,Chuyển khoản,Đã giao
DH09166,KH00576,251,2024-03-30,3,11288407,33865221,COD,Đã hủy
DH09167,KH01607,452,2025-03-12,2,6422656,12845312,Chuyển khoản,Đã giao
DH09168,KH01207,219,2024-11-14,3,20274689,60824067,Ví điện tử,Đã hủy
DH09169,KH01503,448,2025-07-12,1,1655313,1655313,Chuyển khoản,Đang giao
DH09170,KH01308,18,2025-12-23,3,8089438,24268314,Chuyển khoản,Đã giao
DH09171,KH01202,153,2024-03-17,2,9382132,18764264,Thẻ ngân hàng,Đã giao
DH09172,KH00390,333,2024-11-24,3,4723884,14171652,Chuyển khoản,Đã hủy
DH09173,KH00608,250,2025-05-20,2,5901364,11802728,Chuyển khoản,Đang giao
DH09174,KH00722,325,2024-03-11,2,16561482,33122964,Chuyển khoản,Đã hủy
DH09175,KH00933,110,2025-01-17,3,2655742,7967226,COD,Đã hủy
DH09176,KH00152,93,2024-07-19,2,14686287,29372574,Chuyển khoản,Đã hủy
DH09177,KH01615,305,2025-08-09,1,19848099,19848099,Chuyển khoản,Đang giao
DH09178,KH01155,13,2025-05-24,3,24933847,74801541,Ví điện tử,Đã giao
DH09179,KH01465,44,2025-05-01,2,12890144,25780288,Chuyển khoản,Đã giao
DH09180,KH01381,15,2025-09-12,1,21879885,21879885,Ví điện tử,Đang giao
DH09181,KH00512,133,2024-07-12,1,25260384,25260384,COD,Đã hủy
DH09182,KH01279,373,2024-05-13,3,17596085,52788255,COD,Đã giao
DH09183,KH00276,25,2025-11-02,1,7741025,7741025,Ví điện tử,Đã giao
DH09184,KH01936,405,2025-08-11,2,6786774,13573548,Chuyển khoản,Đã giao
DH09185,KH00935,197,2024-01-26,1,1767828,1767828,COD,Đang giao
DH09186,KH01289,215,2024-10-12,2,22688954,45377908,Chuyển khoản,Đã giao
DH09187,KH01299,397,2025-08-09,2,23886813,47773626,Ví điện tử,Đã hủy
DH09188,KH01556,417,2024-10-14,1,1927702,1927702,Ví điện tử,Đã hủy
DH09189,KH00978,497,2025-11-13,1,20532926,20532926,Chuyển khoản,Đã giao
DH09190,KH00467,213,2024-10-28,3,9135747,27407241,Ví điện tử,Đã hủy
DH09191,KH00754,86,2025-12-27,2,8568170,17136340,Ví điện tử,Đã hủy
DH09192,KH01765,194,2025-05-07,2,10519150,21038300,Thẻ ngân hàng,Đã giao
DH09193,KH00473,405,2025-11-14,2,6786774,13573548,COD,Đã hủy
DH09194,KH01633,420,2024-06-19,2,7580608,15161216,Thẻ ngân hàng,Đang giao
DH09195,KH01225,258,2025-07-04,2,12909089,25818178,Chuyển khoản,Đã hủy
DH09196,KH01143,150,2024-06-18,3,22175650,66526950,COD,Đang giao
DH09197,KH00940,46,2024-05-01,1,13724985,13724985,COD,Đã giao
DH09198,KH01140,369,2024-01-13,1,10752264,10752264,Ví điện tử,Đang giao
DH09199,KH00702,338,2024-11-10,2,11491142,22982284,Ví điện tử,Đã giao
DH09200,KH01926,174,2024-01-07,3,24577473,73732419,COD,Đang giao
DH09201,KH00321,311,2024-05-06,1,20701272,20701272,Ví điện tử,Đã hủy
DH09202,KH00951,486,2024-07-23,3,14815928,44447784,Thẻ ngân hàng,Đang giao
DH09203,KH00373,65,2024-09-03,2,20123002,40246004,Ví điện tử,Đã hủy
DH09204,KH00958,95,2025-12-17,1,17932883,17932883,Ví điện tử,Đã giao
DH09205,KH01925,244,2024-06-05,2,16782990,33565980,COD,Đã giao
DH09206,KH01950,261,2025-07-22,2,8666850,17333700,Thẻ ngân hàng,Đã giao
DH09207,KH01833,345,2024-04-27,2,24716330,49432660,Ví điện tử,Đã giao
DH09208,KH00699,294,2025-01-17,1,20611090,20611090,Thẻ ngân hàng,Đang giao
DH09209,KH01652,35,2025-03-22,2,5481589,10963178,Ví điện tử,Đang giao
DH09210,KH00998,304,2025-07-27,2,24317139,48634278,COD,Đang giao
DH09211,KH01658,80,2025-03-20,2,15432098,30864196,COD,Đã giao
DH09212,KH01871,467,2025-04-28,1,6408461,6408461,COD,Đang giao
DH09213,KH01329,468,2025-06-22,1,21281263,21281263,Ví điện tử,Đã hủy
DH09214,KH00161,288,2025-11-18,1,11145011,11145011,COD,Đang giao
DH09215,KH01913,374,2025-01-28,3,17616582,52849746,COD,Đã giao
DH09216,KH01652,118,2025-11-17,3,6945092,20835276,COD,Đang giao
DH09217,KH01852,98,2025-11-14,3,25849081,77547243,Thẻ ngân hàng,Đã hủy
DH09218,KH00688,260,2025-02-02,1,5169564,5169564,Ví điện tử,Đã giao
DH09219,KH00845,387,2025-10-27,3,3436274,10308822,Thẻ ngân hàng,Đang giao
DH09220,KH01190,297,2024-10-05,3,3729757,11189271,Chuyển khoản,Đã giao
DH09221,KH01846,328,2025-05-18,2,19906025,39812050,Chuyển khoản,Đã giao
DH09222,KH01155,5,2024-04-15,1,6035905,6035905,COD,Đang giao
DH09223,KH01512,309,2025-01-17,3,16160657,48481971,Chuyển khoản,Đã hủy
DH09224,KH01566,476,2025-02-25,3,5610573,16831719,Thẻ ngân hàng,Đang giao
DH09225,KH01440,181,2025-06-22,2,1690676,3381352,Thẻ ngân hàng,Đã giao
DH09226,KH00750,135,2024-05-14,1,18508141,18508141,Ví điện tử,Đã giao
DH09227,KH00138,110,2024-11-05,3,2655742,7967226,COD,Đã hủy
DH09228,KH01309,48,2024-12-26,3,10369706,31109118,Thẻ ngân hàng,Đã giao
DH09229,KH01785,251,2025-08-08,1,11288407,11288407,Ví điện tử,Đã hủy
DH09230,KH01354,334,2024-04-19,1,7901528,7901528,Ví điện tử,Đã giao
DH09231,KH01141,135,2024-08-09,1,18508141,18508141,Thẻ ngân hàng,Đang giao
DH09232,KH00654,64,2025-10-05,1,9718506,9718506,Thẻ ngân hàng,Đã hủy
DH09233,KH01761,227,2025-06-25,3,23575212,70725636,Ví điện tử,Đang giao
DH09234,KH01949,424,2025-01-11,2,19568438,39136876,COD,Đã giao
DH09235,KH01384,61,2025-03-23,3,11543600,34630800,Chuyển khoản,Đã giao
DH09236,KH01489,250,2024-08-09,2,5901364,11802728,Ví điện tử,Đã hủy
DH09237,KH00294,383,2024-04-29,1,21556385,21556385,COD,Đã hủy
DH09238,KH00311,243,2025-12-09,1,9384883,9384883,Ví điện tử,Đang giao
DH09239,KH00498,340,2024-07-20,1,2512853,2512853,Thẻ ngân hàng,Đã hủy
DH09240,KH00517,131,2025-12-01,3,2156224,6468672,Thẻ ngân hàng,Đã giao
DH09241,KH00856,5,2024-06-13,3,6035905,18107715,Chuyển khoản,Đã hủy
DH09242,KH01124,25,2024-11-16,2,7741025,15482050,Chuyển khoản,Đã hủy
DH09243,KH00729,212,2025-06-19,1,9801647,9801647,Ví điện tử,Đã giao
DH09244,KH00664,81,2025-10-10,1,11760834,11760834,Ví điện tử,Đang giao
DH09245,KH01124,93,2024-03-25,3,14686287,44058861,COD,Đang giao
DH09246,KH01031,131,2024-06-10,3,2156224,6468672,COD,Đã giao
DH09247,KH01107,404,2024-06-13,2,24793579,49587158,Thẻ ngân hàng,Đã giao
DH09248,KH00836,10,2025-03-05,2,8245338,16490676,Chuyển khoản,Đã hủy
DH09249,KH01694,53,2025-10-08,3,18088695,54266085,COD,Đã giao
DH09250,KH00865,376,2025-07-31,3,7479061,22437183,Thẻ ngân hàng,Đã hủy
DH09251,KH00862,133,2025-05-25,2,25260384,50520768,Thẻ ngân hàng,Đang giao
DH09252,KH01272,241,2024-08-28,2,14883376,29766752,Thẻ ngân hàng,Đã giao
DH09253,KH01269,335,2025-05-17,2,6359823,12719646,Ví điện tử,Đang giao
DH09254,KH00122,433,2024-07-24,3,2223429,6670287,Chuyển khoản,Đã hủy
DH09255,KH01529,402,2024-10-07,2,14448552,28897104,Chuyển khoản,Đã giao
DH09256,KH01252,490,2024-11-12,3,24697745,74093235,Thẻ ngân hàng,Đã giao
DH09257,KH00024,486,2025-04-15,3,14815928,44447784,Ví điện tử,Đang giao
DH09258,KH01651,381,2024-12-14,2,3635754,7271508,Thẻ ngân hàng,Đã hủy
DH09259,KH01625,290,2025-11-05,3,14771023,44313069,Chuyển khoản,Đã hủy
DH09260,KH00865,181,2025-01-17,2,1690676,3381352,Chuyển khoản,Đã giao
DH09261,KH00071,43,2024-06-07,3,14663576,43990728,Chuyển khoản,Đang giao
DH09262,KH00517,208,2024-11-17,3,16507221,49521663,Ví điện tử,Đã hủy
DH09263,KH01285,193,2024-10-26,2,12107524,24215048,Chuyển khoản,Đang giao
DH09264,KH00300,69,2024-01-30,2,13005856,26011712,Thẻ ngân hàng,Đã giao
DH09265,KH00962,437,2024-10-16,3,20884762,62654286,Chuyển khoản,Đã giao
DH09266,KH01852,290,2025-06-25,2,14771023,29542046,Thẻ ngân hàng,Đã hủy
DH09267,KH00518,204,2025-01-01,1,6098253,6098253,Ví điện tử,Đang giao
DH09268,KH00353,368,2025-02-24,3,21192004,63576012,Ví điện tử,Đang giao
DH09269,KH00523,287,2025-10-20,3,10898911,32696733,Chuyển khoản,Đang giao
DH09270,KH01076,186,2024-07-25,2,11833611,23667222,Ví điện tử,Đang giao
DH09271,KH01428,35,2024-11-10,1,5481589,5481589,Chuyển khoản,Đang giao
DH09272,KH01572,358,2024-01-28,3,8803419,26410257,COD,Đã hủy
DH09273,KH00171,429,2024-07-06,2,13157569,26315138,Chuyển khoản,Đã hủy
DH09274,KH00485,491,2025-01-05,3,23791756,71375268,COD,Đã giao
DH09275,KH00639,8,2024-04-10,3,16791775,50375325,Thẻ ngân hàng,Đã hủy
DH09276,KH00563,378,2025-09-13,3,5459248,16377744,Ví điện tử,Đã giao
DH09277,KH00874,159,2024-03-15,2,18319776,36639552,Ví điện tử,Đã hủy
DH09278,KH01623,345,2024-06-11,2,24716330,49432660,Ví điện tử,Đã giao
DH09279,KH01297,104,2025-10-04,2,21205978,42411956,COD,Đã giao
DH09280,KH00737,253,2025-06-09,1,9232276,9232276,Chuyển khoản,Đang giao
DH09281,KH00697,54,2024-08-17,3,18474415,55423245,Thẻ ngân hàng,Đang giao
DH09282,KH00138,251,2024-06-06,1,11288407,11288407,Thẻ ngân hàng,Đang giao
DH09283,KH00291,21,2025-02-05,2,20692785,41385570,Thẻ ngân hàng,Đã giao
DH09284,KH00753,386,2025-05-23,2,11489944,22979888,Chuyển khoản,Đã giao
DH09285,KH00906,116,2025-08-05,1,17991157,17991157,Ví điện tử,Đã hủy
DH09286,KH01153,471,2024-05-16,3,25755884,77267652,Ví điện tử,Đang giao
DH09287,KH00737,103,2024-06-03,3,17996106,53988318,COD,Đã hủy
DH09288,KH00228,66,2025-03-16,1,9292701,9292701,Ví điện tử,Đã hủy
DH09289,KH01724,104,2025-09-25,3,21205978,63617934,Ví điện tử,Đã hủy
DH09290,KH01087,443,2025-04-17,3,15873432,47620296,Ví điện tử,Đang giao
DH09291,KH01543,387,2024-05-26,3,3436274,10308822,COD,Đã giao
DH09292,KH00517,1,2025-11-07,3,5597326,16791978,Chuyển khoản,Đã hủy
DH09293,KH01129,131,2025-05-14,3,2156224,6468672,Thẻ ngân hàng,Đã giao
DH09294,KH00895,166,2025-06-21,2,17284447,34568894,COD,Đang giao
DH09295,KH00883,430,2024-08-08,1,11677101,11677101,Chuyển khoản,Đã hủy
DH09296,KH00595,127,2025-08-07,3,23583550,70750650,Ví điện tử,Đã hủy
DH09297,KH00039,270,2024-01-13,3,15138021,45414063,Ví điện tử,Đã giao
DH09298,KH00098,31,2025-01-01,3,19561998,58685994,COD,Đã giao
DH09299,KH00765,488,2024-11-15,1,1330310,1330310,Chuyển khoản,Đã hủy
DH09300,KH01852,432,2024-09-06,2,25961408,51922816,Chuyển khoản,Đã giao
DH09301,KH01845,103,2025-09-25,3,17996106,53988318,Chuyển khoản,Đang giao
DH09302,KH00270,131,2024-08-04,2,2156224,4312448,Ví điện tử,Đã giao
DH09303,KH01584,186,2025-01-07,1,11833611,11833611,Thẻ ngân hàng,Đang giao
DH09304,KH00194,33,2025-07-22,1,16395207,16395207,Thẻ ngân hàng,Đang giao
DH09305,KH01269,11,2025-09-24,3,10235878,30707634,COD,Đã hủy
DH09306,KH01002,94,2025-04-26,2,4892461,9784922,Ví điện tử,Đã hủy
DH09307,KH01248,67,2024-08-23,1,2603224,2603224,Thẻ ngân hàng,Đã giao
DH09308,KH00700,293,2025-04-18,1,5223702,5223702,Chuyển khoản,Đã giao
DH09309,KH00929,350,2024-11-07,1,12090591,12090591,Ví điện tử,Đã giao
DH09310,KH01959,451,2024-09-12,1,18801455,18801455,COD,Đã giao
DH09311,KH00068,407,2024-12-02,2,22242654,44485308,Ví điện tử,Đã hủy
DH09312,KH01351,135,2024-06-26,3,18508141,55524423,COD,Đang giao
DH09313,KH01800,35,2025-03-28,2,5481589,10963178,Chuyển khoản,Đã giao
DH09314,KH01875,405,2025-12-01,3,6786774,20360322,Chuyển khoản,Đang giao
DH09315,KH01331,108,2025-07-30,2,16704100,33408200,Thẻ ngân hàng,Đang giao
DH09316,KH01824,337,2024-07-12,1,16155694,16155694,Thẻ ngân hàng,Đã hủy
DH09317,KH01929,263,2024-03-15,1,5779215,5779215,Ví điện tử,Đã hủy
DH09318,KH00446,421,2025-07-08,1,22589235,22589235,Thẻ ngân hàng,Đang giao
DH09319,KH01741,385,2025-02-18,2,9022052,18044104,Ví điện tử,Đang giao
DH09320,KH01802,395,2025-03-15,2,15941796,31883592,Chuyển khoản,Đang giao
DH09321,KH01698,217,2024-04-20,1,21518753,21518753,Thẻ ngân hàng,Đã hủy
DH09322,KH01801,396,2024-11-24,1,2735462,2735462,Chuyển khoản,Đã giao
DH09323,KH00088,419,2024-03-24,1,14450529,14450529,Thẻ ngân hàng,Đang giao
DH09324,KH00402,49,2024-10-29,3,10127878,30383634,Thẻ ngân hàng,Đang giao
DH09325,KH00277,378,2024-01-04,1,5459248,5459248,Thẻ ngân hàng,Đang giao
DH09326,KH01086,97,2024-12-03,3,20721508,62164524,Ví điện tử,Đã giao
DH09327,KH00841,460,2024-12-30,2,15973168,31946336,Ví điện tử,Đang giao
DH09328,KH01250,99,2024-02-13,3,22557878,67673634,Ví điện tử,Đã hủy
DH09329,KH00596,73,2025-08-30,2,13467563,26935126,Ví điện tử,Đã giao
DH09330,KH00461,20,2024-07-29,1,14519905,14519905,Ví điện tử,Đang giao
DH09331,KH00918,451,2025-09-05,3,18801455,56404365,Thẻ ngân hàng,Đang giao
DH09332,KH00577,164,2024-03-12,2,12450217,24900434,COD,Đã hủy
DH09333,KH00095,132,2024-11-05,3,16198314,48594942,Chuyển khoản,Đang giao
DH09334,KH00512,351,2024-06-27,2,13618008,27236016,COD,Đang giao
DH09335,KH01005,384,2024-03-29,1,7946719,7946719,Ví điện tử,Đã giao
DH09336,KH00265,491,2025-12-23,1,23791756,23791756,COD,Đang giao
DH09337,KH00042,422,2025-11-29,3,12003004,36009012,Thẻ ngân hàng,Đang giao
DH09338,KH00577,108,2024-08-24,2,16704100,33408200,Thẻ ngân hàng,Đã hủy
DH09339,KH01068,339,2024-09-28,2,7585126,15170252,COD,Đang giao
DH09340,KH00085,140,2024-11-22,2,13589526,27179052,Thẻ ngân hàng,Đã giao
DH09341,KH00203,408,2024-02-16,3,17462807,52388421,COD,Đang giao
DH09342,KH01860,229,2025-01-23,2,5955017,11910034,Ví điện tử,Đã hủy
DH09343,KH00982,345,2024-09-08,2,24716330,49432660,COD,Đang giao
DH09344,KH00541,456,2024-10-29,2,1907183,3814366,Chuyển khoản,Đã giao
DH09345,KH00281,220,2024-07-12,3,21154109,63462327,Chuyển khoản,Đã giao
DH09346,KH01730,410,2024-02-05,1,12647688,12647688,COD,Đã hủy
DH09347,KH01322,352,2025-01-22,2,22014922,44029844,Chuyển khoản,Đã hủy
DH09348,KH00263,134,2025-01-11,3,24009450,72028350,Ví điện tử,Đã giao
DH09349,KH00674,305,2024-10-22,2,19848099,39696198,Thẻ ngân hàng,Đã giao
DH09350,KH00180,129,2024-01-25,2,7748973,15497946,Thẻ ngân hàng,Đang giao
DH09351,KH00707,24,2024-03-10,3,1688485,5065455,Chuyển khoản,Đang giao
DH09352,KH00391,196,2025-10-25,2,9383000,18766000,Chuyển khoản,Đã hủy
DH09353,KH00911,74,2025-04-06,2,2460854,4921708,Ví điện tử,Đã giao
DH09354,KH00045,186,2025-04-28,2,11833611,23667222,Ví điện tử,Đã hủy
DH09355,KH01776,261,2025-01-18,2,8666850,17333700,Ví điện tử,Đang giao
DH09356,KH01679,356,2025-09-28,3,23139278,69417834,Ví điện tử,Đang giao
DH09357,KH01084,221,2024-11-22,2,18603561,37207122,COD,Đã giao
DH09358,KH00380,359,2024-03-23,1,18193067,18193067,COD,Đã hủy
DH09359,KH01371,57,2024-08-03,3,19310306,57930918,COD,Đã hủy
DH09360,KH00933,442,2025-08-24,3,14674667,44024001,COD,Đang giao
DH09361,KH01508,337,2024-04-26,2,16155694,32311388,Chuyển khoản,Đã giao
DH09362,KH01763,167,2024-08-25,3,19477755,58433265,Chuyển khoản,Đang giao
DH09363,KH00073,171,2024-06-01,3,16022163,48066489,Ví điện tử,Đã hủy
DH09364,KH01440,237,2024-08-07,1,5969756,5969756,Thẻ ngân hàng,Đã giao
DH09365,KH01395,254,2025-08-24,1,7786382,7786382,Ví điện tử,Đã hủy
DH09366,KH01214,302,2024-04-27,2,1904905,3809810,Chuyển khoản,Đã giao
DH09367,KH01263,155,2024-09-18,2,23734363,47468726,Ví điện tử,Đã giao
DH09368,KH01466,161,2024-04-07,3,5421161,16263483,Ví điện tử,Đã giao
DH09369,KH00814,422,2024-10-24,1,12003004,12003004,Thẻ ngân hàng,Đã hủy
DH09370,KH01724,152,2025-04-17,1,11691816,11691816,Chuyển khoản,Đang giao
DH09371,KH01980,379,2025-06-01,3,11024419,33073257,Thẻ ngân hàng,Đã giao
DH09372,KH00089,10,2024-04-09,2,8245338,16490676,Thẻ ngân hàng,Đang giao
DH09373,KH01805,129,2024-10-23,2,7748973,15497946,COD,Đã giao
DH09374,KH01962,409,2024-10-12,1,25383281,25383281,COD,Đã giao
DH09375,KH00788,177,2024-09-25,3,6101695,18305085,Thẻ ngân hàng,Đang giao
DH09376,KH01319,280,2025-11-02,1,25571963,25571963,COD,Đã giao
DH09377,KH01733,251,2024-07-19,2,11288407,22576814,COD,Đã hủy
DH09378,KH01330,102,2024-08-19,3,13562744,40688232,Ví điện tử,Đã hủy
DH09379,KH00761,13,2025-07-14,1,24933847,24933847,COD,Đang giao
DH09380,KH00755,184,2024-07-14,3,17356432,52069296,Ví điện tử,Đã hủy
DH09381,KH00276,123,2025-01-10,1,5880587,5880587,Ví điện tử,Đã giao
DH09382,KH01833,255,2025-09-18,3,11357464,34072392,COD,Đang giao
DH09383,KH01800,231,2025-01-03,1,7056866,7056866,Ví điện tử,Đã giao
DH09384,KH01695,42,2024-06-17,1,4888990,4888990,Ví điện tử,Đã giao
DH09385,KH01946,152,2024-01-27,2,11691816,23383632,Thẻ ngân hàng,Đang giao
DH09386,KH01622,11,2024-12-06,2,10235878,20471756,Ví điện tử,Đã giao
DH09387,KH00978,109,2024-06-28,2,8310763,16621526,Ví điện tử,Đang giao
DH09388,KH00049,357,2025-09-10,3,4857102,14571306,Chuyển khoản,Đã hủy
DH09389,KH01451,448,2025-03-23,3,1655313,4965939,COD,Đã hủy
DH09390,KH00273,383,2024-11-30,1,21556385,21556385,Chuyển khoản,Đang giao
DH09391,KH01895,258,2024-07-02,1,12909089,12909089,Thẻ ngân hàng,Đang giao
DH09392,KH01655,215,2024-04-13,1,22688954,22688954,COD,Đang giao
DH09393,KH00098,72,2024-04-08,3,11915298,35745894,Ví điện tử,Đã giao
DH09394,KH00575,247,2025-03-04,3,14840560,44521680,COD,Đã hủy
DH09395,KH00165,290,2025-10-29,3,14771023,44313069,Ví điện tử,Đã giao
DH09396,KH00660,73,2024-04-22,1,13467563,13467563,Ví điện tử,Đã hủy
DH09397,KH01362,70,2024-11-21,2,24683647,49367294,Ví điện tử,Đang giao
DH09398,KH01027,299,2024-04-20,3,10443833,31331499,COD,Đã giao
DH09399,KH01799,161,2024-12-18,2,5421161,10842322,Ví điện tử,Đã giao
DH09400,KH01593,78,2025-04-20,2,10074989,20149978,Thẻ ngân hàng,Đã giao
DH09401,KH00683,265,2024-08-06,2,18875655,37751310,COD,Đang giao
DH09402,KH01238,176,2024-09-21,3,12520307,37560921,COD,Đã giao
DH09403,KH00158,9,2025-11-15,2,2348573,4697146,Ví điện tử,Đã giao
DH09404,KH00087,498,2025-02-12,2,19498927,38997854,Chuyển khoản,Đã giao
DH09405,KH01620,340,2024-11-29,1,2512853,2512853,Ví điện tử,Đã giao
DH09406,KH01280,168,2025-07-14,3,4959346,14878038,Chuyển khoản,Đang giao
DH09407,KH00798,349,2025-09-19,3,19870600,59611800,COD,Đã hủy
DH09408,KH01454,207,2025-06-24,1,11794425,11794425,Ví điện tử,Đang giao
DH09409,KH01811,1,2025-01-08,1,5597326,5597326,COD,Đã giao
DH09410,KH00130,315,2025-08-04,1,7916762,7916762,Ví điện tử,Đã hủy
DH09411,KH00517,196,2024-04-12,1,9383000,9383000,Chuyển khoản,Đã hủy
DH09412,KH01157,235,2025-10-25,1,1672401,1672401,Chuyển khoản,Đã giao
DH09413,KH00687,106,2025-03-10,2,3358747,6717494,Ví điện tử,Đang giao
DH09414,KH01221,36,2024-09-30,2,4440658,8881316,Ví điện tử,Đã giao
DH09415,KH00680,173,2024-01-01,2,8932665,17865330,Thẻ ngân hàng,Đã giao
DH09416,KH01888,51,2024-02-10,1,18354531,18354531,COD,Đang giao
DH09417,KH00183,260,2024-08-25,1,5169564,5169564,Ví điện tử,Đã giao
DH09418,KH01099,389,2025-10-13,1,2247745,2247745,Ví điện tử,Đã hủy
DH09419,KH00731,345,2025-03-13,3,24716330,74148990,Thẻ ngân hàng,Đã giao
DH09420,KH00983,136,2025-01-25,2,13200645,26401290,Thẻ ngân hàng,Đã giao
DH09421,KH00246,211,2024-11-05,1,19060983,19060983,COD,Đã giao
DH09422,KH01222,23,2024-12-07,1,18730487,18730487,Thẻ ngân hàng,Đang giao
DH09423,KH00919,424,2024-12-28,3,19568438,58705314,Thẻ ngân hàng,Đang giao
DH09424,KH01429,235,2024-02-22,2,1672401,3344802,Ví điện tử,Đang giao
DH09425,KH01505,382,2025-12-10,2,23997672,47995344,Chuyển khoản,Đã giao
DH09426,KH00495,182,2024-06-18,1,19817463,19817463,Thẻ ngân hàng,Đã hủy
DH09427,KH00574,426,2025-07-02,3,22978827,68936481,Ví điện tử,Đã hủy
DH09428,KH00120,200,2025-07-13,1,25326262,25326262,Ví điện tử,Đã giao
DH09429,KH00803,361,2024-07-19,1,2131412,2131412,Ví điện tử,Đã hủy
DH09430,KH01900,468,2025-11-17,2,21281263,42562526,Chuyển khoản,Đang giao
DH09431,KH00309,216,2025-04-02,1,13741880,13741880,Thẻ ngân hàng,Đã hủy
DH09432,KH00568,423,2025-08-29,2,11205935,22411870,Thẻ ngân hàng,Đã hủy
DH09433,KH01145,98,2025-09-17,1,25849081,25849081,COD,Đã hủy
DH09434,KH00023,317,2025-12-15,2,3451035,6902070,Ví điện tử,Đang giao
DH09435,KH01226,402,2024-07-24,3,14448552,43345656,Thẻ ngân hàng,Đã giao
DH09436,KH00622,304,2025-08-04,2,24317139,48634278,Thẻ ngân hàng,Đã giao
DH09437,KH01131,308,2024-04-06,1,23205555,23205555,Chuyển khoản,Đã giao
DH09438,KH00890,463,2025-01-27,3,14123822,42371466,Chuyển khoản,Đã giao
DH09439,KH01089,27,2024-02-28,3,12159304,36477912,Chuyển khoản,Đang giao
DH09440,KH00175,71,2025-11-29,2,20920065,41840130,COD,Đang giao
DH09441,KH01107,269,2024-03-02,3,13567100,40701300,Thẻ ngân hàng,Đã giao
DH09442,KH01171,158,2025-09-30,2,2814097,5628194,Chuyển khoản,Đã giao
DH09443,KH00072,351,2024-01-11,3,13618008,40854024,Ví điện tử,Đã giao
DH09444,KH00896,299,2025-09-04,3,10443833,31331499,COD,Đang giao
DH09445,KH00987,292,2025-10-14,3,15283078,45849234,Ví điện tử,Đang giao
DH09446,KH01190,253,2025-01-24,1,9232276,9232276,Ví điện tử,Đang giao
DH09447,KH01763,329,2025-03-24,3,13517918,40553754,Ví điện tử,Đang giao
DH09448,KH00561,381,2025-09-28,2,3635754,7271508,Thẻ ngân hàng,Đang giao
DH09449,KH00061,493,2024-09-19,1,5355143,5355143,Thẻ ngân hàng,Đang giao
DH09450,KH01532,60,2024-04-26,2,10296353,20592706,Chuyển khoản,Đã giao
DH09451,KH00711,274,2025-03-24,2,8049917,16099834,Chuyển khoản,Đã hủy
DH09452,KH00617,470,2024-03-17,1,2362889,2362889,Chuyển khoản,Đang giao
DH09453,KH00818,465,2024-09-10,2,24131257,48262514,COD,Đã hủy
DH09454,KH01962,307,2025-05-18,3,2970393,8911179,Thẻ ngân hàng,Đang giao
DH09455,KH01977,451,2025-05-29,1,18801455,18801455,Ví điện tử,Đang giao
DH09456,KH01298,93,2025-08-09,1,14686287,14686287,Ví điện tử,Đang giao
DH09457,KH01418,75,2024-10-17,3,1572912,4718736,COD,Đã hủy
DH09458,KH01081,51,2024-06-23,1,18354531,18354531,Ví điện tử,Đã giao
DH09459,KH01087,122,2025-10-23,2,18283116,36566232,Chuyển khoản,Đã hủy
DH09460,KH00712,13,2025-05-30,1,24933847,24933847,Ví điện tử,Đã hủy
DH09461,KH00947,39,2024-05-08,2,5958851,11917702,Ví điện tử,Đã hủy
DH09462,KH00414,143,2025-04-03,2,5091764,10183528,Chuyển khoản,Đang giao
DH09463,KH01775,496,2025-01-14,1,14220784,14220784,Thẻ ngân hàng,Đã hủy
DH09464,KH01194,40,2025-06-16,3,13768783,41306349,COD,Đã hủy
DH09465,KH00962,192,2025-11-13,1,10036440,10036440,Thẻ ngân hàng,Đang giao
DH09466,KH01088,309,2024-12-01,1,16160657,16160657,COD,Đang giao
DH09467,KH01491,294,2025-02-01,2,20611090,41222180,Ví điện tử,Đã giao
DH09468,KH01977,285,2024-10-13,3,6209359,18628077,Chuyển khoản,Đang giao
DH09469,KH01054,84,2024-07-28,3,5916601,17749803,COD,Đang giao
DH09470,KH01465,196,2025-12-13,1,9383000,9383000,Ví điện tử,Đã giao
DH09471,KH01944,43,2025-04-29,1,14663576,14663576,Ví điện tử,Đã giao
DH09472,KH01739,437,2025-12-24,2,20884762,41769524,Thẻ ngân hàng,Đã giao
DH09473,KH00407,184,2024-03-28,3,17356432,52069296,Ví điện tử,Đã giao
DH09474,KH01717,208,2025-11-03,1,16507221,16507221,Ví điện tử,Đã giao
DH09475,KH01777,331,2025-10-04,1,16419785,16419785,Thẻ ngân hàng,Đã hủy
DH09476,KH01581,17,2025-07-25,2,11252793,22505586,Thẻ ngân hàng,Đã hủy
DH09477,KH00994,90,2025-03-13,2,19909796,39819592,Thẻ ngân hàng,Đã giao
DH09478,KH00570,80,2025-11-15,1,15432098,15432098,Chuyển khoản,Đang giao
DH09479,KH01351,157,2024-06-01,2,10354320,20708640,COD,Đang giao
DH09480,KH00702,495,2025-04-14,3,24537951,73613853,COD,Đã giao
DH09481,KH01586,378,2025-05-16,1,5459248,5459248,Ví điện tử,Đã giao
DH09482,KH00132,315,2024-12-20,1,7916762,7916762,Ví điện tử,Đã giao
DH09483,KH01730,87,2025-05-12,3,1388487,4165461,COD,Đã hủy
DH09484,KH00696,283,2024-07-27,2,9498824,18997648,Ví điện tử,Đã hủy
DH09485,KH01232,187,2025-09-22,2,8866140,17732280,Ví điện tử,Đang giao
DH09486,KH00667,90,2025-08-13,2,19909796,39819592,Thẻ ngân hàng,Đã giao
DH09487,KH00658,207,2025-04-06,3,11794425,35383275,COD,Đang giao
DH09488,KH01823,153,2025-07-17,1,9382132,9382132,Ví điện tử,Đã hủy
DH09489,KH01855,381,2025-01-07,3,3635754,10907262,Chuyển khoản,Đã hủy
DH09490,KH01208,12,2025-06-03,3,11992784,35978352,Ví điện tử,Đang giao
DH09491,KH00112,196,2024-08-16,1,9383000,9383000,Ví điện tử,Đang giao
DH09492,KH00786,256,2024-07-31,2,7503626,15007252,Thẻ ngân hàng,Đang giao
DH09493,KH01959,76,2024-06-07,2,25092737,50185474,COD,Đang giao
DH09494,KH00605,233,2024-04-26,1,5799781,5799781,COD,Đang giao
DH09495,KH00207,274,2024-04-19,1,8049917,8049917,Chuyển khoản,Đã hủy
DH09496,KH01686,440,2025-08-30,3,21263667,63791001,Ví điện tử,Đang giao
DH09497,KH00952,36,2024-07-26,1,4440658,4440658,Chuyển khoản,Đã hủy
DH09498,KH00442,110,2025-12-10,3,2655742,7967226,Ví điện tử,Đã hủy
DH09499,KH00279,465,2025-12-02,1,24131257,24131257,Chuyển khoản,Đã giao
DH09500,KH00006,404,2025-11-02,1,24793579,24793579,Chuyển khoản,Đã giao
DH09501,KH00623,151,2025-05-28,2,14524360,29048720,COD,Đã hủy
DH09502,KH00825,437,2025-02-14,1,20884762,20884762,Thẻ ngân hàng,Đã giao
DH09503,KH00500,165,2025-10-14,1,25319024,25319024,Chuyển khoản,Đang giao
DH09504,KH00616,227,2025-05-25,3,23575212,70725636,Ví điện tử,Đã giao
DH09505,KH01475,47,2024-12-11,3,2363748,7091244,Thẻ ngân hàng,Đã hủy
DH09506,KH01624,356,2024-06-03,1,23139278,23139278,Thẻ ngân hàng,Đã giao
DH09507,KH01329,166,2025-01-29,3,17284447,51853341,COD,Đang giao
DH09508,KH01247,2,2024-11-05,1,2619639,2619639,COD,Đã hủy
DH09509,KH01659,21,2024-01-19,3,20692785,62078355,Chuyển khoản,Đã hủy
DH09510,KH01705,181,2024-11-25,3,1690676,5072028,COD,Đang giao
DH09511,KH00423,274,2025-04-02,2,8049917,16099834,COD,Đã giao
DH09512,KH01770,14,2024-04-01,3,7886377,23659131,Ví điện tử,Đã giao
DH09513,KH01027,452,2024-07-07,1,6422656,6422656,Ví điện tử,Đã hủy
DH09514,KH00967,244,2025-02-07,2,16782990,33565980,Ví điện tử,Đã hủy
DH09515,KH00192,250,2025-04-13,3,5901364,17704092,Ví điện tử,Đã giao
DH09516,KH01230,42,2025-06-08,1,4888990,4888990,Chuyển khoản,Đã giao
DH09517,KH01050,139,2024-09-26,2,8176702,16353404,Thẻ ngân hàng,Đã hủy
DH09518,KH00477,311,2024-08-17,1,20701272,20701272,Chuyển khoản,Đã hủy
DH09519,KH01216,14,2024-07-29,2,7886377,15772754,COD,Đã giao
DH09520,KH01914,268,2025-01-17,3,20509489,61528467,Chuyển khoản,Đã hủy
DH09521,KH01235,32,2025-09-18,3,16788448,50365344,Ví điện tử,Đã giao
DH09522,KH01140,388,2024-02-06,1,12500788,12500788,Ví điện tử,Đã hủy
DH09523,KH01316,9,2025-10-13,3,2348573,7045719,Thẻ ngân hàng,Đã hủy
DH09524,KH01931,173,2024-08-26,2,8932665,17865330,Thẻ ngân hàng,Đã hủy
DH09525,KH00754,276,2025-08-31,1,11889649,11889649,Ví điện tử,Đã hủy
DH09526,KH00830,343,2025-09-13,2,17874359,35748718,COD,Đã giao
DH09527,KH00575,259,2024-09-04,1,2352165,2352165,Ví điện tử,Đã hủy
DH09528,KH00890,80,2024-05-04,1,15432098,15432098,Ví điện tử,Đã giao
DH09529,KH00999,234,2025-04-23,1,12378563,12378563,Ví điện tử,Đang giao
DH09530,KH01052,203,2025-05-06,3,2141244,6423732,COD,Đã giao
DH09531,KH00981,136,2025-07-06,3,13200645,39601935,COD,Đã giao
DH09532,KH00656,354,2024-09-17,1,14109722,14109722,Chuyển khoản,Đang giao
DH09533,KH00427,386,2025-07-24,2,11489944,22979888,Chuyển khoản,Đang giao
DH09534,KH01324,455,2024-03-06,3,2445683,7337049,Thẻ ngân hàng,Đang giao
DH09535,KH01551,472,2025-09-05,1,24725902,24725902,COD,Đang giao
DH09536,KH00956,235,2025-09-21,1,1672401,1672401,Thẻ ngân hàng,Đã giao
DH09537,KH00600,61,2025-06-25,3,11543600,34630800,Chuyển khoản,Đã giao
DH09538,KH01196,209,2024-07-08,1,11044537,11044537,COD,Đang giao
DH09539,KH00404,196,2025-04-30,3,9383000,28149000,Ví điện tử,Đã giao
DH09540,KH01416,11,2024-01-26,3,10235878,30707634,COD,Đã hủy
DH09541,KH00688,121,2025-11-17,1,22194333,22194333,Ví điện tử,Đang giao
DH09542,KH00532,464,2025-02-06,1,10451249,10451249,COD,Đang giao
DH09543,KH00237,174,2024-03-11,1,24577473,24577473,Ví điện tử,Đã giao
DH09544,KH00639,233,2025-12-30,2,5799781,11599562,Ví điện tử,Đã giao
DH09545,KH00618,69,2025-03-03,3,13005856,39017568,Chuyển khoản,Đã giao
DH09546,KH01581,446,2025-08-03,1,10227214,10227214,COD,Đã giao
DH09547,KH00864,364,2025-10-08,1,14254399,14254399,COD,Đã hủy
DH09548,KH00692,403,2024-01-03,2,10108987,20217974,COD,Đang giao
DH09549,KH00511,141,2024-03-08,1,22227393,22227393,COD,Đang giao
DH09550,KH00720,295,2025-06-21,2,2326130,4652260,COD,Đã giao
DH09551,KH00478,475,2025-05-07,3,23514632,70543896,Ví điện tử,Đã hủy
DH09552,KH00669,98,2024-04-12,1,25849081,25849081,Chuyển khoản,Đã hủy
DH09553,KH00059,468,2024-03-26,2,21281263,42562526,COD,Đã hủy
DH09554,KH00254,453,2024-09-29,1,24897288,24897288,Chuyển khoản,Đang giao
DH09555,KH01113,98,2024-08-19,2,25849081,51698162,Thẻ ngân hàng,Đã giao
DH09556,KH00341,408,2024-03-22,3,17462807,52388421,COD,Đang giao
DH09557,KH00031,470,2025-07-12,1,2362889,2362889,COD,Đang giao
DH09558,KH01350,357,2024-09-29,1,4857102,4857102,Ví điện tử,Đang giao
DH09559,KH00177,38,2025-01-29,1,25625870,25625870,COD,Đang giao
DH09560,KH00151,377,2024-11-17,2,12231914,24463828,COD,Đang giao
DH09561,KH01775,245,2025-01-14,2,11838005,23676010,Chuyển khoản,Đã giao
DH09562,KH01577,258,2025-11-04,3,12909089,38727267,Chuyển khoản,Đang giao
DH09563,KH01055,30,2024-09-15,1,22850493,22850493,Ví điện tử,Đang giao
DH09564,KH01932,488,2024-05-06,3,1330310,3990930,Ví điện tử,Đang giao
DH09565,KH00928,41,2024-09-25,1,23214519,23214519,Thẻ ngân hàng,Đã hủy
DH09566,KH00632,3,2025-02-20,1,23951194,23951194,Thẻ ngân hàng,Đang giao
DH09567,KH00349,431,2025-05-14,3,3483711,10451133,Ví điện tử,Đã giao
DH09568,KH00373,426,2025-07-31,1,22978827,22978827,Thẻ ngân hàng,Đã hủy
DH09569,KH00059,30,2025-01-09,3,22850493,68551479,Chuyển khoản,Đang giao
DH09570,KH01429,118,2025-09-26,2,6945092,13890184,Ví điện tử,Đã giao
DH09571,KH00588,460,2024-11-13,3,15973168,47919504,Chuyển khoản,Đã giao
DH09572,KH01696,17,2024-08-14,1,11252793,11252793,COD,Đang giao
DH09573,KH00992,100,2025-08-30,2,3300603,6601206,Thẻ ngân hàng,Đã hủy
DH09574,KH01171,192,2025-03-13,1,10036440,10036440,Chuyển khoản,Đã hủy
DH09575,KH01849,76,2024-11-28,2,25092737,50185474,Chuyển khoản,Đã hủy
DH09576,KH01892,52,2025-05-23,2,14404540,28809080,Chuyển khoản,Đã giao
DH09577,KH00074,209,2024-03-08,2,11044537,22089074,Ví điện tử,Đã hủy
DH09578,KH01942,276,2025-08-15,2,11889649,23779298,Chuyển khoản,Đang giao
DH09579,KH01114,277,2025-01-27,3,20673499,62020497,Chuyển khoản,Đang giao
DH09580,KH01882,265,2025-04-29,2,18875655,37751310,Thẻ ngân hàng,Đang giao
DH09581,KH01270,318,2024-12-18,1,23570935,23570935,COD,Đã giao
DH09582,KH01379,17,2024-08-24,3,11252793,33758379,Ví điện tử,Đang giao
DH09583,KH01578,206,2025-08-09,3,9160201,27480603,Ví điện tử,Đã hủy
DH09584,KH01446,402,2024-08-16,1,14448552,14448552,Chuyển khoản,Đã giao
DH09585,KH00835,427,2024-05-05,1,12881666,12881666,Chuyển khoản,Đã giao
DH09586,KH01524,84,2024-10-01,3,5916601,17749803,Chuyển khoản,Đã giao
DH09587,KH00506,396,2025-12-18,1,2735462,2735462,COD,Đã giao
DH09588,KH00598,238,2024-09-04,2,8768981,17537962,COD,Đang giao
DH09589,KH00755,139,2025-05-08,3,8176702,24530106,Ví điện tử,Đang giao
DH09590,KH00617,49,2025-12-04,2,10127878,20255756,Ví điện tử,Đang giao
DH09591,KH01652,316,2024-01-06,1,19653730,19653730,Chuyển khoản,Đã giao
DH09592,KH01415,345,2024-02-08,2,24716330,49432660,COD,Đang giao
DH09593,KH01168,46,2024-08-09,3,13724985,41174955,Thẻ ngân hàng,Đang giao
DH09594,KH01055,372,2025-07-25,2,11933021,23866042,Chuyển khoản,Đã hủy
DH09595,KH01679,355,2025-02-16,1,19241391,19241391,COD,Đang giao
DH09596,KH00318,130,2025-01-16,3,8364943,25094829,Thẻ ngân hàng,Đã giao
DH09597,KH00036,123,2025-06-27,3,5880587,17641761,Chuyển khoản,Đang giao
DH09598,KH01771,181,2025-12-02,3,1690676,5072028,Ví điện tử,Đã giao
DH09599,KH01910,370,2025-08-31,3,16487087,49461261,Chuyển khoản,Đã hủy
DH09600,KH00379,310,2024-07-22,3,10351478,31054434,Thẻ ngân hàng,Đã hủy
DH09601,KH01226,420,2024-11-14,2,7580608,15161216,COD,Đang giao
DH09602,KH00082,274,2024-05-16,1,8049917,8049917,Thẻ ngân hàng,Đang giao
DH09603,KH00344,348,2024-09-28,2,16075438,32150876,COD,Đã hủy
DH09604,KH00616,270,2025-10-28,2,15138021,30276042,Chuyển khoản,Đã hủy
DH09605,KH00315,454,2025-05-20,1,24379043,24379043,Ví điện tử,Đã hủy
DH09606,KH01264,420,2025-07-06,1,7580608,7580608,Chuyển khoản,Đang giao
DH09607,KH01429,315,2024-12-24,1,7916762,7916762,Chuyển khoản,Đã hủy
DH09608,KH00415,96,2024-10-29,3,2158473,6475419,Thẻ ngân hàng,Đã hủy
DH09609,KH01431,394,2025-05-19,2,14325309,28650618,Thẻ ngân hàng,Đang giao
DH09610,KH01109,455,2024-02-15,2,2445683,4891366,Thẻ ngân hàng,Đang giao
DH09611,KH00141,444,2024-03-21,2,24721344,49442688,Chuyển khoản,Đang giao
DH09612,KH01866,231,2025-11-26,2,7056866,14113732,COD,Đã giao
DH09613,KH00408,36,2024-10-22,3,4440658,13321974,Thẻ ngân hàng,Đã hủy
DH09614,KH01799,156,2025-10-07,2,23900042,47800084,Ví điện tử,Đã giao
DH09615,KH00703,397,2024-09-17,2,23886813,47773626,Thẻ ngân hàng,Đang giao
DH09616,KH01560,9,2024-10-04,3,2348573,7045719,Chuyển khoản,Đang giao
DH09617,KH01971,165,2025-08-29,3,25319024,75957072,Ví điện tử,Đang giao
DH09618,KH01462,428,2024-12-19,1,8623074,8623074,COD,Đã hủy
DH09619,KH01892,221,2024-12-04,2,18603561,37207122,Ví điện tử,Đang giao
DH09620,KH01395,402,2025-12-21,3,14448552,43345656,Chuyển khoản,Đã hủy
DH09621,KH00163,396,2024-08-03,2,2735462,5470924,Ví điện tử,Đã giao
DH09622,KH00334,96,2024-12-27,3,2158473,6475419,Ví điện tử,Đã hủy
DH09623,KH01968,54,2025-04-06,1,18474415,18474415,Thẻ ngân hàng,Đã hủy
DH09624,KH00657,414,2024-10-19,3,8838663,26515989,Thẻ ngân hàng,Đã hủy
DH09625,KH01599,84,2025-06-26,2,5916601,11833202,COD,Đã hủy
DH09626,KH00479,283,2025-08-18,3,9498824,28496472,Chuyển khoản,Đã giao
DH09627,KH01358,83,2024-10-02,3,10278942,30836826,Thẻ ngân hàng,Đã hủy
DH09628,KH00034,429,2024-12-05,2,13157569,26315138,Chuyển khoản,Đã giao
DH09629,KH00294,424,2024-03-09,3,19568438,58705314,Chuyển khoản,Đã hủy
DH09630,KH00290,392,2025-07-28,2,2439684,4879368,Ví điện tử,Đã hủy
DH09631,KH00788,187,2024-02-04,3,8866140,26598420,Chuyển khoản,Đã hủy
DH09632,KH00731,158,2024-10-01,2,2814097,5628194,Thẻ ngân hàng,Đang giao
DH09633,KH01898,170,2024-09-10,1,18830250,18830250,Ví điện tử,Đang giao
DH09634,KH00235,361,2025-06-14,2,2131412,4262824,Chuyển khoản,Đã hủy
DH09635,KH01319,160,2024-10-16,3,7269450,21808350,COD,Đã giao
DH09636,KH01158,119,2025-03-31,1,13510580,13510580,Chuyển khoản,Đang giao
DH09637,KH00100,30,2025-02-05,1,22850493,22850493,Thẻ ngân hàng,Đang giao
DH09638,KH00293,483,2024-11-14,1,9287345,9287345,Thẻ ngân hàng,Đã giao
DH09639,KH01999,1,2025-04-30,3,5597326,16791978,Ví điện tử,Đang giao
DH09640,KH01790,291,2024-06-17,2,19063989,38127978,Ví điện tử,Đã giao
DH09641,KH01973,166,2024-12-19,1,17284447,17284447,Chuyển khoản,Đã giao
DH09642,KH00768,307,2025-04-22,1,2970393,2970393,Thẻ ngân hàng,Đã giao
DH09643,KH01553,426,2024-07-19,3,22978827,68936481,Ví điện tử,Đã hủy
DH09644,KH01496,171,2024-03-31,2,16022163,32044326,Ví điện tử,Đã giao
DH09645,KH01171,169,2025-01-07,1,25706307,25706307,Thẻ ngân hàng,Đang giao
DH09646,KH01186,115,2024-02-29,1,24228127,24228127,COD,Đã giao
DH09647,KH00229,464,2025-04-17,2,10451249,20902498,Thẻ ngân hàng,Đang giao
DH09648,KH01321,70,2024-04-15,3,24683647,74050941,Ví điện tử,Đã hủy
DH09649,KH00260,246,2025-02-19,2,4574511,9149022,Ví điện tử,Đang giao
DH09650,KH01577,434,2025-05-11,3,20511341,61534023,Ví điện tử,Đã hủy
DH09651,KH01918,141,2024-02-22,2,22227393,44454786,Chuyển khoản,Đã hủy
DH09652,KH01890,251,2025-06-12,3,11288407,33865221,Chuyển khoản,Đang giao
DH09653,KH00048,188,2024-05-27,3,2213985,6641955,Chuyển khoản,Đang giao
DH09654,KH01065,15,2025-08-23,2,21879885,43759770,Ví điện tử,Đang giao
DH09655,KH00054,417,2025-07-21,1,1927702,1927702,Chuyển khoản,Đang giao
DH09656,KH00585,479,2024-10-28,2,24995661,49991322,Chuyển khoản,Đã giao
DH09657,KH00292,406,2025-03-08,2,1821869,3643738,Ví điện tử,Đã giao
DH09658,KH00280,372,2024-03-18,2,11933021,23866042,COD,Đã giao
DH09659,KH01631,218,2025-02-15,3,7876105,23628315,COD,Đã hủy
DH09660,KH01986,328,2025-12-06,3,19906025,59718075,Thẻ ngân hàng,Đã giao
DH09661,KH01853,365,2024-03-04,3,15480351,46441053,Chuyển khoản,Đang giao
DH09662,KH01324,417,2025-05-16,1,1927702,1927702,Chuyển khoản,Đã giao
DH09663,KH00050,302,2024-06-25,1,1904905,1904905,Chuyển khoản,Đã hủy
DH09664,KH01572,398,2025-11-27,1,4672398,4672398,Thẻ ngân hàng,Đang giao
DH09665,KH00255,89,2024-04-11,3,15656852,46970556,Thẻ ngân hàng,Đang giao
DH09666,KH00482,294,2024-03-31,3,20611090,61833270,Ví điện tử,Đang giao
DH09667,KH01643,152,2025-05-15,1,11691816,11691816,Thẻ ngân hàng,Đã giao
DH09668,KH01510,215,2024-01-25,1,22688954,22688954,COD,Đã hủy
DH09669,KH00171,112,2024-09-21,2,21786528,43573056,Thẻ ngân hàng,Đã hủy
DH09670,KH01177,162,2024-04-16,3,16154689,48464067,Chuyển khoản,Đã giao
DH09671,KH00330,424,2024-08-20,1,19568438,19568438,Thẻ ngân hàng,Đã giao
DH09672,KH01042,420,2024-04-04,3,7580608,22741824,COD,Đã giao
DH09673,KH00620,306,2024-05-30,2,9109540,18219080,Thẻ ngân hàng,Đã giao
DH09674,KH00035,214,2024-02-01,1,21742788,21742788,Chuyển khoản,Đã hủy
DH09675,KH00618,63,2024-10-27,1,25365618,25365618,Chuyển khoản,Đã hủy
DH09676,KH00320,62,2025-01-23,2,17040933,34081866,COD,Đã hủy
DH09677,KH00181,205,2024-11-14,3,11351137,34053411,Chuyển khoản,Đang giao
DH09678,KH01434,187,2024-07-24,1,8866140,8866140,Chuyển khoản,Đã hủy
DH09679,KH01592,116,2024-08-04,3,17991157,53973471,Thẻ ngân hàng,Đang giao
DH09680,KH01059,172,2024-05-20,3,11563207,34689621,Ví điện tử,Đã giao
DH09681,KH00789,39,2025-08-01,2,5958851,11917702,Thẻ ngân hàng,Đã hủy
DH09682,KH01437,230,2024-11-25,2,4583309,9166618,Thẻ ngân hàng,Đã hủy
DH09683,KH00960,128,2025-06-18,1,5789660,5789660,COD,Đã giao
DH09684,KH00189,232,2024-03-29,1,17350864,17350864,Thẻ ngân hàng,Đang giao
DH09685,KH00742,464,2025-09-04,2,10451249,20902498,Chuyển khoản,Đang giao
DH09686,KH00159,154,2024-12-18,1,5917692,5917692,Chuyển khoản,Đang giao
DH09687,KH00134,182,2024-08-12,3,19817463,59452389,COD,Đã hủy
DH09688,KH01169,299,2024-12-30,3,10443833,31331499,Chuyển khoản,Đã giao
DH09689,KH00527,349,2024-12-10,2,19870600,39741200,COD,Đang giao
DH09690,KH01427,160,2025-05-08,2,7269450,14538900,COD,Đã giao
DH09691,KH00137,190,2025-06-04,1,19493368,19493368,Thẻ ngân hàng,Đang giao
DH09692,KH01921,179,2024-10-22,2,23021297,46042594,Ví điện tử,Đã hủy
DH09693,KH01188,81,2025-03-18,2,11760834,23521668,Chuyển khoản,Đang giao
DH09694,KH00327,85,2025-10-01,2,22953739,45907478,Ví điện tử,Đã giao
DH09695,KH00999,188,2025-05-23,1,2213985,2213985,Thẻ ngân hàng,Đã hủy
DH09696,KH00852,491,2025-07-17,1,23791756,23791756,Thẻ ngân hàng,Đã hủy
DH09697,KH01420,158,2025-03-03,3,2814097,8442291,COD,Đã hủy
DH09698,KH01773,93,2024-02-20,2,14686287,29372574,Chuyển khoản,Đang giao
DH09699,KH01567,66,2025-08-07,2,9292701,18585402,Ví điện tử,Đã giao
DH09700,KH00511,461,2025-02-24,3,13898840,41696520,Ví điện tử,Đang giao
DH09701,KH01604,20,2025-10-01,1,14519905,14519905,Thẻ ngân hàng,Đang giao
DH09702,KH00191,284,2024-07-06,2,7510427,15020854,COD,Đã hủy
DH09703,KH00516,171,2025-10-27,2,16022163,32044326,Thẻ ngân hàng,Đã hủy
DH09704,KH01472,454,2024-06-15,2,24379043,48758086,Ví điện tử,Đã giao
DH09705,KH00761,61,2025-03-16,3,11543600,34630800,Thẻ ngân hàng,Đã hủy
DH09706,KH01143,114,2024-07-18,3,5461510,16384530,Chuyển khoản,Đã hủy
DH09707,KH01080,186,2024-09-22,1,11833611,11833611,Chuyển khoản,Đã giao
DH09708,KH01119,214,2024-02-02,2,21742788,43485576,Chuyển khoản,Đang giao
DH09709,KH00300,17,2024-07-20,3,11252793,33758379,COD,Đã hủy
DH09710,KH00757,403,2025-04-24,1,10108987,10108987,Chuyển khoản,Đã hủy
DH09711,KH01517,102,2025-07-12,2,13562744,27125488,COD,Đã hủy
DH09712,KH01860,333,2024-04-19,2,4723884,9447768,Chuyển khoản,Đã hủy
DH09713,KH01993,430,2025-08-11,1,11677101,11677101,Chuyển khoản,Đã giao
DH09714,KH01291,14,2024-01-07,3,7886377,23659131,Thẻ ngân hàng,Đã giao
DH09715,KH00499,247,2024-03-04,2,14840560,29681120,COD,Đã hủy
DH09716,KH00755,293,2024-01-04,3,5223702,15671106,COD,Đã giao
DH09717,KH01936,201,2025-04-05,1,14510585,14510585,COD,Đã hủy
DH09718,KH01385,359,2025-12-04,1,18193067,18193067,Thẻ ngân hàng,Đang giao
DH09719,KH00024,479,2025-10-16,2,24995661,49991322,Thẻ ngân hàng,Đang giao
DH09720,KH00584,104,2025-03-07,2,21205978,42411956,Chuyển khoản,Đang giao
DH09721,KH00332,247,2025-03-24,2,14840560,29681120,COD,Đang giao
DH09722,KH01904,381,2025-11-02,3,3635754,10907262,Ví điện tử,Đang giao
DH09723,KH01145,144,2024-03-11,2,6059706,12119412,COD,Đã giao
DH09724,KH01423,173,2024-12-10,1,8932665,8932665,Ví điện tử,Đã hủy
DH09725,KH01481,447,2024-04-16,1,13793804,13793804,Ví điện tử,Đã giao
DH09726,KH01061,120,2024-03-13,1,23629104,23629104,COD,Đã hủy
DH09727,KH00369,67,2025-05-24,1,2603224,2603224,Thẻ ngân hàng,Đã giao
DH09728,KH00807,70,2024-01-21,2,24683647,49367294,COD,Đã giao
DH09729,KH00429,98,2025-02-08,2,25849081,51698162,Thẻ ngân hàng,Đã giao
DH09730,KH00878,104,2025-09-20,3,21205978,63617934,COD,Đã hủy
DH09731,KH00033,226,2024-10-08,1,24912858,24912858,Ví điện tử,Đã hủy
DH09732,KH00623,45,2024-08-25,1,22446227,22446227,Chuyển khoản,Đã giao
DH09733,KH00510,335,2025-07-03,3,6359823,19079469,Chuyển khoản,Đang giao
DH09734,KH00542,3,2025-08-29,1,23951194,23951194,COD,Đã hủy
DH09735,KH01829,329,2025-06-03,2,13517918,27035836,COD,Đang giao
DH09736,KH01541,492,2024-08-05,3,8668431,26005293,Thẻ ngân hàng,Đã giao
DH09737,KH00889,314,2025-09-18,2,21535304,43070608,Thẻ ngân hàng,Đang giao
DH09738,KH00057,488,2025-05-05,2,1330310,2660620,Chuyển khoản,Đang giao
DH09739,KH01388,170,2025-10-26,1,18830250,18830250,COD,Đã hủy
DH09740,KH01719,192,2024-11-29,3,10036440,30109320,Chuyển khoản,Đã giao
DH09741,KH00630,398,2024-10-02,3,4672398,14017194,Thẻ ngân hàng,Đã hủy
DH09742,KH00647,466,2025-05-12,1,16269792,16269792,COD,Đang giao
DH09743,KH01536,198,2025-05-27,3,13851809,41555427,COD,Đang giao
DH09744,KH00615,184,2025-09-02,3,17356432,52069296,COD,Đã giao
DH09745,KH00712,304,2024-10-08,3,24317139,72951417,Ví điện tử,Đã hủy
DH09746,KH01214,363,2024-09-20,3,13943365,41830095,Thẻ ngân hàng,Đang giao
DH09747,KH01210,49,2025-07-13,1,10127878,10127878,Thẻ ngân hàng,Đã giao
DH09748,KH00439,359,2024-11-01,1,18193067,18193067,Ví điện tử,Đã hủy
DH09749,KH00552,395,2025-01-24,1,15941796,15941796,Chuyển khoản,Đã giao
DH09750,KH01960,10,2024-01-05,2,8245338,16490676,Ví điện tử,Đang giao
DH09751,KH01753,415,2024-03-11,1,23483261,23483261,Thẻ ngân hàng,Đã giao
DH09752,KH00303,188,2024-01-13,1,2213985,2213985,Chuyển khoản,Đã hủy
DH09753,KH01441,419,2025-10-25,1,14450529,14450529,Thẻ ngân hàng,Đã giao
DH09754,KH01855,192,2025-04-24,2,10036440,20072880,Chuyển khoản,Đang giao
DH09755,KH00385,357,2025-03-04,3,4857102,14571306,Chuyển khoản,Đã giao
DH09756,KH00200,141,2025-04-17,1,22227393,22227393,Ví điện tử,Đang giao
DH09757,KH00701,319,2025-05-16,2,17175754,34351508,Thẻ ngân hàng,Đã giao
DH09758,KH00826,20,2024-02-14,1,14519905,14519905,COD,Đã giao
DH09759,KH01680,160,2025-07-24,2,7269450,14538900,COD,Đã giao
DH09760,KH00813,155,2024-01-25,1,23734363,23734363,COD,Đã giao
DH09761,KH00645,384,2024-09-10,1,7946719,7946719,Ví điện tử,Đang giao
DH09762,KH01092,346,2025-05-29,1,15198565,15198565,Thẻ ngân hàng,Đã giao
DH09763,KH01907,308,2025-04-27,1,23205555,23205555,Ví điện tử,Đang giao
DH09764,KH00164,437,2024-08-25,1,20884762,20884762,Chuyển khoản,Đang giao
DH09765,KH01044,193,2024-12-23,2,12107524,24215048,COD,Đã giao
DH09766,KH00582,342,2024-03-10,2,3872319,7744638,Ví điện tử,Đã giao
DH09767,KH00884,22,2025-08-14,1,24114298,24114298,Ví điện tử,Đang giao
DH09768,KH00380,38,2024-03-20,3,25625870,76877610,Ví điện tử,Đã hủy
DH09769,KH01089,85,2024-05-18,2,22953739,45907478,COD,Đã hủy
DH09770,KH00692,253,2025-12-20,1,9232276,9232276,Thẻ ngân hàng,Đã hủy
DH09771,KH00968,21,2025-05-12,3,20692785,62078355,COD,Đã hủy
DH09772,KH00140,31,2024-08-27,3,19561998,58685994,COD,Đã giao
DH09773,KH00942,476,2025-05-07,1,5610573,5610573,COD,Đang giao
DH09774,KH01303,75,2025-11-28,1,1572912,1572912,Chuyển khoản,Đang giao
DH09775,KH00414,197,2024-03-19,1,1767828,1767828,Thẻ ngân hàng,Đã giao
DH09776,KH00816,231,2024-10-11,1,7056866,7056866,Chuyển khoản,Đang giao
DH09777,KH01217,294,2024-10-15,1,20611090,20611090,COD,Đã hủy
DH09778,KH00894,106,2025-12-05,2,3358747,6717494,Thẻ ngân hàng,Đã hủy
DH09779,KH00907,314,2024-08-13,3,21535304,64605912,Ví điện tử,Đã hủy
DH09780,KH00214,338,2025-06-15,1,11491142,11491142,Thẻ ngân hàng,Đang giao
DH09781,KH01451,57,2024-03-08,1,19310306,19310306,Thẻ ngân hàng,Đã giao
DH09782,KH00247,48,2024-11-06,3,10369706,31109118,COD,Đã giao
DH09783,KH00237,57,2025-10-17,3,19310306,57930918,Thẻ ngân hàng,Đã hủy
DH09784,KH01119,312,2024-10-18,1,22250953,22250953,Chuyển khoản,Đang giao
DH09785,KH01831,280,2024-08-19,2,25571963,51143926,Chuyển khoản,Đã giao
DH09786,KH01577,358,2024-07-29,2,8803419,17606838,COD,Đang giao
DH09787,KH00563,224,2025-12-11,2,17686916,35373832,Thẻ ngân hàng,Đã giao
DH09788,KH00042,203,2024-01-01,2,2141244,4282488,COD,Đang giao
DH09789,KH01097,291,2024-04-22,2,19063989,38127978,COD,Đã giao
DH09790,KH00224,63,2024-11-23,1,25365618,25365618,Ví điện tử,Đã giao
DH09791,KH01393,230,2025-10-02,1,4583309,4583309,Chuyển khoản,Đã giao
DH09792,KH01880,29,2025-01-25,1,8608366,8608366,Chuyển khoản,Đang giao
DH09793,KH01762,267,2025-02-20,3,20768736,62306208,COD,Đã hủy
DH09794,KH01785,410,2024-01-12,3,12647688,37943064,Chuyển khoản,Đã giao
DH09795,KH00666,191,2024-07-27,3,2180855,6542565,Thẻ ngân hàng,Đã hủy
DH09796,KH01115,200,2024-04-07,3,25326262,75978786,COD,Đã giao
DH09797,KH01733,212,2024-12-23,3,9801647,29404941,Chuyển khoản,Đã hủy
DH09798,KH01779,465,2025-09-28,2,24131257,48262514,Chuyển khoản,Đang giao
DH09799,KH00835,346,2025-03-23,2,15198565,30397130,COD,Đang giao
DH09800,KH01763,419,2024-05-19,2,14450529,28901058,Chuyển khoản,Đã giao
DH09801,KH01495,312,2025-09-25,2,22250953,44501906,Ví điện tử,Đã giao
DH09802,KH01824,341,2024-04-30,2,24878704,49757408,Thẻ ngân hàng,Đang giao
DH09803,KH00916,322,2024-07-26,2,4789634,9579268,Ví điện tử,Đã giao
DH09804,KH01047,226,2025-08-15,2,24912858,49825716,Ví điện tử,Đang giao
DH09805,KH01776,118,2024-03-22,3,6945092,20835276,Thẻ ngân hàng,Đã hủy
DH09806,KH00547,364,2024-08-28,2,14254399,28508798,Thẻ ngân hàng,Đang giao
DH09807,KH00811,288,2025-08-09,1,11145011,11145011,Thẻ ngân hàng,Đang giao
DH09808,KH00666,392,2024-05-22,2,2439684,4879368,Ví điện tử,Đã giao
DH09809,KH01044,124,2025-06-02,2,18670083,37340166,Chuyển khoản,Đã hủy
DH09810,KH00148,376,2025-08-10,3,7479061,22437183,Thẻ ngân hàng,Đã giao
DH09811,KH00625,175,2024-07-13,1,4766108,4766108,COD,Đã giao
DH09812,KH00196,428,2024-06-26,3,8623074,25869222,Chuyển khoản,Đã hủy
DH09813,KH01045,305,2025-04-20,3,19848099,59544297,Ví điện tử,Đang giao
DH09814,KH01906,311,2024-05-20,3,20701272,62103816,Ví điện tử,Đang giao
DH09815,KH00900,139,2024-08-05,2,8176702,16353404,COD,Đã hủy
DH09816,KH01657,132,2025-04-15,1,16198314,16198314,COD,Đã hủy
DH09817,KH00280,434,2025-04-28,2,20511341,41022682,Chuyển khoản,Đang giao
DH09818,KH01973,493,2025-10-05,1,5355143,5355143,Ví điện tử,Đã hủy
DH09819,KH00110,153,2025-09-28,3,9382132,28146396,Thẻ ngân hàng,Đã hủy
DH09820,KH01935,159,2024-11-18,3,18319776,54959328,COD,Đã hủy
DH09821,KH00404,424,2025-06-17,1,19568438,19568438,Ví điện tử,Đang giao
DH09822,KH00235,301,2024-12-22,3,23179464,69538392,COD,Đã giao
DH09823,KH01361,307,2024-06-07,3,2970393,8911179,COD,Đã giao
DH09824,KH01886,71,2025-11-04,1,20920065,20920065,Chuyển khoản,Đang giao
DH09825,KH00379,364,2025-05-11,1,14254399,14254399,COD,Đang giao
DH09826,KH01334,146,2025-08-12,2,19268450,38536900,COD,Đã hủy
DH09827,KH01768,469,2024-04-14,2,24833142,49666284,Ví điện tử,Đã hủy
DH09828,KH00196,476,2024-12-06,1,5610573,5610573,COD,Đã giao
DH09829,KH01350,459,2024-03-11,2,21165935,42331870,Chuyển khoản,Đang giao
DH09830,KH01219,371,2024-08-15,1,15596681,15596681,COD,Đang giao
DH09831,KH00417,248,2024-11-04,2,22980553,45961106,Chuyển khoản,Đã hủy
DH09832,KH00737,498,2025-09-09,2,19498927,38997854,Chuyển khoản,Đã hủy
DH09833,KH00744,289,2025-01-16,2,4921805,9843610,Thẻ ngân hàng,Đã hủy
DH09834,KH01849,493,2024-08-06,3,5355143,16065429,Chuyển khoản,Đã hủy
DH09835,KH01422,239,2025-11-18,1,9904462,9904462,Ví điện tử,Đã hủy
DH09836,KH00177,377,2024-11-24,1,12231914,12231914,COD,Đã giao
DH09837,KH00023,401,2024-12-07,3,3227628,9682884,COD,Đã giao
DH09838,KH01469,212,2025-04-17,2,9801647,19603294,COD,Đang giao
DH09839,KH00836,241,2024-06-27,2,14883376,29766752,Thẻ ngân hàng,Đã giao
DH09840,KH01043,446,2025-12-11,2,10227214,20454428,COD,Đang giao
DH09841,KH00038,364,2025-10-03,3,14254399,42763197,Ví điện tử,Đang giao
DH09842,KH01553,427,2024-06-04,2,12881666,25763332,COD,Đang giao
DH09843,KH00064,494,2024-07-11,2,4606985,9213970,Ví điện tử,Đang giao
DH09844,KH00574,120,2024-08-11,3,23629104,70887312,Thẻ ngân hàng,Đã hủy
DH09845,KH01579,23,2025-11-22,1,18730487,18730487,Ví điện tử,Đã giao
DH09846,KH00822,319,2025-07-26,3,17175754,51527262,COD,Đang giao
DH09847,KH01175,231,2024-12-16,1,7056866,7056866,Chuyển khoản,Đang giao
DH09848,KH00701,208,2024-02-27,2,16507221,33014442,COD,Đã hủy
DH09849,KH00894,61,2025-06-26,3,11543600,34630800,Ví điện tử,Đã hủy
DH09850,KH01562,194,2024-03-20,1,10519150,10519150,Thẻ ngân hàng,Đang giao
DH09851,KH01314,168,2025-01-05,3,4959346,14878038,COD,Đã hủy
DH09852,KH01147,308,2024-04-09,1,23205555,23205555,Ví điện tử,Đã giao
DH09853,KH00183,122,2025-05-22,1,18283116,18283116,Ví điện tử,Đã giao
DH09854,KH00825,288,2024-12-06,3,11145011,33435033,COD,Đang giao
DH09855,KH00710,263,2024-12-06,3,5779215,17337645,Chuyển khoản,Đang giao
DH09856,KH00516,287,2025-04-10,3,10898911,32696733,Chuyển khoản,Đã giao
DH09857,KH00900,441,2025-01-22,2,18385006,36770012,Thẻ ngân hàng,Đang giao
DH09858,KH01422,45,2024-12-16,2,22446227,44892454,Ví điện tử,Đang giao
DH09859,KH00526,54,2024-03-22,1,18474415,18474415,Thẻ ngân hàng,Đang giao
DH09860,KH00028,229,2025-04-03,1,5955017,5955017,Ví điện tử,Đã hủy
DH09861,KH00253,235,2024-10-20,3,1672401,5017203,COD,Đang giao
DH09862,KH01389,497,2024-05-10,3,20532926,61598778,Chuyển khoản,Đã hủy
DH09863,KH01808,285,2025-11-18,3,6209359,18628077,Chuyển khoản,Đang giao
DH09864,KH01606,40,2025-10-24,2,13768783,27537566,Chuyển khoản,Đang giao
DH09865,KH00121,307,2025-02-20,1,2970393,2970393,COD,Đang giao
DH09866,KH00941,184,2025-11-24,1,17356432,17356432,Thẻ ngân hàng,Đã giao
DH09867,KH01745,73,2025-01-27,3,13467563,40402689,Ví điện tử,Đang giao
DH09868,KH01184,399,2024-12-07,2,2042288,4084576,Thẻ ngân hàng,Đã giao
DH09869,KH00480,400,2024-05-12,1,19389256,19389256,Ví điện tử,Đang giao
DH09870,KH00471,305,2024-03-04,3,19848099,59544297,COD,Đã hủy
DH09871,KH01033,408,2024-03-10,1,17462807,17462807,Ví điện tử,Đã hủy
DH09872,KH00329,460,2025-09-10,3,15973168,47919504,Ví điện tử,Đã hủy
DH09873,KH00973,37,2024-09-10,2,24694673,49389346,Ví điện tử,Đang giao
DH09874,KH00850,119,2024-05-28,2,13510580,27021160,Chuyển khoản,Đã hủy
DH09875,KH00065,390,2024-08-31,1,7428418,7428418,COD,Đã hủy
DH09876,KH01145,182,2025-11-18,3,19817463,59452389,Thẻ ngân hàng,Đang giao
DH09877,KH01579,370,2024-12-01,2,16487087,32974174,COD,Đã giao
DH09878,KH01766,60,2025-01-03,3,10296353,30889059,Chuyển khoản,Đã giao
DH09879,KH01556,171,2025-10-23,3,16022163,48066489,Ví điện tử,Đã giao
DH09880,KH01465,388,2024-09-06,3,12500788,37502364,Chuyển khoản,Đang giao
DH09881,KH01837,243,2024-03-28,3,9384883,28154649,Thẻ ngân hàng,Đang giao
DH09882,KH00761,238,2024-04-11,2,8768981,17537962,Thẻ ngân hàng,Đang giao
DH09883,KH00996,51,2024-09-07,2,18354531,36709062,Thẻ ngân hàng,Đã hủy
DH09884,KH01054,155,2024-05-06,3,23734363,71203089,COD,Đã giao
DH09885,KH01780,35,2024-10-29,2,5481589,10963178,Thẻ ngân hàng,Đã hủy
DH09886,KH00490,186,2024-01-27,1,11833611,11833611,Thẻ ngân hàng,Đã giao
DH09887,KH01234,346,2024-11-04,2,15198565,30397130,COD,Đã hủy
DH09888,KH01884,54,2025-12-03,1,18474415,18474415,COD,Đang giao
DH09889,KH00361,174,2025-07-25,1,24577473,24577473,Thẻ ngân hàng,Đã hủy
DH09890,KH01217,370,2025-02-01,1,16487087,16487087,Thẻ ngân hàng,Đang giao
DH09891,KH00331,267,2024-07-10,2,20768736,41537472,COD,Đang giao
DH09892,KH00360,213,2025-03-23,1,9135747,9135747,Ví điện tử,Đã giao
DH09893,KH01900,350,2024-06-16,1,12090591,12090591,Thẻ ngân hàng,Đã giao
DH09894,KH00283,379,2024-07-07,2,11024419,22048838,Thẻ ngân hàng,Đang giao
DH09895,KH00298,361,2024-09-02,3,2131412,6394236,COD,Đã hủy
DH09896,KH00907,148,2025-02-11,2,24016044,48032088,Chuyển khoản,Đang giao
DH09897,KH00290,83,2025-01-16,2,10278942,20557884,Chuyển khoản,Đã hủy
DH09898,KH00136,87,2024-04-29,2,1388487,2776974,Chuyển khoản,Đã hủy
DH09899,KH00287,185,2024-03-30,3,5305149,15915447,Thẻ ngân hàng,Đã hủy
DH09900,KH00387,30,2024-02-06,3,22850493,68551479,Ví điện tử,Đã hủy
DH09901,KH00491,291,2025-10-25,3,19063989,57191967,COD,Đã hủy
DH09902,KH01894,171,2025-06-14,1,16022163,16022163,COD,Đã hủy
DH09903,KH01526,20,2024-11-21,3,14519905,43559715,Chuyển khoản,Đã hủy
DH09904,KH00248,435,2024-08-24,1,4349985,4349985,Chuyển khoản,Đang giao
DH09905,KH00228,94,2025-06-08,3,4892461,14677383,Thẻ ngân hàng,Đang giao
DH09906,KH00517,89,2025-02-20,1,15656852,15656852,COD,Đang giao
DH09907,KH01003,488,2024-12-12,1,1330310,1330310,Thẻ ngân hàng,Đã giao
DH09908,KH00774,52,2024-09-21,1,14404540,14404540,COD,Đang giao
DH09909,KH00798,66,2025-12-22,1,9292701,9292701,Ví điện tử,Đã hủy
DH09910,KH00231,476,2025-08-03,2,5610573,11221146,Thẻ ngân hàng,Đã hủy
DH09911,KH01252,288,2024-01-27,2,11145011,22290022,Ví điện tử,Đang giao
DH09912,KH01239,246,2025-09-29,3,4574511,13723533,Ví điện tử,Đã giao
DH09913,KH00641,456,2025-12-19,1,1907183,1907183,Chuyển khoản,Đã hủy
DH09914,KH01180,365,2025-02-25,1,15480351,15480351,Chuyển khoản,Đang giao
DH09915,KH01435,447,2025-08-30,1,13793804,13793804,Thẻ ngân hàng,Đang giao
DH09916,KH00484,137,2025-07-02,1,20559073,20559073,Chuyển khoản,Đang giao
DH09917,KH00495,408,2024-02-20,3,17462807,52388421,Chuyển khoản,Đã giao
DH09918,KH00064,406,2024-03-09,3,1821869,5465607,COD,Đã hủy
DH09919,KH01211,364,2025-12-06,2,14254399,28508798,COD,Đã hủy
DH09920,KH00421,368,2025-03-06,3,21192004,63576012,COD,Đã giao
DH09921,KH00835,187,2024-06-18,3,8866140,26598420,Thẻ ngân hàng,Đang giao
DH09922,KH00714,234,2024-07-10,3,12378563,37135689,Thẻ ngân hàng,Đã giao
DH09923,KH01452,1,2024-09-22,2,5597326,11194652,Ví điện tử,Đã hủy
DH09924,KH01119,121,2025-01-17,1,22194333,22194333,COD,Đã hủy
DH09925,KH01788,458,2024-03-14,1,3104580,3104580,Ví điện tử,Đã giao
DH09926,KH00303,296,2025-08-04,2,7282780,14565560,Thẻ ngân hàng,Đã hủy
DH09927,KH00625,451,2025-10-13,1,18801455,18801455,Thẻ ngân hàng,Đã giao
DH09928,KH01170,40,2025-08-07,1,13768783,13768783,Chuyển khoản,Đang giao
DH09929,KH01908,365,2024-03-03,1,15480351,15480351,COD,Đang giao
DH09930,KH01283,152,2025-09-17,3,11691816,35075448,Ví điện tử,Đã hủy
DH09931,KH00432,452,2025-10-15,1,6422656,6422656,Chuyển khoản,Đã giao
DH09932,KH01251,149,2025-03-09,2,20816892,41633784,Thẻ ngân hàng,Đang giao
DH09933,KH01935,31,2025-08-11,1,19561998,19561998,COD,Đã hủy
DH09934,KH01896,57,2024-06-12,3,19310306,57930918,Ví điện tử,Đã hủy
DH09935,KH00904,275,2025-11-29,1,1991880,1991880,Chuyển khoản,Đã giao
DH09936,KH00873,44,2024-02-08,2,12890144,25780288,Chuyển khoản,Đang giao
DH09937,KH00324,126,2025-04-30,3,7453646,22360938,Ví điện tử,Đã giao
DH09938,KH00178,424,2024-10-15,3,19568438,58705314,COD,Đang giao
DH09939,KH01000,481,2024-07-19,3,11804603,35413809,Ví điện tử,Đang giao
DH09940,KH00303,268,2024-08-30,1,20509489,20509489,Chuyển khoản,Đã giao
DH09941,KH01009,449,2024-08-26,3,7676975,23030925,Chuyển khoản,Đã hủy
DH09942,KH00626,146,2025-05-10,2,19268450,38536900,Thẻ ngân hàng,Đang giao
DH09943,KH01613,376,2024-10-03,3,7479061,22437183,Ví điện tử,Đã giao
DH09944,KH01557,83,2024-03-18,2,10278942,20557884,Ví điện tử,Đang giao
DH09945,KH01197,218,2024-06-02,1,7876105,7876105,Ví điện tử,Đã giao
DH09946,KH01622,494,2024-08-30,3,4606985,13820955,Thẻ ngân hàng,Đã giao
DH09947,KH01374,8,2025-03-20,1,16791775,16791775,Thẻ ngân hàng,Đang giao
DH09948,KH00711,86,2025-05-29,2,8568170,17136340,COD,Đang giao
DH09949,KH01084,283,2024-09-18,1,9498824,9498824,Chuyển khoản,Đã hủy
DH09950,KH01223,435,2025-08-06,3,4349985,13049955,Ví điện tử,Đã giao
DH09951,KH01799,173,2024-07-31,3,8932665,26797995,Thẻ ngân hàng,Đã giao
DH09952,KH01760,294,2024-08-26,3,20611090,61833270,Thẻ ngân hàng,Đã giao
DH09953,KH01816,158,2025-12-01,3,2814097,8442291,Chuyển khoản,Đã giao
DH09954,KH01930,146,2025-04-17,1,19268450,19268450,Chuyển khoản,Đang giao
DH09955,KH00619,32,2024-03-10,1,16788448,16788448,Chuyển khoản,Đã hủy
DH09956,KH01793,47,2025-11-25,3,2363748,7091244,COD,Đã hủy
DH09957,KH01742,244,2025-07-11,1,16782990,16782990,COD,Đã giao
DH09958,KH01120,15,2025-03-22,3,21879885,65639655,Thẻ ngân hàng,Đã hủy
DH09959,KH01150,396,2024-08-24,1,2735462,2735462,Thẻ ngân hàng,Đang giao
DH09960,KH00502,58,2025-09-23,1,4846247,4846247,Thẻ ngân hàng,Đã giao
DH09961,KH00766,417,2024-12-19,3,1927702,5783106,Ví điện tử,Đã giao
DH09962,KH00280,99,2024-05-22,3,22557878,67673634,Thẻ ngân hàng,Đã hủy
DH09963,KH01232,394,2025-05-27,3,14325309,42975927,Chuyển khoản,Đã giao
DH09964,KH00667,399,2025-09-26,2,2042288,4084576,Ví điện tử,Đã hủy
DH09965,KH00137,449,2025-08-12,1,7676975,7676975,Thẻ ngân hàng,Đã hủy
DH09966,KH01715,395,2025-04-23,2,15941796,31883592,Thẻ ngân hàng,Đang giao
DH09967,KH00038,180,2024-03-21,3,5187803,15563409,Thẻ ngân hàng,Đã hủy
DH09968,KH01424,312,2024-05-02,2,22250953,44501906,COD,Đã giao
DH09969,KH01870,463,2025-02-25,3,14123822,42371466,Thẻ ngân hàng,Đã giao
DH09970,KH00849,378,2025-07-07,3,5459248,16377744,Ví điện tử,Đã giao
DH09971,KH00103,472,2025-05-10,2,24725902,49451804,COD,Đang giao
DH09972,KH00440,60,2025-08-27,1,10296353,10296353,COD,Đã giao
DH09973,KH00713,154,2024-04-26,2,5917692,11835384,Ví điện tử,Đang giao
DH09974,KH01285,495,2024-08-13,3,24537951,73613853,Thẻ ngân hàng,Đã giao
DH09975,KH00714,241,2024-10-10,2,14883376,29766752,Chuyển khoản,Đang giao
DH09976,KH00674,402,2024-08-19,3,14448552,43345656,Ví điện tử,Đã giao
DH09977,KH00101,87,2024-05-08,3,1388487,4165461,Ví điện tử,Đã hủy
DH09978,KH01578,275,2025-03-02,3,1991880,5975640,Thẻ ngân hàng,Đã hủy
DH09979,KH00599,300,2024-08-07,1,20713031,20713031,Ví điện tử,Đã giao
DH09980,KH01231,225,2025-02-06,1,17350639,17350639,Chuyển khoản,Đã hủy
DH09981,KH00558,240,2024-01-06,2,23483447,46966894,Ví điện tử,Đã hủy
DH09982,KH01028,285,2025-10-23,1,6209359,6209359,COD,Đã giao
DH09983,KH00217,196,2025-08-15,3,9383000,28149000,Ví điện tử,Đã hủy
DH09984,KH01405,110,2024-02-07,1,2655742,2655742,Chuyển khoản,Đang giao
DH09985,KH01640,194,2025-06-11,2,10519150,21038300,Thẻ ngân hàng,Đang giao
DH09986,KH00164,445,2024-04-28,3,3753037,11259111,Ví điện tử,Đã giao
DH09987,KH01069,104,2024-01-26,3,21205978,63617934,Thẻ ngân hàng,Đang giao
DH09988,KH01717,271,2025-06-14,3,8962577,26887731,Chuyển khoản,Đã hủy
DH09989,KH01200,389,2025-12-05,1,2247745,2247745,COD,Đã giao
DH09990,KH01904,25,2025-07-08,2,7741025,15482050,Ví điện tử,Đã giao
DH09991,KH00402,85,2024-12-06,1,22953739,22953739,Thẻ ngân hàng,Đã hủy
DH09992,KH01945,420,2024-04-23,1,7580608,7580608,COD,Đã giao
DH09993,KH00032,496,2025-01-18,2,14220784,28441568,Chuyển khoản,Đã hủy
DH09994,KH00394,272,2024-12-07,2,15085613,30171226,Ví điện tử,Đã hủy
DH09995,KH01682,220,2024-12-24,2,21154109,42308218,Ví điện tử,Đang giao
DH09996,KH00152,111,2025-09-03,3,5190528,15571584,Thẻ ngân hàng,Đã hủy
DH09997,KH01560,86,2025-03-14,3,8568170,25704510,COD,Đã hủy
DH09998,KH01644,10,2024-11-25,1,8245338,8245338,Chuyển khoản,Đang giao
DH09999,KH01072,88,2024-10-07,1,15268123,15268123,Ví điện tử,Đang giao
DH10000,KH01284,275,2024-05-03,1,1991880,1991880,Thẻ ngân hàng,Đã giao
