OrderID,ProductID,Quantity,UnitPrice
DH00001,457,1,24221919
DH00002,157,2,10354320
DH00003,37,1,24694673
DH00003,411,3,15292733
DH00004,246,3,4574511
DH00004,302,1,1904905
DH00004,471,1,25755884
DH00005,260,1,5169564
DH00005,290,1,14771023
DH00005,412,1,5966347
DH00006,282,2,9983595
DH00006,181,3,1690676
DH00006,269,3,13567100
DH00007,260,1,5169564
DH00007,337,3,16155694
DH00007,258,2,12909089
DH00008,476,1,5610573
DH00008,149,3,20816892
DH00009,232,3,17350864
DH00009,400,1,19389256
DH00009,59,2,11020945
DH00010,11,3,10235878
DH00010,205,2,11351137
DH00011,343,2,17874359
DH00011,203,3,2141244
DH00011,62,2,17040933
DH00012,63,3,25365618
DH00012,413,2,19949073
DH00013,248,2,22980553
DH00014,261,1,8666850
DH00014,425,1,12382069
DH00014,201,1,14510585
DH00015,59,2,11020945
DH00016,190,1,19493368
DH00016,466,3,16269792
DH00016,409,3,25383281
DH00017,458,2,3104580
DH00017,382,3,23997672
DH00018,255,1,11357464
DH00018,320,3,13927009
DH00019,245,3,11838005
DH00019,32,2,16788448
DH00019,357,3,4857102
DH00020,99,1,22557878
DH00021,256,3,7503626
DH00021,28,1,8340920
DH00021,27,2,12159304
DH00022,198,3,13851809
DH00023,84,1,5916601
DH00024,387,1,3436274
DH00024,433,1,2223429
DH00025,17,2,11252793
DH00025,499,2,11225264
DH00026,17,2,11252793
DH00026,427,3,12881666
DH00027,307,1,2970393
DH00027,290,1,14771023
DH00027,363,1,13943365
DH00028,182,2,19817463
DH00029,498,2,19498927
DH00029,75,3,1572912
DH00029,437,1,20884762
DH00030,130,1,8364943
DH00031,151,1,14524360
DH00032,367,1,21910738
DH00032,124,2,18670083
DH00033,49,2,10127878
DH00034,115,1,24228127
DH00034,348,2,16075438
DH00035,31,2,19561998
DH00036,40,2,13768783
DH00036,108,1,16704100
DH00037,169,3,25706307
DH00037,35,2,5481589
DH00037,136,2,13200645
DH00038,79,2,5712887
DH00039,52,3,14404540
DH00039,357,1,4857102
DH00040,54,2,18474415
DH00041,199,2,15317157
DH00041,195,2,2797518
DH00041,313,1,2770705
DH00042,326,1,10657286
DH00042,401,2,3227628
DH00043,7,1,4357180
DH00043,66,3,9292701
DH00043,6,2,15618829
DH00044,372,3,11933021
DH00044,378,3,5459248
DH00045,166,1,17284447
DH00046,265,3,18875655
DH00046,255,1,11357464
DH00046,156,3,23900042
DH00047,207,1,11794425
DH00047,6,3,15618829
DH00048,22,1,24114298
DH00048,301,3,23179464
DH00048,63,2,25365618
DH00049,64,1,9718506
DH00050,117,1,1822241
DH00050,415,3,23483261
DH00050,376,2,7479061
DH00051,56,1,3656281
DH00051,94,1,4892461
DH00051,257,1,22709217
DH00052,433,3,2223429
DH00053,14,3,7886377
DH00053,100,1,3300603
DH00053,280,1,25571963
DH00054,373,3,17596085
DH00054,480,1,9066937
DH00055,164,3,12450217
DH00055,30,1,22850493
DH00056,387,3,3436274
DH00057,60,1,10296353
DH00057,49,2,10127878
DH00058,468,2,21281263
DH00059,379,3,11024419
DH00060,485,3,2937854
DH00061,62,2,17040933
DH00061,232,3,17350864
DH00061,77,1,20281855
DH00062,260,1,5169564
DH00063,33,3,16395207
DH00064,392,3,2439684
DH00064,144,3,6059706
DH00065,377,1,12231914
DH00065,272,1,15085613
DH00066,52,2,14404540
DH00066,159,2,18319776
DH00067,377,2,12231914
DH00067,457,3,24221919
DH00068,100,3,3300603
DH00069,153,2,9382132
DH00069,234,1,12378563
DH00070,196,3,9383000
DH00070,193,2,12107524
DH00070,495,2,24537951
DH00071,342,3,3872319
DH00071,474,2,13191529
DH00071,34,2,21526031
DH00072,60,3,10296353
DH00072,177,3,6101695
DH00072,239,3,9904462
DH00073,52,2,14404540
DH00073,453,2,24897288
DH00073,304,2,24317139
DH00074,215,3,22688954
DH00075,408,1,17462807
DH00075,434,3,20511341
DH00075,494,3,4606985
DH00076,137,1,20559073
DH00076,90,2,19909796
DH00076,278,1,16871480
DH00077,190,1,19493368
DH00077,298,2,19424399
DH00078,480,3,9066937
DH00079,27,2,12159304
DH00079,416,1,17524717
DH00080,349,1,19870600
DH00080,485,2,2937854
DH00080,213,2,9135747
DH00081,57,3,19310306
DH00081,20,1,14519905
DH00082,292,1,15283078
DH00083,420,3,7580608
DH00084,113,2,9188480
DH00085,145,3,13595803
DH00086,416,3,17524717
DH00087,370,2,16487087
DH00087,197,2,1767828
DH00088,164,1,12450217
DH00088,475,3,23514632
DH00089,244,1,16782990
DH00090,375,1,22543381
DH00090,356,3,23139278
DH00090,63,1,25365618
DH00091,157,2,10354320
DH00091,231,3,7056866
DH00092,311,3,20701272
DH00092,80,1,15432098
DH00093,441,3,18385006
DH00093,321,2,9556944
DH00094,119,2,13510580
DH00094,216,1,13741880
DH00095,287,1,10898911
DH00095,44,2,12890144
DH00096,446,1,10227214
DH00096,86,2,8568170
DH00096,123,1,5880587
DH00097,120,3,23629104
DH00098,386,1,11489944
DH00098,121,1,22194333
DH00099,68,3,14423549
DH00099,7,2,4357180
DH00100,13,2,24933847
DH00100,294,2,20611090
DH00100,499,3,11225264
DH00101,168,3,4959346
DH00101,256,3,7503626
DH00102,398,2,4672398
DH00103,374,1,17616582
DH00103,212,2,9801647
DH00103,395,2,15941796
DH00104,393,1,15902198
DH00104,7,2,4357180
DH00104,181,3,1690676
DH00105,303,1,19460829
DH00105,226,3,24912858
DH00105,401,3,3227628
DH00106,274,1,8049917
DH00106,84,2,5916601
DH00107,224,1,17686916
DH00108,300,1,20713031
DH00108,369,2,10752264
DH00108,115,1,24228127
DH00109,388,3,12500788
DH00109,252,3,18216160
DH00110,130,2,8364943
DH00111,369,1,10752264
DH00112,78,3,10074989
DH00112,147,2,13624031
DH00112,439,2,11444083
DH00113,430,2,11677101
DH00113,166,2,17284447
DH00113,24,1,1688485
DH00114,73,2,13467563
DH00114,399,1,2042288
DH00115,162,1,16154689
DH00115,2,3,2619639
DH00116,10,3,8245338
DH00116,412,1,5966347
DH00117,477,2,17019502
DH00117,369,1,10752264
DH00117,240,1,23483447
DH00118,259,1,2352165
DH00118,427,1,12881666
DH00118,425,1,12382069
DH00119,441,2,18385006
DH00120,401,3,3227628
DH00121,91,1,20666588
DH00122,464,1,10451249
DH00122,6,3,15618829
DH00122,324,2,5235456
DH00123,121,1,22194333
DH00123,31,1,19561998
DH00123,395,3,15941796
DH00124,147,1,13624031
DH00124,165,3,25319024
DH00125,160,3,7269450
DH00126,204,3,6098253
DH00126,417,1,1927702
DH00127,240,3,23483447
DH00128,173,1,8932665
DH00128,401,1,3227628
DH00128,483,3,9287345
DH00129,321,3,9556944
DH00129,425,2,12382069
DH00129,391,1,14598944
DH00130,352,1,22014922
DH00130,226,2,24912858
DH00131,398,1,4672398
DH00131,323,3,8114299
DH00132,301,2,23179464
DH00132,290,3,14771023
DH00133,351,2,13618008
DH00133,86,2,8568170
DH00133,297,2,3729757
DH00134,369,2,10752264
DH00135,355,3,19241391
DH00135,161,1,5421161
DH00136,127,2,23583550
DH00136,472,2,24725902
DH00137,408,1,17462807
DH00137,439,1,11444083
DH00137,349,2,19870600
DH00138,260,2,5169564
DH00138,115,2,24228127
DH00139,152,3,11691816
DH00139,334,1,7901528
DH00139,10,2,8245338
DH00140,447,2,13793804
DH00140,122,2,18283116
DH00141,90,1,19909796
DH00141,392,3,2439684
DH00141,192,1,10036440
DH00142,169,3,25706307
DH00143,166,2,17284447
DH00143,487,3,9625660
DH00144,439,2,11444083
DH00144,49,2,10127878
DH00144,220,1,21154109
DH00145,206,1,9160201
DH00145,27,3,12159304
DH00145,75,3,1572912
DH00146,56,1,3656281
DH00146,475,2,23514632
DH00146,31,2,19561998
DH00147,457,1,24221919
DH00147,140,3,13589526
DH00148,293,1,5223702
DH00148,330,2,21871930
DH00149,360,1,17479616
DH00149,339,2,7585126
DH00149,129,1,7748973
DH00150,201,2,14510585
DH00150,234,3,12378563
DH00151,437,3,20884762
DH00151,491,2,23791756
DH00151,68,3,14423549
DH00152,359,2,18193067
DH00153,187,2,8866140
DH00153,106,1,3358747
DH00154,470,1,2362889
DH00154,235,3,1672401
DH00154,437,3,20884762
DH00155,373,2,17596085
DH00155,39,1,5958851
DH00156,212,3,9801647
DH00156,368,1,21192004
DH00156,300,1,20713031
DH00157,99,3,22557878
DH00158,79,1,5712887
DH00158,388,3,12500788
DH00159,286,2,3106273
DH00159,181,1,1690676
DH00160,387,2,3436274
DH00161,485,3,2937854
DH00161,233,3,5799781
DH00161,328,3,19906025
DH00162,330,2,21871930
DH00162,195,3,2797518
DH00162,20,3,14519905
DH00163,324,1,5235456
DH00163,462,2,16447832
DH00163,252,1,18216160
DH00164,359,3,18193067
DH00165,164,2,12450217
DH00165,257,2,22709217
DH00165,16,2,1902478
DH00166,206,2,9160201
DH00166,150,1,22175650
DH00167,198,2,13851809
DH00167,216,2,13741880
DH00168,271,1,8962577
DH00169,323,1,8114299
DH00170,250,3,5901364
DH00170,127,3,23583550
DH00171,273,2,13267090
DH00172,364,1,14254399
DH00173,277,2,20673499
DH00173,346,3,15198565
DH00174,471,2,25755884
DH00174,145,2,13595803
DH00174,329,3,13517918
DH00175,262,2,15404344
DH00176,7,2,4357180
DH00176,79,3,5712887
DH00176,399,2,2042288
DH00177,474,2,13191529
DH00178,210,1,20061356
DH00178,276,3,11889649
DH00178,397,3,23886813
DH00179,375,1,22543381
DH00179,331,3,16419785
DH00179,454,1,24379043
DH00180,39,1,5958851
DH00181,415,1,23483261
DH00182,170,3,18830250
DH00183,357,3,4857102
DH00183,145,2,13595803
DH00184,27,2,12159304
DH00184,232,3,17350864
DH00184,139,3,8176702
DH00185,492,2,8668431
DH00186,77,3,20281855
DH00186,416,2,17524717
DH00186,114,2,5461510
DH00187,167,3,19477755
DH00187,498,2,19498927
DH00187,292,3,15283078
DH00188,414,1,8838663
DH00188,127,2,23583550
DH00188,289,1,4921805
DH00189,326,1,10657286
DH00189,416,1,17524717
DH00189,262,3,15404344
DH00190,473,3,8143318
DH00190,37,2,24694673
DH00190,66,2,9292701
DH00191,379,2,11024419
DH00191,195,1,2797518
DH00191,164,1,12450217
DH00192,299,2,10443833
DH00192,367,1,21910738
DH00193,332,2,16273428
DH00194,220,2,21154109
DH00195,418,3,6732468
DH00195,63,1,25365618
DH00195,497,2,20532926
DH00196,473,3,8143318
DH00197,448,2,1655313
DH00198,338,1,11491142
DH00198,117,3,1822241
DH00198,431,3,3483711
DH00199,235,1,1672401
DH00199,98,2,25849081
DH00200,54,1,18474415
DH00201,409,1,25383281
DH00202,290,3,14771023
DH00202,78,3,10074989
DH00202,462,3,16447832
DH00203,485,1,2937854
DH00203,196,1,9383000
DH00204,345,3,24716330
DH00204,227,2,23575212
DH00204,384,2,7946719
DH00205,14,2,7886377
DH00205,329,1,13517918
DH00206,6,2,15618829
DH00207,488,1,1330310
DH00207,238,3,8768981
DH00208,110,2,2655742
DH00209,271,2,8962577
DH00209,437,2,20884762
DH00210,230,2,4583309
DH00210,69,1,13005856
DH00210,139,1,8176702
DH00211,487,3,9625660
DH00212,2,1,2619639
DH00213,189,1,21341902
DH00213,278,2,16871480
DH00214,223,1,2575778
DH00214,343,3,17874359
DH00215,482,1,25397322
DH00215,475,3,23514632
DH00216,388,2,12500788
DH00216,430,3,11677101
DH00217,444,3,24721344
DH00217,386,1,11489944
DH00218,446,1,10227214
DH00218,397,2,23886813
DH00218,300,3,20713031
DH00219,310,3,10351478
DH00219,228,1,9625566
DH00219,211,2,19060983
DH00220,461,3,13898840
DH00221,17,2,11252793
DH00221,497,1,20532926
DH00222,449,3,7676975
DH00222,430,1,11677101
DH00222,20,2,14519905
DH00223,78,1,10074989
DH00224,349,3,19870600
DH00224,58,1,4846247
DH00225,27,3,12159304
DH00225,82,2,6348395
DH00226,241,1,14883376
DH00226,416,2,17524717
DH00226,452,3,6422656
DH00227,166,2,17284447
DH00227,55,2,17890818
DH00227,91,1,20666588
DH00228,137,1,20559073
DH00228,352,2,22014922
DH00228,63,2,25365618
DH00229,445,3,3753037
DH00229,474,1,13191529
DH00230,400,3,19389256
DH00230,361,2,2131412
DH00230,142,1,23627613
DH00231,317,3,3451035
DH00231,258,3,12909089
DH00232,37,2,24694673
DH00232,337,3,16155694
DH00232,113,3,9188480
DH00233,303,2,19460829
DH00234,380,3,7759711
DH00234,338,3,11491142
DH00234,333,3,4723884
DH00235,442,1,14674667
DH00235,30,1,22850493
DH00235,498,1,19498927
DH00236,374,3,17616582
DH00236,118,1,6945092
DH00237,427,3,12881666
DH00237,225,3,17350639
DH00238,99,1,22557878
DH00239,414,1,8838663
DH00239,360,2,17479616
DH00240,352,2,22014922
DH00241,81,3,11760834
DH00242,137,2,20559073
DH00242,213,3,9135747
DH00242,451,2,18801455
DH00243,128,2,5789660
DH00244,245,3,11838005
DH00244,282,1,9983595
DH00244,210,2,20061356
DH00245,416,3,17524717
DH00246,293,1,5223702
DH00246,294,3,20611090
DH00246,138,3,24036792
DH00247,486,2,14815928
DH00247,235,3,1672401
DH00247,39,3,5958851
DH00248,353,1,17335247
DH00248,376,2,7479061
DH00248,451,2,18801455
DH00249,253,2,9232276
DH00249,478,2,8623329
DH00250,254,3,7786382
DH00250,390,3,7428418
DH00251,489,2,23457899
DH00251,99,1,22557878
DH00252,171,1,16022163
DH00253,206,1,9160201
DH00253,166,3,17284447
DH00254,292,2,15283078
DH00254,278,3,16871480
DH00254,364,2,14254399
DH00255,290,3,14771023
DH00255,15,3,21879885
DH00256,481,2,11804603
DH00256,450,1,19208894
DH00257,236,3,25624479
DH00258,457,1,24221919
DH00259,273,2,13267090
DH00260,472,3,24725902
DH00260,376,1,7479061
DH00261,54,1,18474415
DH00261,122,1,18283116
DH00261,221,1,18603561
DH00262,127,3,23583550
DH00262,52,2,14404540
DH00262,248,2,22980553
DH00263,54,3,18474415
DH00264,26,1,23522794
DH00264,98,3,25849081
DH00265,337,1,16155694
DH00265,181,3,1690676
DH00266,232,2,17350864
DH00266,283,3,9498824
DH00266,308,2,23205555
DH00267,299,1,10443833
DH00267,126,3,7453646
DH00267,11,1,10235878
DH00268,181,2,1690676
DH00269,184,2,17356432
DH00269,488,2,1330310
DH00269,97,3,20721508
DH00270,172,3,11563207
DH00270,372,2,11933021
DH00271,146,1,19268450
DH00271,248,3,22980553
DH00271,158,1,2814097
DH00272,380,3,7759711
DH00273,324,3,5235456
DH00273,452,1,6422656
DH00273,127,3,23583550
DH00274,474,3,13191529
DH00275,51,2,18354531
DH00275,48,3,10369706
DH00275,399,3,2042288
DH00276,83,3,10278942
DH00277,100,3,3300603
DH00277,149,2,20816892
DH00277,119,1,13510580
DH00278,157,1,10354320
DH00278,327,3,6561107
DH00278,287,2,10898911
DH00279,12,3,11992784
DH00279,357,2,4857102
DH00279,106,1,3358747
DH00280,91,3,20666588
DH00280,468,2,21281263
DH00280,21,3,20692785
DH00281,316,1,19653730
DH00281,275,2,1991880
DH00281,254,2,7786382
DH00282,356,3,23139278
DH00282,130,2,8364943
DH00282,371,3,15596681
DH00283,369,3,10752264
DH00283,239,1,9904462
DH00284,332,1,16273428
DH00284,338,1,11491142
DH00284,90,1,19909796
DH00285,183,2,25583781
DH00285,390,3,7428418
DH00285,318,2,23570935
DH00286,12,3,11992784
DH00286,119,3,13510580
DH00286,307,1,2970393
DH00287,466,1,16269792
DH00287,173,3,8932665
DH00288,193,1,12107524
DH00289,236,3,25624479
DH00290,486,2,14815928
DH00290,261,1,8666850
DH00290,85,2,22953739
DH00291,401,1,3227628
DH00291,117,2,1822241
DH00292,472,3,24725902
DH00292,174,3,24577473
DH00293,223,1,2575778
DH00293,416,1,17524717
DH00294,14,2,7886377
DH00294,19,3,6165758
DH00295,23,1,18730487
DH00296,367,2,21910738
DH00296,286,3,3106273
DH00296,294,3,20611090
DH00297,483,1,9287345
DH00297,235,2,1672401
DH00297,100,1,3300603
DH00298,69,2,13005856
DH00298,292,2,15283078
DH00299,452,1,6422656
DH00299,8,3,16791775
DH00299,393,3,15902198
DH00300,12,3,11992784
DH00301,130,2,8364943
DH00301,498,2,19498927
DH00302,159,2,18319776
DH00302,93,3,14686287
DH00303,301,2,23179464
DH00304,103,3,17996106
DH00304,266,2,8991711
DH00304,465,2,24131257
DH00305,169,2,25706307
DH00305,142,3,23627613
DH00305,423,1,11205935
DH00306,159,3,18319776
DH00306,403,1,10108987
DH00306,236,1,25624479
DH00307,341,1,24878704
DH00307,374,3,17616582
DH00307,394,1,14325309
DH00308,2,3,2619639
DH00309,237,3,5969756
DH00309,273,2,13267090
DH00310,148,1,24016044
DH00310,109,3,8310763
DH00310,35,1,5481589
DH00311,369,1,10752264
DH00312,31,2,19561998
DH00312,350,2,12090591
DH00312,270,3,15138021
DH00313,458,1,3104580
DH00313,336,3,20788903
DH00313,180,1,5187803
DH00314,376,2,7479061
DH00315,299,2,10443833
DH00315,456,2,1907183
DH00316,288,3,11145011
DH00317,336,2,20788903
DH00317,62,3,17040933
DH00317,220,3,21154109
DH00318,171,3,16022163
DH00318,122,1,18283116
DH00319,393,2,15902198
DH00320,452,1,6422656
DH00320,287,1,10898911
DH00321,460,3,15973168
DH00321,73,2,13467563
DH00322,315,1,7916762
DH00322,312,3,22250953
DH00323,5,1,6035905
DH00324,21,3,20692785
DH00325,195,1,2797518
DH00326,215,3,22688954
DH00326,469,1,24833142
DH00326,271,3,8962577
DH00327,436,1,8088441
DH00327,229,3,5955017
DH00328,170,1,18830250
DH00329,446,1,10227214
DH00329,128,3,5789660
DH00329,159,2,18319776
DH00330,243,2,9384883
DH00330,387,2,3436274
DH00331,446,3,10227214
DH00332,161,2,5421161
DH00332,475,1,23514632
DH00332,157,3,10354320
DH00333,268,2,20509489
DH00333,22,2,24114298
DH00333,270,2,15138021
DH00334,308,3,23205555
DH00334,49,2,10127878
DH00334,402,1,14448552
DH00335,498,2,19498927
DH00336,22,3,24114298
DH00336,378,2,5459248
DH00336,419,2,14450529
DH00337,227,1,23575212
DH00337,4,2,2033327
DH00338,99,1,22557878
DH00339,301,1,23179464
DH00339,323,2,8114299
DH00340,247,2,14840560
DH00340,3,1,23951194
DH00341,335,1,6359823
DH00342,236,3,25624479
DH00342,247,3,14840560
DH00343,221,1,18603561
DH00344,483,1,9287345
DH00345,177,3,6101695
DH00345,123,1,5880587
DH00345,85,1,22953739
DH00346,272,1,15085613
DH00346,108,2,16704100
DH00347,207,1,11794425
DH00347,65,1,20123002
DH00348,179,2,23021297
DH00348,253,3,9232276
DH00349,304,1,24317139
DH00349,370,3,16487087
DH00349,39,1,5958851
DH00350,280,3,25571963
DH00350,57,2,19310306
DH00351,401,3,3227628
DH00352,330,2,21871930
DH00352,149,3,20816892
DH00353,324,3,5235456
DH00353,62,3,17040933
DH00354,438,1,19966047
DH00354,44,1,12890144
DH00355,476,2,5610573
DH00355,436,3,8088441
DH00355,190,2,19493368
DH00356,370,1,16487087
DH00357,162,3,16154689
DH00357,158,2,2814097
DH00357,194,3,10519150
DH00358,185,2,5305149
DH00359,430,2,11677101
DH00360,174,2,24577473
DH00360,369,2,10752264
DH00360,261,1,8666850
DH00361,39,2,5958851
DH00362,64,3,9718506
DH00362,231,2,7056866
DH00362,392,3,2439684
DH00363,142,2,23627613
DH00363,468,2,21281263
DH00363,435,1,4349985
DH00364,259,1,2352165
DH00364,419,1,14450529
DH00365,358,1,8803419
DH00366,72,2,11915298
DH00366,272,1,15085613
DH00366,30,3,22850493
DH00367,448,2,1655313
DH00367,131,1,2156224
DH00368,469,1,24833142
DH00369,388,2,12500788
DH00369,232,2,17350864
DH00370,194,1,10519150
DH00370,415,3,23483261
DH00371,118,1,6945092
DH00371,185,3,5305149
DH00372,139,2,8176702
DH00372,314,2,21535304
DH00372,308,2,23205555
DH00373,4,2,2033327
DH00373,25,1,7741025
DH00373,385,3,9022052
DH00374,318,3,23570935
DH00375,126,2,7453646
DH00375,387,2,3436274
DH00375,152,1,11691816
DH00376,312,3,22250953
DH00376,203,3,2141244
DH00376,454,1,24379043
DH00377,189,2,21341902
DH00377,127,3,23583550
DH00377,221,3,18603561
DH00378,480,2,9066937
DH00378,257,3,22709217
DH00379,332,2,16273428
DH00379,101,3,4709001
DH00380,250,3,5901364
DH00381,490,1,24697745
DH00381,357,1,4857102
DH00382,210,3,20061356
DH00382,48,3,10369706
DH00383,96,1,2158473
DH00383,106,1,3358747
DH00383,411,2,15292733
DH00384,121,2,22194333
DH00384,336,1,20788903
DH00384,70,2,24683647
DH00385,63,3,25365618
DH00385,27,3,12159304
DH00385,461,3,13898840
DH00386,442,3,14674667
DH00387,468,2,21281263
DH00388,473,2,8143318
DH00388,73,1,13467563
DH00388,474,3,13191529
DH00389,236,2,25624479
DH00389,381,3,3635754
DH00389,322,3,4789634
DH00390,60,1,10296353
DH00391,241,3,14883376
DH00391,134,3,24009450
DH00391,314,2,21535304
DH00392,436,2,8088441
DH00392,418,1,6732468
DH00392,45,1,22446227
DH00393,216,2,13741880
DH00393,289,1,4921805
DH00394,322,2,4789634
DH00395,70,3,24683647
DH00396,34,3,21526031
DH00396,331,2,16419785
DH00396,238,1,8768981
DH00397,89,2,15656852
DH00398,356,2,23139278
DH00398,316,3,19653730
DH00399,14,3,7886377
DH00400,30,1,22850493
DH00400,87,1,1388487
DH00401,452,3,6422656
DH00401,242,3,1536406
DH00402,478,3,8623329
DH00402,227,2,23575212
DH00403,86,1,8568170
DH00404,360,2,17479616
DH00404,87,2,1388487
DH00404,446,3,10227214
DH00405,199,2,15317157
DH00405,479,1,24995661
DH00406,242,2,1536406
DH00406,494,3,4606985
DH00406,269,1,13567100
DH00407,493,2,5355143
DH00407,487,3,9625660
DH00408,244,1,16782990
DH00409,41,3,23214519
DH00409,38,2,25625870
DH00409,337,1,16155694
DH00410,127,3,23583550
DH00410,229,2,5955017
DH00411,458,1,3104580
DH00411,477,1,17019502
DH00411,7,3,4357180
DH00412,499,1,11225264
DH00412,191,1,2180855
DH00412,482,2,25397322
DH00413,336,2,20788903
DH00413,310,3,10351478
DH00414,12,1,11992784
DH00414,166,2,17284447
DH00414,141,3,22227393
DH00415,59,2,11020945
DH00415,243,3,9384883
DH00416,254,2,7786382
DH00416,277,1,20673499
DH00417,314,3,21535304
DH00418,227,1,23575212
DH00418,252,1,18216160
DH00418,402,3,14448552
DH00419,290,1,14771023
DH00419,317,3,3451035
DH00419,439,1,11444083
DH00420,449,1,7676975
DH00420,420,2,7580608
DH00420,359,3,18193067
DH00421,372,3,11933021
DH00421,423,1,11205935
DH00422,115,3,24228127
DH00422,483,2,9287345
DH00422,28,2,8340920
DH00423,431,3,3483711
DH00424,462,3,16447832
DH00424,392,1,2439684
DH00425,67,2,2603224
DH00425,440,3,21263667
DH00425,338,2,11491142
DH00426,30,3,22850493
DH00427,179,2,23021297
DH00427,107,3,15707585
DH00427,110,1,2655742
DH00428,157,3,10354320
DH00428,10,2,8245338
DH00429,160,2,7269450
DH00429,441,1,18385006
DH00429,327,1,6561107
DH00430,70,1,24683647
DH00430,244,2,16782990
DH00431,301,3,23179464
DH00431,90,3,19909796
DH00431,360,1,17479616
DH00432,68,2,14423549
DH00432,167,3,19477755
DH00433,217,1,21518753
DH00433,82,1,6348395
DH00434,103,1,17996106
DH00434,35,3,5481589
DH00434,127,2,23583550
DH00435,447,1,13793804
DH00435,117,1,1822241
DH00435,489,1,23457899
DH00436,34,2,21526031
DH00436,88,1,15268123
DH00436,474,2,13191529
DH00437,376,2,7479061
DH00437,386,1,11489944
DH00438,474,2,13191529
DH00438,75,2,1572912
DH00439,210,2,20061356
DH00440,415,3,23483261
DH00440,389,3,2247745
DH00441,120,2,23629104
DH00441,481,2,11804603
DH00442,344,3,15192156
DH00443,194,1,10519150
DH00443,491,1,23791756
DH00444,146,2,19268450
DH00445,35,1,5481589
DH00445,102,3,13562744
DH00446,65,1,20123002
DH00447,284,1,7510427
DH00448,378,2,5459248
DH00448,118,3,6945092
DH00448,85,1,22953739
DH00449,253,1,9232276
DH00449,381,1,3635754
DH00450,443,2,15873432
DH00450,249,2,12650029
DH00450,199,2,15317157
DH00451,118,2,6945092
DH00452,391,1,14598944
DH00452,90,1,19909796
DH00452,470,1,2362889
DH00453,419,3,14450529
DH00453,61,1,11543600
DH00454,238,1,8768981
DH00455,454,1,24379043
DH00455,27,2,12159304
DH00456,352,3,22014922
DH00456,156,1,23900042
DH00456,111,2,5190528
DH00457,82,2,6348395
DH00458,333,2,4723884
DH00459,427,2,12881666
DH00459,118,2,6945092
DH00459,65,3,20123002
DH00460,285,3,6209359
DH00460,201,3,14510585
DH00461,12,2,11992784
DH00461,25,3,7741025
DH00462,99,1,22557878
DH00463,321,2,9556944
DH00463,25,3,7741025
DH00464,144,2,6059706
DH00465,478,3,8623329
DH00466,414,2,8838663
DH00466,317,3,3451035
DH00467,198,2,13851809
DH00468,150,2,22175650
DH00469,141,3,22227393
DH00469,422,1,12003004
DH00470,16,1,1902478
DH00470,63,3,25365618
DH00470,50,3,16126277
DH00471,58,2,4846247
DH00472,406,2,1821869
DH00472,401,1,3227628
DH00472,33,3,16395207
DH00473,416,3,17524717
DH00473,19,3,6165758
DH00474,43,1,14663576
DH00475,323,1,8114299
DH00476,256,3,7503626
DH00476,193,2,12107524
DH00476,367,1,21910738
DH00477,333,2,4723884
DH00477,330,3,21871930
DH00477,144,3,6059706
DH00478,138,2,24036792
DH00478,62,3,17040933
DH00478,457,2,24221919
DH00479,252,3,18216160
DH00479,451,1,18801455
DH00480,68,1,14423549
DH00480,73,2,13467563
DH00481,412,1,5966347
DH00481,140,3,13589526
DH00481,359,1,18193067
DH00482,165,1,25319024
DH00482,78,2,10074989
DH00482,432,1,25961408
DH00483,459,3,21165935
DH00483,148,1,24016044
DH00483,475,1,23514632
DH00484,238,1,8768981
DH00484,431,3,3483711
DH00485,23,2,18730487
DH00485,427,3,12881666
DH00485,370,1,16487087
DH00486,336,2,20788903
DH00486,257,2,22709217
DH00487,85,1,22953739
DH00488,348,1,16075438
DH00488,299,1,10443833
DH00489,168,2,4959346
DH00490,247,2,14840560
DH00491,273,1,13267090
DH00491,426,1,22978827
DH00492,288,2,11145011
DH00493,249,3,12650029
DH00493,463,2,14123822
DH00493,35,2,5481589
DH00494,124,3,18670083
DH00495,381,1,3635754
DH00496,178,3,25162917
DH00497,466,3,16269792
DH00497,309,3,16160657
DH00498,327,3,6561107
DH00499,34,2,21526031
DH00499,382,2,23997672
DH00500,204,2,6098253
DH00500,468,3,21281263
DH00501,382,1,23997672
DH00501,442,3,14674667
DH00501,106,1,3358747
DH00502,113,3,9188480
DH00503,186,3,11833611
DH00503,221,2,18603561
DH00503,111,3,5190528
DH00504,372,3,11933021
DH00504,487,1,9625660
DH00505,227,3,23575212
DH00505,93,1,14686287
DH00505,398,1,4672398
DH00506,443,3,15873432
DH00506,72,2,11915298
DH00506,302,3,1904905
DH00507,215,3,22688954
DH00507,7,3,4357180
DH00507,86,1,8568170
DH00508,70,3,24683647
DH00508,110,2,2655742
DH00508,401,1,3227628
DH00509,395,2,15941796
DH00509,56,3,3656281
DH00509,305,3,19848099
DH00510,454,2,24379043
DH00510,73,3,13467563
DH00511,89,3,15656852
DH00512,353,1,17335247
DH00513,144,1,6059706
DH00513,135,2,18508141
DH00513,240,1,23483447
DH00514,193,3,12107524
DH00515,400,2,19389256
DH00515,208,3,16507221
DH00515,240,2,23483447
DH00516,174,3,24577473
DH00517,84,2,5916601
DH00517,379,2,11024419
DH00518,88,1,15268123
DH00518,224,1,17686916
DH00518,450,3,19208894
DH00519,78,2,10074989
DH00519,116,1,17991157
DH00520,155,2,23734363
DH00520,49,1,10127878
DH00520,176,2,12520307
DH00521,459,3,21165935
DH00522,405,2,6786774
DH00523,32,2,16788448
DH00524,277,1,20673499
DH00524,180,3,5187803
DH00525,55,2,17890818
DH00525,91,2,20666588
DH00525,125,3,13225929
DH00526,323,3,8114299
DH00526,236,2,25624479
DH00527,126,3,7453646
DH00527,9,2,2348573
DH00528,450,2,19208894
DH00528,205,2,11351137
DH00528,146,3,19268450
DH00529,17,1,11252793
DH00529,260,3,5169564
DH00529,81,3,11760834
DH00530,295,1,2326130
DH00531,156,1,23900042
DH00532,261,2,8666850
DH00533,307,1,2970393
DH00533,316,3,19653730
DH00534,281,3,6520993
DH00534,225,2,17350639
DH00535,270,3,15138021
DH00536,124,3,18670083
DH00536,141,1,22227393
DH00536,441,2,18385006
DH00537,495,3,24537951
DH00537,80,1,15432098
DH00537,408,1,17462807
DH00538,494,1,4606985
DH00539,363,2,13943365
DH00539,234,2,12378563
DH00539,440,2,21263667
DH00540,242,1,1536406
DH00540,357,1,4857102
DH00541,264,3,7333700
DH00541,213,1,9135747
DH00542,199,1,15317157
DH00542,40,3,13768783
DH00542,274,3,8049917
DH00543,390,1,7428418
DH00544,15,3,21879885
DH00544,397,2,23886813
DH00544,107,3,15707585
DH00545,24,3,1688485
DH00545,55,1,17890818
DH00545,212,3,9801647
DH00546,305,2,19848099
DH00546,96,2,2158473
DH00546,243,1,9384883
DH00547,166,3,17284447
DH00548,263,1,5779215
DH00548,324,1,5235456
DH00548,167,1,19477755
DH00549,171,1,16022163
DH00550,316,3,19653730
DH00550,15,1,21879885
DH00550,103,3,17996106
DH00551,148,3,24016044
DH00551,163,1,5148746
DH00552,160,1,7269450
DH00552,98,1,25849081
DH00553,411,1,15292733
DH00553,169,1,25706307
DH00554,196,3,9383000
DH00554,158,3,2814097
DH00554,350,1,12090591
DH00555,276,2,11889649
DH00555,308,2,23205555
DH00556,309,2,16160657
DH00556,84,1,5916601
DH00557,463,3,14123822
DH00557,411,3,15292733
DH00557,488,2,1330310
DH00558,256,3,7503626
DH00558,457,2,24221919
DH00559,192,3,10036440
DH00559,341,2,24878704
DH00559,70,2,24683647
DH00560,70,2,24683647
DH00560,18,3,8089438
DH00561,15,1,21879885
DH00561,421,3,22589235
DH00561,417,1,1927702
DH00562,473,3,8143318
DH00562,326,3,10657286
DH00563,394,2,14325309
DH00563,287,1,10898911
DH00564,67,1,2603224
DH00564,80,1,15432098
DH00564,86,3,8568170
DH00565,313,3,2770705
DH00565,127,3,23583550
DH00565,125,2,13225929
DH00566,298,2,19424399
DH00567,73,1,13467563
DH00567,239,1,9904462
DH00567,192,2,10036440
DH00568,228,1,9625566
DH00568,97,1,20721508
DH00569,454,3,24379043
DH00569,427,1,12881666
DH00570,175,2,4766108
DH00571,45,1,22446227
DH00571,469,2,24833142
DH00571,289,2,4921805
DH00572,161,3,5421161
DH00573,243,3,9384883
DH00573,79,2,5712887
DH00573,113,2,9188480
DH00574,31,3,19561998
DH00575,384,3,7946719
DH00576,491,1,23791756
DH00576,431,3,3483711
DH00576,156,1,23900042
DH00577,3,1,23951194
DH00578,202,3,10502987
DH00578,193,1,12107524
DH00579,445,2,3753037
DH00580,436,3,8088441
DH00580,190,3,19493368
DH00580,497,3,20532926
DH00581,205,3,11351137
DH00581,353,2,17335247
DH00582,302,3,1904905
DH00583,412,3,5966347
DH00583,456,3,1907183
DH00583,324,1,5235456
DH00584,224,1,17686916
DH00585,335,1,6359823
DH00585,493,3,5355143
DH00586,500,1,12716509
DH00587,351,1,13618008
DH00587,141,3,22227393
DH00588,410,3,12647688
DH00588,406,2,1821869
DH00589,93,1,14686287
DH00589,94,3,4892461
DH00590,416,2,17524717
DH00591,277,3,20673499
DH00591,140,3,13589526
DH00592,286,3,3106273
DH00593,269,3,13567100
DH00593,278,1,16871480
DH00593,345,2,24716330
DH00594,470,1,2362889
DH00594,143,3,5091764
DH00594,320,1,13927009
DH00595,280,1,25571963
DH00596,148,1,24016044
DH00597,379,2,11024419
DH00597,448,1,1655313
DH00598,296,3,7282780
DH00598,22,3,24114298
DH00599,68,2,14423549
DH00600,387,1,3436274
DH00600,210,1,20061356
DH00601,199,2,15317157
DH00601,306,1,9109540
DH00602,281,2,6520993
DH00602,415,3,23483261
DH00602,484,1,9546339
DH00603,378,3,5459248
DH00603,24,2,1688485
DH00604,379,3,11024419
DH00605,198,3,13851809
DH00605,439,2,11444083
DH00606,60,3,10296353
DH00606,114,2,5461510
DH00606,324,2,5235456
DH00607,296,2,7282780
DH00608,64,3,9718506
DH00609,133,2,25260384
DH00609,396,2,2735462
DH00609,4,3,2033327
DH00610,271,1,8962577
DH00610,212,1,9801647
DH00610,377,2,12231914
DH00611,232,3,17350864
DH00612,131,3,2156224
DH00612,488,1,1330310
DH00613,340,2,2512853
DH00614,343,2,17874359
DH00614,128,1,5789660
DH00615,468,2,21281263
DH00615,329,1,13517918
DH00615,185,1,5305149
DH00616,396,1,2735462
DH00617,397,2,23886813
DH00617,337,1,16155694
DH00618,214,1,21742788
DH00619,240,1,23483447
DH00619,463,2,14123822
DH00619,311,2,20701272
DH00620,131,3,2156224
DH00621,53,1,18088695
DH00622,47,1,2363748
DH00622,90,3,19909796
DH00623,74,3,2460854
DH00624,400,1,19389256
DH00624,454,2,24379043
DH00624,317,3,3451035
DH00625,158,1,2814097
DH00626,195,3,2797518
DH00626,359,2,18193067
DH00626,300,2,20713031
DH00627,283,1,9498824
DH00628,295,3,2326130
DH00628,26,3,23522794
DH00628,79,3,5712887
DH00629,96,2,2158473
DH00629,300,2,20713031
DH00629,479,1,24995661
DH00630,285,1,6209359
DH00630,132,1,16198314
DH00630,336,2,20788903
DH00631,264,1,7333700
DH00631,356,3,23139278
DH00632,163,3,5148746
DH00632,302,3,1904905
DH00633,97,3,20721508
DH00633,199,2,15317157
DH00633,401,2,3227628
DH00634,368,1,21192004
DH00634,181,3,1690676
DH00635,433,2,2223429
DH00635,420,1,7580608
DH00635,96,3,2158473
DH00636,70,1,24683647
DH00637,134,2,24009450
DH00637,259,1,2352165
DH00638,473,1,8143318
DH00639,157,3,10354320
DH00639,101,2,4709001
DH00639,372,1,11933021
DH00640,371,1,15596681
DH00640,113,3,9188480
DH00640,287,3,10898911
DH00641,298,3,19424399
DH00642,240,3,23483447
DH00642,59,2,11020945
DH00642,392,2,2439684
DH00643,159,3,18319776
DH00643,481,2,11804603
DH00644,237,3,5969756
DH00644,127,2,23583550
DH00644,409,2,25383281
DH00645,454,1,24379043
DH00645,461,3,13898840
DH00645,316,1,19653730
DH00646,472,1,24725902
DH00646,480,2,9066937
DH00646,85,1,22953739
DH00647,320,2,13927009
DH00647,220,3,21154109
DH00647,192,1,10036440
DH00648,22,3,24114298
DH00648,426,1,22978827
DH00648,416,2,17524717
DH00649,454,3,24379043
DH00649,371,3,15596681
DH00650,395,1,15941796
DH00650,162,3,16154689
DH00651,50,3,16126277
DH00651,164,2,12450217
DH00651,347,2,10484449
DH00652,497,3,20532926
DH00652,471,2,25755884
DH00652,180,1,5187803
DH00653,138,1,24036792
DH00654,130,3,8364943
DH00654,21,2,20692785
DH00654,158,1,2814097
DH00655,87,2,1388487
DH00655,474,2,13191529
DH00656,427,3,12881666
DH00657,120,3,23629104
DH00657,147,2,13624031
DH00657,243,2,9384883
DH00658,336,3,20788903
DH00659,478,1,8623329
DH00659,66,3,9292701
DH00660,356,3,23139278
DH00660,186,1,11833611
DH00660,266,1,8991711
DH00661,65,2,20123002
DH00661,457,1,24221919
DH00662,69,2,13005856
DH00663,184,1,17356432
DH00663,34,3,21526031
DH00664,126,2,7453646
DH00664,250,1,5901364
DH00664,429,2,13157569
DH00665,177,1,6101695
DH00666,491,2,23791756
DH00666,381,3,3635754
DH00666,76,3,25092737
DH00667,28,1,8340920
DH00668,438,3,19966047
DH00668,125,3,13225929
DH00668,330,1,21871930
DH00669,69,3,13005856
DH00670,22,1,24114298
DH00671,148,2,24016044
DH00672,375,1,22543381
DH00673,88,3,15268123
DH00673,357,1,4857102
DH00673,332,2,16273428
DH00674,73,3,13467563
DH00675,375,1,22543381
DH00675,142,3,23627613
DH00675,247,2,14840560
DH00676,260,2,5169564
DH00676,329,1,13517918
DH00676,181,2,1690676
DH00677,212,3,9801647
DH00677,323,1,8114299
DH00678,362,2,18686057
DH00678,441,3,18385006
DH00679,11,1,10235878
DH00679,419,2,14450529
DH00680,193,2,12107524
DH00681,105,3,9768220
DH00681,446,2,10227214
DH00682,363,3,13943365
DH00682,371,1,15596681
DH00683,156,2,23900042
DH00683,209,3,11044537
DH00684,208,2,16507221
DH00684,366,3,7038014
DH00685,69,1,13005856
DH00686,468,1,21281263
DH00687,26,3,23522794
DH00687,30,2,22850493
DH00687,110,1,2655742
DH00688,214,2,21742788
DH00688,275,2,1991880
DH00689,298,3,19424399
DH00690,207,3,11794425
DH00691,423,1,11205935
DH00691,488,3,1330310
DH00691,1,2,5597326
DH00692,50,2,16126277
DH00692,264,1,7333700
DH00693,234,3,12378563
DH00693,487,1,9625660
DH00693,274,3,8049917
DH00694,160,3,7269450
DH00694,382,3,23997672
DH00694,326,2,10657286
DH00695,139,3,8176702
DH00696,380,2,7759711
DH00696,421,1,22589235
DH00696,210,1,20061356
DH00697,240,1,23483447
DH00697,442,3,14674667
DH00697,379,2,11024419
DH00698,53,3,18088695
DH00698,9,3,2348573
DH00699,487,3,9625660
DH00699,158,1,2814097
DH00699,342,3,3872319
DH00700,369,3,10752264
DH00700,426,1,22978827
DH00701,383,1,21556385
DH00702,185,1,5305149
DH00703,66,3,9292701
DH00704,101,3,4709001
DH00704,432,2,25961408
DH00704,177,1,6101695
DH00705,71,2,20920065
DH00706,18,1,8089438
DH00706,179,2,23021297
DH00707,119,3,13510580
DH00707,454,1,24379043
DH00708,359,2,18193067
DH00708,355,3,19241391
DH00708,423,3,11205935
DH00709,195,1,2797518
DH00710,265,3,18875655
DH00711,454,3,24379043
DH00712,289,3,4921805
DH00713,224,2,17686916
DH00713,75,2,1572912
DH00714,461,3,13898840
DH00714,367,3,21910738
DH00715,175,3,4766108
DH00716,441,3,18385006
DH00717,432,2,25961408
DH00717,157,1,10354320
DH00718,292,3,15283078
DH00718,374,3,17616582
DH00719,196,1,9383000
DH00719,373,1,17596085
DH00719,204,1,6098253
DH00720,195,3,2797518
DH00720,410,3,12647688
DH00720,48,1,10369706
DH00721,413,1,19949073
DH00722,208,1,16507221
DH00722,449,3,7676975
DH00722,175,2,4766108
DH00723,373,1,17596085
DH00724,29,3,8608366
DH00725,495,1,24537951
DH00725,174,2,24577473
DH00725,272,3,15085613
DH00726,190,2,19493368
DH00727,113,2,9188480
DH00727,128,2,5789660
DH00728,101,1,4709001
DH00728,353,3,17335247
DH00729,114,2,5461510
DH00729,61,1,11543600
DH00730,166,3,17284447
DH00731,277,1,20673499
DH00732,109,2,8310763
DH00733,212,3,9801647
DH00733,470,2,2362889
DH00733,208,2,16507221
DH00734,101,3,4709001
DH00735,282,3,9983595
DH00736,21,1,20692785
DH00736,446,3,10227214
DH00736,328,2,19906025
DH00737,315,1,7916762
DH00737,269,3,13567100
DH00737,338,1,11491142
DH00738,101,2,4709001
DH00739,195,1,2797518
DH00739,351,3,13618008
DH00740,216,3,13741880
DH00740,153,1,9382132
DH00740,249,1,12650029
DH00741,250,1,5901364
DH00741,82,3,6348395
DH00741,68,1,14423549
DH00742,305,2,19848099
DH00742,366,2,7038014
DH00742,368,1,21192004
DH00743,156,1,23900042
DH00744,209,2,11044537
DH00745,412,1,5966347
DH00746,288,2,11145011
DH00746,54,3,18474415
DH00746,114,2,5461510
DH00747,330,2,21871930
DH00748,312,1,22250953
DH00748,243,1,9384883
DH00748,238,2,8768981
DH00749,496,1,14220784
DH00749,59,1,11020945
DH00749,122,1,18283116
DH00750,458,2,3104580
DH00750,472,2,24725902
DH00750,222,1,24480557
DH00751,268,1,20509489
DH00751,199,3,15317157
DH00752,208,2,16507221
DH00752,261,1,8666850
DH00752,151,3,14524360
DH00753,131,2,2156224
DH00753,191,3,2180855
DH00754,437,1,20884762
DH00754,441,2,18385006
DH00755,379,1,11024419
DH00756,68,1,14423549
DH00756,155,1,23734363
DH00757,298,1,19424399
DH00757,299,2,10443833
DH00757,395,1,15941796
DH00758,235,3,1672401
DH00758,24,3,1688485
DH00759,174,3,24577473
DH00759,188,1,2213985
DH00759,410,3,12647688
DH00760,237,1,5969756
DH00761,378,3,5459248
DH00761,178,3,25162917
DH00762,82,3,6348395
DH00762,432,2,25961408
DH00762,475,3,23514632
DH00763,465,1,24131257
DH00763,341,3,24878704
DH00763,237,1,5969756
DH00764,337,3,16155694
DH00764,355,3,19241391
DH00764,212,1,9801647
DH00765,430,2,11677101
DH00765,102,3,13562744
DH00766,482,3,25397322
DH00767,219,2,20274689
DH00767,33,3,16395207
DH00768,92,2,11092983
DH00768,6,1,15618829
DH00768,34,1,21526031
DH00769,221,3,18603561
DH00769,317,2,3451035
DH00770,70,3,24683647
DH00770,262,2,15404344
DH00771,492,1,8668431
DH00771,19,2,6165758
DH00771,497,3,20532926
DH00772,88,3,15268123
DH00772,376,1,7479061
DH00773,166,1,17284447
DH00773,407,3,22242654
DH00773,460,1,15973168
DH00774,67,1,2603224
DH00774,135,1,18508141
DH00774,128,3,5789660
DH00775,85,2,22953739
DH00776,28,1,8340920
DH00776,52,1,14404540
DH00777,147,2,13624031
DH00778,423,1,11205935
DH00779,162,1,16154689
DH00779,198,1,13851809
DH00780,249,3,12650029
DH00780,397,3,23886813
DH00781,192,1,10036440
DH00781,99,3,22557878
DH00781,470,2,2362889
DH00782,297,3,3729757
DH00782,134,3,24009450
DH00783,346,3,15198565
DH00783,264,2,7333700
DH00784,441,2,18385006
DH00784,5,1,6035905
DH00785,337,2,16155694
DH00785,123,2,5880587
DH00785,141,3,22227393
DH00786,272,3,15085613
DH00787,199,2,15317157
DH00787,40,2,13768783
DH00787,362,2,18686057
DH00788,209,3,11044537
DH00789,238,2,8768981
DH00789,289,2,4921805
DH00789,461,3,13898840
DH00790,130,1,8364943
DH00790,101,2,4709001
DH00791,345,1,24716330
DH00791,98,2,25849081
DH00791,337,3,16155694
DH00792,67,1,2603224
DH00792,172,2,11563207
DH00793,11,3,10235878
DH00794,318,1,23570935
DH00795,450,2,19208894
DH00795,435,3,4349985
DH00795,98,2,25849081
DH00796,225,3,17350639
DH00796,114,3,5461510
DH00797,176,1,12520307
DH00797,244,2,16782990
DH00798,21,3,20692785
DH00798,267,2,20768736
DH00798,427,2,12881666
DH00799,295,1,2326130
DH00800,301,3,23179464
DH00800,34,3,21526031
DH00801,323,2,8114299
DH00801,406,3,1821869
DH00802,420,2,7580608
DH00803,218,2,7876105
DH00803,122,1,18283116
DH00803,121,2,22194333
DH00804,181,3,1690676
DH00804,11,2,10235878
DH00805,494,3,4606985
DH00806,437,3,20884762
DH00807,384,2,7946719
DH00807,332,2,16273428
DH00808,383,2,21556385
DH00808,118,3,6945092
DH00809,183,2,25583781
DH00809,331,2,16419785
DH00810,420,2,7580608
DH00810,257,3,22709217
DH00810,169,1,25706307
DH00811,433,3,2223429
DH00811,194,2,10519150
DH00811,462,2,16447832
DH00812,331,1,16419785
DH00812,448,1,1655313
DH00812,444,3,24721344
DH00813,71,2,20920065
DH00813,357,1,4857102
DH00814,37,2,24694673
DH00814,333,2,4723884
DH00815,70,3,24683647
DH00815,50,1,16126277
DH00816,482,3,25397322
DH00817,197,2,1767828
DH00818,34,2,21526031
DH00819,223,2,2575778
DH00819,253,2,9232276
DH00820,44,2,12890144
DH00820,373,2,17596085
DH00821,409,1,25383281
DH00821,271,2,8962577
DH00821,315,2,7916762
DH00822,58,1,4846247
DH00822,341,3,24878704
DH00823,194,2,10519150
DH00824,425,1,12382069
DH00825,416,1,17524717
DH00825,444,3,24721344
DH00826,266,2,8991711
DH00827,218,1,7876105
DH00827,393,2,15902198
DH00828,485,3,2937854
DH00828,34,1,21526031
DH00829,126,1,7453646
DH00829,314,2,21535304
DH00829,465,3,24131257
DH00830,465,2,24131257
DH00830,361,3,2131412
DH00830,5,2,6035905
DH00831,376,3,7479061
DH00831,367,3,21910738
DH00831,26,2,23522794
DH00832,398,3,4672398
DH00832,282,2,9983595
DH00832,262,2,15404344
DH00833,296,2,7282780
DH00833,476,3,5610573
DH00834,477,1,17019502
DH00834,416,3,17524717
DH00835,73,2,13467563
DH00836,465,2,24131257
DH00836,364,1,14254399
DH00836,23,2,18730487
DH00837,381,1,3635754
DH00837,151,3,14524360
DH00838,150,1,22175650
DH00838,432,3,25961408
DH00838,388,1,12500788
DH00839,328,1,19906025
DH00839,398,3,4672398
DH00839,157,1,10354320
DH00840,237,3,5969756
DH00841,269,2,13567100
DH00841,178,3,25162917
DH00842,386,1,11489944
DH00842,229,2,5955017
DH00843,195,3,2797518
DH00844,264,1,7333700
DH00844,180,3,5187803
DH00845,94,1,4892461
DH00845,63,2,25365618
DH00846,363,3,13943365
DH00846,158,1,2814097
DH00847,14,2,7886377
DH00847,269,3,13567100
DH00848,58,1,4846247
DH00849,137,1,20559073
DH00850,206,2,9160201
DH00851,292,1,15283078
DH00851,58,2,4846247
DH00851,192,3,10036440
DH00852,365,1,15480351
DH00853,83,1,10278942
DH00854,4,2,2033327
DH00855,273,2,13267090
DH00856,483,3,9287345
DH00857,20,3,14519905
DH00858,252,3,18216160
DH00858,65,1,20123002
DH00858,160,3,7269450
DH00859,364,1,14254399
DH00859,113,1,9188480
DH00859,295,1,2326130
DH00860,337,2,16155694
DH00860,213,1,9135747
DH00861,265,3,18875655
DH00861,258,1,12909089
DH00862,53,3,18088695
DH00862,166,1,17284447
DH00862,367,1,21910738
DH00863,260,3,5169564
DH00863,58,3,4846247
DH00863,325,2,16561482
DH00864,292,1,15283078
DH00865,409,2,25383281
DH00865,41,1,23214519
DH00865,116,1,17991157
DH00866,83,3,10278942
DH00866,464,2,10451249
DH00867,118,1,6945092
DH00867,430,1,11677101
DH00868,402,1,14448552
DH00868,17,1,11252793
DH00868,497,3,20532926
DH00869,4,3,2033327
DH00870,388,3,12500788
DH00871,381,2,3635754
DH00871,111,3,5190528
DH00872,427,3,12881666
DH00872,356,1,23139278
DH00873,296,2,7282780
DH00873,416,2,17524717
DH00874,79,2,5712887
DH00875,33,1,16395207
DH00875,482,3,25397322
DH00876,178,2,25162917
DH00876,60,2,10296353
DH00876,482,3,25397322
DH00877,367,2,21910738
DH00877,63,3,25365618
DH00877,399,1,2042288
DH00878,32,1,16788448
DH00879,23,3,18730487
DH00879,227,1,23575212
DH00880,328,2,19906025
DH00881,402,1,14448552
DH00881,114,1,5461510
DH00881,187,1,8866140
DH00882,270,1,15138021
DH00883,191,1,2180855
DH00884,439,2,11444083
DH00885,19,2,6165758
DH00885,318,1,23570935
DH00885,415,2,23483261
DH00886,149,3,20816892
DH00886,398,2,4672398
DH00886,438,3,19966047
DH00887,132,1,16198314
DH00887,276,1,11889649
DH00888,498,2,19498927
DH00888,232,2,17350864
DH00889,102,3,13562744
DH00890,46,1,13724985
DH00891,370,1,16487087
DH00891,79,1,5712887
DH00891,136,3,13200645
DH00892,133,1,25260384
DH00892,437,3,20884762
DH00892,282,2,9983595
DH00893,357,2,4857102
DH00894,115,2,24228127
DH00894,77,2,20281855
DH00895,183,3,25583781
DH00896,207,2,11794425
DH00896,138,3,24036792
DH00897,33,3,16395207
DH00898,182,1,19817463
DH00898,215,3,22688954
DH00899,232,3,17350864
DH00899,312,3,22250953
DH00900,275,2,1991880
DH00900,9,3,2348573
DH00900,442,2,14674667
DH00901,410,1,12647688
DH00902,124,2,18670083
DH00902,359,1,18193067
DH00903,119,3,13510580
DH00903,197,2,1767828
DH00904,400,1,19389256
DH00905,402,2,14448552
DH00905,375,3,22543381
DH00905,106,3,3358747
DH00906,174,1,24577473
DH00906,11,3,10235878
DH00907,156,2,23900042
DH00907,219,2,20274689
DH00908,168,3,4959346
DH00909,357,3,4857102
DH00909,10,1,8245338
DH00909,110,2,2655742
DH00910,8,1,16791775
DH00911,153,2,9382132
DH00911,228,2,9625566
DH00912,57,2,19310306
DH00912,430,3,11677101
DH00913,86,3,8568170
DH00913,437,3,20884762
DH00914,396,3,2735462
DH00915,237,1,5969756
DH00916,191,2,2180855
DH00916,226,1,24912858
DH00917,201,3,14510585
DH00918,396,1,2735462
DH00918,33,1,16395207
DH00918,349,1,19870600
DH00919,134,1,24009450
DH00920,357,3,4857102
DH00920,265,3,18875655
DH00920,469,2,24833142
DH00921,22,3,24114298
DH00921,195,1,2797518
DH00921,318,3,23570935
DH00922,392,3,2439684
DH00923,199,2,15317157
DH00923,326,3,10657286
DH00923,379,3,11024419
DH00924,392,1,2439684
DH00924,23,1,18730487
DH00924,229,2,5955017
DH00925,64,3,9718506
DH00925,296,2,7282780
DH00925,378,3,5459248
DH00926,84,1,5916601
DH00926,61,3,11543600
DH00927,160,3,7269450
DH00927,332,2,16273428
DH00927,159,1,18319776
DH00928,383,1,21556385
DH00928,163,3,5148746
DH00929,269,3,13567100
DH00930,145,2,13595803
DH00930,167,3,19477755
DH00930,103,3,17996106
DH00931,222,3,24480557
DH00931,62,1,17040933
DH00932,333,3,4723884
DH00933,17,3,11252793
DH00933,364,2,14254399
DH00934,286,3,3106273
DH00934,165,1,25319024
DH00935,409,3,25383281
DH00936,5,2,6035905
DH00936,166,3,17284447
DH00936,404,2,24793579
DH00937,410,2,12647688
DH00937,287,1,10898911
DH00938,264,3,7333700
DH00938,330,3,21871930
DH00939,288,3,11145011
DH00939,128,3,5789660
DH00939,399,3,2042288
DH00940,336,1,20788903
DH00940,471,1,25755884
DH00940,486,2,14815928
DH00941,209,3,11044537
DH00941,198,2,13851809
DH00941,492,3,8668431
DH00942,244,3,16782990
DH00943,491,2,23791756
DH00943,303,1,19460829
DH00943,390,3,7428418
DH00944,59,1,11020945
DH00944,95,2,17932883
DH00944,7,3,4357180
DH00945,97,1,20721508
DH00946,484,2,9546339
DH00946,425,2,12382069
DH00947,176,1,12520307
DH00948,38,1,25625870
DH00949,20,1,14519905
DH00950,179,1,23021297
DH00951,388,3,12500788
DH00952,369,3,10752264
DH00952,110,1,2655742
DH00952,142,3,23627613
DH00953,261,2,8666850
DH00953,447,3,13793804
DH00953,370,3,16487087
DH00954,223,2,2575778
DH00954,227,1,23575212
DH00955,448,1,1655313
DH00956,175,2,4766108
DH00957,391,1,14598944
DH00958,58,2,4846247
DH00958,228,2,9625566
DH00958,42,2,4888990
DH00959,104,3,21205978
DH00960,369,3,10752264
DH00961,239,2,9904462
DH00961,255,2,11357464
DH00962,208,2,16507221
DH00962,431,3,3483711
DH00962,472,3,24725902
DH00963,134,2,24009450
DH00963,58,3,4846247
DH00964,331,1,16419785
DH00964,176,2,12520307
DH00964,354,3,14109722
DH00965,25,1,7741025
DH00966,336,2,20788903
DH00967,130,1,8364943
DH00967,236,3,25624479
DH00967,373,2,17596085
DH00968,358,1,8803419
DH00968,225,3,17350639
DH00969,337,3,16155694
DH00969,42,2,4888990
DH00969,205,2,11351137
DH00970,193,1,12107524
DH00970,491,2,23791756
DH00971,95,3,17932883
DH00971,279,3,22313060
DH00972,149,3,20816892
DH00972,239,3,9904462
DH00972,380,3,7759711
DH00973,265,2,18875655
DH00973,9,2,2348573
DH00973,11,2,10235878
DH00974,44,3,12890144
DH00974,372,2,11933021
DH00974,414,2,8838663
DH00975,481,1,11804603
DH00975,131,3,2156224
DH00975,35,2,5481589
DH00976,38,2,25625870
DH00976,393,1,15902198
DH00976,23,3,18730487
DH00977,314,3,21535304
DH00977,376,1,7479061
DH00978,78,1,10074989
DH00979,128,3,5789660
DH00979,8,1,16791775
DH00980,44,1,12890144
DH00981,266,1,8991711
DH00981,183,1,25583781
DH00982,269,2,13567100
DH00982,45,2,22446227
DH00983,372,3,11933021
DH00983,357,3,4857102
DH00984,476,1,5610573
DH00985,240,2,23483447
DH00986,380,3,7759711
DH00986,424,3,19568438
DH00987,89,3,15656852
DH00987,274,3,8049917
DH00988,41,2,23214519
DH00989,95,3,17932883
DH00989,372,3,11933021
DH00989,209,2,11044537
DH00990,247,1,14840560
DH00990,138,3,24036792
DH00990,59,2,11020945
DH00991,205,3,11351137
DH00992,336,2,20788903
DH00992,409,3,25383281
DH00992,280,1,25571963
DH00993,483,1,9287345
DH00994,92,1,11092983
DH00995,145,3,13595803
DH00995,456,3,1907183
DH00995,241,3,14883376
DH00996,267,2,20768736
DH00997,325,1,16561482
DH00997,42,3,4888990
DH00998,91,2,20666588
DH00998,307,2,2970393
DH00999,461,3,13898840
DH00999,367,2,21910738
DH01000,460,3,15973168
DH01000,413,1,19949073
DH01000,414,2,8838663
DH01001,163,2,5148746
DH01001,271,2,8962577
DH01001,457,1,24221919
DH01002,88,3,15268123
DH01002,292,2,15283078
DH01002,74,3,2460854
DH01003,368,1,21192004
DH01003,462,1,16447832
DH01004,108,1,16704100
DH01005,416,3,17524717
DH01006,471,3,25755884
DH01006,209,1,11044537
DH01007,285,2,6209359
DH01008,82,1,6348395
DH01008,451,1,18801455
DH01009,496,1,14220784
DH01010,185,1,5305149
DH01010,30,2,22850493
DH01010,52,1,14404540
DH01011,223,3,2575778
DH01011,171,1,16022163
DH01011,302,2,1904905
DH01012,43,1,14663576
DH01012,277,2,20673499
DH01013,38,2,25625870
DH01013,51,1,18354531
DH01014,190,2,19493368
DH01014,207,2,11794425
DH01014,369,2,10752264
DH01015,242,2,1536406
DH01015,440,1,21263667
DH01015,450,1,19208894
DH01016,22,1,24114298
DH01016,338,2,11491142
DH01016,349,1,19870600
DH01017,17,3,11252793
DH01017,206,3,9160201
DH01018,30,2,22850493
DH01019,60,3,10296353
DH01020,485,2,2937854
DH01020,120,3,23629104
DH01020,1,3,5597326
DH01021,181,1,1690676
DH01021,70,3,24683647
DH01021,329,1,13517918
DH01022,456,1,1907183
DH01022,53,2,18088695
DH01022,453,2,24897288
DH01023,126,3,7453646
DH01023,403,2,10108987
DH01023,405,3,6786774
DH01024,249,1,12650029
DH01025,489,2,23457899
DH01025,219,3,20274689
DH01026,409,2,25383281
DH01026,492,1,8668431
DH01027,395,2,15941796
DH01027,155,1,23734363
DH01028,174,2,24577473
DH01028,168,2,4959346
DH01029,210,3,20061356
DH01029,421,2,22589235
DH01029,478,3,8623329
DH01030,316,1,19653730
DH01030,327,1,6561107
DH01031,285,3,6209359
DH01031,96,3,2158473
DH01031,30,1,22850493
DH01032,104,2,21205978
DH01032,296,2,7282780
DH01032,277,2,20673499
DH01033,20,3,14519905
DH01034,461,2,13898840
DH01035,185,2,5305149
DH01035,231,1,7056866
DH01036,118,3,6945092
DH01037,156,3,23900042
DH01037,424,3,19568438
DH01037,200,3,25326262
DH01038,123,2,5880587
DH01038,337,3,16155694
DH01038,233,1,5799781
DH01039,111,3,5190528
DH01039,64,2,9718506
DH01040,92,3,11092983
DH01040,430,2,11677101
DH01041,276,2,11889649
DH01041,62,1,17040933
DH01041,300,2,20713031
DH01042,152,3,11691816
DH01042,210,2,20061356
DH01042,370,3,16487087
DH01043,147,2,13624031
DH01043,408,1,17462807
DH01044,421,2,22589235
DH01044,348,3,16075438
DH01045,367,2,21910738
DH01045,448,1,1655313
DH01045,402,1,14448552
DH01046,306,3,9109540
DH01046,388,2,12500788
DH01046,402,2,14448552
DH01047,451,1,18801455
DH01047,133,3,25260384
DH01048,117,1,1822241
DH01048,11,2,10235878
DH01048,81,2,11760834
DH01049,428,2,8623074
DH01049,204,3,6098253
DH01050,18,3,8089438
DH01051,200,2,25326262
DH01051,31,3,19561998
DH01052,86,2,8568170
DH01052,78,3,10074989
DH01052,111,1,5190528
DH01053,257,2,22709217
DH01053,350,3,12090591
DH01054,277,1,20673499
DH01054,414,3,8838663
DH01054,370,2,16487087
DH01055,212,1,9801647
DH01055,60,1,10296353
DH01055,372,3,11933021
DH01056,231,1,7056866
DH01056,253,1,9232276
DH01057,443,2,15873432
DH01057,420,3,7580608
DH01057,484,3,9546339
DH01058,242,2,1536406
DH01058,402,3,14448552
DH01059,12,2,11992784
DH01059,355,1,19241391
DH01059,430,2,11677101
DH01060,306,2,9109540
DH01060,106,3,3358747
DH01060,399,1,2042288
DH01061,372,1,11933021
DH01061,9,2,2348573
DH01061,387,3,3436274
DH01062,216,1,13741880
DH01063,65,3,20123002
DH01063,13,1,24933847
DH01063,378,3,5459248
DH01064,8,3,16791775
DH01064,375,2,22543381
DH01065,254,2,7786382
DH01066,97,2,20721508
DH01066,159,2,18319776
DH01067,104,1,21205978
DH01067,192,3,10036440
DH01068,442,1,14674667
DH01068,247,2,14840560
DH01069,124,1,18670083
DH01069,206,2,9160201
DH01070,142,2,23627613
DH01070,322,2,4789634
DH01071,16,2,1902478
DH01072,302,1,1904905
DH01073,202,3,10502987
DH01073,59,3,11020945
DH01074,190,2,19493368
DH01074,106,3,3358747
DH01075,170,1,18830250
DH01075,31,1,19561998
DH01076,159,2,18319776
DH01076,381,3,3635754
DH01077,395,2,15941796
DH01077,310,2,10351478
DH01078,6,2,15618829
DH01078,267,2,20768736
DH01078,479,1,24995661
DH01079,106,2,3358747
DH01080,233,1,5799781
DH01080,422,3,12003004
DH01080,403,2,10108987
DH01081,223,1,2575778
DH01081,197,2,1767828
DH01082,92,1,11092983
DH01082,478,2,8623329
DH01083,327,2,6561107
DH01083,321,3,9556944
DH01084,190,2,19493368
DH01084,291,2,19063989
DH01084,48,1,10369706
DH01085,399,2,2042288
DH01085,85,1,22953739
DH01086,316,2,19653730
DH01086,77,3,20281855
DH01087,254,3,7786382
DH01088,302,3,1904905
DH01088,403,1,10108987
DH01088,454,1,24379043
DH01089,153,1,9382132
DH01090,139,1,8176702
DH01090,416,3,17524717
DH01090,481,1,11804603
DH01091,409,2,25383281
DH01092,450,2,19208894
DH01092,151,3,14524360
DH01093,76,3,25092737
DH01093,394,2,14325309
DH01094,447,1,13793804
DH01094,326,1,10657286
DH01094,469,3,24833142
DH01095,2,2,2619639
DH01095,233,2,5799781
DH01096,249,1,12650029
DH01097,402,3,14448552
DH01097,247,3,14840560
DH01097,103,2,17996106
DH01098,87,2,1388487
DH01099,102,2,13562744
DH01099,440,3,21263667
DH01100,192,1,10036440
DH01100,83,3,10278942
DH01101,169,3,25706307
DH01102,228,3,9625566
DH01102,198,2,13851809
DH01103,311,3,20701272
DH01103,266,1,8991711
DH01103,258,2,12909089
DH01104,303,2,19460829
DH01104,79,2,5712887
DH01104,296,3,7282780
DH01105,463,1,14123822
DH01105,251,1,11288407
DH01105,448,1,1655313
DH01106,165,1,25319024
DH01107,306,2,9109540
DH01107,314,3,21535304
DH01107,64,3,9718506
DH01108,399,3,2042288
DH01109,143,3,5091764
DH01109,3,1,23951194
DH01109,148,2,24016044
DH01110,350,1,12090591
DH01110,253,1,9232276
DH01110,47,3,2363748
DH01111,154,1,5917692
DH01111,369,3,10752264
DH01111,10,2,8245338
DH01112,82,2,6348395
DH01112,95,2,17932883
DH01112,112,2,21786528
DH01113,495,3,24537951
DH01114,361,2,2131412
DH01114,484,2,9546339
DH01115,160,2,7269450
DH01115,346,3,15198565
DH01115,243,3,9384883
DH01116,153,1,9382132
DH01116,334,3,7901528
DH01116,81,2,11760834
DH01117,187,3,8866140
DH01117,299,1,10443833
DH01118,351,2,13618008
DH01118,205,3,11351137
DH01119,91,2,20666588
DH01119,203,1,2141244
DH01119,215,1,22688954
DH01120,33,2,16395207
DH01120,436,3,8088441
DH01120,8,1,16791775
DH01121,361,2,2131412
DH01121,290,1,14771023
DH01121,109,3,8310763
DH01122,413,3,19949073
DH01123,120,2,23629104
DH01124,120,3,23629104
DH01124,303,1,19460829
DH01124,201,1,14510585
DH01125,416,1,17524717
DH01125,245,3,11838005
DH01126,223,1,2575778
DH01126,130,1,8364943
DH01127,459,1,21165935
DH01127,103,3,17996106
DH01128,139,1,8176702
DH01128,387,3,3436274
DH01128,363,3,13943365
DH01129,141,3,22227393
DH01129,481,3,11804603
DH01130,227,2,23575212
DH01130,58,3,4846247
DH01131,417,2,1927702
DH01131,251,2,11288407
DH01132,466,1,16269792
DH01133,15,1,21879885
DH01134,184,3,17356432
DH01135,336,2,20788903
DH01135,267,2,20768736
DH01135,447,2,13793804
DH01136,134,3,24009450
DH01137,151,1,14524360
DH01137,234,3,12378563
DH01137,50,1,16126277
DH01138,135,3,18508141
DH01138,191,1,2180855
DH01139,56,1,3656281
DH01140,289,2,4921805
DH01140,66,1,9292701
DH01140,324,3,5235456
DH01141,143,1,5091764
DH01141,112,2,21786528
DH01142,150,3,22175650
DH01142,426,2,22978827
DH01143,379,1,11024419
DH01143,323,3,8114299
DH01144,123,3,5880587
DH01144,134,2,24009450
DH01144,229,3,5955017
DH01145,256,1,7503626
DH01146,391,3,14598944
DH01146,154,2,5917692
DH01146,331,2,16419785
DH01147,396,3,2735462
DH01148,475,1,23514632
DH01149,294,3,20611090
DH01149,152,2,11691816
DH01149,426,3,22978827
DH01150,319,1,17175754
DH01150,106,1,3358747
DH01150,64,2,9718506
DH01151,439,2,11444083
DH01151,445,3,3753037
DH01151,58,1,4846247
DH01152,57,3,19310306
DH01153,314,2,21535304
DH01153,154,2,5917692
DH01153,413,2,19949073
DH01154,134,3,24009450
DH01154,252,2,18216160
DH01154,444,1,24721344
DH01155,489,3,23457899
DH01156,34,1,21526031
DH01156,460,3,15973168
DH01156,321,3,9556944
DH01157,68,1,14423549
DH01157,135,1,18508141
DH01157,120,2,23629104
DH01158,276,2,11889649
DH01158,200,1,25326262
DH01158,166,1,17284447
DH01159,282,2,9983595
DH01160,311,1,20701272
DH01160,189,2,21341902
DH01160,414,3,8838663
DH01161,486,2,14815928
DH01161,149,2,20816892
DH01162,174,2,24577473
DH01162,253,1,9232276
DH01162,51,1,18354531
DH01163,135,3,18508141
DH01164,43,3,14663576
DH01164,22,1,24114298
DH01164,448,2,1655313
DH01165,449,3,7676975
DH01165,222,3,24480557
DH01166,63,1,25365618
DH01166,143,2,5091764
DH01167,374,2,17616582
DH01167,495,3,24537951
DH01168,408,2,17462807
DH01168,187,2,8866140
DH01169,260,1,5169564
DH01170,139,1,8176702
DH01170,332,1,16273428
DH01171,154,2,5917692
DH01172,320,1,13927009
DH01173,85,2,22953739
DH01174,248,2,22980553
DH01175,204,3,6098253
DH01175,130,3,8364943
DH01176,178,3,25162917
DH01177,241,3,14883376
DH01177,360,3,17479616
DH01177,152,3,11691816
DH01178,104,1,21205978
DH01179,410,2,12647688
DH01179,166,2,17284447
DH01180,487,2,9625660
DH01180,363,2,13943365
DH01180,423,3,11205935
DH01181,235,3,1672401
DH01182,394,2,14325309
DH01182,37,3,24694673
DH01183,83,3,10278942
DH01183,258,2,12909089
DH01183,388,2,12500788
DH01184,246,1,4574511
DH01184,56,2,3656281
DH01185,136,3,13200645
DH01185,27,2,12159304
DH01185,390,1,7428418
DH01186,185,1,5305149
DH01187,8,2,16791775
DH01187,436,2,8088441
DH01187,214,3,21742788
DH01188,14,3,7886377
DH01188,409,1,25383281
DH01188,386,3,11489944
DH01189,350,2,12090591
DH01189,204,1,6098253
DH01189,457,1,24221919
DH01190,356,2,23139278
DH01191,427,3,12881666
DH01191,59,2,11020945
DH01191,337,2,16155694
DH01192,195,1,2797518
DH01192,177,2,6101695
DH01193,391,1,14598944
DH01193,452,2,6422656
DH01193,242,3,1536406
DH01194,17,3,11252793
DH01194,302,1,1904905
DH01195,286,1,3106273
DH01195,91,1,20666588
DH01196,272,1,15085613
DH01196,294,2,20611090
DH01196,400,2,19389256
DH01197,374,1,17616582
DH01197,487,2,9625660
DH01197,192,3,10036440
DH01198,61,1,11543600
DH01198,469,1,24833142
DH01199,488,1,1330310
DH01199,146,1,19268450
DH01199,252,1,18216160
DH01200,443,1,15873432
DH01200,66,2,9292701
DH01200,474,1,13191529
DH01201,156,2,23900042
DH01201,346,1,15198565
DH01201,75,3,1572912
DH01202,76,1,25092737
DH01203,134,2,24009450
DH01203,81,2,11760834
DH01204,416,1,17524717
DH01204,351,2,13618008
DH01205,462,3,16447832
DH01206,201,3,14510585
DH01206,67,3,2603224
DH01207,460,1,15973168
DH01207,180,1,5187803
DH01208,366,1,7038014
DH01208,37,2,24694673
DH01208,325,3,16561482
DH01209,17,2,11252793
DH01209,382,2,23997672
DH01210,238,3,8768981
DH01210,8,3,16791775
DH01211,445,3,3753037
DH01211,161,2,5421161
DH01211,127,2,23583550
DH01212,91,1,20666588
DH01213,129,3,7748973
DH01213,30,3,22850493
DH01214,125,1,13225929
DH01214,113,2,9188480
DH01214,317,1,3451035
DH01215,12,2,11992784
DH01215,401,2,3227628
DH01216,47,1,2363748
DH01216,309,3,16160657
DH01217,93,3,14686287
DH01217,101,3,4709001
DH01218,401,2,3227628
DH01218,180,1,5187803
DH01219,491,2,23791756
DH01219,324,1,5235456
DH01219,439,3,11444083
DH01220,422,3,12003004
DH01221,42,2,4888990
DH01222,218,2,7876105
DH01222,288,1,11145011
DH01222,109,3,8310763
DH01223,436,1,8088441
DH01223,340,2,2512853
DH01223,258,3,12909089
DH01224,420,1,7580608
DH01225,447,3,13793804
DH01225,341,2,24878704
DH01225,298,3,19424399
DH01226,181,2,1690676
DH01226,436,3,8088441
DH01226,94,1,4892461
DH01227,26,1,23522794
DH01228,408,2,17462807
DH01228,6,2,15618829
DH01228,480,2,9066937
DH01229,119,2,13510580
DH01229,86,1,8568170
DH01229,274,2,8049917
DH01230,132,3,16198314
DH01230,236,1,25624479
DH01231,306,2,9109540
DH01231,217,1,21518753
DH01232,270,2,15138021
DH01232,334,1,7901528
DH01232,498,3,19498927
DH01233,329,1,13517918
DH01233,61,3,11543600
DH01234,103,1,17996106
DH01234,235,2,1672401
DH01234,291,2,19063989
DH01235,130,2,8364943
DH01235,241,1,14883376
DH01235,315,1,7916762
DH01236,18,1,8089438
DH01236,416,1,17524717
DH01237,102,3,13562744
DH01238,302,2,1904905
DH01238,469,1,24833142
DH01238,453,1,24897288
DH01239,403,3,10108987
DH01240,250,3,5901364
DH01241,410,2,12647688
DH01242,167,2,19477755
DH01243,382,2,23997672
DH01243,17,1,11252793
DH01243,481,1,11804603
DH01244,171,3,16022163
DH01244,361,2,2131412
DH01244,461,2,13898840
DH01245,285,2,6209359
DH01246,201,3,14510585
DH01246,400,2,19389256
DH01246,403,1,10108987
DH01247,326,3,10657286
DH01248,320,3,13927009
DH01248,160,3,7269450
DH01249,18,1,8089438
DH01250,295,1,2326130
DH01251,224,1,17686916
DH01251,329,3,13517918
DH01251,200,3,25326262
DH01252,118,2,6945092
DH01252,114,2,5461510
DH01253,371,2,15596681
DH01254,452,1,6422656
DH01254,422,1,12003004
DH01254,163,1,5148746
DH01255,306,2,9109540
DH01255,67,3,2603224
DH01256,416,1,17524717
DH01256,404,1,24793579
DH01256,124,2,18670083
DH01257,268,3,20509489
DH01257,220,1,21154109
DH01257,281,1,6520993
DH01258,192,1,10036440
DH01258,358,1,8803419
DH01259,250,1,5901364
DH01259,315,1,7916762
DH01260,126,3,7453646
DH01261,205,2,11351137
DH01261,459,1,21165935
DH01262,161,3,5421161
DH01262,416,3,17524717
DH01263,283,2,9498824
DH01264,334,1,7901528
DH01264,62,3,17040933
DH01265,156,2,23900042
DH01266,160,2,7269450
DH01266,50,1,16126277
DH01266,230,3,4583309
DH01267,32,3,16788448
DH01268,104,1,21205978
DH01268,71,3,20920065
DH01268,246,1,4574511
DH01269,437,3,20884762
DH01269,32,2,16788448
DH01270,42,3,4888990
DH01270,314,2,21535304
DH01270,16,3,1902478
DH01271,252,2,18216160
DH01271,312,2,22250953
DH01271,469,3,24833142
DH01272,117,1,1822241
DH01273,310,2,10351478
DH01273,210,1,20061356
DH01274,206,3,9160201
DH01274,264,3,7333700
DH01274,50,1,16126277
DH01275,168,1,4959346
DH01275,51,1,18354531
DH01276,442,2,14674667
DH01277,229,1,5955017
DH01277,249,1,12650029
DH01277,284,2,7510427
DH01278,284,1,7510427
DH01279,466,2,16269792
DH01279,344,1,15192156
DH01280,150,3,22175650
DH01280,486,1,14815928
DH01280,168,3,4959346
DH01281,8,1,16791775
DH01282,121,2,22194333
DH01282,373,2,17596085
DH01283,241,2,14883376
DH01284,5,3,6035905
DH01285,48,2,10369706
DH01285,347,1,10484449
DH01286,23,2,18730487
DH01286,220,2,21154109
DH01286,378,2,5459248
DH01287,471,3,25755884
DH01287,87,2,1388487
DH01287,202,3,10502987
DH01288,240,3,23483447
DH01288,260,3,5169564
DH01289,340,2,2512853
DH01289,410,2,12647688
DH01290,370,3,16487087
DH01290,443,1,15873432
DH01291,11,2,10235878
DH01291,318,1,23570935
DH01292,234,3,12378563
DH01293,174,3,24577473
DH01293,56,2,3656281
DH01294,41,3,23214519
DH01294,195,1,2797518
DH01295,405,1,6786774
DH01295,296,3,7282780
DH01296,133,2,25260384
DH01296,268,2,20509489
DH01296,103,2,17996106
DH01297,383,2,21556385
DH01297,170,1,18830250
DH01298,84,1,5916601
DH01298,190,2,19493368
DH01299,262,1,15404344
DH01299,186,3,11833611
DH01299,169,3,25706307
DH01300,343,3,17874359
DH01301,277,3,20673499
DH01301,358,1,8803419
DH01302,355,1,19241391
DH01302,97,1,20721508
DH01303,221,2,18603561
DH01304,419,3,14450529
DH01304,450,3,19208894
DH01304,385,1,9022052
DH01305,197,2,1767828
DH01306,238,3,8768981
DH01306,232,3,17350864
DH01307,382,1,23997672
DH01308,68,1,14423549
DH01309,223,3,2575778
DH01309,347,2,10484449
DH01310,395,1,15941796
DH01310,176,3,12520307
DH01310,153,1,9382132
DH01311,168,2,4959346
DH01312,52,3,14404540
DH01312,148,3,24016044
DH01313,306,1,9109540
DH01313,364,3,14254399
DH01313,406,2,1821869
DH01314,435,1,4349985
DH01314,39,2,5958851
DH01314,341,3,24878704
DH01315,225,2,17350639
DH01315,64,3,9718506
DH01316,153,3,9382132
DH01316,96,1,2158473
DH01316,112,1,21786528
DH01317,485,2,2937854
DH01317,321,2,9556944
DH01317,256,3,7503626
DH01318,89,3,15656852
DH01319,268,2,20509489
DH01319,23,3,18730487
DH01320,2,3,2619639
DH01320,489,2,23457899
DH01320,108,3,16704100
DH01321,221,1,18603561
DH01321,39,3,5958851
DH01322,54,3,18474415
DH01323,52,3,14404540
DH01323,230,3,4583309
DH01323,321,2,9556944
DH01324,153,3,9382132
DH01324,12,3,11992784
DH01324,357,1,4857102
DH01325,404,1,24793579
DH01325,206,2,9160201
DH01325,14,3,7886377
DH01326,153,1,9382132
DH01327,486,3,14815928
DH01327,120,3,23629104
DH01328,439,3,11444083
DH01329,433,2,2223429
DH01330,168,3,4959346
DH01330,171,1,16022163
DH01330,466,2,16269792
DH01331,370,2,16487087
DH01331,137,2,20559073
DH01331,201,2,14510585
DH01332,361,2,2131412
DH01333,452,1,6422656
DH01334,452,1,6422656
DH01334,241,2,14883376
DH01334,454,3,24379043
DH01335,40,3,13768783
DH01335,239,1,9904462
DH01335,498,3,19498927
DH01336,40,2,13768783
DH01336,156,1,23900042
DH01336,325,3,16561482
DH01337,345,3,24716330
DH01337,128,3,5789660
DH01337,332,2,16273428
DH01338,240,2,23483447
DH01339,22,1,24114298
DH01340,93,2,14686287
DH01341,33,3,16395207
DH01341,58,3,4846247
DH01342,242,3,1536406
DH01342,4,2,2033327
DH01342,429,3,13157569
DH01343,322,1,4789634
DH01343,230,1,4583309
DH01343,25,3,7741025
DH01344,353,2,17335247
DH01344,130,1,8364943
DH01345,132,3,16198314
DH01346,459,1,21165935
DH01347,407,2,22242654
DH01347,459,3,21165935
DH01347,444,1,24721344
DH01348,108,1,16704100
DH01349,452,1,6422656
DH01349,183,2,25583781
DH01349,446,1,10227214
DH01350,266,2,8991711
DH01350,318,3,23570935
DH01350,288,1,11145011
DH01351,348,1,16075438
DH01351,203,2,2141244
DH01351,393,1,15902198
DH01352,195,2,2797518
DH01352,380,3,7759711
DH01352,392,2,2439684
DH01353,181,2,1690676
DH01354,252,1,18216160
DH01355,328,1,19906025
DH01356,319,3,17175754
DH01356,443,1,15873432
DH01356,216,3,13741880
DH01357,65,3,20123002
DH01358,425,2,12382069
DH01359,487,1,9625660
DH01360,157,2,10354320
DH01361,188,2,2213985
DH01361,83,2,10278942
DH01361,265,3,18875655
DH01362,373,2,17596085
DH01363,308,3,23205555
DH01364,46,2,13724985
DH01365,164,2,12450217
DH01365,492,1,8668431
DH01366,130,2,8364943
DH01366,250,1,5901364
DH01367,257,2,22709217
DH01367,78,1,10074989
DH01368,118,2,6945092
DH01369,56,3,3656281
DH01369,234,3,12378563
DH01369,102,3,13562744
DH01370,7,2,4357180
DH01371,291,3,19063989
DH01372,437,2,20884762
DH01372,71,2,20920065
DH01373,122,3,18283116
DH01373,266,3,8991711
DH01373,222,3,24480557
DH01374,288,1,11145011
DH01375,196,1,9383000
DH01375,100,2,3300603
DH01375,241,2,14883376
DH01376,68,2,14423549
DH01377,429,2,13157569
DH01378,376,1,7479061
DH01379,442,1,14674667
DH01380,309,1,16160657
DH01381,22,2,24114298
DH01382,208,3,16507221
DH01382,258,3,12909089
DH01382,305,1,19848099
DH01383,433,2,2223429
DH01383,200,1,25326262
DH01384,453,2,24897288
DH01385,274,3,8049917
DH01385,149,1,20816892
DH01386,50,3,16126277
DH01386,266,2,8991711
DH01387,168,3,4959346
DH01387,324,2,5235456
DH01387,297,3,3729757
DH01388,312,1,22250953
DH01388,208,3,16507221
DH01389,341,3,24878704
DH01389,85,3,22953739
DH01390,381,2,3635754
DH01390,119,2,13510580
DH01390,59,2,11020945
DH01391,369,2,10752264
DH01392,241,3,14883376
DH01392,455,2,2445683
DH01393,118,1,6945092
DH01393,190,1,19493368
DH01394,63,2,25365618
DH01395,291,2,19063989
DH01395,146,1,19268450
DH01395,23,2,18730487
DH01396,434,3,20511341
DH01397,439,1,11444083
DH01397,242,3,1536406
DH01397,366,3,7038014
DH01398,178,3,25162917
DH01399,260,3,5169564
DH01400,204,3,6098253
DH01400,244,1,16782990
DH01401,211,2,19060983
DH01402,37,1,24694673
DH01402,385,2,9022052
DH01403,191,3,2180855
DH01403,466,2,16269792
DH01403,414,3,8838663
DH01404,155,1,23734363
DH01404,129,2,7748973
DH01404,84,2,5916601
DH01405,476,3,5610573
DH01405,199,1,15317157
DH01406,44,1,12890144
DH01407,42,2,4888990
DH01407,68,2,14423549
DH01407,311,1,20701272
DH01408,162,1,16154689
DH01408,375,3,22543381
DH01408,278,1,16871480
DH01409,55,1,17890818
DH01410,467,1,6408461
DH01411,439,2,11444083
DH01411,55,1,17890818
DH01411,275,1,1991880
DH01412,283,3,9498824
DH01412,365,1,15480351
DH01413,136,2,13200645
DH01413,410,3,12647688
DH01414,223,3,2575778
DH01414,340,3,2512853
DH01414,50,1,16126277
DH01415,321,1,9556944
DH01416,211,1,19060983
DH01416,337,2,16155694
DH01417,104,3,21205978
DH01417,297,1,3729757
DH01417,323,1,8114299
DH01418,483,1,9287345
DH01418,332,1,16273428
DH01419,420,3,7580608
DH01419,402,3,14448552
DH01419,58,1,4846247
DH01420,257,1,22709217
DH01420,45,1,22446227
DH01420,19,1,6165758
DH01421,175,3,4766108
DH01421,31,1,19561998
DH01421,135,3,18508141
DH01422,39,2,5958851
DH01423,418,3,6732468
DH01423,63,3,25365618
DH01423,404,3,24793579
DH01424,265,1,18875655
DH01425,315,1,7916762
DH01425,78,3,10074989
DH01426,179,2,23021297
DH01426,312,3,22250953
DH01427,100,3,3300603
DH01428,69,1,13005856
DH01428,171,3,16022163
DH01429,412,1,5966347
DH01430,34,3,21526031
DH01431,339,2,7585126
DH01431,329,2,13517918
DH01431,364,1,14254399
DH01432,33,3,16395207
DH01432,22,2,24114298
DH01432,202,2,10502987
DH01433,300,1,20713031
DH01434,311,1,20701272
DH01435,70,3,24683647
DH01436,297,1,3729757
DH01436,307,3,2970393
DH01436,379,3,11024419
DH01437,55,1,17890818
DH01437,188,3,2213985
DH01438,298,2,19424399
DH01439,347,3,10484449
DH01439,259,3,2352165
DH01439,429,2,13157569
DH01440,132,2,16198314
DH01441,76,1,25092737
DH01441,36,1,4440658
DH01441,431,3,3483711
DH01442,433,1,2223429
DH01443,320,3,13927009
DH01443,86,1,8568170
DH01443,421,2,22589235
DH01444,81,3,11760834
DH01444,52,3,14404540
DH01444,17,3,11252793
DH01445,191,2,2180855
DH01446,48,1,10369706
DH01447,409,2,25383281
DH01447,225,2,17350639
DH01447,107,3,15707585
DH01448,417,1,1927702
DH01449,256,3,7503626
DH01449,382,3,23997672
DH01450,150,1,22175650
DH01450,479,3,24995661
DH01450,418,1,6732468
DH01451,473,2,8143318
DH01452,441,3,18385006
DH01452,169,1,25706307
DH01452,165,3,25319024
DH01453,298,3,19424399
DH01453,101,3,4709001
DH01454,19,3,6165758
DH01455,186,1,11833611
DH01456,61,1,11543600
DH01456,234,3,12378563
DH01456,78,3,10074989
DH01457,227,2,23575212
DH01457,244,1,16782990
DH01457,110,3,2655742
DH01458,433,3,2223429
DH01459,443,3,15873432
DH01460,174,1,24577473
DH01461,439,2,11444083
DH01461,351,1,13618008
DH01462,276,1,11889649
DH01462,433,3,2223429
DH01463,236,2,25624479
DH01463,379,2,11024419
DH01464,346,2,15198565
DH01464,2,1,2619639
DH01465,107,2,15707585
DH01466,405,2,6786774
DH01466,210,1,20061356
DH01467,422,2,12003004
DH01467,325,1,16561482
DH01467,273,1,13267090
DH01468,324,2,5235456
DH01468,173,3,8932665
DH01468,233,2,5799781
DH01469,370,3,16487087
DH01469,14,1,7886377
DH01469,49,2,10127878
DH01470,19,3,6165758
DH01470,386,2,11489944
DH01471,306,3,9109540
DH01472,129,2,7748973
DH01472,195,3,2797518
DH01473,437,2,20884762
DH01473,229,2,5955017
DH01474,53,3,18088695
DH01475,2,3,2619639
DH01476,98,3,25849081
DH01477,1,3,5597326
DH01478,219,2,20274689
DH01478,332,2,16273428
DH01479,156,3,23900042
DH01480,95,2,17932883
DH01480,249,1,12650029
DH01480,302,1,1904905
DH01481,382,1,23997672
DH01481,409,3,25383281
DH01481,244,1,16782990
DH01482,148,2,24016044
DH01482,409,2,25383281
DH01483,444,2,24721344
DH01483,201,1,14510585
DH01484,283,1,9498824
DH01484,153,3,9382132
DH01484,237,3,5969756
DH01485,40,2,13768783
DH01485,294,3,20611090
DH01485,319,1,17175754
DH01486,225,2,17350639
DH01487,378,2,5459248
DH01487,245,2,11838005
DH01488,448,3,1655313
DH01488,381,2,3635754
DH01489,490,1,24697745
DH01490,211,3,19060983
DH01490,37,3,24694673
DH01491,176,1,12520307
DH01491,385,2,9022052
DH01491,205,2,11351137
DH01492,476,2,5610573
DH01492,314,3,21535304
DH01492,324,1,5235456
DH01493,452,1,6422656
DH01494,151,2,14524360
DH01494,116,2,17991157
DH01495,115,3,24228127
DH01496,292,1,15283078
DH01496,258,1,12909089
DH01497,381,3,3635754
DH01498,126,3,7453646
DH01499,239,1,9904462
DH01499,116,1,17991157
DH01499,391,2,14598944
DH01500,410,2,12647688
DH01501,13,2,24933847
DH01502,345,2,24716330
DH01503,34,1,21526031
DH01504,220,2,21154109
DH01504,444,2,24721344
DH01504,240,1,23483447
DH01505,219,3,20274689
DH01505,257,1,22709217
DH01505,475,1,23514632
DH01506,193,1,12107524
DH01507,489,1,23457899
DH01507,114,1,5461510
DH01508,50,2,16126277
DH01509,147,3,13624031
DH01510,224,1,17686916
DH01511,237,2,5969756
DH01511,431,2,3483711
DH01512,165,3,25319024
DH01512,43,3,14663576
DH01512,177,1,6101695
DH01513,188,1,2213985
DH01513,493,3,5355143
DH01514,362,1,18686057
DH01514,1,2,5597326
DH01515,406,1,1821869
DH01515,125,3,13225929
DH01516,367,1,21910738
DH01517,432,2,25961408
DH01517,420,2,7580608
DH01517,95,2,17932883
DH01518,451,2,18801455
DH01518,328,2,19906025
DH01519,467,2,6408461
DH01519,12,2,11992784
DH01519,241,1,14883376
DH01520,244,3,16782990
DH01520,13,3,24933847
DH01520,385,3,9022052
DH01521,393,2,15902198
DH01522,466,2,16269792
DH01522,332,1,16273428
DH01522,84,2,5916601
DH01523,107,1,15707585
DH01523,127,1,23583550
DH01524,250,1,5901364
DH01524,421,2,22589235
DH01525,276,1,11889649
DH01525,461,1,13898840
DH01525,294,2,20611090
DH01526,264,2,7333700
DH01526,189,1,21341902
DH01527,14,3,7886377
DH01527,342,2,3872319
DH01528,55,2,17890818
DH01529,49,3,10127878
DH01529,173,1,8932665
DH01529,25,2,7741025
DH01530,59,2,11020945
DH01530,455,1,2445683
DH01531,142,2,23627613
DH01531,373,1,17596085
DH01532,290,3,14771023
DH01533,20,2,14519905
DH01533,436,3,8088441
DH01534,44,3,12890144
DH01534,187,1,8866140
DH01534,451,1,18801455
DH01535,195,2,2797518
DH01535,39,2,5958851
DH01536,468,2,21281263
DH01537,185,3,5305149
DH01537,25,3,7741025
DH01537,425,2,12382069
DH01538,220,2,21154109
DH01538,69,3,13005856
DH01538,250,3,5901364
DH01539,96,1,2158473
DH01539,73,2,13467563
DH01539,227,3,23575212
DH01540,491,2,23791756
DH01540,56,2,3656281
DH01541,458,3,3104580
DH01542,200,2,25326262
DH01543,15,1,21879885
DH01544,257,3,22709217
DH01544,258,3,12909089
DH01545,448,2,1655313
DH01545,406,2,1821869
DH01546,343,3,17874359
DH01546,150,3,22175650
DH01546,437,1,20884762
DH01547,138,1,24036792
DH01547,273,3,13267090
DH01548,236,2,25624479
DH01549,91,2,20666588
DH01549,189,1,21341902
DH01549,498,2,19498927
DH01550,163,2,5148746
DH01550,196,1,9383000
DH01551,279,3,22313060
DH01551,463,2,14123822
DH01552,108,3,16704100
DH01553,57,2,19310306
DH01553,250,3,5901364
DH01553,219,2,20274689
DH01554,80,3,15432098
DH01554,12,3,11992784
DH01554,447,3,13793804
DH01555,200,3,25326262
DH01555,299,2,10443833
DH01556,395,3,15941796
DH01556,474,2,13191529
DH01556,258,3,12909089
DH01557,407,1,22242654
DH01557,392,1,2439684
DH01558,54,3,18474415
DH01559,106,2,3358747
DH01559,456,3,1907183
DH01560,90,3,19909796
DH01561,111,3,5190528
DH01562,228,3,9625566
DH01562,260,2,5169564
DH01563,40,3,13768783
DH01563,348,2,16075438
DH01563,347,3,10484449
DH01564,342,1,3872319
DH01564,234,3,12378563
DH01564,156,2,23900042
DH01565,495,1,24537951
DH01565,365,3,15480351
DH01565,91,3,20666588
DH01566,486,2,14815928
DH01566,140,2,13589526
DH01566,442,3,14674667
DH01567,463,1,14123822
DH01567,171,1,16022163
DH01567,367,1,21910738
DH01568,499,2,11225264
DH01568,411,1,15292733
DH01569,384,1,7946719
DH01569,213,2,9135747
DH01570,398,2,4672398
DH01570,226,1,24912858
DH01571,40,2,13768783
DH01571,31,3,19561998
DH01572,198,1,13851809
DH01573,149,2,20816892
DH01573,454,2,24379043
DH01573,188,1,2213985
DH01574,236,2,25624479
DH01574,371,2,15596681
DH01575,324,1,5235456
DH01576,84,3,5916601
DH01576,425,2,12382069
DH01577,75,1,1572912
DH01577,60,2,10296353
DH01578,33,2,16395207
DH01578,292,3,15283078
DH01578,12,3,11992784
DH01579,469,2,24833142
DH01579,347,2,10484449
DH01580,464,2,10451249
DH01580,379,2,11024419
DH01580,49,1,10127878
DH01581,496,3,14220784
DH01582,213,3,9135747
DH01583,148,1,24016044
DH01583,479,2,24995661
DH01583,152,1,11691816
DH01584,441,3,18385006
DH01584,66,3,9292701
DH01585,429,1,13157569
DH01586,478,1,8623329
DH01586,189,1,21341902
DH01586,75,1,1572912
DH01587,8,2,16791775
DH01588,78,3,10074989
DH01588,9,1,2348573
DH01589,188,3,2213985
DH01589,148,3,24016044
DH01590,282,1,9983595
DH01590,475,2,23514632
DH01591,238,3,8768981
DH01592,367,1,21910738
DH01592,424,1,19568438
DH01592,437,3,20884762
DH01593,336,2,20788903
DH01593,413,2,19949073
DH01594,260,3,5169564
DH01595,67,2,2603224
DH01595,318,2,23570935
DH01595,251,1,11288407
DH01596,139,3,8176702
DH01597,177,3,6101695
DH01597,204,2,6098253
DH01598,379,3,11024419
DH01599,194,3,10519150
DH01599,189,2,21341902
DH01599,487,1,9625660
DH01600,89,3,15656852
DH01600,63,3,25365618
DH01601,157,3,10354320
DH01601,110,2,2655742
DH01602,388,2,12500788
DH01603,128,3,5789660
DH01603,10,1,8245338
DH01604,385,2,9022052
DH01604,10,2,8245338
DH01605,219,1,20274689
DH01605,254,2,7786382
DH01605,49,3,10127878
DH01606,87,3,1388487
DH01607,273,3,13267090
DH01608,349,3,19870600
DH01608,467,3,6408461
DH01608,489,3,23457899
DH01609,351,2,13618008
DH01609,142,1,23627613
DH01609,473,3,8143318
DH01610,93,3,14686287
DH01610,187,3,8866140
DH01610,122,2,18283116
DH01611,68,1,14423549
DH01611,217,3,21518753
DH01611,155,2,23734363
DH01612,238,3,8768981
DH01613,74,3,2460854
DH01614,455,1,2445683
DH01614,154,2,5917692
DH01615,317,2,3451035
DH01616,153,1,9382132
DH01616,398,3,4672398
DH01616,18,3,8089438
DH01617,222,3,24480557
DH01618,449,3,7676975
DH01618,24,3,1688485
DH01619,89,2,15656852
DH01619,260,3,5169564
DH01620,162,3,16154689
DH01621,342,2,3872319
DH01621,275,2,1991880
DH01621,84,1,5916601
DH01622,279,1,22313060
DH01623,26,3,23522794
DH01624,324,3,5235456
DH01624,170,1,18830250
DH01625,393,3,15902198
DH01625,467,3,6408461
DH01625,255,2,11357464
DH01626,140,1,13589526
DH01626,457,1,24221919
DH01627,185,3,5305149
DH01627,191,1,2180855
DH01628,398,1,4672398
DH01628,342,1,3872319
DH01628,233,1,5799781
DH01629,113,1,9188480
DH01629,159,3,18319776
DH01629,139,1,8176702
DH01630,473,3,8143318
DH01630,159,2,18319776
DH01630,26,1,23522794
DH01631,463,1,14123822
DH01631,273,1,13267090
DH01632,25,2,7741025
DH01633,198,3,13851809
DH01633,331,2,16419785
DH01633,317,3,3451035
DH01634,411,1,15292733
DH01634,299,3,10443833
DH01635,104,2,21205978
DH01635,190,2,19493368
DH01635,107,1,15707585
DH01636,267,2,20768736
DH01636,398,3,4672398
DH01636,408,1,17462807
DH01637,250,2,5901364
DH01637,359,2,18193067
DH01637,217,3,21518753
DH01638,52,2,14404540
DH01639,210,2,20061356
DH01640,175,2,4766108
DH01641,476,1,5610573
DH01641,223,3,2575778
DH01641,96,2,2158473
DH01642,337,1,16155694
DH01643,222,2,24480557
DH01643,361,2,2131412
DH01643,195,1,2797518
DH01644,498,2,19498927
DH01645,385,2,9022052
DH01646,243,1,9384883
DH01646,167,1,19477755
DH01647,222,2,24480557
DH01648,17,1,11252793
DH01648,276,1,11889649
DH01649,336,3,20788903
DH01649,471,2,25755884
DH01649,280,1,25571963
DH01650,371,3,15596681
DH01650,267,3,20768736
DH01651,70,3,24683647
DH01651,402,1,14448552
DH01652,344,3,15192156
DH01652,392,1,2439684
DH01653,429,3,13157569
DH01653,105,2,9768220
DH01654,91,3,20666588
DH01654,440,1,21263667
DH01654,484,2,9546339
DH01655,258,2,12909089
DH01655,213,3,9135747
DH01655,245,2,11838005
DH01656,13,3,24933847
DH01656,368,1,21192004
DH01656,202,3,10502987
DH01657,296,3,7282780
DH01658,16,2,1902478
DH01659,216,1,13741880
DH01659,182,2,19817463
DH01660,254,3,7786382
DH01660,142,1,23627613
DH01661,369,2,10752264
DH01661,31,3,19561998
DH01661,83,1,10278942
DH01662,249,2,12650029
DH01662,270,1,15138021
DH01663,398,2,4672398
DH01664,448,3,1655313
DH01664,230,2,4583309
DH01664,27,1,12159304
DH01665,333,3,4723884
DH01666,406,1,1821869
DH01667,426,1,22978827
DH01667,176,2,12520307
DH01667,202,1,10502987
DH01668,389,1,2247745
DH01668,70,1,24683647
DH01668,3,1,23951194
DH01669,231,3,7056866
DH01669,207,2,11794425
DH01669,39,2,5958851
DH01670,125,2,13225929
DH01670,271,2,8962577
DH01671,245,3,11838005
DH01671,113,3,9188480
DH01672,255,2,11357464
DH01673,147,2,13624031
DH01674,379,2,11024419
DH01674,328,3,19906025
DH01675,471,2,25755884
DH01676,247,3,14840560
DH01677,406,1,1821869
DH01677,394,3,14325309
DH01678,217,2,21518753
DH01679,167,3,19477755
DH01679,119,2,13510580
DH01679,367,1,21910738
DH01680,280,2,25571963
DH01680,4,2,2033327
DH01681,481,1,11804603
DH01681,89,2,15656852
DH01681,211,3,19060983
DH01682,144,1,6059706
DH01683,213,1,9135747
DH01684,86,3,8568170
DH01685,22,1,24114298
DH01686,479,3,24995661
DH01686,1,3,5597326
DH01686,238,2,8768981
DH01687,267,3,20768736
DH01688,471,2,25755884
DH01688,178,3,25162917
DH01689,422,2,12003004
DH01690,444,3,24721344
DH01690,253,1,9232276
DH01690,106,1,3358747
DH01691,60,2,10296353
DH01691,487,1,9625660
DH01692,359,1,18193067
DH01692,9,2,2348573
DH01692,90,2,19909796
DH01693,297,1,3729757
DH01693,217,1,21518753
DH01693,326,3,10657286
DH01694,6,1,15618829
DH01695,61,3,11543600
DH01695,480,3,9066937
DH01696,365,2,15480351
DH01697,500,2,12716509
DH01697,300,3,20713031
DH01697,10,2,8245338
DH01698,494,1,4606985
DH01699,426,2,22978827
DH01699,253,3,9232276
DH01699,407,2,22242654
DH01700,469,1,24833142
DH01700,247,3,14840560
DH01701,97,1,20721508
DH01701,72,1,11915298
DH01702,219,1,20274689
DH01702,108,3,16704100
DH01703,458,3,3104580
DH01703,278,3,16871480
DH01703,38,3,25625870
DH01704,149,3,20816892
DH01704,344,2,15192156
DH01705,319,2,17175754
DH01705,334,1,7901528
DH01705,372,2,11933021
DH01706,139,3,8176702
DH01706,168,2,4959346
DH01706,179,2,23021297
DH01707,19,3,6165758
DH01707,450,2,19208894
DH01707,185,3,5305149
DH01708,24,1,1688485
DH01708,409,3,25383281
DH01708,495,2,24537951
DH01709,360,3,17479616
DH01709,385,3,9022052
DH01710,252,1,18216160
DH01710,441,3,18385006
DH01711,406,3,1821869
DH01712,8,3,16791775
DH01712,227,3,23575212
DH01712,181,3,1690676
DH01713,378,2,5459248
DH01713,498,3,19498927
DH01713,127,1,23583550
DH01714,278,2,16871480
DH01715,393,1,15902198
DH01715,376,3,7479061
DH01716,462,3,16447832
DH01716,80,1,15432098
DH01716,353,1,17335247
DH01717,167,3,19477755
DH01717,219,3,20274689
DH01717,454,1,24379043
DH01718,390,1,7428418
DH01718,127,2,23583550
DH01718,308,3,23205555
DH01719,410,1,12647688
DH01720,423,3,11205935
DH01721,307,3,2970393
DH01722,231,2,7056866
DH01723,27,2,12159304
DH01723,6,3,15618829
DH01724,102,1,13562744
DH01725,381,2,3635754
DH01725,351,2,13618008
DH01725,373,2,17596085
DH01726,435,1,4349985
DH01726,155,2,23734363
DH01727,159,3,18319776
DH01727,384,3,7946719
DH01727,251,1,11288407
DH01728,394,3,14325309
DH01729,402,2,14448552
DH01730,409,3,25383281
DH01730,151,3,14524360
DH01731,411,2,15292733
DH01732,7,1,4357180
DH01732,38,2,25625870
DH01732,420,1,7580608
DH01733,190,3,19493368
DH01733,499,1,11225264
DH01733,112,1,21786528
DH01734,335,3,6359823
DH01734,200,2,25326262
DH01735,110,3,2655742
DH01736,390,1,7428418
DH01736,226,2,24912858
DH01737,89,1,15656852
DH01738,70,2,24683647
DH01738,398,2,4672398
DH01739,247,3,14840560
DH01739,151,1,14524360
DH01739,153,3,9382132
DH01740,452,3,6422656
DH01741,198,1,13851809
DH01741,235,3,1672401
DH01741,265,2,18875655
DH01742,457,2,24221919
DH01742,499,2,11225264
DH01742,222,2,24480557
DH01743,149,1,20816892
DH01743,371,1,15596681
DH01744,468,3,21281263
DH01744,326,1,10657286
DH01745,217,1,21518753
DH01746,231,2,7056866
DH01746,460,1,15973168
DH01747,427,3,12881666
DH01747,157,3,10354320
DH01748,127,2,23583550
DH01748,167,2,19477755
DH01748,275,3,1991880
DH01749,80,2,15432098
DH01749,206,3,9160201
DH01750,393,2,15902198
DH01750,242,3,1536406
DH01750,418,3,6732468
DH01751,271,1,8962577
DH01751,468,2,21281263
DH01751,126,3,7453646
DH01752,349,3,19870600
DH01753,306,2,9109540
DH01753,155,2,23734363
DH01753,133,3,25260384
DH01754,214,2,21742788
DH01755,29,2,8608366
DH01755,455,3,2445683
DH01756,205,1,11351137
DH01757,294,1,20611090
DH01757,167,2,19477755
DH01758,215,1,22688954
DH01758,112,2,21786528
DH01758,231,1,7056866
DH01759,223,2,2575778
DH01760,48,1,10369706
DH01760,468,1,21281263
DH01761,341,3,24878704
DH01761,128,2,5789660
DH01762,456,3,1907183
DH01762,183,3,25583781
DH01763,373,2,17596085
DH01763,262,2,15404344
DH01763,104,1,21205978
DH01764,297,2,3729757
DH01765,57,2,19310306
DH01765,103,2,17996106
DH01765,235,3,1672401
DH01766,81,3,11760834
DH01767,47,3,2363748
DH01767,159,3,18319776
DH01767,372,3,11933021
DH01768,343,1,17874359
DH01769,319,3,17175754
DH01769,70,2,24683647
DH01770,395,3,15941796
DH01770,330,2,21871930
DH01771,196,1,9383000
DH01771,379,1,11024419
DH01771,408,1,17462807
DH01772,453,3,24897288
DH01772,390,2,7428418
DH01772,293,2,5223702
DH01773,360,2,17479616
DH01773,135,2,18508141
DH01773,81,1,11760834
DH01774,493,3,5355143
DH01774,94,2,4892461
DH01775,89,3,15656852
DH01776,139,1,8176702
DH01776,427,3,12881666
DH01777,170,2,18830250
DH01777,271,2,8962577
DH01778,55,1,17890818
DH01779,451,3,18801455
DH01779,367,3,21910738
DH01780,230,3,4583309
DH01780,312,3,22250953
DH01780,151,3,14524360
DH01781,22,3,24114298
DH01781,342,3,3872319
DH01782,345,3,24716330
DH01782,75,2,1572912
DH01782,209,2,11044537
DH01783,448,1,1655313
DH01784,73,1,13467563
DH01784,306,1,9109540
DH01784,1,1,5597326
DH01785,71,3,20920065
DH01786,314,2,21535304
DH01787,314,2,21535304
DH01787,417,3,1927702
DH01788,482,2,25397322
DH01789,9,2,2348573
DH01790,434,1,20511341
DH01790,148,3,24016044
DH01790,156,1,23900042
DH01791,32,3,16788448
DH01792,467,3,6408461
DH01792,418,2,6732468
DH01792,175,2,4766108
DH01793,45,3,22446227
DH01793,21,1,20692785
DH01793,52,3,14404540
DH01794,135,2,18508141
DH01794,143,1,5091764
DH01795,296,3,7282780
DH01795,278,1,16871480
DH01795,159,2,18319776
DH01796,434,2,20511341
DH01796,438,2,19966047
DH01797,373,1,17596085
DH01798,428,1,8623074
DH01799,498,2,19498927
DH01799,154,2,5917692
DH01800,54,1,18474415
DH01801,338,3,11491142
DH01802,11,2,10235878
DH01802,1,3,5597326
DH01803,175,1,4766108
DH01803,82,1,6348395
DH01804,486,2,14815928
DH01804,451,3,18801455
DH01804,14,3,7886377
DH01805,336,1,20788903
DH01805,345,3,24716330
DH01805,418,2,6732468
DH01806,6,1,15618829
DH01807,34,3,21526031
DH01807,112,3,21786528
DH01808,420,1,7580608
DH01809,245,2,11838005
DH01809,293,2,5223702
DH01810,283,3,9498824
DH01810,428,3,8623074
DH01811,244,2,16782990
DH01811,153,2,9382132
DH01812,89,3,15656852
DH01812,337,3,16155694
DH01812,110,3,2655742
DH01813,294,1,20611090
DH01813,98,2,25849081
DH01814,462,2,16447832
DH01815,94,3,4892461
DH01815,142,3,23627613
DH01816,275,3,1991880
DH01816,105,2,9768220
DH01817,64,3,9718506
DH01818,110,3,2655742
DH01819,388,1,12500788
DH01819,284,1,7510427
DH01820,35,2,5481589
DH01821,414,2,8838663
DH01822,182,1,19817463
DH01822,132,1,16198314
DH01823,396,3,2735462
DH01823,32,3,16788448
DH01824,261,1,8666850
DH01825,100,1,3300603
DH01825,73,3,13467563
DH01826,466,2,16269792
DH01826,43,3,14663576
DH01826,92,2,11092983
DH01827,50,1,16126277
DH01827,153,3,9382132
DH01827,85,2,22953739
DH01828,377,3,12231914
DH01828,347,3,10484449
DH01828,383,1,21556385
DH01829,83,2,10278942
DH01830,391,3,14598944
DH01830,280,1,25571963
DH01831,10,1,8245338
DH01831,444,1,24721344
DH01832,161,2,5421161
DH01832,316,3,19653730
DH01833,280,3,25571963
DH01834,242,2,1536406
DH01834,400,1,19389256
DH01834,175,1,4766108
DH01835,86,3,8568170
DH01835,78,1,10074989
DH01836,281,2,6520993
DH01836,464,1,10451249
DH01836,434,1,20511341
DH01837,64,3,9718506
DH01837,452,1,6422656
DH01838,39,2,5958851
DH01838,238,1,8768981
DH01838,295,2,2326130
DH01839,322,3,4789634
DH01839,481,1,11804603
DH01840,222,2,24480557
DH01841,34,3,21526031
DH01842,314,2,21535304
DH01843,215,3,22688954
DH01844,207,2,11794425
DH01844,295,1,2326130
DH01845,58,2,4846247
DH01845,26,3,23522794
DH01846,157,1,10354320
DH01847,393,1,15902198
DH01847,295,2,2326130
DH01847,467,1,6408461
DH01848,57,3,19310306
DH01849,7,3,4357180
DH01849,261,3,8666850
DH01849,410,2,12647688
DH01850,65,3,20123002
DH01851,482,3,25397322
DH01852,32,3,16788448
DH01852,93,2,14686287
DH01852,311,3,20701272
DH01853,122,1,18283116
DH01853,435,3,4349985
DH01853,413,3,19949073
DH01854,12,3,11992784
DH01854,83,3,10278942
DH01855,228,2,9625566
DH01855,418,3,6732468
DH01856,44,3,12890144
DH01857,284,1,7510427
DH01858,343,2,17874359
DH01858,105,2,9768220
DH01858,360,2,17479616
DH01859,254,1,7786382
DH01859,440,3,21263667
DH01860,401,3,3227628
DH01860,33,1,16395207
DH01860,374,2,17616582
DH01861,103,3,17996106
DH01861,360,1,17479616
DH01862,341,1,24878704
DH01862,106,3,3358747
DH01862,94,3,4892461
DH01863,132,2,16198314
DH01864,473,2,8143318
DH01865,367,2,21910738
DH01865,363,1,13943365
DH01866,149,2,20816892
DH01867,193,3,12107524
DH01868,323,2,8114299
DH01868,15,1,21879885
DH01869,68,2,14423549
DH01869,44,2,12890144
DH01870,55,1,17890818
DH01870,355,3,19241391
DH01871,343,3,17874359
DH01871,33,1,16395207
DH01871,119,3,13510580
DH01872,200,2,25326262
DH01872,26,3,23522794
DH01872,180,3,5187803
DH01873,300,2,20713031
DH01873,276,1,11889649
DH01873,438,2,19966047
DH01874,97,1,20721508
DH01875,462,3,16447832
DH01875,114,3,5461510
DH01876,142,3,23627613
DH01877,415,2,23483261
DH01877,127,2,23583550
DH01877,306,2,9109540
DH01878,313,2,2770705
DH01878,28,1,8340920
DH01878,303,3,19460829
DH01879,164,3,12450217
DH01879,384,3,7946719
DH01879,193,2,12107524
DH01880,10,1,8245338
DH01880,294,3,20611090
DH01881,455,1,2445683
DH01881,43,1,14663576
DH01882,445,2,3753037
DH01882,54,3,18474415
DH01882,161,2,5421161
DH01883,304,1,24317139
DH01883,155,2,23734363
DH01884,157,1,10354320
DH01885,339,2,7585126
DH01885,80,2,15432098
DH01886,245,1,11838005
DH01886,438,3,19966047
DH01886,199,3,15317157
DH01887,63,3,25365618
DH01888,60,3,10296353
DH01889,61,1,11543600
DH01889,31,2,19561998
DH01889,106,3,3358747
DH01890,324,3,5235456
DH01890,452,1,6422656
DH01891,294,3,20611090
DH01891,281,1,6520993
DH01891,404,1,24793579
DH01892,171,2,16022163
DH01893,476,2,5610573
DH01893,172,2,11563207
DH01894,72,3,11915298
DH01895,485,1,2937854
DH01896,6,2,15618829
DH01896,35,3,5481589
DH01896,381,1,3635754
DH01897,161,3,5421161
DH01897,491,2,23791756
DH01898,289,2,4921805
DH01898,423,2,11205935
DH01898,496,1,14220784
DH01899,195,2,2797518
DH01899,80,3,15432098
DH01899,473,3,8143318
DH01900,181,1,1690676
DH01900,213,3,9135747
DH01901,134,1,24009450
DH01901,419,2,14450529
DH01901,170,1,18830250
DH01902,425,2,12382069
DH01902,202,3,10502987
DH01903,187,1,8866140
DH01903,417,3,1927702
DH01904,52,3,14404540
DH01904,390,1,7428418
DH01904,204,3,6098253
DH01905,321,3,9556944
DH01905,129,1,7748973
DH01906,402,1,14448552
DH01907,100,2,3300603
DH01907,186,3,11833611
DH01907,398,1,4672398
DH01908,345,3,24716330
DH01908,324,3,5235456
DH01909,200,1,25326262
DH01910,335,1,6359823
DH01911,63,1,25365618
DH01911,80,1,15432098
DH01911,436,3,8088441
DH01912,359,2,18193067
DH01913,312,2,22250953
DH01914,427,1,12881666
DH01915,64,1,9718506
DH01916,360,2,17479616
DH01916,137,1,20559073
DH01916,472,2,24725902
DH01917,195,2,2797518
DH01918,7,2,4357180
DH01918,79,3,5712887
DH01918,433,2,2223429
DH01919,367,1,21910738
DH01919,417,1,1927702
DH01919,411,2,15292733
DH01920,112,1,21786528
DH01920,256,1,7503626
DH01920,148,2,24016044
DH01921,141,2,22227393
DH01922,367,3,21910738
DH01923,433,3,2223429
DH01923,322,3,4789634
DH01924,232,2,17350864
DH01925,333,3,4723884
DH01926,359,3,18193067
DH01926,364,1,14254399
DH01927,386,3,11489944
DH01927,16,1,1902478
DH01927,6,3,15618829
DH01928,191,3,2180855
DH01929,370,2,16487087
DH01929,222,2,24480557
DH01930,195,3,2797518
DH01930,460,2,15973168
DH01930,145,2,13595803
DH01931,273,3,13267090
DH01931,301,2,23179464
DH01931,462,3,16447832
DH01932,450,2,19208894
DH01932,296,3,7282780
DH01933,42,2,4888990
DH01934,355,1,19241391
DH01935,248,1,22980553
DH01936,372,3,11933021
DH01936,175,2,4766108
DH01936,427,1,12881666
DH01937,355,3,19241391
DH01938,133,2,25260384
DH01938,373,1,17596085
DH01938,184,1,17356432
DH01939,105,1,9768220
DH01939,331,2,16419785
DH01940,360,3,17479616
DH01940,423,3,11205935
DH01941,82,1,6348395
DH01941,397,3,23886813
DH01941,104,3,21205978
DH01942,10,1,8245338
DH01942,436,2,8088441
DH01942,73,3,13467563
DH01943,149,1,20816892
DH01944,346,2,15198565
DH01945,196,3,9383000
DH01946,408,3,17462807
DH01946,41,2,23214519
DH01947,32,2,16788448
DH01948,490,3,24697745
DH01948,140,1,13589526
DH01949,263,2,5779215
DH01949,145,1,13595803
DH01950,145,2,13595803
DH01950,460,3,15973168
DH01951,469,2,24833142
DH01951,147,2,13624031
DH01952,312,3,22250953
DH01953,342,2,3872319
DH01953,250,2,5901364
DH01954,61,3,11543600
DH01955,239,3,9904462
DH01955,470,3,2362889
DH01956,131,1,2156224
DH01957,256,3,7503626
DH01957,466,1,16269792
DH01957,368,1,21192004
DH01958,308,2,23205555
DH01959,495,2,24537951
DH01959,295,1,2326130
DH01959,139,1,8176702
DH01960,234,1,12378563
DH01960,324,2,5235456
DH01961,55,1,17890818
DH01961,71,1,20920065
DH01962,175,1,4766108
DH01962,19,1,6165758
DH01963,104,1,21205978
DH01964,431,2,3483711
DH01964,453,1,24897288
DH01965,484,1,9546339
DH01965,353,2,17335247
DH01966,268,1,20509489
DH01966,196,2,9383000
DH01967,96,3,2158473
DH01967,167,1,19477755
DH01968,157,2,10354320
DH01969,105,3,9768220
DH01970,486,2,14815928
DH01971,145,2,13595803
DH01971,334,2,7901528
DH01971,175,2,4766108
DH01972,76,3,25092737
DH01972,354,1,14109722
DH01972,243,2,9384883
DH01973,187,1,8866140
DH01974,446,1,10227214
DH01974,416,1,17524717
DH01975,214,2,21742788
DH01975,135,3,18508141
DH01976,356,2,23139278
DH01977,323,3,8114299
DH01977,270,2,15138021
DH01978,81,1,11760834
DH01978,152,3,11691816
DH01978,12,1,11992784
DH01979,167,3,19477755
DH01980,484,2,9546339
DH01980,440,1,21263667
DH01981,163,2,5148746
DH01981,404,1,24793579
DH01982,312,2,22250953
DH01983,218,1,7876105
DH01984,376,1,7479061
DH01984,362,2,18686057
DH01984,57,1,19310306
DH01985,130,3,8364943
DH01985,151,2,14524360
DH01986,192,3,10036440
DH01986,453,3,24897288
DH01986,156,1,23900042
DH01987,32,1,16788448
DH01988,442,3,14674667
DH01989,137,3,20559073
DH01989,399,2,2042288
DH01989,111,1,5190528
DH01990,220,1,21154109
DH01990,334,3,7901528
DH01991,124,3,18670083
DH01991,245,3,11838005
DH01992,347,3,10484449
DH01992,293,2,5223702
DH01992,491,1,23791756
DH01993,446,3,10227214
DH01993,328,1,19906025
DH01993,498,2,19498927
DH01994,268,3,20509489
DH01995,382,3,23997672
DH01995,437,3,20884762
DH01996,489,1,23457899
DH01996,124,1,18670083
DH01996,34,3,21526031
DH01997,444,1,24721344
DH01997,61,3,11543600
DH01997,384,1,7946719
DH01998,220,1,21154109
DH01998,7,3,4357180
DH01998,77,1,20281855
DH01999,150,3,22175650
DH01999,180,3,5187803
DH01999,379,2,11024419
DH02000,390,1,7428418
DH02001,369,1,10752264
DH02001,22,3,24114298
DH02002,39,1,5958851
DH02002,2,2,2619639
DH02003,71,1,20920065
DH02004,352,3,22014922
DH02005,110,2,2655742
DH02005,68,1,14423549
DH02005,102,1,13562744
DH02006,324,3,5235456
DH02006,287,2,10898911
DH02006,307,1,2970393
DH02007,124,1,18670083
DH02008,291,3,19063989
DH02008,184,2,17356432
DH02008,62,3,17040933
DH02009,148,2,24016044
DH02010,18,3,8089438
DH02011,397,1,23886813
DH02011,63,1,25365618
DH02011,121,2,22194333
DH02012,488,1,1330310
DH02012,240,2,23483447
DH02013,135,1,18508141
DH02014,96,1,2158473
DH02015,243,1,9384883
DH02015,442,1,14674667
DH02015,195,3,2797518
DH02016,2,1,2619639
DH02016,217,2,21518753
DH02016,384,2,7946719
DH02017,158,2,2814097
DH02018,97,2,20721508
DH02018,146,2,19268450
DH02018,384,1,7946719
DH02019,49,3,10127878
DH02020,54,1,18474415
DH02020,142,1,23627613
DH02020,28,3,8340920
DH02021,59,3,11020945
DH02021,327,1,6561107
DH02022,450,1,19208894
DH02022,210,1,20061356
DH02023,208,3,16507221
DH02024,230,3,4583309
DH02024,69,1,13005856
DH02025,214,1,21742788
DH02025,382,2,23997672
DH02026,11,1,10235878
DH02027,434,1,20511341
DH02027,72,2,11915298
DH02028,477,2,17019502
DH02028,208,1,16507221
DH02028,297,2,3729757
DH02029,241,1,14883376
DH02029,48,2,10369706
DH02029,490,3,24697745
DH02030,200,3,25326262
DH02030,315,3,7916762
DH02031,236,3,25624479
DH02031,126,3,7453646
DH02031,270,3,15138021
DH02032,26,2,23522794
DH02033,311,1,20701272
DH02034,328,3,19906025
DH02035,209,1,11044537
DH02035,371,1,15596681
DH02035,133,3,25260384
DH02036,380,2,7759711
DH02037,214,3,21742788
DH02038,149,1,20816892
DH02039,468,1,21281263
DH02039,427,2,12881666
DH02040,187,1,8866140
DH02040,229,3,5955017
DH02040,125,2,13225929
DH02041,52,1,14404540
DH02042,112,1,21786528
DH02043,500,3,12716509
DH02043,118,3,6945092
DH02044,86,3,8568170
DH02044,147,3,13624031
DH02044,379,1,11024419
DH02045,468,1,21281263
DH02046,343,1,17874359
DH02046,204,3,6098253
DH02047,135,2,18508141
DH02047,131,2,2156224
DH02047,487,2,9625660
DH02048,485,1,2937854
DH02049,477,3,17019502
DH02049,239,1,9904462
DH02049,492,2,8668431
DH02050,131,1,2156224
DH02050,128,3,5789660
DH02051,6,3,15618829
DH02051,420,2,7580608
DH02051,492,1,8668431
DH02052,25,3,7741025
DH02053,302,1,1904905
DH02054,240,3,23483447
DH02055,159,3,18319776
DH02056,445,2,3753037
DH02056,444,2,24721344
DH02057,168,2,4959346
DH02058,195,2,2797518
DH02058,78,2,10074989
DH02058,303,1,19460829
DH02059,164,3,12450217
DH02059,64,3,9718506
DH02060,392,1,2439684
DH02060,224,1,17686916
DH02061,218,1,7876105
DH02062,175,3,4766108
DH02062,446,1,10227214
DH02063,152,2,11691816
DH02064,207,1,11794425
DH02064,497,3,20532926
DH02065,157,2,10354320
DH02065,312,2,22250953
DH02065,231,1,7056866
DH02066,195,3,2797518
DH02067,116,1,17991157
DH02068,46,1,13724985
DH02069,421,3,22589235
DH02069,455,3,2445683
DH02070,185,2,5305149
DH02070,58,2,4846247
DH02070,51,2,18354531
DH02071,484,3,9546339
DH02071,286,1,3106273
DH02071,320,3,13927009
DH02072,128,2,5789660
DH02073,12,2,11992784
DH02073,305,1,19848099
DH02073,280,1,25571963
DH02074,298,2,19424399
DH02074,283,1,9498824
DH02074,149,2,20816892
DH02075,401,1,3227628
DH02075,130,3,8364943
DH02076,146,1,19268450
DH02076,145,3,13595803
DH02076,296,2,7282780
DH02077,104,3,21205978
DH02078,2,2,2619639
DH02078,494,2,4606985
DH02078,297,1,3729757
DH02079,187,2,8866140
DH02079,433,2,2223429
DH02079,410,3,12647688
DH02080,422,1,12003004
DH02080,480,1,9066937
DH02080,92,3,11092983
DH02081,461,2,13898840
DH02081,425,1,12382069
DH02081,70,3,24683647
DH02082,227,1,23575212
DH02082,314,2,21535304
DH02082,202,2,10502987
DH02083,87,1,1388487
DH02083,50,3,16126277
DH02084,88,2,15268123
DH02085,87,3,1388487
DH02086,5,3,6035905
DH02086,102,3,13562744
DH02087,348,1,16075438
DH02087,464,2,10451249
DH02087,339,1,7585126
DH02088,78,3,10074989
DH02089,6,2,15618829
DH02089,278,1,16871480
DH02090,317,2,3451035
DH02091,379,3,11024419
DH02092,191,1,2180855
DH02092,211,3,19060983
DH02093,43,3,14663576
DH02093,303,1,19460829
DH02093,337,2,16155694
DH02094,27,2,12159304
DH02095,416,1,17524717
DH02095,164,2,12450217
DH02095,459,3,21165935
DH02096,67,1,2603224
DH02096,435,1,4349985
DH02096,268,3,20509489
DH02097,212,2,9801647
DH02097,51,3,18354531
DH02098,115,1,24228127
DH02098,489,1,23457899
DH02098,214,2,21742788
DH02099,374,3,17616582
DH02099,208,1,16507221
DH02100,218,2,7876105
DH02100,132,2,16198314
DH02101,36,2,4440658
DH02101,230,2,4583309
DH02101,255,3,11357464
DH02102,61,2,11543600
DH02102,173,2,8932665
DH02102,152,2,11691816
DH02103,113,3,9188480
DH02103,179,2,23021297
DH02104,413,2,19949073
DH02105,462,3,16447832
DH02105,24,1,1688485
DH02105,7,1,4357180
DH02106,186,1,11833611
DH02107,301,3,23179464
DH02108,409,3,25383281
DH02109,86,2,8568170
DH02109,85,2,22953739
DH02109,145,1,13595803
DH02110,406,2,1821869
DH02111,261,2,8666850
DH02111,167,2,19477755
DH02112,361,3,2131412
DH02112,13,1,24933847
DH02113,332,3,16273428
DH02113,345,2,24716330
DH02114,106,1,3358747
DH02114,488,1,1330310
DH02115,450,3,19208894
DH02115,340,2,2512853
DH02116,150,3,22175650
DH02116,229,1,5955017
DH02117,157,2,10354320
DH02118,291,1,19063989
DH02118,282,3,9983595
DH02118,475,3,23514632
DH02119,275,3,1991880
DH02119,413,2,19949073
DH02120,337,2,16155694
DH02120,137,3,20559073
DH02120,243,2,9384883
DH02121,404,2,24793579
DH02121,12,2,11992784
DH02122,479,2,24995661
DH02123,124,3,18670083
DH02123,308,3,23205555
DH02124,480,1,9066937
DH02124,118,3,6945092
DH02125,354,2,14109722
DH02126,229,1,5955017
DH02126,497,1,20532926
DH02126,401,1,3227628
DH02127,138,1,24036792
DH02127,309,1,16160657
DH02128,39,3,5958851
DH02128,441,3,18385006
DH02129,70,1,24683647
DH02129,373,3,17596085
DH02129,322,1,4789634
DH02130,255,1,11357464
DH02130,348,1,16075438
DH02131,229,3,5955017
DH02131,253,2,9232276
DH02131,111,2,5190528
DH02132,252,3,18216160
DH02132,313,3,2770705
DH02133,241,2,14883376
DH02134,122,2,18283116
DH02135,348,3,16075438
DH02135,73,1,13467563
DH02135,10,3,8245338
DH02136,64,3,9718506
DH02136,427,3,12881666
DH02136,377,1,12231914
DH02137,425,1,12382069
DH02137,56,2,3656281
DH02138,142,3,23627613
DH02138,84,2,5916601
DH02138,465,3,24131257
DH02139,443,3,15873432
DH02139,393,3,15902198
DH02140,115,1,24228127
DH02141,300,2,20713031
DH02141,390,3,7428418
DH02142,51,1,18354531
DH02143,72,2,11915298
DH02143,173,3,8932665
DH02144,158,1,2814097
DH02144,203,3,2141244
DH02145,40,3,13768783
DH02145,178,1,25162917
DH02146,424,2,19568438
DH02146,28,2,8340920
DH02146,360,3,17479616
DH02147,412,1,5966347
DH02147,222,3,24480557
DH02147,84,2,5916601
DH02148,251,3,11288407
DH02148,276,2,11889649
DH02149,29,2,8608366
DH02150,75,3,1572912
DH02151,20,1,14519905
DH02152,65,3,20123002
DH02152,37,2,24694673
DH02152,233,1,5799781
DH02153,132,2,16198314
DH02154,253,1,9232276
DH02154,460,2,15973168
DH02155,290,2,14771023
DH02155,53,1,18088695
DH02156,317,2,3451035
DH02156,137,3,20559073
DH02157,75,3,1572912
DH02157,458,3,3104580
DH02158,146,1,19268450
DH02158,316,1,19653730
DH02159,477,1,17019502
DH02160,233,2,5799781
DH02161,393,2,15902198
DH02161,268,2,20509489
DH02162,478,1,8623329
DH02162,377,1,12231914
DH02162,18,1,8089438
DH02163,413,1,19949073
DH02164,409,2,25383281
DH02165,100,1,3300603
DH02165,42,1,4888990
DH02166,390,1,7428418
DH02166,411,1,15292733
DH02166,449,3,7676975
DH02167,276,1,11889649
DH02168,362,1,18686057
DH02168,446,3,10227214
DH02169,3,3,23951194
DH02170,42,1,4888990
DH02170,181,1,1690676
DH02170,407,1,22242654
DH02171,261,2,8666850
DH02171,206,3,9160201
DH02172,222,2,24480557
DH02172,68,1,14423549
DH02172,139,1,8176702
DH02173,228,3,9625566
DH02173,256,3,7503626
DH02173,281,1,6520993
DH02174,402,1,14448552
DH02174,87,1,1388487
DH02174,64,2,9718506
DH02175,59,1,11020945
DH02176,264,2,7333700
DH02176,54,3,18474415
DH02177,287,2,10898911
DH02178,192,2,10036440
DH02179,233,2,5799781
DH02179,8,3,16791775
DH02180,348,2,16075438
DH02180,419,3,14450529
DH02180,182,3,19817463
DH02181,476,2,5610573
DH02181,477,3,17019502
DH02182,311,3,20701272
DH02183,295,2,2326130
DH02183,251,1,11288407
DH02183,201,2,14510585
DH02184,134,2,24009450
DH02184,442,3,14674667
DH02184,358,1,8803419
DH02185,7,2,4357180
DH02186,27,1,12159304
DH02187,363,2,13943365
DH02188,386,2,11489944
DH02188,106,1,3358747
DH02188,250,3,5901364
DH02189,319,2,17175754
DH02189,405,1,6786774
DH02189,273,1,13267090
DH02190,471,1,25755884
DH02191,311,3,20701272
DH02191,175,3,4766108
DH02192,490,2,24697745
DH02192,232,2,17350864
DH02192,241,2,14883376
DH02193,381,2,3635754
DH02193,423,2,11205935
DH02193,227,3,23575212
DH02194,316,1,19653730
DH02195,407,2,22242654
DH02196,356,2,23139278
DH02197,302,3,1904905
DH02198,194,3,10519150
DH02198,89,2,15656852
DH02198,230,2,4583309
DH02199,156,3,23900042
DH02199,329,3,13517918
DH02200,377,1,12231914
DH02200,215,1,22688954
DH02201,282,1,9983595
DH02201,454,1,24379043
DH02201,100,3,3300603
DH02202,116,3,17991157
DH02202,484,1,9546339
DH02202,282,2,9983595
DH02203,350,1,12090591
DH02204,437,1,20884762
DH02204,53,1,18088695
DH02204,377,2,12231914
DH02205,29,2,8608366
DH02205,43,3,14663576
DH02206,396,1,2735462
DH02206,331,3,16419785
DH02207,217,3,21518753
DH02207,50,1,16126277
DH02208,38,3,25625870
DH02208,39,2,5958851
DH02209,212,1,9801647
DH02209,221,1,18603561
DH02210,231,2,7056866
DH02210,170,1,18830250
DH02211,46,2,13724985
DH02211,94,2,4892461
DH02212,378,2,5459248
DH02212,244,3,16782990
DH02213,396,2,2735462
DH02213,318,1,23570935
DH02213,423,1,11205935
DH02214,339,1,7585126
DH02214,130,2,8364943
DH02215,399,2,2042288
DH02215,158,3,2814097
DH02216,179,2,23021297
DH02217,225,3,17350639
DH02217,33,2,16395207
DH02217,325,2,16561482
DH02218,15,1,21879885
DH02219,292,3,15283078
DH02219,40,3,13768783
DH02220,175,2,4766108
DH02220,215,2,22688954
DH02221,335,3,6359823
DH02221,45,2,22446227
DH02221,256,2,7503626
DH02222,417,1,1927702
DH02222,221,3,18603561
DH02223,199,3,15317157
DH02223,249,2,12650029
DH02224,188,1,2213985
DH02224,155,2,23734363
DH02224,404,1,24793579
DH02225,358,1,8803419
DH02225,46,1,13724985
DH02226,176,1,12520307
DH02226,9,1,2348573
DH02226,152,3,11691816
DH02227,196,3,9383000
DH02227,51,1,18354531
DH02227,389,3,2247745
DH02228,128,3,5789660
DH02228,211,3,19060983
DH02228,496,3,14220784
DH02229,282,3,9983595
DH02230,346,2,15198565
DH02231,215,2,22688954
DH02231,213,1,9135747
DH02232,63,3,25365618
DH02232,337,2,16155694
DH02233,15,2,21879885
DH02234,226,3,24912858
DH02235,29,3,8608366
DH02235,345,2,24716330
DH02236,327,1,6561107
DH02237,193,1,12107524
DH02237,360,1,17479616
DH02238,185,2,5305149
DH02238,26,3,23522794
DH02239,209,2,11044537
DH02240,403,3,10108987
DH02240,420,3,7580608
DH02240,459,2,21165935
DH02241,249,2,12650029
DH02241,260,3,5169564
DH02242,298,3,19424399
DH02242,184,2,17356432
DH02243,476,2,5610573
DH02243,474,2,13191529
DH02243,40,3,13768783
DH02244,80,1,15432098
DH02244,10,2,8245338
DH02244,279,3,22313060
DH02245,435,2,4349985
DH02245,83,1,10278942
DH02246,177,1,6101695
DH02246,335,2,6359823
DH02247,144,1,6059706
DH02247,53,1,18088695
DH02248,177,2,6101695
DH02248,140,1,13589526
DH02249,157,2,10354320
DH02249,447,1,13793804
DH02249,241,1,14883376
DH02250,276,2,11889649
DH02250,202,1,10502987
DH02251,161,1,5421161
DH02252,155,2,23734363
DH02253,111,3,5190528
DH02253,212,3,9801647
DH02254,458,3,3104580
DH02254,140,3,13589526
DH02255,27,2,12159304
DH02255,406,2,1821869
DH02255,457,2,24221919
DH02256,232,2,17350864
DH02256,10,1,8245338
DH02256,150,3,22175650
DH02257,375,3,22543381
DH02258,463,3,14123822
DH02258,487,2,9625660
DH02259,356,2,23139278
DH02260,5,1,6035905
DH02261,278,2,16871480
DH02261,239,3,9904462
DH02262,415,2,23483261
DH02262,312,3,22250953
DH02262,346,3,15198565
DH02263,376,1,7479061
DH02263,223,1,2575778
DH02263,245,2,11838005
DH02264,121,2,22194333
DH02264,289,2,4921805
DH02264,159,3,18319776
DH02265,221,3,18603561
DH02265,317,3,3451035
DH02266,283,2,9498824
DH02266,433,2,2223429
DH02267,255,3,11357464
DH02267,295,3,2326130
DH02267,145,2,13595803
DH02268,202,3,10502987
DH02269,97,2,20721508
DH02270,315,2,7916762
DH02270,449,2,7676975
DH02271,343,2,17874359
DH02272,161,3,5421161
DH02272,304,3,24317139
DH02272,7,3,4357180
DH02273,13,2,24933847
DH02274,298,2,19424399
DH02274,248,2,22980553
DH02274,230,2,4583309
DH02275,148,2,24016044
DH02276,429,2,13157569
DH02276,50,1,16126277
DH02276,26,2,23522794
DH02277,210,3,20061356
DH02277,321,1,9556944
DH02278,258,1,12909089
DH02278,256,3,7503626
DH02278,89,3,15656852
DH02279,143,3,5091764
DH02279,349,3,19870600
DH02279,417,1,1927702
DH02280,420,1,7580608
DH02280,50,1,16126277
DH02280,168,2,4959346
DH02281,413,3,19949073
DH02281,476,3,5610573
DH02282,87,3,1388487
DH02282,52,1,14404540
DH02282,376,2,7479061
DH02283,496,3,14220784
DH02283,120,1,23629104
DH02284,34,3,21526031
DH02284,125,2,13225929
DH02285,117,3,1822241
DH02285,99,3,22557878
DH02285,7,3,4357180
DH02286,322,3,4789634
DH02287,94,3,4892461
DH02287,395,3,15941796
DH02288,439,1,11444083
DH02289,187,2,8866140
DH02289,426,2,22978827
DH02289,149,1,20816892
DH02290,420,3,7580608
DH02290,140,2,13589526
DH02291,67,3,2603224
DH02292,9,3,2348573
DH02292,170,2,18830250
DH02292,104,2,21205978
DH02293,44,3,12890144
DH02293,125,2,13225929
DH02293,239,3,9904462
DH02294,493,2,5355143
DH02295,184,1,17356432
DH02295,466,2,16269792
DH02296,234,1,12378563
DH02296,384,3,7946719
DH02297,91,3,20666588
DH02297,155,1,23734363
DH02297,424,2,19568438
DH02298,2,2,2619639
DH02298,429,1,13157569
DH02298,233,3,5799781
DH02299,166,2,17284447
DH02300,357,3,4857102
DH02300,163,2,5148746
DH02300,380,3,7759711
DH02301,392,1,2439684
DH02301,98,3,25849081
DH02301,209,2,11044537
DH02302,102,3,13562744
DH02302,344,2,15192156
DH02303,207,2,11794425
DH02303,221,3,18603561
DH02303,263,1,5779215
DH02304,160,1,7269450
DH02304,157,2,10354320
DH02304,123,2,5880587
DH02305,3,2,23951194
DH02306,83,3,10278942
DH02306,370,2,16487087
DH02306,195,3,2797518
DH02307,265,1,18875655
DH02308,347,2,10484449
DH02308,8,2,16791775
DH02309,56,1,3656281
DH02309,381,2,3635754
DH02309,74,2,2460854
DH02310,468,3,21281263
DH02310,483,3,9287345
DH02310,161,3,5421161
DH02311,138,2,24036792
DH02311,269,1,13567100
DH02311,346,2,15198565
DH02312,386,3,11489944
DH02312,174,1,24577473
DH02312,160,2,7269450
DH02313,430,3,11677101
DH02314,487,1,9625660
DH02314,115,3,24228127
DH02314,359,2,18193067
DH02315,193,2,12107524
DH02315,323,3,8114299
DH02316,271,2,8962577
DH02316,257,3,22709217
DH02316,285,2,6209359
DH02317,39,3,5958851
DH02318,170,2,18830250
DH02318,435,1,4349985
DH02318,224,2,17686916
DH02319,198,1,13851809
DH02320,3,2,23951194
DH02321,400,1,19389256
DH02321,402,1,14448552
DH02321,61,3,11543600
DH02322,140,2,13589526
DH02323,472,1,24725902
DH02324,229,3,5955017
DH02324,206,1,9160201
DH02324,297,2,3729757
DH02325,174,2,24577473
DH02325,82,2,6348395
DH02326,66,3,9292701
DH02326,179,3,23021297
DH02327,371,1,15596681
DH02327,187,1,8866140
DH02328,444,3,24721344
DH02328,175,1,4766108
DH02328,149,3,20816892
DH02329,112,3,21786528
DH02329,242,1,1536406
DH02329,14,1,7886377
DH02330,446,2,10227214
DH02330,370,3,16487087
DH02331,492,1,8668431
DH02331,418,1,6732468
DH02331,82,1,6348395
DH02332,328,3,19906025
DH02333,173,1,8932665
DH02333,347,1,10484449
DH02333,170,2,18830250
DH02334,238,2,8768981
DH02335,56,3,3656281
DH02335,207,1,11794425
DH02336,308,3,23205555
DH02337,366,1,7038014
DH02337,29,2,8608366
DH02338,26,1,23522794
DH02339,47,1,2363748
DH02340,125,1,13225929
DH02341,444,1,24721344
DH02341,169,1,25706307
DH02342,292,1,15283078
DH02342,138,2,24036792
DH02343,71,2,20920065
DH02343,76,3,25092737
DH02343,4,2,2033327
DH02344,243,1,9384883
DH02345,472,1,24725902
DH02346,27,3,12159304
DH02346,129,1,7748973
DH02347,343,1,17874359
DH02347,365,3,15480351
DH02348,188,2,2213985
DH02348,466,1,16269792
DH02348,33,1,16395207
DH02349,67,2,2603224
DH02350,463,1,14123822
DH02351,490,2,24697745
DH02351,395,1,15941796
DH02351,304,3,24317139
DH02352,55,3,17890818
DH02352,420,2,7580608
DH02352,74,2,2460854
DH02353,460,1,15973168
DH02354,367,1,21910738
DH02354,249,2,12650029
DH02354,211,2,19060983
DH02355,222,1,24480557
DH02356,266,1,8991711
DH02356,386,1,11489944
DH02357,359,1,18193067
DH02357,438,3,19966047
DH02358,197,1,1767828
DH02358,500,3,12716509
DH02359,48,2,10369706
DH02359,191,2,2180855
DH02360,144,1,6059706
DH02361,106,2,3358747
DH02362,199,2,15317157
DH02362,416,3,17524717
DH02363,20,2,14519905
DH02363,402,1,14448552
DH02364,340,1,2512853
DH02364,278,2,16871480
DH02365,55,2,17890818
DH02365,83,1,10278942
DH02366,80,2,15432098
DH02367,483,1,9287345
DH02367,456,1,1907183
DH02368,250,2,5901364
DH02369,17,1,11252793
DH02369,21,1,20692785
DH02369,153,1,9382132
DH02370,75,1,1572912
DH02370,339,1,7585126
DH02370,446,1,10227214
DH02371,363,1,13943365
DH02371,497,3,20532926
DH02372,79,2,5712887
DH02372,440,3,21263667
DH02373,449,2,7676975
DH02373,64,2,9718506
DH02373,446,2,10227214
DH02374,215,2,22688954
DH02375,334,2,7901528
DH02376,288,2,11145011
DH02377,431,2,3483711
DH02377,467,2,6408461
DH02377,121,3,22194333
DH02378,79,2,5712887
DH02378,269,3,13567100
DH02378,173,2,8932665
DH02379,280,2,25571963
DH02379,340,1,2512853
DH02379,134,3,24009450
DH02380,136,1,13200645
DH02380,304,1,24317139
DH02381,61,3,11543600
DH02382,95,3,17932883
DH02382,9,1,2348573
DH02383,199,1,15317157
DH02384,329,3,13517918
DH02385,72,3,11915298
DH02385,223,1,2575778
DH02385,375,2,22543381
DH02386,118,3,6945092
DH02387,108,2,16704100
DH02387,399,2,2042288
DH02387,230,3,4583309
DH02388,395,1,15941796
DH02388,53,2,18088695
DH02388,174,1,24577473
DH02389,227,3,23575212
DH02390,175,3,4766108
DH02390,279,3,22313060
DH02391,190,3,19493368
DH02392,241,3,14883376
DH02392,453,1,24897288
DH02392,410,1,12647688
DH02393,231,1,7056866
DH02394,482,1,25397322
DH02395,335,1,6359823
DH02395,487,2,9625660
DH02396,252,2,18216160
DH02397,28,1,8340920
DH02397,108,2,16704100
DH02397,355,1,19241391
DH02398,483,1,9287345
DH02398,131,3,2156224
DH02398,254,2,7786382
DH02399,126,2,7453646
DH02399,261,2,8666850
DH02400,423,1,11205935
DH02400,468,2,21281263
DH02401,177,3,6101695
DH02401,130,1,8364943
DH02402,73,1,13467563
DH02402,391,2,14598944
DH02402,492,3,8668431
DH02403,346,3,15198565
DH02404,130,3,8364943
DH02405,35,1,5481589
DH02406,475,1,23514632
DH02406,166,3,17284447
DH02407,389,1,2247745
DH02407,6,2,15618829
DH02407,96,3,2158473
DH02408,270,1,15138021
DH02408,430,1,11677101
DH02408,405,2,6786774
DH02409,3,3,23951194
DH02409,199,3,15317157
DH02409,454,2,24379043
DH02410,370,1,16487087
DH02410,430,3,11677101
DH02411,486,3,14815928
DH02411,498,3,19498927
DH02412,177,3,6101695
DH02413,411,2,15292733
DH02413,110,2,2655742
DH02414,10,1,8245338
DH02414,175,1,4766108
DH02414,21,3,20692785
DH02415,424,1,19568438
DH02415,374,3,17616582
DH02415,240,3,23483447
DH02416,82,3,6348395
DH02416,126,3,7453646
DH02416,430,3,11677101
DH02417,54,1,18474415
DH02418,130,1,8364943
DH02419,263,2,5779215
DH02419,201,1,14510585
DH02420,273,1,13267090
DH02421,418,2,6732468
DH02422,479,1,24995661
DH02422,226,1,24912858
DH02423,414,1,8838663
DH02423,134,1,24009450
DH02423,306,1,9109540
DH02424,369,3,10752264
DH02425,101,2,4709001
DH02425,421,3,22589235
DH02425,68,1,14423549
DH02426,187,2,8866140
DH02427,219,2,20274689
DH02428,261,1,8666850
DH02428,151,3,14524360
DH02429,159,3,18319776
DH02430,433,3,2223429
DH02430,49,2,10127878
DH02431,111,1,5190528
DH02432,197,2,1767828
DH02432,249,3,12650029
DH02432,173,1,8932665
DH02433,194,2,10519150
DH02433,392,2,2439684
DH02434,472,1,24725902
DH02434,76,3,25092737
DH02435,253,1,9232276
DH02435,8,1,16791775
DH02435,354,3,14109722
DH02436,146,3,19268450
DH02436,436,3,8088441
DH02436,241,1,14883376
DH02437,237,1,5969756
DH02437,157,1,10354320
DH02438,357,1,4857102
DH02439,408,1,17462807
DH02440,441,1,18385006
DH02441,13,2,24933847
DH02441,282,1,9983595
DH02441,11,3,10235878
DH02442,256,2,7503626
DH02442,113,1,9188480
DH02442,366,3,7038014
DH02443,150,1,22175650
DH02444,7,3,4357180
DH02445,471,1,25755884
DH02446,190,2,19493368
DH02446,390,1,7428418
DH02447,387,1,3436274
DH02447,257,2,22709217
DH02447,217,1,21518753
DH02448,339,2,7585126
DH02448,58,1,4846247
DH02448,183,3,25583781
DH02449,276,1,11889649
DH02449,21,1,20692785
DH02449,240,3,23483447
DH02450,390,2,7428418
DH02451,216,1,13741880
DH02452,15,2,21879885
DH02453,75,2,1572912
DH02453,87,2,1388487
DH02453,97,1,20721508
DH02454,409,1,25383281
DH02455,364,3,14254399
DH02456,141,3,22227393
DH02456,372,1,11933021
DH02456,492,3,8668431
DH02457,439,3,11444083
DH02458,377,3,12231914
DH02458,383,2,21556385
DH02458,121,1,22194333
DH02459,38,3,25625870
DH02459,72,1,11915298
DH02460,8,2,16791775
DH02460,80,1,15432098
DH02460,243,3,9384883
DH02461,492,1,8668431
DH02461,137,1,20559073
DH02461,142,3,23627613
DH02462,201,3,14510585
DH02462,489,1,23457899
DH02462,444,2,24721344
DH02463,327,1,6561107
DH02463,29,2,8608366
DH02463,365,3,15480351
DH02464,437,2,20884762
DH02464,79,3,5712887
DH02465,286,1,3106273
DH02465,194,2,10519150
DH02465,46,3,13724985
DH02466,288,3,11145011
DH02466,486,3,14815928
DH02466,96,2,2158473
DH02467,10,3,8245338
DH02467,449,1,7676975
DH02468,69,1,13005856
DH02468,354,3,14109722
DH02468,53,2,18088695
DH02469,193,1,12107524
DH02469,340,1,2512853
DH02469,144,1,6059706
DH02470,374,3,17616582
DH02471,297,3,3729757
DH02471,342,1,3872319
DH02472,144,1,6059706
DH02472,426,1,22978827
DH02472,28,2,8340920
DH02473,358,1,8803419
DH02473,417,3,1927702
DH02474,250,1,5901364
DH02474,199,1,15317157
DH02474,362,2,18686057
DH02475,496,1,14220784
DH02475,472,3,24725902
DH02476,345,3,24716330
DH02476,350,1,12090591
DH02477,28,1,8340920
DH02477,13,1,24933847
DH02477,455,3,2445683
DH02478,24,3,1688485
DH02478,158,2,2814097
DH02479,165,3,25319024
DH02479,107,1,15707585
DH02480,75,2,1572912
DH02480,413,3,19949073
DH02480,38,2,25625870
DH02481,121,3,22194333
DH02481,458,3,3104580
DH02482,344,2,15192156
DH02483,177,2,6101695
DH02484,86,3,8568170
DH02484,250,1,5901364
DH02484,66,3,9292701
DH02485,244,1,16782990
DH02485,410,3,12647688
DH02485,352,2,22014922
DH02486,231,3,7056866
DH02486,213,2,9135747
DH02487,58,1,4846247
DH02488,70,1,24683647
DH02488,94,2,4892461
DH02489,116,2,17991157
DH02489,16,3,1902478
DH02490,283,1,9498824
DH02490,174,3,24577473
DH02490,40,1,13768783
DH02491,260,1,5169564
DH02491,413,3,19949073
DH02491,40,3,13768783
DH02492,449,1,7676975
DH02492,297,1,3729757
DH02492,179,2,23021297
DH02493,116,3,17991157
DH02494,260,1,5169564
DH02494,426,3,22978827
DH02494,239,3,9904462
DH02495,99,2,22557878
DH02496,401,3,3227628
DH02496,144,2,6059706
DH02497,462,2,16447832
DH02497,237,1,5969756
DH02497,281,1,6520993
DH02498,61,3,11543600
DH02499,401,2,3227628
DH02499,457,2,24221919
DH02499,16,1,1902478
DH02500,85,3,22953739
DH02500,277,3,20673499
DH02500,220,1,21154109
DH02501,63,3,25365618
DH02501,376,1,7479061
DH02502,41,1,23214519
DH02502,71,3,20920065
DH02503,173,2,8932665
DH02503,123,1,5880587
DH02503,346,1,15198565
DH02504,45,3,22446227
DH02504,165,2,25319024
DH02504,247,1,14840560
DH02505,191,1,2180855
DH02505,72,1,11915298
DH02505,12,3,11992784
DH02506,30,2,22850493
DH02507,26,1,23522794
DH02507,422,2,12003004
DH02507,230,3,4583309
DH02508,306,2,9109540
DH02509,64,1,9718506
DH02509,23,2,18730487
DH02510,417,2,1927702
DH02511,8,1,16791775
DH02512,173,2,8932665
DH02513,153,1,9382132
DH02514,160,1,7269450
DH02514,34,3,21526031
DH02514,309,3,16160657
DH02515,495,1,24537951
DH02516,297,1,3729757
DH02517,36,2,4440658
DH02517,490,1,24697745
DH02517,19,1,6165758
DH02518,445,1,3753037
DH02519,212,2,9801647
DH02520,254,3,7786382
DH02520,226,3,24912858
DH02520,214,1,21742788
DH02521,246,2,4574511
DH02521,277,3,20673499
DH02521,46,1,13724985
DH02522,130,2,8364943
DH02523,369,3,10752264
DH02523,255,3,11357464
DH02524,21,1,20692785
DH02524,357,3,4857102
DH02524,123,1,5880587
DH02525,283,2,9498824
DH02526,199,1,15317157
DH02527,267,1,20768736
DH02527,352,3,22014922
DH02528,187,1,8866140
DH02528,281,3,6520993
DH02529,72,3,11915298
DH02529,2,1,2619639
DH02530,413,3,19949073
DH02530,333,3,4723884
DH02531,159,1,18319776
DH02531,364,2,14254399
DH02531,335,3,6359823
DH02532,92,3,11092983
DH02533,442,2,14674667
DH02533,446,2,10227214
DH02534,330,3,21871930
DH02534,397,1,23886813
DH02535,391,2,14598944
DH02535,490,1,24697745
DH02536,252,3,18216160
DH02537,155,3,23734363
DH02538,448,3,1655313
DH02538,350,1,12090591
DH02538,290,2,14771023
DH02539,151,3,14524360
DH02540,279,1,22313060
DH02540,353,2,17335247
DH02540,321,3,9556944
DH02541,458,1,3104580
DH02542,104,3,21205978
DH02542,30,1,22850493
DH02542,392,1,2439684
DH02543,125,3,13225929
DH02543,340,3,2512853
DH02544,183,3,25583781
DH02544,177,2,6101695
DH02545,243,2,9384883
DH02545,175,1,4766108
DH02546,42,2,4888990
DH02546,416,2,17524717
DH02547,304,1,24317139
DH02547,227,1,23575212
DH02548,476,1,5610573
DH02549,77,2,20281855
DH02549,202,2,10502987
DH02550,190,2,19493368
DH02551,370,3,16487087
DH02551,270,1,15138021
DH02552,142,3,23627613
DH02553,415,1,23483261
DH02554,239,2,9904462
DH02554,288,1,11145011
DH02555,151,2,14524360
DH02555,446,2,10227214
DH02556,27,2,12159304
DH02556,279,1,22313060
DH02557,2,1,2619639
DH02557,334,1,7901528
DH02558,410,2,12647688
DH02558,112,3,21786528
DH02558,291,2,19063989
DH02559,301,3,23179464
DH02559,211,3,19060983
DH02560,468,3,21281263
DH02561,263,1,5779215
DH02561,447,1,13793804
DH02561,387,3,3436274
DH02562,85,3,22953739
DH02562,433,1,2223429
DH02563,389,1,2247745
DH02563,427,2,12881666
DH02563,188,1,2213985
DH02564,114,3,5461510
DH02564,353,1,17335247
DH02564,159,3,18319776
DH02565,233,1,5799781
DH02566,26,3,23522794
DH02566,431,2,3483711
DH02566,76,3,25092737
DH02567,300,2,20713031
DH02567,116,1,17991157
DH02568,390,2,7428418
DH02568,496,1,14220784
DH02569,137,3,20559073
DH02570,394,3,14325309
DH02570,114,1,5461510
DH02571,500,1,12716509
DH02572,27,3,12159304
DH02573,356,2,23139278
DH02573,268,3,20509489
DH02574,147,2,13624031
DH02574,308,1,23205555
DH02574,48,3,10369706
DH02575,162,3,16154689
DH02575,137,2,20559073
DH02575,225,1,17350639
DH02576,52,1,14404540
DH02577,374,3,17616582
DH02577,123,1,5880587
DH02577,48,1,10369706
DH02578,136,1,13200645
DH02579,434,2,20511341
DH02580,45,1,22446227
DH02580,453,1,24897288
DH02580,374,2,17616582
DH02581,34,1,21526031
DH02581,213,2,9135747
DH02582,349,1,19870600
DH02582,257,2,22709217
DH02582,204,1,6098253
DH02583,330,2,21871930
DH02583,467,1,6408461
DH02583,318,2,23570935
DH02584,487,3,9625660
DH02584,317,3,3451035
DH02584,156,3,23900042
DH02585,111,3,5190528
DH02585,20,1,14519905
DH02585,159,2,18319776
DH02586,32,3,16788448
DH02586,412,1,5966347
DH02587,497,1,20532926
DH02587,146,2,19268450
DH02588,44,2,12890144
DH02588,470,1,2362889
DH02589,125,3,13225929
DH02590,399,3,2042288
DH02590,54,2,18474415
DH02591,440,3,21263667
DH02591,436,2,8088441
DH02592,198,3,13851809
DH02593,299,2,10443833
DH02594,224,1,17686916
DH02594,92,2,11092983
DH02595,132,1,16198314
DH02596,485,3,2937854
DH02596,244,2,16782990
DH02597,374,2,17616582
DH02597,96,1,2158473
DH02598,381,1,3635754
DH02599,70,1,24683647
DH02599,367,1,21910738
DH02600,362,3,18686057
DH02600,209,2,11044537
DH02600,412,2,5966347
DH02601,210,1,20061356
DH02602,30,3,22850493
DH02602,444,1,24721344
DH02603,266,3,8991711
DH02604,7,3,4357180
DH02604,48,3,10369706
DH02605,173,3,8932665
DH02605,444,2,24721344
DH02605,223,2,2575778
DH02606,142,1,23627613
DH02606,127,3,23583550
DH02607,132,1,16198314
DH02608,500,1,12716509
DH02608,455,2,2445683
DH02609,186,2,11833611
DH02610,15,3,21879885
DH02610,83,3,10278942
DH02610,481,3,11804603
DH02611,31,1,19561998
DH02611,347,3,10484449
DH02612,360,3,17479616
DH02613,329,3,13517918
DH02613,141,1,22227393
DH02614,449,3,7676975
DH02614,211,2,19060983
DH02614,78,3,10074989
DH02615,138,2,24036792
DH02615,203,3,2141244
DH02615,229,3,5955017
DH02616,125,2,13225929
DH02616,130,1,8364943
DH02616,76,2,25092737
DH02617,373,2,17596085
DH02618,119,2,13510580
DH02618,212,1,9801647
DH02619,351,2,13618008
DH02619,388,1,12500788
DH02619,104,2,21205978
DH02620,3,2,23951194
DH02621,387,2,3436274
DH02622,170,2,18830250
DH02622,307,1,2970393
DH02622,413,2,19949073
DH02623,244,2,16782990
DH02624,471,2,25755884
DH02624,19,2,6165758
DH02625,470,1,2362889
DH02625,230,2,4583309
DH02626,118,3,6945092
DH02626,167,3,19477755
DH02627,448,2,1655313
DH02628,427,3,12881666
DH02629,284,3,7510427
DH02630,159,2,18319776
DH02630,134,3,24009450
DH02631,166,2,17284447
DH02631,67,1,2603224
DH02632,260,1,5169564
DH02632,449,2,7676975
DH02632,177,3,6101695
DH02633,500,3,12716509
DH02633,475,1,23514632
DH02633,89,2,15656852
DH02634,28,2,8340920
DH02635,409,2,25383281
DH02636,96,3,2158473
DH02636,34,3,21526031
DH02636,231,3,7056866
DH02637,120,2,23629104
DH02638,4,3,2033327
DH02638,287,1,10898911
DH02638,471,3,25755884
DH02639,271,1,8962577
DH02639,301,1,23179464
DH02639,177,3,6101695
DH02640,138,2,24036792
DH02641,18,1,8089438
DH02641,281,1,6520993
DH02642,414,3,8838663
DH02642,173,1,8932665
DH02642,444,2,24721344
DH02643,258,1,12909089
DH02643,197,2,1767828
DH02643,332,2,16273428
DH02644,112,3,21786528
DH02644,197,1,1767828
DH02644,246,1,4574511
DH02645,119,3,13510580
DH02646,19,3,6165758
DH02646,223,1,2575778
DH02647,365,2,15480351
DH02647,494,3,4606985
DH02647,309,3,16160657
DH02648,15,1,21879885
DH02648,282,2,9983595
DH02649,224,3,17686916
DH02650,222,3,24480557
DH02651,74,2,2460854
DH02651,46,2,13724985
DH02651,438,2,19966047
DH02652,176,3,12520307
DH02652,26,3,23522794
DH02653,409,1,25383281
DH02653,340,3,2512853
DH02653,355,1,19241391
DH02654,44,3,12890144
DH02654,428,3,8623074
DH02654,219,1,20274689
DH02655,329,2,13517918
DH02655,174,2,24577473
DH02656,351,1,13618008
DH02656,317,3,3451035
DH02656,193,3,12107524
DH02657,134,2,24009450
DH02657,425,3,12382069
DH02657,465,1,24131257
DH02658,200,3,25326262
DH02658,471,1,25755884
DH02659,318,3,23570935
DH02660,499,2,11225264
DH02660,67,3,2603224
DH02660,161,2,5421161
DH02661,31,1,19561998
DH02661,158,3,2814097
DH02662,384,2,7946719
DH02662,383,2,21556385
DH02663,97,2,20721508
DH02663,81,3,11760834
DH02664,213,1,9135747
DH02664,466,2,16269792
DH02664,200,1,25326262
DH02665,183,2,25583781
DH02665,312,3,22250953
DH02665,483,2,9287345
DH02666,498,3,19498927
DH02666,425,3,12382069
DH02667,27,2,12159304
DH02667,267,3,20768736
DH02667,435,2,4349985
DH02668,177,2,6101695
DH02669,427,2,12881666
DH02669,452,1,6422656
DH02669,203,2,2141244
DH02670,64,3,9718506
DH02670,437,1,20884762
DH02671,109,3,8310763
DH02671,388,1,12500788
DH02671,369,3,10752264
DH02672,307,2,2970393
DH02673,108,3,16704100
DH02673,201,3,14510585
DH02674,458,3,3104580
DH02674,103,1,17996106
DH02674,90,1,19909796
DH02675,136,1,13200645
DH02675,401,2,3227628
DH02675,248,3,22980553
DH02676,43,2,14663576
DH02677,65,2,20123002
DH02678,186,1,11833611
DH02678,252,3,18216160
DH02679,242,3,1536406
DH02680,28,3,8340920
DH02680,5,1,6035905
DH02681,24,1,1688485
DH02681,286,2,3106273
DH02681,483,2,9287345
DH02682,190,2,19493368
DH02682,329,1,13517918
DH02683,453,1,24897288
DH02683,315,1,7916762
DH02684,5,3,6035905
DH02684,256,2,7503626
DH02684,312,3,22250953
DH02685,329,2,13517918
DH02686,282,2,9983595
DH02686,29,3,8608366
DH02686,27,2,12159304
DH02687,307,1,2970393
DH02687,106,2,3358747
DH02687,290,3,14771023
DH02688,376,1,7479061
DH02688,392,3,2439684
DH02689,173,3,8932665
DH02690,407,2,22242654
DH02691,455,1,2445683
DH02691,259,1,2352165
DH02691,46,1,13724985
DH02692,368,2,21192004
DH02692,117,2,1822241
DH02692,236,1,25624479
DH02693,418,1,6732468
DH02694,119,2,13510580
DH02695,497,2,20532926
DH02695,407,1,22242654
DH02695,426,3,22978827
DH02696,323,1,8114299
DH02697,372,3,11933021
DH02697,203,3,2141244
DH02698,210,1,20061356
DH02698,246,3,4574511
DH02699,24,1,1688485
DH02699,151,2,14524360
DH02700,320,3,13927009
DH02700,207,3,11794425
DH02700,55,2,17890818
DH02701,252,3,18216160
DH02701,88,1,15268123
DH02701,72,1,11915298
DH02702,458,1,3104580
DH02702,283,2,9498824
DH02702,347,3,10484449
DH02703,185,1,5305149
DH02703,269,2,13567100
DH02703,469,2,24833142
DH02704,199,2,15317157
DH02704,222,2,24480557
DH02704,361,3,2131412
DH02705,219,2,20274689
DH02706,417,2,1927702
DH02706,352,1,22014922
DH02707,141,1,22227393
DH02708,431,2,3483711
DH02708,352,1,22014922
DH02708,63,2,25365618
DH02709,148,3,24016044
DH02710,301,1,23179464
DH02710,313,2,2770705
DH02710,322,1,4789634
DH02711,108,3,16704100
DH02711,300,3,20713031
DH02712,352,3,22014922
DH02712,448,2,1655313
DH02712,278,3,16871480
DH02713,445,2,3753037
DH02713,475,2,23514632
DH02714,118,1,6945092
DH02715,39,3,5958851
DH02715,93,1,14686287
DH02715,398,3,4672398
DH02716,488,2,1330310
DH02717,486,1,14815928
DH02717,2,2,2619639
DH02718,479,3,24995661
DH02718,334,2,7901528
DH02718,145,2,13595803
DH02719,326,3,10657286
DH02720,15,2,21879885
DH02720,321,1,9556944
DH02720,431,2,3483711
DH02721,363,3,13943365
DH02721,115,1,24228127
DH02722,462,3,16447832
DH02723,82,3,6348395
DH02723,297,2,3729757
DH02724,111,2,5190528
DH02724,12,1,11992784
DH02724,253,2,9232276
DH02725,19,1,6165758
DH02725,233,1,5799781
DH02725,311,1,20701272
DH02726,38,2,25625870
DH02726,162,3,16154689
DH02726,290,2,14771023
DH02727,112,2,21786528
DH02727,187,3,8866140
DH02728,338,1,11491142
DH02728,400,3,19389256
DH02729,400,3,19389256
DH02730,138,3,24036792
DH02731,220,3,21154109
DH02732,344,1,15192156
DH02732,486,3,14815928
DH02733,357,3,4857102
DH02733,116,3,17991157
DH02734,16,1,1902478
DH02734,156,3,23900042
DH02734,221,1,18603561
DH02735,113,3,9188480
DH02735,403,2,10108987
DH02735,90,1,19909796
DH02736,327,2,6561107
DH02736,418,2,6732468
DH02737,129,1,7748973
DH02737,332,1,16273428
DH02738,407,2,22242654
DH02739,288,2,11145011
DH02739,12,2,11992784
DH02740,70,2,24683647
DH02740,391,3,14598944
DH02740,180,1,5187803
DH02741,326,3,10657286
DH02742,295,3,2326130
DH02742,40,3,13768783
DH02742,8,1,16791775
DH02743,378,3,5459248
DH02743,333,2,4723884
DH02744,77,2,20281855
DH02745,370,2,16487087
DH02746,292,2,15283078
DH02746,284,3,7510427
DH02747,34,2,21526031
DH02748,73,1,13467563
DH02748,367,2,21910738
DH02748,131,2,2156224
DH02749,469,2,24833142
DH02749,124,3,18670083
DH02749,437,1,20884762
DH02750,348,1,16075438
DH02750,188,3,2213985
DH02751,92,1,11092983
DH02751,293,2,5223702
DH02752,264,2,7333700
DH02752,12,1,11992784
DH02752,76,3,25092737
DH02753,191,2,2180855
DH02753,57,2,19310306
DH02753,425,1,12382069
DH02754,49,3,10127878
DH02754,344,2,15192156
DH02754,108,1,16704100
DH02755,116,2,17991157
DH02755,2,2,2619639
DH02756,356,1,23139278
DH02756,350,1,12090591
DH02756,412,2,5966347
DH02757,126,1,7453646
DH02757,356,2,23139278
DH02758,293,3,5223702
DH02758,274,1,8049917
DH02759,348,1,16075438
DH02759,329,2,13517918
DH02760,115,2,24228127
DH02760,475,2,23514632
DH02760,269,2,13567100
DH02761,386,2,11489944
DH02762,495,3,24537951
DH02763,49,3,10127878
DH02763,494,1,4606985
DH02763,102,3,13562744
DH02764,278,1,16871480
DH02764,264,3,7333700
DH02765,174,1,24577473
DH02766,11,1,10235878
DH02766,396,3,2735462
DH02766,355,2,19241391
DH02767,2,2,2619639
DH02767,405,2,6786774
DH02768,120,1,23629104
DH02769,319,1,17175754
DH02769,382,2,23997672
DH02770,357,1,4857102
DH02770,205,2,11351137
DH02771,120,2,23629104
DH02772,18,1,8089438
DH02772,94,1,4892461
DH02773,414,2,8838663
DH02773,258,3,12909089
DH02773,453,2,24897288
DH02774,399,1,2042288
DH02775,377,2,12231914
DH02776,473,1,8143318
DH02776,192,3,10036440
DH02777,87,2,1388487
DH02777,485,3,2937854
DH02778,66,1,9292701
DH02778,37,2,24694673
DH02779,271,1,8962577
DH02780,358,3,8803419
DH02780,389,3,2247745
DH02780,45,1,22446227
DH02781,45,2,22446227
DH02781,311,1,20701272
DH02781,7,1,4357180
DH02782,358,3,8803419
DH02783,305,1,19848099
DH02784,197,3,1767828
DH02784,170,1,18830250
DH02785,52,1,14404540
DH02785,168,2,4959346
DH02785,152,1,11691816
DH02786,53,3,18088695
DH02787,376,1,7479061
DH02788,303,2,19460829
DH02788,269,3,13567100
DH02788,343,1,17874359
DH02789,50,2,16126277
DH02790,44,3,12890144
DH02790,63,1,25365618
DH02791,185,2,5305149
DH02792,364,1,14254399
DH02793,414,2,8838663
DH02794,468,2,21281263
DH02794,299,2,10443833
DH02794,470,3,2362889
DH02795,137,1,20559073
DH02795,9,1,2348573
DH02796,258,3,12909089
DH02797,136,3,13200645
DH02798,303,2,19460829
DH02799,361,2,2131412
DH02799,38,2,25625870
DH02800,223,2,2575778
DH02800,227,1,23575212
DH02801,155,3,23734363
DH02801,398,1,4672398
DH02802,403,1,10108987
DH02802,482,3,25397322
DH02802,340,2,2512853
DH02803,234,2,12378563
DH02803,391,3,14598944
DH02803,74,1,2460854
DH02804,346,1,15198565
DH02804,98,1,25849081
DH02805,390,1,7428418
DH02806,263,1,5779215
DH02807,381,2,3635754
DH02808,458,3,3104580
DH02808,24,1,1688485
DH02809,84,3,5916601
DH02809,440,3,21263667
DH02810,231,3,7056866
DH02811,490,2,24697745
DH02811,39,2,5958851
DH02811,241,3,14883376
DH02812,434,3,20511341
DH02812,47,2,2363748
DH02812,416,1,17524717
DH02813,154,2,5917692
DH02813,254,1,7786382
DH02813,226,2,24912858
DH02814,200,2,25326262
DH02814,295,3,2326130
DH02814,238,3,8768981
DH02815,209,1,11044537
DH02815,10,1,8245338
DH02816,176,1,12520307
DH02816,408,3,17462807
DH02816,202,3,10502987
DH02817,281,1,6520993
DH02818,84,1,5916601
DH02819,99,3,22557878
DH02819,293,3,5223702
DH02820,280,2,25571963
DH02820,422,1,12003004
DH02821,273,1,13267090
DH02821,87,1,1388487
DH02822,74,2,2460854
DH02822,241,3,14883376
DH02822,478,1,8623329
DH02823,94,2,4892461
DH02824,455,1,2445683
DH02824,388,1,12500788
DH02824,435,2,4349985
DH02825,106,2,3358747
DH02825,270,2,15138021
DH02825,150,3,22175650
DH02826,303,2,19460829
DH02826,309,1,16160657
DH02826,249,2,12650029
DH02827,337,1,16155694
DH02827,128,2,5789660
DH02828,118,1,6945092
DH02828,73,2,13467563
DH02829,163,1,5148746
DH02830,303,3,19460829
DH02830,177,3,6101695
DH02830,324,1,5235456
DH02831,314,1,21535304
DH02832,109,2,8310763
DH02832,369,2,10752264
DH02833,311,2,20701272
DH02833,10,3,8245338
DH02834,173,2,8932665
DH02835,198,2,13851809
DH02836,172,3,11563207
DH02837,168,3,4959346
DH02837,353,2,17335247
DH02838,122,1,18283116
DH02839,409,2,25383281
DH02840,207,2,11794425
DH02840,278,3,16871480
DH02841,397,3,23886813
DH02841,420,1,7580608
DH02842,468,1,21281263
DH02843,328,2,19906025
DH02844,226,2,24912858
DH02845,326,2,10657286
DH02845,348,2,16075438
DH02846,355,2,19241391
DH02846,351,2,13618008
DH02846,324,3,5235456
DH02847,187,2,8866140
DH02847,145,2,13595803
DH02848,164,3,12450217
DH02849,113,3,9188480
DH02849,71,3,20920065
DH02849,128,1,5789660
DH02850,370,2,16487087
DH02851,54,3,18474415
DH02851,369,1,10752264
DH02852,400,2,19389256
DH02852,144,2,6059706
DH02852,213,2,9135747
DH02853,429,3,13157569
DH02853,74,2,2460854
DH02854,399,1,2042288
DH02854,317,2,3451035
DH02854,431,3,3483711
DH02855,66,1,9292701
DH02855,16,2,1902478
DH02856,230,3,4583309
DH02856,83,2,10278942
DH02856,207,3,11794425
DH02857,345,1,24716330
DH02858,138,1,24036792
DH02859,443,3,15873432
DH02860,412,1,5966347
DH02861,85,1,22953739
DH02861,447,3,13793804
DH02862,451,1,18801455
DH02862,472,3,24725902
DH02863,106,1,3358747
DH02864,484,2,9546339
DH02864,192,2,10036440
DH02865,410,3,12647688
DH02866,210,2,20061356
DH02866,166,2,17284447
DH02867,406,1,1821869
DH02868,357,1,4857102
DH02869,371,1,15596681
DH02870,477,1,17019502
DH02870,353,2,17335247
DH02870,391,1,14598944
DH02871,289,1,4921805
DH02871,446,3,10227214
DH02872,405,3,6786774
DH02872,392,1,2439684
DH02873,160,3,7269450
DH02873,420,2,7580608
DH02873,353,1,17335247
DH02874,71,3,20920065
DH02874,349,1,19870600
DH02874,273,2,13267090
DH02875,471,3,25755884
DH02875,426,2,22978827
DH02875,76,2,25092737
DH02876,57,1,19310306
DH02876,478,2,8623329
DH02877,283,3,9498824
DH02878,418,1,6732468
DH02878,435,2,4349985
DH02879,383,3,21556385
DH02879,389,2,2247745
DH02880,59,3,11020945
DH02880,436,2,8088441
DH02880,50,1,16126277
DH02881,432,1,25961408
DH02881,64,1,9718506
DH02882,4,1,2033327
DH02883,225,3,17350639
DH02884,363,1,13943365
DH02885,121,3,22194333
DH02885,412,2,5966347
DH02885,441,1,18385006
DH02886,477,3,17019502
DH02887,485,2,2937854
DH02888,114,2,5461510
DH02888,82,2,6348395
DH02888,341,1,24878704
DH02889,63,2,25365618
DH02889,404,3,24793579
DH02890,22,1,24114298
DH02891,306,1,9109540
DH02891,482,1,25397322
DH02892,302,1,1904905
DH02892,225,2,17350639
DH02893,99,2,22557878
DH02894,229,1,5955017
DH02894,86,3,8568170
DH02894,34,1,21526031
DH02895,374,1,17616582
DH02895,195,1,2797518
DH02896,14,2,7886377
DH02896,336,3,20788903
DH02897,265,2,18875655
DH02898,279,2,22313060
DH02898,244,2,16782990
DH02898,189,3,21341902
DH02899,144,3,6059706
DH02900,58,1,4846247
DH02900,486,3,14815928
DH02901,179,1,23021297
DH02902,388,2,12500788
DH02902,150,3,22175650
DH02903,147,2,13624031
DH02903,249,2,12650029
DH02904,168,2,4959346
DH02904,74,1,2460854
DH02905,308,3,23205555
DH02905,200,3,25326262
DH02905,206,3,9160201
DH02906,126,3,7453646
DH02906,429,1,13157569
DH02907,459,2,21165935
DH02908,99,2,22557878
DH02909,169,3,25706307
DH02910,159,1,18319776
DH02911,50,3,16126277
DH02912,40,2,13768783
DH02913,237,2,5969756
DH02913,211,3,19060983
DH02914,441,3,18385006
DH02914,259,1,2352165
DH02914,429,2,13157569
DH02915,197,3,1767828
DH02916,409,3,25383281
DH02916,351,2,13618008
DH02916,200,3,25326262
DH02917,419,2,14450529
DH02917,446,2,10227214
DH02918,241,2,14883376
DH02918,210,3,20061356
DH02918,384,1,7946719
DH02919,4,2,2033327
DH02920,166,2,17284447
DH02920,477,3,17019502
DH02921,34,3,21526031
DH02921,484,3,9546339
DH02921,363,1,13943365
DH02922,308,2,23205555
DH02923,395,3,15941796
DH02923,82,3,6348395
DH02923,20,2,14519905
DH02924,103,3,17996106
DH02925,272,3,15085613
DH02925,326,3,10657286
DH02926,266,2,8991711
DH02927,269,2,13567100
DH02928,441,1,18385006
DH02929,376,3,7479061
DH02929,73,3,13467563
DH02930,272,3,15085613
DH02930,167,1,19477755
DH02930,403,1,10108987
DH02931,405,3,6786774
DH02932,254,1,7786382
DH02932,318,1,23570935
DH02933,256,3,7503626
DH02933,24,2,1688485
DH02933,213,3,9135747
DH02934,96,3,2158473
DH02934,350,2,12090591
DH02935,89,1,15656852
DH02936,185,1,5305149
DH02937,238,2,8768981
DH02938,485,2,2937854
DH02938,28,3,8340920
DH02938,130,3,8364943
DH02939,252,3,18216160
DH02939,216,2,13741880
DH02940,343,3,17874359
DH02940,492,2,8668431
DH02940,480,2,9066937
DH02941,40,3,13768783
DH02941,389,1,2247745
DH02941,138,2,24036792
DH02942,145,1,13595803
DH02942,416,1,17524717
DH02942,500,2,12716509
DH02943,254,3,7786382
DH02943,487,3,9625660
DH02943,53,1,18088695
DH02944,8,2,16791775
DH02945,266,2,8991711
DH02946,482,2,25397322
DH02946,356,1,23139278
DH02947,274,2,8049917
DH02948,127,3,23583550
DH02948,336,2,20788903
DH02949,72,3,11915298
DH02949,413,3,19949073
DH02949,419,2,14450529
DH02950,156,2,23900042
DH02950,362,3,18686057
DH02950,210,1,20061356
DH02951,245,2,11838005
DH02951,478,2,8623329
DH02952,217,1,21518753
DH02952,200,2,25326262
DH02953,257,3,22709217
DH02954,418,2,6732468
DH02955,428,3,8623074
DH02955,424,1,19568438
DH02956,369,2,10752264
DH02957,406,3,1821869
DH02958,51,3,18354531
DH02958,237,1,5969756
DH02959,177,2,6101695
DH02959,84,3,5916601
DH02960,273,3,13267090
DH02960,99,2,22557878
DH02960,152,1,11691816
DH02961,56,3,3656281
DH02961,315,1,7916762
DH02961,200,2,25326262
DH02962,169,3,25706307
DH02962,144,1,6059706
DH02963,388,3,12500788
DH02963,45,1,22446227
DH02964,223,1,2575778
DH02964,187,3,8866140
DH02964,152,2,11691816
DH02965,488,2,1330310
DH02966,198,3,13851809
DH02966,259,1,2352165
DH02967,209,3,11044537
DH02967,215,3,22688954
DH02967,421,2,22589235
DH02968,259,3,2352165
DH02969,201,1,14510585
DH02970,313,3,2770705
DH02970,254,1,7786382
DH02970,154,2,5917692
DH02971,124,2,18670083
DH02971,297,2,3729757
DH02972,137,1,20559073
DH02973,346,1,15198565
DH02973,446,2,10227214
DH02973,117,1,1822241
DH02974,12,1,11992784
DH02974,182,1,19817463
DH02974,305,3,19848099
DH02975,278,1,16871480
DH02976,177,1,6101695
DH02977,65,3,20123002
DH02977,452,2,6422656
DH02977,22,3,24114298
DH02978,141,3,22227393
DH02978,226,2,24912858
DH02979,103,3,17996106
DH02980,133,2,25260384
DH02980,215,1,22688954
DH02980,386,3,11489944
DH02981,167,2,19477755
DH02981,369,2,10752264
DH02982,419,2,14450529
DH02983,296,2,7282780
DH02984,449,3,7676975
DH02985,24,3,1688485
DH02985,252,1,18216160
DH02985,4,3,2033327
DH02986,223,2,2575778
DH02986,347,3,10484449
DH02986,43,1,14663576
DH02987,69,1,13005856
DH02987,470,3,2362889
DH02987,147,2,13624031
DH02988,207,1,11794425
DH02988,289,1,4921805
DH02988,417,2,1927702
DH02989,403,2,10108987
DH02989,438,3,19966047
DH02990,368,1,21192004
DH02991,492,3,8668431
DH02991,357,3,4857102
DH02992,37,1,24694673
DH02993,434,2,20511341
DH02993,447,3,13793804
DH02994,485,2,2937854
DH02994,25,3,7741025
DH02994,465,1,24131257
DH02995,198,1,13851809
DH02995,403,2,10108987
DH02996,140,3,13589526
DH02996,8,3,16791775
DH02996,299,1,10443833
DH02997,13,2,24933847
DH02998,69,2,13005856
DH02999,258,3,12909089
DH02999,57,2,19310306
DH02999,430,1,11677101
DH03000,40,3,13768783
DH03000,465,1,24131257
DH03001,362,2,18686057
DH03001,57,2,19310306
DH03001,394,1,14325309
DH03002,485,2,2937854
DH03003,104,2,21205978
DH03003,246,1,4574511
DH03003,14,1,7886377
DH03004,200,2,25326262
DH03005,325,1,16561482
DH03006,370,1,16487087
DH03007,415,1,23483261
DH03007,275,3,1991880
DH03008,175,3,4766108
DH03009,104,1,21205978
DH03009,437,1,20884762
DH03009,371,3,15596681
DH03010,450,3,19208894
DH03010,471,1,25755884
DH03010,230,3,4583309
DH03011,62,3,17040933
DH03011,352,3,22014922
DH03011,310,3,10351478
DH03012,55,2,17890818
DH03013,314,1,21535304
DH03014,381,3,3635754
DH03014,139,3,8176702
DH03014,177,2,6101695
DH03015,181,1,1690676
DH03016,119,2,13510580
DH03017,235,2,1672401
DH03017,70,2,24683647
DH03018,464,1,10451249
DH03018,141,3,22227393
DH03019,72,1,11915298
DH03020,483,3,9287345
DH03020,468,3,21281263
DH03020,182,3,19817463
DH03021,323,2,8114299
DH03021,213,2,9135747
DH03022,415,2,23483261
DH03022,192,1,10036440
DH03023,407,2,22242654
DH03023,365,2,15480351
DH03023,354,2,14109722
DH03024,145,3,13595803
DH03024,302,2,1904905
DH03024,336,1,20788903
DH03025,84,1,5916601
DH03025,15,2,21879885
DH03026,407,2,22242654
DH03026,196,2,9383000
DH03026,474,1,13191529
DH03027,487,1,9625660
DH03028,133,1,25260384
DH03028,468,1,21281263
DH03029,376,1,7479061
DH03030,186,3,11833611
DH03031,370,1,16487087
DH03031,162,2,16154689
DH03031,315,2,7916762
DH03032,166,3,17284447
DH03033,189,1,21341902
DH03033,357,3,4857102
DH03033,79,1,5712887
DH03034,379,1,11024419
DH03035,417,2,1927702
DH03036,381,3,3635754
DH03036,278,1,16871480
DH03036,101,1,4709001
DH03037,295,1,2326130
DH03038,98,3,25849081
DH03038,31,2,19561998
DH03039,364,1,14254399
DH03039,461,1,13898840
DH03040,31,3,19561998
DH03040,49,3,10127878
DH03040,155,2,23734363
DH03041,106,3,3358747
DH03041,8,2,16791775
DH03042,91,2,20666588
DH03042,418,3,6732468
DH03043,399,3,2042288
DH03043,485,3,2937854
DH03044,168,3,4959346
DH03044,220,1,21154109
DH03044,291,2,19063989
DH03045,20,3,14519905
DH03046,464,3,10451249
DH03046,159,1,18319776
DH03046,376,3,7479061
DH03047,349,3,19870600
DH03047,1,1,5597326
DH03047,460,2,15973168
DH03048,67,3,2603224
DH03048,435,3,4349985
DH03049,122,1,18283116
DH03049,226,1,24912858
DH03050,485,1,2937854
DH03050,188,2,2213985
DH03050,206,1,9160201
DH03051,326,1,10657286
DH03052,37,1,24694673
DH03052,265,2,18875655
DH03052,230,2,4583309
DH03053,479,2,24995661
DH03053,280,1,25571963
DH03053,419,1,14450529
DH03054,318,3,23570935
DH03055,480,1,9066937
DH03055,141,1,22227393
DH03056,237,3,5969756
DH03056,169,2,25706307
DH03056,440,2,21263667
DH03057,335,3,6359823
DH03057,412,2,5966347
DH03057,411,1,15292733
DH03058,285,3,6209359
DH03058,167,2,19477755
DH03059,48,1,10369706
DH03059,302,2,1904905
DH03060,359,2,18193067
DH03060,294,1,20611090
DH03060,35,1,5481589
DH03061,60,2,10296353
DH03061,170,3,18830250
DH03062,360,2,17479616
DH03062,79,3,5712887
DH03063,329,2,13517918
DH03064,27,3,12159304
DH03065,440,1,21263667
DH03066,461,1,13898840
DH03067,199,3,15317157
DH03067,267,2,20768736
DH03067,186,1,11833611
DH03068,356,2,23139278
DH03069,279,3,22313060
DH03070,342,1,3872319
DH03071,175,2,4766108
DH03072,370,2,16487087
DH03072,260,2,5169564
DH03072,228,1,9625566
DH03073,140,2,13589526
DH03073,357,1,4857102
DH03074,92,2,11092983
DH03074,409,1,25383281
DH03075,348,1,16075438
DH03075,384,2,7946719
DH03075,442,1,14674667
DH03076,481,1,11804603
DH03077,162,3,16154689
DH03077,287,1,10898911
DH03078,167,2,19477755
DH03078,86,2,8568170
DH03079,396,3,2735462
DH03080,459,1,21165935
DH03080,452,2,6422656
DH03080,169,1,25706307
DH03081,423,3,11205935
DH03081,281,3,6520993
DH03081,285,3,6209359
DH03082,485,1,2937854
DH03083,326,3,10657286
DH03083,204,2,6098253
DH03083,245,1,11838005
DH03084,366,1,7038014
DH03084,426,3,22978827
DH03084,153,3,9382132
DH03085,334,2,7901528
DH03085,259,1,2352165
DH03086,64,2,9718506
DH03086,184,1,17356432
DH03087,293,3,5223702
DH03087,50,3,16126277
DH03087,345,2,24716330
DH03088,179,1,23021297
DH03088,30,3,22850493
DH03088,233,3,5799781
DH03089,302,2,1904905
DH03089,24,1,1688485
DH03090,441,2,18385006
DH03091,398,3,4672398
DH03091,35,3,5481589
DH03092,259,3,2352165
DH03092,94,2,4892461
DH03092,152,1,11691816
DH03093,413,1,19949073
DH03093,206,2,9160201
DH03093,7,1,4357180
DH03094,201,2,14510585
DH03095,5,3,6035905
DH03096,315,1,7916762
DH03096,152,1,11691816
DH03097,135,2,18508141
DH03097,422,2,12003004
DH03098,497,3,20532926
DH03098,117,1,1822241
DH03099,320,3,13927009
DH03100,411,2,15292733
DH03100,35,3,5481589
DH03100,235,3,1672401
DH03101,492,1,8668431
DH03101,174,3,24577473
DH03101,143,2,5091764
DH03102,280,2,25571963
DH03102,307,1,2970393
DH03102,158,2,2814097
DH03103,41,2,23214519
DH03104,15,3,21879885
DH03105,183,1,25583781
DH03105,47,1,2363748
DH03105,354,3,14109722
DH03106,111,2,5190528
DH03106,382,2,23997672
DH03107,208,3,16507221
DH03107,243,1,9384883
DH03108,465,1,24131257
DH03108,388,2,12500788
DH03109,390,3,7428418
DH03109,86,2,8568170
DH03110,220,1,21154109
DH03111,319,2,17175754
DH03112,13,1,24933847
DH03112,442,2,14674667
DH03112,301,1,23179464
DH03113,43,1,14663576
DH03114,447,2,13793804
DH03114,202,1,10502987
DH03114,22,1,24114298
DH03115,149,3,20816892
DH03115,370,3,16487087
DH03116,309,3,16160657
DH03116,350,2,12090591
DH03117,63,1,25365618
DH03118,63,3,25365618
DH03118,216,2,13741880
DH03118,249,2,12650029
DH03119,109,2,8310763
DH03119,196,1,9383000
DH03119,324,2,5235456
DH03120,181,1,1690676
DH03120,404,3,24793579
DH03120,447,3,13793804
DH03121,345,3,24716330
DH03122,447,3,13793804
DH03122,330,3,21871930
DH03123,156,1,23900042
DH03123,138,2,24036792
DH03124,53,1,18088695
DH03125,488,3,1330310
DH03125,493,1,5355143
DH03126,211,2,19060983
DH03126,90,1,19909796
DH03126,169,3,25706307
DH03127,118,2,6945092
DH03128,85,3,22953739
DH03128,298,2,19424399
DH03129,470,3,2362889
DH03129,430,1,11677101
DH03130,115,1,24228127
DH03130,263,1,5779215
DH03131,16,1,1902478
DH03131,471,2,25755884
DH03132,134,1,24009450
DH03132,268,3,20509489
DH03132,308,3,23205555
DH03133,81,2,11760834
DH03133,475,3,23514632
DH03133,447,2,13793804
DH03134,340,2,2512853
DH03135,218,2,7876105
DH03136,248,1,22980553
DH03136,67,1,2603224
DH03137,432,1,25961408
DH03137,379,1,11024419
DH03138,388,1,12500788
DH03138,74,1,2460854
DH03138,47,3,2363748
DH03139,104,2,21205978
DH03139,480,2,9066937
DH03139,424,3,19568438
DH03140,312,1,22250953
DH03140,429,1,13157569
DH03141,296,2,7282780
DH03142,422,3,12003004
DH03142,148,3,24016044
DH03143,392,2,2439684
DH03144,140,2,13589526
DH03145,341,3,24878704
DH03146,70,3,24683647
DH03146,421,2,22589235
DH03146,212,1,9801647
DH03147,20,1,14519905
DH03148,216,3,13741880
DH03149,164,1,12450217
DH03149,490,3,24697745
DH03149,83,1,10278942
DH03150,316,1,19653730
DH03151,331,2,16419785
DH03151,90,2,19909796
DH03152,218,2,7876105
DH03153,173,2,8932665
DH03153,458,3,3104580
DH03154,113,3,9188480
DH03155,274,1,8049917
DH03155,207,1,11794425
DH03156,5,2,6035905
DH03157,355,3,19241391
DH03157,51,2,18354531
DH03157,79,3,5712887
DH03158,472,1,24725902
DH03158,17,1,11252793
DH03159,3,3,23951194
DH03160,191,3,2180855
DH03161,312,2,22250953
DH03162,455,3,2445683
DH03162,18,3,8089438
DH03162,246,2,4574511
DH03163,237,1,5969756
DH03163,11,1,10235878
DH03163,246,2,4574511
DH03164,287,3,10898911
DH03164,118,1,6945092
DH03164,219,2,20274689
DH03165,165,2,25319024
DH03165,359,2,18193067
DH03166,389,1,2247745
DH03166,243,1,9384883
DH03167,306,2,9109540
DH03167,486,1,14815928
DH03167,146,3,19268450
DH03168,112,3,21786528
DH03169,447,1,13793804
DH03169,401,1,3227628
DH03169,392,3,2439684
DH03170,256,1,7503626
DH03171,296,3,7282780
DH03171,383,3,21556385
DH03171,399,3,2042288
DH03172,357,3,4857102
DH03172,486,3,14815928
DH03173,305,1,19848099
DH03173,303,3,19460829
DH03174,139,2,8176702
DH03174,440,2,21263667
DH03175,59,2,11020945
DH03176,263,1,5779215
DH03176,239,2,9904462
DH03177,156,3,23900042
DH03177,256,2,7503626
DH03178,499,1,11225264
DH03178,192,3,10036440
DH03179,495,2,24537951
DH03180,204,2,6098253
DH03181,27,2,12159304
DH03181,332,2,16273428
DH03181,359,2,18193067
DH03182,265,2,18875655
DH03182,57,3,19310306
DH03182,115,1,24228127
DH03183,359,3,18193067
DH03183,409,2,25383281
DH03184,354,2,14109722
DH03185,288,1,11145011
DH03186,417,1,1927702
DH03186,498,1,19498927
DH03187,25,3,7741025
DH03187,379,1,11024419
DH03188,299,2,10443833
DH03188,448,2,1655313
DH03188,40,3,13768783
DH03189,218,2,7876105
DH03189,202,1,10502987
DH03190,15,3,21879885
DH03190,210,3,20061356
DH03191,151,3,14524360
DH03191,400,2,19389256
DH03192,300,2,20713031
DH03193,75,3,1572912
DH03193,311,1,20701272
DH03193,151,2,14524360
DH03194,398,1,4672398
DH03195,178,2,25162917
DH03196,407,3,22242654
DH03197,491,2,23791756
DH03197,323,1,8114299
DH03197,398,1,4672398
DH03198,438,1,19966047
DH03198,3,1,23951194
DH03199,458,2,3104580
DH03199,243,2,9384883
DH03199,153,3,9382132
DH03200,379,3,11024419
DH03200,340,2,2512853
DH03200,199,1,15317157
DH03201,44,2,12890144
DH03201,205,2,11351137
DH03202,491,3,23791756
DH03202,424,3,19568438
DH03202,350,1,12090591
DH03203,441,2,18385006
DH03203,389,2,2247745
DH03203,153,3,9382132
DH03204,192,1,10036440
DH03204,423,3,11205935
DH03205,103,3,17996106
DH03205,156,3,23900042
DH03206,233,2,5799781
DH03207,404,3,24793579
DH03208,235,1,1672401
DH03208,437,3,20884762
DH03208,155,2,23734363
DH03209,345,1,24716330
DH03209,488,2,1330310
DH03209,492,2,8668431
DH03210,369,2,10752264
DH03211,275,3,1991880
DH03211,279,3,22313060
DH03212,309,3,16160657
DH03212,163,1,5148746
DH03213,86,2,8568170
DH03213,6,1,15618829
DH03214,199,1,15317157
DH03214,195,2,2797518
DH03215,301,1,23179464
DH03215,244,1,16782990
DH03216,32,3,16788448
DH03216,226,3,24912858
DH03216,495,3,24537951
DH03217,55,3,17890818
DH03217,331,3,16419785
DH03217,468,2,21281263
DH03218,261,2,8666850
DH03218,129,2,7748973
DH03218,454,3,24379043
DH03219,96,1,2158473
DH03219,262,1,15404344
DH03220,159,1,18319776
DH03220,286,3,3106273
DH03220,18,3,8089438
DH03221,69,1,13005856
DH03221,120,3,23629104
DH03222,3,1,23951194
DH03222,194,3,10519150
DH03223,451,1,18801455
DH03224,97,2,20721508
DH03224,283,2,9498824
DH03225,186,1,11833611
DH03225,143,1,5091764
DH03226,97,2,20721508
DH03227,295,1,2326130
DH03228,108,3,16704100
DH03228,259,3,2352165
DH03229,425,1,12382069
DH03230,32,3,16788448
DH03231,104,2,21205978
DH03232,100,3,3300603
DH03233,326,2,10657286
DH03233,316,3,19653730
DH03233,452,3,6422656
DH03234,71,2,20920065
DH03234,58,3,4846247
DH03235,19,1,6165758
DH03236,135,1,18508141
DH03236,376,1,7479061
DH03237,207,1,11794425
DH03238,134,3,24009450
DH03238,333,2,4723884
DH03238,423,2,11205935
DH03239,406,3,1821869
DH03240,24,1,1688485
DH03240,491,2,23791756
DH03240,309,1,16160657
DH03241,60,2,10296353
DH03241,92,2,11092983
DH03241,456,3,1907183
DH03242,192,3,10036440
DH03242,88,3,15268123
DH03243,281,3,6520993
DH03243,332,2,16273428
DH03244,189,2,21341902
DH03244,243,3,9384883
DH03244,358,2,8803419
DH03245,444,1,24721344
DH03245,77,1,20281855
DH03245,49,2,10127878
DH03246,70,1,24683647
DH03247,296,2,7282780
DH03247,219,2,20274689
DH03247,205,2,11351137
DH03248,290,3,14771023
DH03248,8,1,16791775
DH03249,226,3,24912858
DH03250,227,1,23575212
DH03251,233,3,5799781
DH03252,121,1,22194333
DH03252,453,3,24897288
DH03253,119,3,13510580
DH03254,66,1,9292701
DH03254,473,1,8143318
DH03255,381,1,3635754
DH03255,120,2,23629104
DH03256,61,3,11543600
DH03256,459,3,21165935
DH03257,410,1,12647688
DH03257,72,3,11915298
DH03257,469,3,24833142
DH03258,309,2,16160657
DH03258,339,2,7585126
DH03258,490,3,24697745
DH03259,450,2,19208894
DH03259,414,1,8838663
DH03260,82,1,6348395
DH03260,170,1,18830250
DH03261,393,1,15902198
DH03262,300,2,20713031
DH03262,474,3,13191529
DH03263,84,3,5916601
DH03263,7,2,4357180
DH03264,89,2,15656852
DH03264,102,2,13562744
DH03264,31,2,19561998
DH03265,277,2,20673499
DH03265,279,1,22313060
DH03266,367,1,21910738
DH03266,97,2,20721508
DH03266,460,2,15973168
DH03267,318,3,23570935
DH03268,208,2,16507221
DH03268,58,3,4846247
DH03268,16,3,1902478
DH03269,385,2,9022052
DH03270,265,1,18875655
DH03270,320,2,13927009
DH03270,496,1,14220784
DH03271,10,3,8245338
DH03271,374,3,17616582
DH03272,22,2,24114298
DH03272,17,1,11252793
DH03272,484,3,9546339
DH03273,155,1,23734363
DH03274,347,3,10484449
DH03275,478,3,8623329
DH03275,6,1,15618829
DH03276,197,3,1767828
DH03276,284,2,7510427
DH03277,139,2,8176702
DH03278,205,1,11351137
DH03278,350,3,12090591
DH03278,236,3,25624479
DH03279,460,2,15973168
DH03279,429,2,13157569
DH03280,188,1,2213985
DH03280,60,2,10296353
DH03281,68,3,14423549
DH03282,235,3,1672401
DH03282,149,2,20816892
DH03282,456,1,1907183
DH03283,8,2,16791775
DH03284,374,1,17616582
DH03285,485,1,2937854
DH03285,314,2,21535304
DH03285,371,3,15596681
DH03286,81,2,11760834
DH03287,373,3,17596085
DH03287,252,1,18216160
DH03288,70,3,24683647
DH03288,218,3,7876105
DH03288,186,1,11833611
DH03289,382,3,23997672
DH03289,234,1,12378563
DH03290,194,2,10519150
DH03290,202,1,10502987
DH03290,175,2,4766108
DH03291,178,3,25162917
DH03292,437,2,20884762
DH03292,197,2,1767828
DH03292,221,1,18603561
DH03293,207,3,11794425
DH03293,106,1,3358747
DH03293,177,1,6101695
DH03294,77,2,20281855
DH03294,211,1,19060983
DH03295,319,3,17175754
DH03295,473,2,8143318
DH03295,238,2,8768981
DH03296,300,2,20713031
DH03297,138,2,24036792
DH03298,23,3,18730487
DH03299,377,2,12231914
DH03299,310,1,10351478
DH03300,174,3,24577473
DH03301,288,1,11145011
DH03302,357,3,4857102
DH03302,382,1,23997672
DH03303,402,2,14448552
DH03303,4,1,2033327
DH03303,415,3,23483261
DH03304,426,1,22978827
DH03305,194,3,10519150
DH03305,190,3,19493368
DH03305,484,2,9546339
DH03306,308,2,23205555
DH03307,357,1,4857102
DH03307,233,1,5799781
DH03307,109,2,8310763
DH03308,278,2,16871480
DH03308,324,1,5235456
DH03308,350,2,12090591
DH03309,486,2,14815928
DH03310,180,1,5187803
DH03310,35,2,5481589
DH03311,265,2,18875655
DH03312,23,2,18730487
DH03312,130,3,8364943
DH03313,465,3,24131257
DH03314,414,3,8838663
DH03314,410,1,12647688
DH03314,341,2,24878704
DH03315,257,2,22709217
DH03316,498,1,19498927
DH03317,148,3,24016044
DH03318,376,1,7479061
DH03318,164,3,12450217
DH03319,455,2,2445683
DH03319,177,3,6101695
DH03320,399,1,2042288
DH03320,222,3,24480557
DH03320,284,2,7510427
DH03321,268,1,20509489
DH03321,230,2,4583309
DH03321,213,2,9135747
DH03322,487,2,9625660
DH03322,302,2,1904905
DH03323,128,1,5789660
DH03323,111,2,5190528
DH03324,233,3,5799781
DH03324,20,3,14519905
DH03325,368,1,21192004
DH03326,19,2,6165758
DH03326,330,1,21871930
DH03327,182,3,19817463
DH03327,93,1,14686287
DH03327,159,1,18319776
DH03328,255,1,11357464
DH03329,152,3,11691816
DH03329,387,2,3436274
DH03330,142,1,23627613
DH03330,218,2,7876105
DH03331,325,1,16561482
DH03331,392,1,2439684
DH03332,394,2,14325309
DH03332,499,2,11225264
DH03332,262,2,15404344
DH03333,177,3,6101695
DH03333,225,2,17350639
DH03333,401,1,3227628
DH03334,472,2,24725902
DH03334,32,1,16788448
DH03334,354,3,14109722
DH03335,110,2,2655742
DH03336,427,1,12881666
DH03336,375,3,22543381
DH03337,105,2,9768220
DH03338,53,1,18088695
DH03338,432,1,25961408
DH03339,9,2,2348573
DH03339,387,3,3436274
DH03340,48,1,10369706
DH03340,390,3,7428418
DH03340,217,3,21518753
DH03341,341,3,24878704
DH03341,114,1,5461510
DH03341,349,2,19870600
DH03342,189,3,21341902
DH03342,237,1,5969756
DH03342,38,2,25625870
DH03343,160,1,7269450
DH03343,176,2,12520307
DH03343,491,2,23791756
DH03344,157,3,10354320
DH03345,123,2,5880587
DH03346,374,1,17616582
DH03346,202,1,10502987
DH03347,11,3,10235878
DH03348,94,1,4892461
DH03348,392,3,2439684
DH03348,259,1,2352165
DH03349,444,2,24721344
DH03349,98,3,25849081
DH03350,347,1,10484449
DH03350,68,3,14423549
DH03351,197,1,1767828
DH03351,283,1,9498824
DH03352,65,1,20123002
DH03352,24,2,1688485
DH03353,417,1,1927702
DH03353,223,1,2575778
DH03354,57,3,19310306
DH03355,148,3,24016044
DH03355,236,1,25624479
DH03355,240,3,23483447
DH03356,212,3,9801647
DH03356,46,1,13724985
DH03356,387,1,3436274
DH03357,20,2,14519905
DH03357,382,1,23997672
DH03357,479,3,24995661
DH03358,48,2,10369706
DH03358,188,1,2213985
DH03358,4,1,2033327
DH03359,299,3,10443833
DH03359,45,3,22446227
DH03360,323,3,8114299
DH03360,310,3,10351478
DH03361,371,2,15596681
DH03362,473,3,8143318
DH03363,439,1,11444083
DH03364,176,2,12520307
DH03365,4,2,2033327
DH03365,30,3,22850493
DH03365,158,3,2814097
DH03366,376,2,7479061
DH03366,265,3,18875655
DH03366,372,2,11933021
DH03367,166,2,17284447
DH03367,46,3,13724985
DH03368,487,1,9625660
DH03368,387,2,3436274
DH03368,368,3,21192004
DH03369,402,3,14448552
DH03369,342,2,3872319
DH03369,497,1,20532926
DH03370,310,1,10351478
DH03371,237,2,5969756
DH03372,493,3,5355143
DH03373,181,2,1690676
DH03374,99,2,22557878
DH03374,383,1,21556385
DH03374,80,2,15432098
DH03375,118,2,6945092
DH03375,362,1,18686057
DH03375,120,2,23629104
DH03376,120,1,23629104
DH03376,237,2,5969756
DH03376,147,3,13624031
DH03377,325,3,16561482
DH03377,36,3,4440658
DH03377,59,1,11020945
DH03378,198,2,13851809
DH03379,300,2,20713031
DH03379,484,3,9546339
DH03380,497,1,20532926
DH03380,316,1,19653730
DH03381,174,3,24577473
DH03382,375,3,22543381
DH03382,171,3,16022163
DH03383,341,3,24878704
DH03383,198,3,13851809
DH03384,376,2,7479061
DH03384,343,2,17874359
DH03385,460,3,15973168
DH03386,114,3,5461510
DH03387,448,2,1655313
DH03387,71,3,20920065
DH03387,171,1,16022163
DH03388,122,3,18283116
DH03388,444,3,24721344
DH03388,336,3,20788903
DH03389,381,1,3635754
DH03389,224,3,17686916
DH03390,114,1,5461510
DH03390,496,2,14220784
DH03390,21,1,20692785
DH03391,146,3,19268450
DH03391,403,3,10108987
DH03391,405,2,6786774
DH03392,135,3,18508141
DH03392,48,1,10369706
DH03393,273,2,13267090
DH03394,314,3,21535304
DH03395,182,3,19817463
DH03396,2,1,2619639
DH03396,259,1,2352165
DH03397,408,3,17462807
DH03397,416,1,17524717
DH03397,16,3,1902478
DH03398,289,3,4921805
DH03398,203,3,2141244
DH03398,266,2,8991711
DH03399,47,2,2363748
DH03400,346,2,15198565
DH03400,174,1,24577473
DH03401,54,1,18474415
DH03401,296,2,7282780
DH03402,256,2,7503626
DH03403,154,3,5917692
DH03404,401,2,3227628
DH03404,3,1,23951194
DH03405,206,3,9160201
DH03406,360,2,17479616
DH03406,451,2,18801455
DH03407,40,1,13768783
DH03408,177,3,6101695
DH03409,230,2,4583309
DH03410,242,2,1536406
DH03410,235,2,1672401
DH03410,427,1,12881666
DH03411,382,1,23997672
DH03412,297,1,3729757
DH03412,432,2,25961408
DH03413,472,3,24725902
DH03413,257,1,22709217
DH03414,219,2,20274689
DH03414,111,2,5190528
DH03415,65,2,20123002
DH03415,91,3,20666588
DH03416,399,2,2042288
DH03416,69,1,13005856
DH03417,264,2,7333700
DH03418,201,1,14510585
DH03418,385,1,9022052
DH03419,311,2,20701272
DH03420,12,2,11992784
DH03420,180,1,5187803
DH03421,475,2,23514632
DH03421,317,3,3451035
DH03422,439,3,11444083
DH03422,326,2,10657286
DH03423,494,2,4606985
DH03424,235,1,1672401
DH03424,356,1,23139278
DH03425,479,2,24995661
DH03425,178,3,25162917
DH03426,320,2,13927009
DH03426,252,1,18216160
DH03427,137,1,20559073
DH03427,211,2,19060983
DH03428,101,3,4709001
DH03428,65,2,20123002
DH03429,386,3,11489944
DH03429,496,1,14220784
DH03430,407,3,22242654
DH03430,250,2,5901364
DH03430,410,3,12647688
DH03431,422,2,12003004
DH03431,375,1,22543381
DH03432,113,2,9188480
DH03433,439,3,11444083
DH03433,264,2,7333700
DH03433,289,3,4921805
DH03434,448,2,1655313
DH03434,338,2,11491142
DH03435,162,1,16154689
DH03436,387,2,3436274
DH03437,184,1,17356432
DH03437,279,2,22313060
DH03437,286,1,3106273
DH03438,96,1,2158473
DH03438,379,2,11024419
DH03439,218,2,7876105
DH03439,248,1,22980553
DH03439,207,2,11794425
DH03440,117,3,1822241
DH03440,15,2,21879885
DH03440,307,2,2970393
DH03441,363,3,13943365
DH03441,49,2,10127878
DH03441,392,3,2439684
DH03442,302,2,1904905
DH03442,309,2,16160657
DH03442,282,3,9983595
DH03443,380,2,7759711
DH03443,406,2,1821869
DH03443,444,3,24721344
DH03444,368,3,21192004
DH03444,367,1,21910738
DH03444,301,3,23179464
DH03445,464,2,10451249
DH03446,193,2,12107524
DH03447,362,3,18686057
DH03447,298,1,19424399
DH03447,144,3,6059706
DH03448,236,3,25624479
DH03448,53,3,18088695
DH03448,294,2,20611090
DH03449,99,1,22557878
DH03449,413,2,19949073
DH03449,367,2,21910738
DH03450,120,2,23629104
DH03451,45,2,22446227
DH03451,169,1,25706307
DH03451,402,2,14448552
DH03452,319,2,17175754
DH03452,110,2,2655742
DH03452,169,2,25706307
DH03453,224,1,17686916
DH03454,222,3,24480557
DH03455,179,3,23021297
DH03455,180,3,5187803
DH03456,407,1,22242654
DH03456,426,3,22978827
DH03456,243,2,9384883
DH03457,13,2,24933847
DH03458,26,3,23522794
DH03458,358,3,8803419
DH03458,364,3,14254399
DH03459,110,2,2655742
DH03459,451,1,18801455
DH03459,481,2,11804603
DH03460,69,2,13005856
DH03461,186,3,11833611
DH03461,461,1,13898840
DH03461,94,1,4892461
DH03462,161,1,5421161
DH03463,330,1,21871930
DH03463,389,3,2247745
DH03463,492,2,8668431
DH03464,64,3,9718506
DH03464,11,3,10235878
DH03465,355,2,19241391
DH03466,364,3,14254399
DH03466,24,3,1688485
DH03466,242,1,1536406
DH03467,432,2,25961408
DH03467,56,1,3656281
DH03468,99,1,22557878
DH03469,471,1,25755884
DH03470,103,2,17996106
DH03471,233,2,5799781
DH03471,324,3,5235456
DH03472,115,2,24228127
DH03472,462,3,16447832
DH03472,316,3,19653730
DH03473,64,3,9718506
DH03473,482,1,25397322
DH03473,229,1,5955017
DH03474,213,1,9135747
DH03475,75,3,1572912
DH03475,260,3,5169564
DH03475,158,1,2814097
DH03476,78,3,10074989
DH03476,208,3,16507221
DH03477,258,1,12909089
DH03477,224,2,17686916
DH03477,229,3,5955017
DH03478,357,3,4857102
DH03479,28,1,8340920
DH03479,25,1,7741025
DH03480,274,1,8049917
DH03481,375,3,22543381
DH03481,292,1,15283078
DH03481,17,3,11252793
DH03482,356,2,23139278
DH03482,208,1,16507221
DH03483,192,1,10036440
DH03483,273,1,13267090
DH03484,70,3,24683647
DH03484,172,1,11563207
DH03484,160,1,7269450
DH03485,245,3,11838005
DH03486,403,3,10108987
DH03486,171,1,16022163
DH03486,387,1,3436274
DH03487,125,2,13225929
DH03487,431,2,3483711
DH03487,406,2,1821869
DH03488,230,2,4583309
DH03488,90,1,19909796
DH03488,73,2,13467563
DH03489,436,1,8088441
DH03489,75,2,1572912
DH03489,433,3,2223429
DH03490,284,2,7510427
DH03490,198,1,13851809
DH03491,115,3,24228127
DH03492,416,3,17524717
DH03492,76,1,25092737
DH03492,212,1,9801647
DH03493,274,3,8049917
DH03494,229,2,5955017
DH03494,361,3,2131412
DH03494,453,1,24897288
DH03495,224,2,17686916
DH03496,257,3,22709217
DH03497,87,3,1388487
DH03497,174,2,24577473
DH03498,23,2,18730487
DH03498,294,2,20611090
DH03499,44,1,12890144
DH03499,341,1,24878704
DH03499,319,1,17175754
DH03500,427,3,12881666
DH03501,454,1,24379043
DH03502,165,2,25319024
DH03503,158,3,2814097
DH03504,382,2,23997672
DH03505,157,2,10354320
DH03505,318,1,23570935
DH03505,308,3,23205555
DH03506,358,1,8803419
DH03507,162,1,16154689
DH03508,72,3,11915298
DH03509,215,1,22688954
DH03509,172,1,11563207
DH03510,20,1,14519905
DH03511,445,1,3753037
DH03511,436,1,8088441
DH03511,3,1,23951194
DH03512,38,1,25625870
DH03512,155,3,23734363
DH03512,305,1,19848099
DH03513,459,3,21165935
DH03513,133,1,25260384
DH03513,182,3,19817463
DH03514,292,3,15283078
DH03514,413,1,19949073
DH03514,44,3,12890144
DH03515,431,3,3483711
DH03515,100,3,3300603
DH03515,469,3,24833142
DH03516,229,1,5955017
DH03517,313,1,2770705
DH03517,166,2,17284447
DH03517,274,2,8049917
DH03518,499,3,11225264
DH03518,288,3,11145011
DH03518,33,1,16395207
DH03519,395,2,15941796
DH03519,178,2,25162917
DH03519,405,1,6786774
DH03520,324,3,5235456
DH03520,25,1,7741025
DH03521,457,2,24221919
DH03521,99,2,22557878
DH03521,487,1,9625660
DH03522,484,3,9546339
DH03522,328,2,19906025
DH03523,357,3,4857102
DH03523,460,2,15973168
DH03524,227,1,23575212
DH03524,39,3,5958851
DH03525,394,3,14325309
DH03525,56,2,3656281
DH03525,397,1,23886813
DH03526,205,1,11351137
DH03527,273,2,13267090
DH03527,64,1,9718506
DH03527,79,1,5712887
DH03528,207,2,11794425
DH03528,94,1,4892461
DH03529,81,2,11760834
DH03530,318,2,23570935
DH03531,191,3,2180855
DH03532,416,3,17524717
DH03532,85,2,22953739
DH03532,79,1,5712887
DH03533,383,2,21556385
DH03533,232,2,17350864
DH03534,396,1,2735462
DH03535,110,2,2655742
DH03535,221,2,18603561
DH03535,76,1,25092737
DH03536,80,2,15432098
DH03537,187,3,8866140
DH03537,392,1,2439684
DH03538,261,1,8666850
DH03538,78,3,10074989
DH03538,436,3,8088441
DH03539,4,2,2033327
DH03539,246,1,4574511
DH03539,131,1,2156224
DH03540,394,3,14325309
DH03541,381,3,3635754
DH03541,488,1,1330310
DH03541,44,1,12890144
DH03542,262,2,15404344
DH03542,293,2,5223702
DH03542,206,3,9160201
DH03543,48,1,10369706
DH03544,87,2,1388487
DH03544,45,1,22446227
DH03545,397,3,23886813
DH03546,110,1,2655742
DH03547,63,3,25365618
DH03547,331,2,16419785
DH03547,427,2,12881666
DH03548,363,1,13943365
DH03549,407,3,22242654
DH03550,246,3,4574511
DH03550,335,1,6359823
DH03551,188,1,2213985
DH03551,190,2,19493368
DH03551,80,3,15432098
DH03552,57,1,19310306
DH03552,290,1,14771023
DH03552,335,1,6359823
DH03553,79,2,5712887
DH03553,52,3,14404540
DH03553,169,1,25706307
DH03554,100,1,3300603
DH03554,317,2,3451035
DH03555,176,3,12520307
DH03555,12,3,11992784
DH03556,15,1,21879885
DH03556,339,2,7585126
DH03557,169,3,25706307
DH03557,284,1,7510427
DH03558,75,3,1572912
DH03558,154,2,5917692
DH03559,74,2,2460854
DH03559,154,3,5917692
DH03560,300,1,20713031
DH03560,306,2,9109540
DH03560,73,3,13467563
DH03561,6,3,15618829
DH03561,447,2,13793804
DH03562,343,1,17874359
DH03562,205,2,11351137
DH03562,235,1,1672401
DH03563,395,2,15941796
DH03563,33,3,16395207
DH03564,409,3,25383281
DH03564,153,1,9382132
DH03565,166,1,17284447
DH03565,410,3,12647688
DH03566,89,1,15656852
DH03567,476,2,5610573
DH03567,140,2,13589526
DH03568,167,2,19477755
DH03569,85,2,22953739
DH03569,49,2,10127878
DH03570,1,3,5597326
DH03571,422,1,12003004
DH03571,456,1,1907183
DH03571,172,3,11563207
DH03572,231,1,7056866
DH03573,293,2,5223702
DH03573,214,2,21742788
DH03573,31,3,19561998
DH03574,450,2,19208894
DH03575,132,3,16198314
DH03576,90,3,19909796
DH03576,270,1,15138021
DH03576,319,3,17175754
DH03577,407,2,22242654
DH03577,226,1,24912858
DH03578,291,3,19063989
DH03578,307,1,2970393
DH03578,383,3,21556385
DH03579,6,1,15618829
DH03579,92,1,11092983
DH03580,6,2,15618829
DH03580,1,1,5597326
DH03581,216,2,13741880
DH03581,311,1,20701272
DH03582,218,3,7876105
DH03582,110,3,2655742
DH03583,289,3,4921805
DH03583,193,1,12107524
DH03584,273,2,13267090
DH03584,459,1,21165935
DH03585,401,2,3227628
DH03585,432,3,25961408
DH03585,421,1,22589235
DH03586,1,2,5597326
DH03586,432,2,25961408
DH03587,21,3,20692785
DH03588,479,2,24995661
DH03588,173,1,8932665
DH03589,178,2,25162917
DH03589,103,2,17996106
DH03589,166,1,17284447
DH03590,61,1,11543600
DH03591,312,1,22250953
DH03592,270,1,15138021
DH03593,487,1,9625660
DH03593,191,1,2180855
DH03593,135,2,18508141
DH03594,192,3,10036440
DH03594,233,1,5799781
DH03595,232,1,17350864
DH03596,79,3,5712887
DH03596,418,1,6732468
DH03597,453,1,24897288
DH03597,88,1,15268123
DH03597,207,3,11794425
DH03598,17,3,11252793
DH03598,335,2,6359823
DH03598,455,2,2445683
DH03599,124,1,18670083
DH03599,191,1,2180855
DH03599,369,1,10752264
DH03600,152,1,11691816
DH03600,320,3,13927009
DH03600,244,1,16782990
DH03601,106,3,3358747
DH03602,428,1,8623074
DH03602,450,3,19208894
DH03603,324,3,5235456
DH03603,202,3,10502987
DH03604,235,3,1672401
DH03604,12,3,11992784
DH03604,395,2,15941796
DH03605,212,3,9801647
DH03605,357,1,4857102
DH03606,448,1,1655313
DH03606,180,2,5187803
DH03607,54,3,18474415
DH03608,139,2,8176702
DH03608,403,1,10108987
DH03608,231,3,7056866
DH03609,286,1,3106273
DH03609,354,2,14109722
DH03610,36,1,4440658
DH03610,303,3,19460829
DH03611,130,1,8364943
DH03611,250,3,5901364
DH03611,265,1,18875655
DH03612,5,1,6035905
DH03612,85,1,22953739
DH03613,393,1,15902198
DH03613,283,2,9498824
DH03614,78,3,10074989
DH03615,403,1,10108987
DH03615,314,3,21535304
DH03615,170,2,18830250
DH03616,285,3,6209359
DH03616,35,2,5481589
DH03616,361,1,2131412
DH03617,124,1,18670083
DH03618,66,1,9292701
DH03619,319,2,17175754
DH03619,151,2,14524360
DH03620,153,1,9382132
DH03621,230,3,4583309
DH03621,474,1,13191529
DH03621,360,3,17479616
DH03622,181,3,1690676
DH03622,407,2,22242654
DH03623,235,2,1672401
DH03624,280,2,25571963
DH03625,171,2,16022163
DH03625,19,1,6165758
DH03626,321,1,9556944
DH03627,225,1,17350639
DH03627,442,3,14674667
DH03627,129,3,7748973
DH03628,110,2,2655742
DH03628,458,1,3104580
DH03628,200,1,25326262
DH03629,17,2,11252793
DH03630,307,2,2970393
DH03631,438,2,19966047
DH03631,391,1,14598944
DH03631,257,1,22709217
DH03632,479,3,24995661
DH03633,402,3,14448552
DH03634,45,3,22446227
DH03634,147,2,13624031
DH03635,336,2,20788903
DH03635,33,3,16395207
DH03635,50,3,16126277
DH03636,489,3,23457899
DH03636,23,3,18730487
DH03637,357,3,4857102
DH03638,261,2,8666850
DH03638,77,2,20281855
DH03639,332,1,16273428
DH03639,46,2,13724985
DH03640,335,1,6359823
DH03641,252,2,18216160
DH03641,474,3,13191529
DH03641,122,3,18283116
DH03642,297,1,3729757
DH03643,177,1,6101695
DH03643,400,1,19389256
DH03643,401,2,3227628
DH03644,407,1,22242654
DH03644,325,3,16561482
DH03644,363,1,13943365
DH03645,29,3,8608366
DH03645,88,3,15268123
DH03645,476,1,5610573
DH03646,390,1,7428418
DH03647,362,3,18686057
DH03647,179,2,23021297
DH03647,416,2,17524717
DH03648,99,2,22557878
DH03648,42,2,4888990
DH03649,124,3,18670083
DH03650,36,3,4440658
DH03651,483,3,9287345
DH03652,236,3,25624479
DH03653,89,1,15656852
DH03654,407,1,22242654
DH03655,283,1,9498824
DH03655,427,3,12881666
DH03656,385,3,9022052
DH03657,291,1,19063989
DH03657,246,1,4574511
DH03658,165,3,25319024
DH03658,142,2,23627613
DH03659,490,3,24697745
DH03659,191,1,2180855
DH03659,358,1,8803419
DH03660,295,3,2326130
DH03660,225,1,17350639
DH03661,50,1,16126277
DH03661,496,3,14220784
DH03661,51,2,18354531
DH03662,322,3,4789634
DH03662,151,2,14524360
DH03663,275,1,1991880
DH03663,388,1,12500788
DH03664,225,1,17350639
DH03664,401,1,3227628
DH03665,142,1,23627613
DH03665,285,1,6209359
DH03665,398,3,4672398
DH03666,296,2,7282780
DH03666,14,1,7886377
DH03667,59,3,11020945
DH03667,395,2,15941796
DH03668,438,2,19966047
DH03668,239,3,9904462
DH03668,114,2,5461510
DH03669,232,3,17350864
DH03670,280,3,25571963
DH03670,269,3,13567100
DH03670,192,1,10036440
DH03671,184,3,17356432
DH03671,390,2,7428418
DH03672,412,1,5966347
DH03672,330,3,21871930
DH03673,442,1,14674667
DH03673,144,3,6059706
DH03674,115,1,24228127
DH03674,256,3,7503626
DH03675,397,2,23886813
DH03675,52,3,14404540
DH03676,322,1,4789634
DH03677,139,1,8176702
DH03678,497,1,20532926
DH03678,334,3,7901528
DH03679,472,2,24725902
DH03679,1,1,5597326
DH03679,128,1,5789660
DH03680,139,1,8176702
DH03681,167,2,19477755
DH03682,413,1,19949073
DH03682,474,2,13191529
DH03682,412,2,5966347
DH03683,262,3,15404344
DH03684,282,1,9983595
DH03684,465,2,24131257
DH03684,403,3,10108987
DH03685,422,1,12003004
DH03686,251,3,11288407
DH03686,60,2,10296353
DH03687,430,3,11677101
DH03687,65,3,20123002
DH03687,48,1,10369706
DH03688,186,3,11833611
DH03688,209,1,11044537
DH03688,272,3,15085613
DH03689,201,3,14510585
DH03689,25,2,7741025
DH03689,401,3,3227628
DH03690,432,1,25961408
DH03691,298,2,19424399
DH03692,430,2,11677101
DH03692,25,1,7741025
DH03692,105,1,9768220
DH03693,190,2,19493368
DH03693,363,2,13943365
DH03693,438,2,19966047
DH03694,492,2,8668431
DH03694,166,1,17284447
DH03694,70,1,24683647
DH03695,298,2,19424399
DH03695,479,2,24995661
DH03695,381,3,3635754
DH03696,210,2,20061356
DH03697,298,3,19424399
DH03697,68,3,14423549
DH03697,454,2,24379043
DH03698,24,3,1688485
DH03698,174,2,24577473
DH03699,359,3,18193067
DH03699,314,1,21535304
DH03699,388,3,12500788
DH03700,90,2,19909796
DH03700,318,1,23570935
DH03700,225,2,17350639
DH03701,493,1,5355143
DH03702,333,3,4723884
DH03702,345,1,24716330
DH03702,105,1,9768220
DH03703,478,2,8623329
DH03704,429,1,13157569
DH03704,412,3,5966347
DH03704,127,2,23583550
DH03705,81,1,11760834
DH03706,19,3,6165758
DH03706,378,3,5459248
DH03707,485,2,2937854
DH03707,432,1,25961408
DH03707,407,3,22242654
DH03708,251,3,11288407
DH03708,238,2,8768981
DH03709,441,1,18385006
DH03710,235,1,1672401
DH03711,378,2,5459248
DH03712,418,3,6732468
DH03712,369,2,10752264
DH03713,93,2,14686287
DH03713,33,2,16395207
DH03714,277,3,20673499
DH03714,232,1,17350864
DH03715,273,1,13267090
DH03715,449,3,7676975
DH03715,432,3,25961408
DH03716,412,1,5966347
DH03716,355,2,19241391
DH03717,377,2,12231914
DH03717,167,3,19477755
DH03718,116,3,17991157
DH03718,281,3,6520993
DH03719,238,3,8768981
DH03719,298,2,19424399
DH03719,256,1,7503626
DH03720,481,2,11804603
DH03721,6,2,15618829
DH03721,147,3,13624031
DH03721,270,3,15138021
DH03722,237,2,5969756
DH03722,150,1,22175650
DH03723,122,2,18283116
DH03723,6,1,15618829
DH03724,467,1,6408461
DH03724,183,3,25583781
DH03725,440,2,21263667
DH03725,164,2,12450217
DH03726,152,3,11691816
DH03727,450,3,19208894
DH03727,301,1,23179464
DH03727,160,2,7269450
DH03728,399,2,2042288
DH03728,467,3,6408461
DH03728,267,2,20768736
DH03729,214,3,21742788
DH03729,355,3,19241391
DH03730,125,2,13225929
DH03730,265,1,18875655
DH03731,254,3,7786382
DH03731,478,2,8623329
DH03732,79,1,5712887
DH03732,382,2,23997672
DH03732,248,2,22980553
DH03733,191,1,2180855
DH03734,402,2,14448552
DH03734,389,2,2247745
DH03735,217,3,21518753
DH03735,197,3,1767828
DH03736,157,3,10354320
DH03736,5,3,6035905
DH03736,197,3,1767828
DH03737,260,2,5169564
DH03738,17,1,11252793
DH03739,236,3,25624479
DH03739,74,3,2460854
DH03740,435,1,4349985
DH03740,442,2,14674667
DH03741,239,1,9904462
DH03741,201,1,14510585
DH03742,265,3,18875655
DH03743,47,3,2363748
DH03743,110,1,2655742
DH03743,223,3,2575778
DH03744,197,1,1767828
DH03744,109,2,8310763
DH03745,271,3,8962577
DH03745,320,1,13927009
DH03745,109,3,8310763
DH03746,47,1,2363748
DH03747,4,2,2033327
DH03747,412,3,5966347
DH03747,96,2,2158473
DH03748,70,1,24683647
DH03748,175,2,4766108
DH03749,249,1,12650029
DH03750,459,3,21165935
DH03750,351,3,13618008
DH03751,379,2,11024419
DH03751,356,3,23139278
DH03751,17,3,11252793
DH03752,483,3,9287345
DH03752,401,3,3227628
DH03753,170,3,18830250
DH03753,254,1,7786382
DH03754,313,1,2770705
DH03754,296,1,7282780
DH03755,296,3,7282780
DH03756,216,2,13741880
DH03757,414,2,8838663
DH03757,384,2,7946719
DH03757,148,1,24016044
DH03758,4,1,2033327
DH03758,113,3,9188480
DH03759,172,1,11563207
DH03760,448,3,1655313
DH03760,315,1,7916762
DH03760,139,2,8176702
DH03761,386,2,11489944
DH03761,287,3,10898911
DH03762,433,2,2223429
DH03762,405,2,6786774
DH03762,175,1,4766108
DH03763,57,3,19310306
DH03763,426,2,22978827
DH03763,119,2,13510580
DH03764,199,2,15317157
DH03765,422,2,12003004
DH03765,137,1,20559073
DH03765,208,1,16507221
DH03766,55,2,17890818
DH03766,84,2,5916601
DH03766,475,2,23514632
DH03767,289,2,4921805
DH03767,21,3,20692785
DH03767,154,1,5917692
DH03768,147,2,13624031
DH03768,485,1,2937854
DH03769,417,2,1927702
DH03769,468,3,21281263
DH03770,59,3,11020945
DH03770,273,3,13267090
DH03771,267,3,20768736
DH03771,360,2,17479616
DH03771,324,1,5235456
DH03772,397,2,23886813
DH03772,211,3,19060983
DH03773,11,3,10235878
DH03774,429,2,13157569
DH03774,229,3,5955017
DH03775,216,3,13741880
DH03775,78,1,10074989
DH03775,324,3,5235456
DH03776,403,1,10108987
DH03776,462,3,16447832
DH03777,114,3,5461510
DH03778,357,2,4857102
DH03779,233,1,5799781
DH03779,425,1,12382069
DH03779,3,3,23951194
DH03780,153,3,9382132
DH03780,482,1,25397322
DH03780,360,2,17479616
DH03781,252,3,18216160
DH03781,450,3,19208894
DH03782,498,3,19498927
DH03782,90,3,19909796
DH03783,71,1,20920065
DH03783,433,1,2223429
DH03784,282,3,9983595
DH03784,456,2,1907183
DH03784,147,1,13624031
DH03785,426,2,22978827
DH03785,429,2,13157569
DH03785,438,1,19966047
DH03786,252,2,18216160
DH03786,139,1,8176702
DH03786,473,3,8143318
DH03787,189,3,21341902
DH03787,437,3,20884762
DH03788,433,3,2223429
DH03789,75,2,1572912
DH03789,240,1,23483447
DH03790,410,2,12647688
DH03790,126,1,7453646
DH03791,394,3,14325309
DH03792,480,1,9066937
DH03792,43,2,14663576
DH03792,110,3,2655742
DH03793,367,3,21910738
DH03793,421,3,22589235
DH03794,176,1,12520307
DH03794,381,2,3635754
DH03795,325,1,16561482
DH03796,181,1,1690676
DH03797,435,1,4349985
DH03798,134,1,24009450
DH03798,204,1,6098253
DH03799,62,2,17040933
DH03799,456,2,1907183
DH03800,228,3,9625566
DH03801,238,3,8768981
DH03801,143,1,5091764
DH03801,108,3,16704100
DH03802,474,1,13191529
DH03802,10,1,8245338
DH03803,69,2,13005856
DH03803,303,2,19460829
DH03803,361,1,2131412
DH03804,475,3,23514632
DH03804,263,2,5779215
DH03804,127,2,23583550
DH03805,187,3,8866140
DH03806,157,2,10354320
DH03807,8,2,16791775
DH03808,33,1,16395207
DH03808,379,2,11024419
DH03808,248,1,22980553
DH03809,375,2,22543381
DH03809,465,2,24131257
DH03810,59,2,11020945
DH03811,257,1,22709217
DH03811,318,3,23570935
DH03811,399,2,2042288
DH03812,358,3,8803419
DH03813,444,2,24721344
DH03813,60,2,10296353
DH03814,287,1,10898911
DH03815,369,1,10752264
DH03815,466,3,16269792
DH03815,149,1,20816892
DH03816,84,3,5916601
DH03817,95,3,17932883
DH03817,66,2,9292701
DH03818,63,2,25365618
DH03818,369,3,10752264
DH03818,98,1,25849081
DH03819,21,1,20692785
DH03819,270,2,15138021
DH03819,70,1,24683647
DH03820,155,3,23734363
DH03820,357,2,4857102
DH03821,469,2,24833142
DH03821,59,3,11020945
DH03821,346,3,15198565
DH03822,301,1,23179464
DH03822,36,3,4440658
DH03823,49,1,10127878
DH03823,467,3,6408461
DH03824,377,1,12231914
DH03824,459,1,21165935
DH03825,406,1,1821869
DH03825,320,3,13927009
DH03825,42,3,4888990
DH03826,96,2,2158473
DH03827,397,1,23886813
DH03828,222,2,24480557
DH03828,271,1,8962577
DH03828,476,1,5610573
DH03829,362,2,18686057
DH03829,73,2,13467563
DH03830,493,2,5355143
DH03830,421,1,22589235
DH03830,356,2,23139278
DH03831,356,1,23139278
DH03831,435,3,4349985
DH03832,320,1,13927009
DH03833,484,1,9546339
DH03834,364,3,14254399
DH03834,55,2,17890818
DH03835,145,2,13595803
DH03835,7,3,4357180
DH03835,449,2,7676975
DH03836,392,1,2439684
DH03836,97,1,20721508
DH03837,330,1,21871930
DH03837,116,3,17991157
DH03838,169,1,25706307
DH03838,97,1,20721508
DH03839,146,1,19268450
DH03839,302,2,1904905
DH03839,377,3,12231914
DH03840,235,2,1672401
DH03841,268,1,20509489
DH03842,81,2,11760834
DH03842,127,2,23583550
DH03842,461,1,13898840
DH03843,392,3,2439684
DH03844,197,3,1767828
DH03844,262,3,15404344
DH03844,31,3,19561998
DH03845,440,2,21263667
DH03846,447,1,13793804
DH03846,153,1,9382132
DH03846,436,2,8088441
DH03847,40,1,13768783
DH03847,414,3,8838663
DH03847,233,2,5799781
DH03848,179,1,23021297
DH03848,153,2,9382132
DH03849,23,1,18730487
DH03849,221,2,18603561
DH03849,348,3,16075438
DH03850,206,3,9160201
DH03850,147,3,13624031
DH03850,80,2,15432098
DH03851,38,3,25625870
DH03851,458,1,3104580
DH03851,183,3,25583781
DH03852,143,2,5091764
DH03852,281,3,6520993
DH03853,94,3,4892461
DH03854,84,3,5916601
DH03854,378,1,5459248
DH03854,339,1,7585126
DH03855,43,2,14663576
DH03855,258,1,12909089
DH03856,208,3,16507221
DH03857,289,1,4921805
DH03857,5,1,6035905
DH03858,399,2,2042288
DH03859,239,2,9904462
DH03859,307,2,2970393
DH03860,207,1,11794425
DH03861,432,3,25961408
DH03862,127,2,23583550
DH03862,21,2,20692785
DH03863,440,3,21263667
DH03863,449,2,7676975
DH03863,254,3,7786382
DH03864,273,2,13267090
DH03864,251,1,11288407
DH03864,210,2,20061356
DH03865,458,3,3104580
DH03865,80,1,15432098
DH03865,323,1,8114299
DH03866,342,3,3872319
DH03866,83,2,10278942
DH03866,284,2,7510427
DH03867,316,2,19653730
DH03868,21,2,20692785
DH03868,145,1,13595803
DH03868,271,2,8962577
DH03869,207,1,11794425
DH03869,270,3,15138021
DH03870,340,3,2512853
DH03870,118,2,6945092
DH03870,267,3,20768736
DH03871,207,1,11794425
DH03871,243,3,9384883
DH03871,32,2,16788448
DH03872,64,2,9718506
DH03873,83,2,10278942
DH03873,497,2,20532926
DH03874,364,1,14254399
DH03874,346,2,15198565
DH03874,403,1,10108987
DH03875,357,3,4857102
DH03875,382,2,23997672
DH03876,305,1,19848099
DH03876,45,3,22446227
DH03877,186,1,11833611
DH03877,484,3,9546339
DH03877,234,1,12378563
DH03878,39,2,5958851
DH03878,139,1,8176702
DH03879,402,1,14448552
DH03879,132,1,16198314
DH03880,19,1,6165758
DH03880,361,2,2131412
DH03881,54,1,18474415
DH03881,210,3,20061356
DH03881,500,1,12716509
DH03882,440,2,21263667
DH03882,233,2,5799781
DH03883,196,1,9383000
DH03883,301,3,23179464
DH03883,31,1,19561998
DH03884,450,1,19208894
DH03885,416,3,17524717
DH03885,380,3,7759711
DH03886,141,2,22227393
DH03887,142,1,23627613
DH03888,264,3,7333700
DH03889,124,3,18670083
DH03889,465,2,24131257
DH03890,442,3,14674667
DH03891,495,2,24537951
DH03891,323,1,8114299
DH03892,383,2,21556385
DH03893,10,2,8245338
DH03894,452,2,6422656
DH03894,409,1,25383281
DH03894,149,2,20816892
DH03895,124,2,18670083
DH03896,417,3,1927702
DH03896,463,3,14123822
DH03897,203,1,2141244
DH03898,459,3,21165935
DH03898,261,2,8666850
DH03898,402,3,14448552
DH03899,148,2,24016044
DH03899,422,1,12003004
DH03900,5,2,6035905
DH03900,493,2,5355143
DH03901,118,3,6945092
DH03901,227,2,23575212
DH03901,273,1,13267090
DH03902,452,1,6422656
DH03902,422,1,12003004
DH03903,81,3,11760834
DH03903,136,3,13200645
DH03904,312,1,22250953
DH03904,430,3,11677101
DH03905,279,2,22313060
DH03905,485,1,2937854
DH03905,103,2,17996106
DH03906,163,3,5148746
DH03906,211,1,19060983
DH03906,180,1,5187803
DH03907,23,2,18730487
DH03907,361,2,2131412
DH03907,338,2,11491142
DH03908,409,2,25383281
DH03909,81,2,11760834
DH03909,15,1,21879885
DH03909,189,1,21341902
DH03910,107,3,15707585
DH03910,272,3,15085613
DH03911,25,3,7741025
DH03912,212,2,9801647
DH03912,301,3,23179464
DH03913,330,3,21871930
DH03913,461,1,13898840
DH03914,34,2,21526031
DH03914,159,1,18319776
DH03915,111,2,5190528
DH03915,446,1,10227214
DH03916,175,2,4766108
DH03916,481,2,11804603
DH03916,407,1,22242654
DH03917,143,1,5091764
DH03918,152,2,11691816
DH03918,258,1,12909089
DH03919,217,1,21518753
DH03920,122,3,18283116
DH03921,104,1,21205978
DH03921,21,1,20692785
DH03922,363,3,13943365
DH03922,34,2,21526031
DH03922,389,2,2247745
DH03923,87,3,1388487
DH03924,188,2,2213985
DH03924,485,2,2937854
DH03924,263,2,5779215
DH03925,154,1,5917692
DH03926,268,1,20509489
DH03927,264,3,7333700
DH03927,479,1,24995661
DH03928,9,1,2348573
DH03928,462,2,16447832
DH03929,116,3,17991157
DH03929,305,2,19848099
DH03929,245,1,11838005
DH03930,377,3,12231914
DH03930,419,2,14450529
DH03930,96,1,2158473
DH03931,397,3,23886813
DH03931,383,1,21556385
DH03931,416,1,17524717
DH03932,300,1,20713031
DH03932,97,3,20721508
DH03933,331,3,16419785
DH03933,184,1,17356432
DH03933,411,1,15292733
DH03934,347,1,10484449
DH03935,171,1,16022163
DH03935,351,1,13618008
DH03936,266,2,8991711
DH03936,376,1,7479061
DH03936,207,3,11794425
DH03937,281,1,6520993
DH03937,371,3,15596681
DH03937,407,1,22242654
DH03938,259,1,2352165
DH03938,456,2,1907183
DH03939,24,2,1688485
DH03940,112,1,21786528
DH03940,263,2,5779215
DH03940,238,3,8768981
DH03941,182,2,19817463
DH03941,172,2,11563207
DH03941,161,2,5421161
DH03942,120,2,23629104
DH03942,464,1,10451249
DH03943,152,2,11691816
DH03943,257,3,22709217
DH03943,96,1,2158473
DH03944,214,2,21742788
DH03945,444,2,24721344
DH03945,300,1,20713031
DH03945,282,3,9983595
DH03946,182,3,19817463
DH03946,119,3,13510580
DH03946,83,3,10278942
DH03947,24,3,1688485
DH03947,245,2,11838005
DH03947,34,3,21526031
DH03948,271,2,8962577
DH03949,202,1,10502987
DH03950,216,2,13741880
DH03950,311,1,20701272
DH03951,165,3,25319024
DH03951,136,3,13200645
DH03952,478,1,8623329
DH03953,163,3,5148746
DH03954,405,3,6786774
DH03954,379,2,11024419
DH03955,96,1,2158473
DH03956,178,2,25162917
DH03957,452,2,6422656
DH03957,386,3,11489944
DH03958,37,3,24694673
DH03958,350,2,12090591
DH03958,244,3,16782990
DH03959,127,2,23583550
DH03959,70,1,24683647
DH03959,109,3,8310763
DH03960,11,2,10235878
DH03960,14,1,7886377
DH03960,103,2,17996106
DH03961,271,1,8962577
DH03961,429,2,13157569
DH03961,80,1,15432098
DH03962,128,3,5789660
DH03962,287,2,10898911
DH03963,273,1,13267090
DH03964,450,3,19208894
DH03965,202,3,10502987
DH03966,114,3,5461510
DH03967,165,2,25319024
DH03967,211,2,19060983
DH03967,256,2,7503626
DH03968,363,3,13943365
DH03968,123,2,5880587
DH03968,226,3,24912858
DH03969,447,2,13793804
DH03969,213,3,9135747
DH03970,88,1,15268123
DH03970,58,1,4846247
DH03971,393,2,15902198
DH03971,181,2,1690676
DH03971,253,3,9232276
DH03972,281,1,6520993
DH03972,440,3,21263667
DH03973,384,1,7946719
DH03973,485,2,2937854
DH03974,96,1,2158473
DH03975,409,3,25383281
DH03976,152,2,11691816
DH03976,357,2,4857102
DH03976,91,1,20666588
DH03977,461,2,13898840
DH03977,206,3,9160201
DH03978,116,2,17991157
DH03978,3,2,23951194
DH03979,331,2,16419785
DH03979,96,2,2158473
DH03980,346,3,15198565
DH03981,464,3,10451249
DH03981,14,2,7886377
DH03982,389,2,2247745
DH03982,224,2,17686916
DH03983,65,2,20123002
DH03983,261,2,8666850
DH03984,392,3,2439684
DH03984,161,1,5421161
DH03985,375,3,22543381
DH03985,368,2,21192004
DH03985,20,2,14519905
DH03986,328,1,19906025
DH03986,222,1,24480557
DH03987,419,2,14450529
DH03987,319,3,17175754
DH03987,290,2,14771023
DH03988,93,2,14686287
DH03988,416,1,17524717
DH03989,175,3,4766108
DH03990,300,3,20713031
DH03991,334,1,7901528
DH03992,139,3,8176702
DH03993,78,2,10074989
DH03994,351,2,13618008
DH03994,320,3,13927009
DH03994,374,1,17616582
DH03995,305,2,19848099
DH03996,189,3,21341902
DH03996,316,1,19653730
DH03997,419,1,14450529
DH03997,38,3,25625870
DH03998,422,1,12003004
DH03998,237,3,5969756
DH03998,209,2,11044537
DH03999,434,1,20511341
DH03999,99,1,22557878
DH04000,203,3,2141244
DH04000,446,2,10227214
DH04001,134,1,24009450
DH04001,318,3,23570935
DH04001,398,3,4672398
DH04002,245,3,11838005
DH04003,267,2,20768736
DH04003,64,2,9718506
DH04003,321,1,9556944
DH04004,197,1,1767828
DH04004,351,3,13618008
DH04004,26,1,23522794
DH04005,319,1,17175754
DH04005,74,3,2460854
DH04006,403,3,10108987
DH04006,449,1,7676975
DH04006,118,1,6945092
DH04007,390,3,7428418
DH04007,202,2,10502987
DH04007,7,1,4357180
DH04008,429,1,13157569
DH04008,25,1,7741025
DH04009,165,2,25319024
DH04010,158,2,2814097
DH04010,221,3,18603561
DH04010,95,2,17932883
DH04011,74,2,2460854
DH04011,390,2,7428418
DH04011,272,2,15085613
DH04012,430,3,11677101
DH04012,403,1,10108987
DH04012,490,2,24697745
DH04013,441,3,18385006
DH04013,288,2,11145011
DH04013,454,2,24379043
DH04014,422,1,12003004
DH04014,89,1,15656852
DH04015,13,2,24933847
DH04015,203,1,2141244
DH04016,199,1,15317157
DH04016,294,2,20611090
DH04017,435,1,4349985
DH04017,214,3,21742788
DH04018,266,3,8991711
DH04019,357,2,4857102
DH04019,434,1,20511341
DH04019,20,2,14519905
DH04020,130,2,8364943
DH04021,218,3,7876105
DH04021,23,3,18730487
DH04021,135,3,18508141
DH04022,315,1,7916762
DH04023,345,2,24716330
DH04024,234,1,12378563
DH04024,476,3,5610573
DH04024,286,2,3106273
DH04025,117,2,1822241
DH04025,418,1,6732468
DH04025,182,2,19817463
DH04026,73,2,13467563
DH04026,342,3,3872319
DH04026,17,3,11252793
DH04027,477,1,17019502
DH04027,378,3,5459248
DH04028,301,2,23179464
DH04028,381,3,3635754
DH04028,138,3,24036792
DH04029,240,2,23483447
DH04029,105,3,9768220
DH04030,246,1,4574511
DH04030,338,3,11491142
DH04031,425,3,12382069
DH04031,143,1,5091764
DH04032,21,2,20692785
DH04032,303,1,19460829
DH04032,423,3,11205935
DH04033,292,2,15283078
DH04033,232,3,17350864
DH04034,232,3,17350864
DH04034,91,3,20666588
DH04035,255,1,11357464
DH04035,426,3,22978827
DH04035,309,3,16160657
DH04036,59,2,11020945
DH04036,481,3,11804603
DH04037,379,1,11024419
DH04038,286,2,3106273
DH04039,249,1,12650029
DH04040,257,1,22709217
DH04041,131,1,2156224
DH04041,66,1,9292701
DH04041,302,2,1904905
DH04042,15,2,21879885
DH04042,377,1,12231914
DH04043,467,1,6408461
DH04043,10,2,8245338
DH04043,311,2,20701272
DH04044,49,1,10127878
DH04045,131,1,2156224
DH04045,194,1,10519150
DH04045,364,3,14254399
DH04046,427,1,12881666
DH04046,56,1,3656281
DH04046,147,3,13624031
DH04047,134,3,24009450
DH04047,221,3,18603561
DH04048,53,2,18088695
DH04049,384,1,7946719
DH04049,35,3,5481589
DH04049,48,2,10369706
DH04050,398,3,4672398
DH04050,441,3,18385006
DH04050,102,3,13562744
DH04051,340,1,2512853
DH04051,156,2,23900042
DH04051,376,2,7479061
DH04052,482,1,25397322
DH04052,355,3,19241391
DH04053,66,3,9292701
DH04053,497,3,20532926
DH04054,179,2,23021297
DH04054,267,1,20768736
DH04055,260,1,5169564
DH04055,336,3,20788903
DH04055,494,3,4606985
DH04056,441,3,18385006
DH04057,20,3,14519905
DH04057,70,3,24683647
DH04057,459,2,21165935
DH04058,290,3,14771023
DH04058,98,1,25849081
DH04058,381,3,3635754
DH04059,358,3,8803419
DH04059,141,2,22227393
DH04060,447,1,13793804
DH04060,282,2,9983595
DH04061,104,3,21205978
DH04061,455,3,2445683
DH04062,489,3,23457899
DH04062,358,2,8803419
DH04063,373,1,17596085
DH04064,56,1,3656281
DH04064,404,2,24793579
DH04064,168,1,4959346
DH04065,401,2,3227628
DH04065,51,1,18354531
DH04066,251,2,11288407
DH04066,11,1,10235878
DH04066,143,2,5091764
DH04067,318,2,23570935
DH04068,213,1,9135747
DH04069,89,2,15656852
DH04069,163,2,5148746
DH04069,258,3,12909089
DH04070,241,2,14883376
DH04070,252,1,18216160
DH04070,84,2,5916601
DH04071,170,1,18830250
DH04071,344,3,15192156
DH04072,320,3,13927009
DH04073,139,1,8176702
DH04073,431,1,3483711
DH04073,75,2,1572912
DH04074,63,1,25365618
DH04074,14,3,7886377
DH04075,346,1,15198565
DH04075,334,3,7901528
DH04075,173,3,8932665
DH04076,278,3,16871480
DH04076,305,1,19848099
DH04077,210,3,20061356
DH04077,400,2,19389256
DH04078,308,3,23205555
DH04078,289,1,4921805
DH04079,138,2,24036792
DH04080,21,2,20692785
DH04080,312,3,22250953
DH04081,331,2,16419785
DH04082,326,2,10657286
DH04082,62,3,17040933
DH04083,311,2,20701272
DH04083,405,1,6786774
DH04084,320,3,13927009
DH04084,221,2,18603561
DH04085,26,1,23522794
DH04086,454,2,24379043
DH04086,405,1,6786774
DH04087,90,2,19909796
DH04088,477,3,17019502
DH04088,352,1,22014922
DH04089,241,1,14883376
DH04090,117,3,1822241
DH04090,56,2,3656281
DH04091,296,1,7282780
DH04091,64,3,9718506
DH04091,210,1,20061356
DH04092,140,1,13589526
DH04092,469,3,24833142
DH04093,39,1,5958851
DH04093,35,2,5481589
DH04093,83,1,10278942
DH04094,268,2,20509489
DH04095,166,1,17284447
DH04096,343,2,17874359
DH04096,171,3,16022163
DH04096,203,2,2141244
DH04097,122,2,18283116
DH04097,498,3,19498927
DH04097,174,1,24577473
DH04098,69,2,13005856
DH04098,76,2,25092737
DH04099,169,1,25706307
DH04099,172,2,11563207
DH04099,86,1,8568170
DH04100,90,3,19909796
DH04100,49,1,10127878
DH04101,139,3,8176702
DH04101,50,3,16126277
DH04101,53,3,18088695
DH04102,198,1,13851809
DH04102,150,3,22175650
DH04102,398,3,4672398
DH04103,108,1,16704100
DH04104,11,3,10235878
DH04104,496,1,14220784
DH04105,213,1,9135747
DH04105,270,1,15138021
DH04105,269,2,13567100
DH04106,404,2,24793579
DH04106,26,1,23522794
DH04106,186,2,11833611
DH04107,328,2,19906025
DH04108,483,3,9287345
DH04108,191,3,2180855
DH04108,206,2,9160201
DH04109,407,3,22242654
DH04110,255,3,11357464
DH04110,145,3,13595803
DH04111,92,2,11092983
DH04111,398,1,4672398
DH04111,460,1,15973168
DH04112,365,1,15480351
DH04112,435,2,4349985
DH04113,302,1,1904905
DH04113,221,2,18603561
DH04114,158,1,2814097
DH04114,361,3,2131412
DH04114,290,2,14771023
DH04115,254,2,7786382
DH04116,1,1,5597326
DH04117,45,2,22446227
DH04117,20,2,14519905
DH04118,405,3,6786774
DH04119,384,1,7946719
DH04119,380,3,7759711
DH04120,182,1,19817463
DH04121,90,2,19909796
DH04122,179,2,23021297
DH04123,126,2,7453646
DH04124,286,3,3106273
DH04125,473,2,8143318
DH04125,105,2,9768220
DH04125,314,3,21535304
DH04126,14,1,7886377
DH04127,104,3,21205978
DH04127,411,2,15292733
DH04127,177,2,6101695
DH04128,423,3,11205935
DH04129,183,2,25583781
DH04129,233,3,5799781
DH04130,455,3,2445683
DH04130,20,3,14519905
DH04130,149,2,20816892
DH04131,86,1,8568170
DH04131,149,1,20816892
DH04131,198,3,13851809
DH04132,123,1,5880587
DH04133,72,1,11915298
DH04134,256,2,7503626
DH04135,46,1,13724985
DH04136,450,3,19208894
DH04137,234,1,12378563
DH04137,450,2,19208894
DH04138,420,2,7580608
DH04139,197,2,1767828
DH04139,358,3,8803419
DH04140,339,2,7585126
DH04140,185,2,5305149
DH04141,441,1,18385006
DH04141,350,3,12090591
DH04141,90,1,19909796
DH04142,325,2,16561482
DH04142,202,3,10502987
DH04143,261,2,8666850
DH04144,349,2,19870600
DH04145,173,1,8932665
DH04145,149,2,20816892
DH04145,255,3,11357464
DH04146,366,1,7038014
DH04146,88,3,15268123
DH04147,213,3,9135747
DH04147,330,1,21871930
DH04148,366,1,7038014
DH04148,381,3,3635754
DH04148,309,3,16160657
DH04149,216,1,13741880
DH04149,2,2,2619639
DH04149,96,3,2158473
DH04150,171,3,16022163
DH04150,325,3,16561482
DH04150,231,3,7056866
DH04151,391,2,14598944
DH04152,360,2,17479616
DH04153,420,3,7580608
DH04153,20,1,14519905
DH04153,246,1,4574511
DH04154,209,1,11044537
DH04155,261,3,8666850
DH04156,470,1,2362889
DH04157,21,3,20692785
DH04157,331,2,16419785
DH04158,377,3,12231914
DH04159,408,2,17462807
DH04159,152,3,11691816
DH04159,356,1,23139278
DH04160,205,2,11351137
DH04160,469,1,24833142
DH04161,301,1,23179464
DH04161,295,3,2326130
DH04162,230,1,4583309
DH04163,154,1,5917692
DH04163,277,1,20673499
DH04163,57,1,19310306
DH04164,139,1,8176702
DH04164,334,3,7901528
DH04165,291,2,19063989
DH04165,304,1,24317139
DH04166,167,1,19477755
DH04166,219,1,20274689
DH04166,124,2,18670083
DH04167,314,1,21535304
DH04168,49,3,10127878
DH04168,472,1,24725902
DH04169,442,2,14674667
DH04169,234,3,12378563
DH04170,378,3,5459248
DH04171,75,1,1572912
DH04172,15,2,21879885
DH04172,211,1,19060983
DH04172,158,2,2814097
DH04173,130,2,8364943
DH04173,343,3,17874359
DH04173,372,3,11933021
DH04174,360,3,17479616
DH04174,403,1,10108987
DH04175,383,3,21556385
DH04176,93,1,14686287
DH04177,132,3,16198314
DH04177,127,2,23583550
DH04178,62,1,17040933
DH04179,465,1,24131257
DH04179,43,1,14663576
DH04179,424,3,19568438
DH04180,247,1,14840560
DH04181,73,2,13467563
DH04181,12,2,11992784
DH04181,383,1,21556385
DH04182,445,2,3753037
DH04183,141,2,22227393
DH04184,116,3,17991157
DH04184,74,1,2460854
DH04185,51,1,18354531
DH04186,346,1,15198565
DH04186,188,3,2213985
DH04187,396,2,2735462
DH04188,249,1,12650029
DH04188,88,2,15268123
DH04189,161,3,5421161
DH04189,59,2,11020945
DH04189,156,1,23900042
DH04190,347,1,10484449
DH04190,261,1,8666850
DH04190,342,1,3872319
DH04191,67,3,2603224
DH04191,27,1,12159304
DH04192,173,3,8932665
DH04193,305,3,19848099
DH04193,233,1,5799781
DH04193,434,2,20511341
DH04194,170,3,18830250
DH04195,140,3,13589526
DH04196,187,3,8866140
DH04197,334,3,7901528
DH04198,174,3,24577473
DH04198,71,1,20920065
DH04199,244,1,16782990
DH04199,87,3,1388487
DH04200,403,3,10108987
DH04200,410,3,12647688
DH04200,133,1,25260384
DH04201,365,3,15480351
DH04201,300,1,20713031
DH04202,61,2,11543600
DH04202,41,1,23214519
DH04202,280,2,25571963
DH04203,37,3,24694673
DH04204,385,2,9022052
DH04205,461,1,13898840
DH04206,320,3,13927009
DH04206,399,3,2042288
DH04207,366,1,7038014
DH04207,267,3,20768736
DH04208,35,2,5481589
DH04208,381,2,3635754
DH04209,214,2,21742788
DH04209,427,3,12881666
DH04210,326,3,10657286
DH04210,327,1,6561107
DH04211,494,3,4606985
DH04211,97,2,20721508
DH04211,286,1,3106273
DH04212,471,1,25755884
DH04212,349,2,19870600
DH04213,387,2,3436274
DH04213,341,2,24878704
DH04214,362,1,18686057
DH04214,356,2,23139278
DH04214,59,1,11020945
DH04215,432,3,25961408
DH04215,123,1,5880587
DH04216,178,3,25162917
DH04216,233,3,5799781
DH04216,61,1,11543600
DH04217,229,2,5955017
DH04217,377,3,12231914
DH04217,413,3,19949073
DH04218,301,2,23179464
DH04218,13,1,24933847
DH04218,273,1,13267090
DH04219,367,3,21910738
DH04219,328,3,19906025
DH04219,182,2,19817463
DH04220,258,1,12909089
DH04220,185,1,5305149
DH04220,280,2,25571963
DH04221,213,2,9135747
DH04221,273,3,13267090
DH04222,40,2,13768783
DH04222,143,1,5091764
DH04222,262,2,15404344
DH04223,382,3,23997672
DH04223,405,3,6786774
DH04224,153,1,9382132
DH04225,389,2,2247745
DH04225,418,2,6732468
DH04226,280,2,25571963
DH04226,417,2,1927702
DH04226,96,2,2158473
DH04227,306,2,9109540
DH04227,422,1,12003004
DH04228,340,3,2512853
DH04229,2,2,2619639
DH04229,51,3,18354531
DH04229,40,1,13768783
DH04230,74,3,2460854
DH04231,132,1,16198314
DH04232,411,2,15292733
DH04232,28,1,8340920
DH04232,384,1,7946719
DH04233,224,3,17686916
DH04233,71,1,20920065
DH04234,339,1,7585126
DH04235,170,2,18830250
DH04235,302,2,1904905
DH04236,259,2,2352165
DH04237,54,1,18474415
DH04237,197,2,1767828
DH04237,485,1,2937854
DH04238,134,1,24009450
DH04238,487,1,9625660
DH04239,385,3,9022052
DH04239,414,3,8838663
DH04240,76,3,25092737
DH04240,267,1,20768736
DH04241,379,1,11024419
DH04241,123,2,5880587
DH04241,275,2,1991880
DH04242,68,2,14423549
DH04242,252,2,18216160
DH04243,261,1,8666850
DH04244,332,2,16273428
DH04244,366,3,7038014
DH04244,347,1,10484449
DH04245,365,1,15480351
DH04245,470,3,2362889
DH04246,41,1,23214519
DH04247,165,1,25319024
DH04247,191,3,2180855
DH04248,335,1,6359823
DH04248,262,2,15404344
DH04248,360,1,17479616
DH04249,452,3,6422656
DH04249,194,2,10519150
DH04249,270,2,15138021
DH04250,359,2,18193067
DH04251,34,3,21526031
DH04251,200,1,25326262
DH04251,499,2,11225264
DH04252,397,1,23886813
DH04253,59,3,11020945
DH04253,496,2,14220784
DH04254,474,3,13191529
DH04255,248,1,22980553
DH04256,423,2,11205935
DH04256,415,1,23483261
DH04256,295,3,2326130
DH04257,377,3,12231914
DH04257,40,3,13768783
DH04257,284,3,7510427
DH04258,317,3,3451035
DH04259,298,3,19424399
DH04260,481,2,11804603
DH04260,106,2,3358747
DH04261,274,1,8049917
DH04262,449,2,7676975
DH04263,321,1,9556944
DH04263,28,1,8340920
DH04264,194,3,10519150
DH04264,458,2,3104580
DH04264,82,3,6348395
DH04265,265,2,18875655
DH04265,435,2,4349985
DH04266,203,2,2141244
DH04267,186,2,11833611
DH04268,397,3,23886813
DH04268,327,2,6561107
DH04268,368,1,21192004
DH04269,191,3,2180855
DH04269,63,2,25365618
DH04269,387,3,3436274
DH04270,485,2,2937854
DH04270,129,3,7748973
DH04270,379,3,11024419
DH04271,213,2,9135747
DH04271,36,2,4440658
DH04271,461,2,13898840
DH04272,356,3,23139278
DH04272,311,3,20701272
DH04272,411,3,15292733
DH04273,116,3,17991157
DH04274,384,2,7946719
DH04274,225,1,17350639
DH04274,320,1,13927009
DH04275,391,3,14598944
DH04276,29,3,8608366
DH04276,499,3,11225264
DH04276,427,2,12881666
DH04277,417,2,1927702
DH04278,434,3,20511341
DH04278,382,2,23997672
DH04278,219,2,20274689
DH04279,409,2,25383281
DH04280,168,3,4959346
DH04280,441,1,18385006
DH04281,380,3,7759711
DH04282,198,3,13851809
DH04282,448,2,1655313
DH04282,265,1,18875655
DH04283,34,3,21526031
DH04283,437,1,20884762
DH04283,5,3,6035905
DH04284,241,1,14883376
DH04284,401,3,3227628
DH04284,64,3,9718506
DH04285,13,1,24933847
DH04285,479,2,24995661
DH04286,247,1,14840560
DH04286,248,1,22980553
DH04286,38,1,25625870
DH04287,187,2,8866140
DH04287,149,2,20816892
DH04287,271,2,8962577
DH04288,245,3,11838005
DH04288,271,2,8962577
DH04288,122,1,18283116
DH04289,121,1,22194333
DH04289,499,3,11225264
DH04290,264,1,7333700
DH04290,395,2,15941796
DH04291,262,2,15404344
DH04292,47,2,2363748
DH04292,74,3,2460854
DH04293,463,2,14123822
DH04293,111,2,5190528
DH04294,357,2,4857102
DH04295,463,1,14123822
DH04295,444,1,24721344
DH04295,105,2,9768220
DH04296,35,1,5481589
DH04296,3,1,23951194
DH04296,288,3,11145011
DH04297,54,2,18474415
DH04298,60,1,10296353
DH04298,437,2,20884762
DH04299,7,1,4357180
DH04300,140,1,13589526
DH04300,358,2,8803419
DH04301,429,3,13157569
DH04301,183,1,25583781
DH04301,154,1,5917692
DH04302,418,1,6732468
DH04303,306,1,9109540
DH04304,482,3,25397322
DH04305,390,1,7428418
DH04306,405,2,6786774
DH04307,123,2,5880587
DH04308,369,2,10752264
DH04308,195,2,2797518
DH04308,167,3,19477755
DH04309,106,3,3358747
DH04309,190,3,19493368
DH04310,146,1,19268450
DH04310,80,1,15432098
DH04310,256,3,7503626
DH04311,332,2,16273428
DH04311,425,2,12382069
DH04312,237,2,5969756
DH04312,494,1,4606985
DH04312,15,1,21879885
DH04313,28,1,8340920
DH04314,331,1,16419785
DH04314,19,3,6165758
DH04314,237,3,5969756
DH04315,104,3,21205978
DH04315,262,2,15404344
DH04316,425,1,12382069
DH04316,413,2,19949073
DH04317,345,2,24716330
DH04318,132,2,16198314
DH04318,420,2,7580608
DH04319,60,2,10296353
DH04319,260,2,5169564
DH04320,185,3,5305149
DH04320,90,1,19909796
DH04321,239,1,9904462
DH04321,438,3,19966047
DH04322,483,3,9287345
DH04323,164,1,12450217
DH04323,243,3,9384883
DH04323,435,1,4349985
DH04324,357,1,4857102
DH04325,339,3,7585126
DH04326,276,2,11889649
DH04326,33,2,16395207
DH04327,330,1,21871930
DH04327,50,3,16126277
DH04328,50,3,16126277
DH04328,128,2,5789660
DH04329,478,2,8623329
DH04329,53,2,18088695
DH04329,292,3,15283078
DH04330,130,3,8364943
DH04330,161,2,5421161
DH04331,137,2,20559073
DH04331,179,3,23021297
DH04331,95,2,17932883
DH04332,185,2,5305149
DH04333,75,1,1572912
DH04333,383,2,21556385
DH04334,492,2,8668431
DH04335,45,1,22446227
DH04336,272,3,15085613
DH04337,323,3,8114299
DH04338,450,3,19208894
DH04339,48,1,10369706
DH04339,430,1,11677101
DH04340,419,3,14450529
DH04340,364,2,14254399
DH04340,233,1,5799781
DH04341,145,2,13595803
DH04341,300,2,20713031
DH04341,286,2,3106273
DH04342,252,2,18216160
DH04343,470,3,2362889
DH04343,319,1,17175754
DH04344,173,1,8932665
DH04344,14,1,7886377
DH04344,149,2,20816892
DH04345,479,2,24995661
DH04345,439,2,11444083
DH04345,477,3,17019502
DH04346,184,3,17356432
DH04346,422,3,12003004
DH04346,301,1,23179464
DH04347,446,2,10227214
DH04347,292,3,15283078
DH04347,251,3,11288407
DH04348,68,2,14423549
DH04349,2,3,2619639
DH04350,66,2,9292701
DH04350,339,1,7585126
DH04350,197,3,1767828
DH04351,290,3,14771023
DH04352,34,1,21526031
DH04352,368,2,21192004
DH04353,432,2,25961408
DH04353,140,1,13589526
DH04354,500,1,12716509
DH04354,399,2,2042288
DH04355,401,3,3227628
DH04356,340,2,2512853
DH04357,218,3,7876105
DH04357,493,2,5355143
DH04358,438,2,19966047
DH04358,142,1,23627613
DH04359,46,2,13724985
DH04360,455,3,2445683
DH04361,151,1,14524360
DH04362,40,2,13768783
DH04362,257,2,22709217
DH04362,262,3,15404344
DH04363,108,2,16704100
DH04363,255,3,11357464
DH04364,37,1,24694673
DH04364,406,2,1821869
DH04364,304,3,24317139
DH04365,195,3,2797518
DH04365,306,3,9109540
DH04365,144,2,6059706
DH04366,162,2,16154689
DH04366,252,2,18216160
DH04366,94,1,4892461
DH04367,233,3,5799781
DH04368,170,2,18830250
DH04368,165,3,25319024
DH04368,313,2,2770705
DH04369,306,2,9109540
DH04369,119,3,13510580
DH04370,224,3,17686916
DH04370,169,1,25706307
DH04371,346,3,15198565
DH04371,439,3,11444083
DH04372,103,2,17996106
DH04373,139,3,8176702
DH04373,489,2,23457899
DH04374,60,1,10296353
DH04375,380,2,7759711
DH04375,494,2,4606985
DH04375,87,1,1388487
DH04376,63,2,25365618
DH04377,409,2,25383281
DH04377,496,1,14220784
DH04378,34,3,21526031
DH04378,409,3,25383281
DH04379,465,3,24131257
DH04379,449,3,7676975
DH04379,263,1,5779215
DH04380,461,2,13898840
DH04380,264,2,7333700
DH04380,148,2,24016044
DH04381,227,1,23575212
DH04381,262,1,15404344
DH04381,89,2,15656852
DH04382,174,2,24577473
DH04383,79,3,5712887
DH04383,348,2,16075438
DH04383,447,3,13793804
DH04384,41,2,23214519
DH04385,88,2,15268123
DH04385,249,1,12650029
DH04385,431,3,3483711
DH04386,259,1,2352165
DH04387,244,1,16782990
DH04387,234,3,12378563
DH04387,405,1,6786774
DH04388,116,1,17991157
DH04388,458,1,3104580
DH04389,144,2,6059706
DH04390,100,3,3300603
DH04390,460,3,15973168
DH04391,324,2,5235456
DH04391,419,1,14450529
DH04392,265,3,18875655
DH04392,55,1,17890818
DH04393,29,2,8608366
DH04393,108,3,16704100
DH04393,338,2,11491142
DH04394,343,3,17874359
DH04395,497,1,20532926
DH04395,435,3,4349985
DH04395,17,1,11252793
DH04396,376,3,7479061
DH04397,370,2,16487087
DH04398,114,2,5461510
DH04399,67,2,2603224
DH04400,438,1,19966047
DH04400,151,1,14524360
DH04401,164,2,12450217
DH04402,194,3,10519150
DH04402,354,2,14109722
DH04403,380,2,7759711
DH04404,209,2,11044537
DH04404,242,1,1536406
DH04405,426,2,22978827
DH04405,237,1,5969756
DH04405,183,2,25583781
DH04406,33,3,16395207
DH04406,45,3,22446227
DH04406,25,2,7741025
DH04407,22,3,24114298
DH04407,128,2,5789660
DH04407,104,2,21205978
DH04408,287,1,10898911
DH04408,310,2,10351478
DH04409,292,3,15283078
DH04409,32,1,16788448
DH04410,26,1,23522794
DH04411,348,2,16075438
DH04412,76,1,25092737
DH04412,384,1,7946719
DH04413,108,2,16704100
DH04414,31,1,19561998
DH04414,66,3,9292701
DH04415,134,1,24009450
DH04415,443,3,15873432
DH04416,210,2,20061356
DH04416,197,2,1767828
DH04416,433,2,2223429
DH04417,32,3,16788448
DH04418,3,2,23951194
DH04419,117,1,1822241
DH04419,197,3,1767828
DH04419,416,3,17524717
DH04420,225,1,17350639
DH04420,60,3,10296353
DH04421,459,3,21165935
DH04422,351,1,13618008
DH04423,387,3,3436274
DH04423,404,2,24793579
DH04423,460,2,15973168
DH04424,258,1,12909089
DH04424,144,2,6059706
DH04425,241,2,14883376
DH04426,105,3,9768220
DH04426,461,3,13898840
DH04427,148,1,24016044
DH04428,7,3,4357180
DH04428,307,3,2970393
DH04428,177,3,6101695
DH04429,215,2,22688954
DH04429,364,1,14254399
DH04430,410,1,12647688
DH04431,141,3,22227393
DH04431,384,1,7946719
DH04432,115,3,24228127
DH04432,1,2,5597326
DH04433,10,2,8245338
DH04433,35,3,5481589
DH04434,363,1,13943365
DH04434,104,2,21205978
DH04434,246,1,4574511
DH04435,133,2,25260384
DH04436,174,3,24577473
DH04436,371,3,15596681
DH04436,134,2,24009450
DH04437,460,3,15973168
DH04437,309,2,16160657
DH04438,403,2,10108987
DH04438,107,3,15707585
DH04439,16,1,1902478
DH04440,396,3,2735462
DH04440,246,1,4574511
DH04440,294,2,20611090
DH04441,118,2,6945092
DH04441,330,1,21871930
DH04441,309,3,16160657
DH04442,316,3,19653730
DH04442,251,1,11288407
DH04443,435,2,4349985
DH04443,154,1,5917692
DH04444,174,2,24577473
DH04445,384,2,7946719
DH04445,167,1,19477755
DH04445,196,2,9383000
DH04446,401,2,3227628
DH04447,496,1,14220784
DH04447,218,1,7876105
DH04448,426,1,22978827
DH04449,480,1,9066937
DH04449,11,3,10235878
DH04450,272,1,15085613
DH04450,375,3,22543381
DH04451,398,3,4672398
DH04452,72,3,11915298
DH04452,431,2,3483711
DH04452,63,1,25365618
DH04453,161,2,5421161
DH04454,418,2,6732468
DH04454,22,3,24114298
DH04454,39,1,5958851
DH04455,106,3,3358747
DH04456,204,3,6098253
DH04456,249,1,12650029
DH04457,275,1,1991880
DH04457,472,2,24725902
DH04458,272,3,15085613
DH04458,254,3,7786382
DH04459,77,2,20281855
DH04460,307,3,2970393
DH04461,382,3,23997672
DH04461,332,1,16273428
DH04461,4,3,2033327
DH04462,223,2,2575778
DH04462,364,1,14254399
DH04462,59,2,11020945
DH04463,474,3,13191529
DH04463,241,1,14883376
DH04464,139,2,8176702
DH04464,218,1,7876105
DH04464,430,3,11677101
DH04465,402,3,14448552
DH04466,124,3,18670083
DH04466,194,2,10519150
DH04467,389,1,2247745
DH04467,84,1,5916601
DH04468,420,3,7580608
DH04468,460,2,15973168
DH04468,374,1,17616582
DH04469,485,3,2937854
DH04469,446,2,10227214
DH04469,415,3,23483261
DH04470,160,1,7269450
DH04471,357,1,4857102
DH04472,91,2,20666588
DH04473,70,1,24683647
DH04474,342,1,3872319
DH04474,337,3,16155694
DH04475,290,1,14771023
DH04475,457,1,24221919
DH04475,443,1,15873432
DH04476,137,3,20559073
DH04476,45,1,22446227
DH04477,141,2,22227393
DH04477,332,3,16273428
DH04478,315,1,7916762
DH04478,290,2,14771023
DH04479,57,1,19310306
DH04479,163,1,5148746
DH04479,73,2,13467563
DH04480,382,1,23997672
DH04480,340,3,2512853
DH04480,60,2,10296353
DH04481,406,1,1821869
DH04482,483,2,9287345
DH04483,145,1,13595803
DH04483,343,3,17874359
DH04484,388,1,12500788
DH04484,10,2,8245338
DH04485,100,3,3300603
DH04485,444,3,24721344
DH04485,368,1,21192004
DH04486,208,3,16507221
DH04486,69,1,13005856
DH04487,397,3,23886813
DH04487,220,3,21154109
DH04488,162,2,16154689
DH04488,222,2,24480557
DH04488,351,3,13618008
DH04489,439,1,11444083
DH04490,484,2,9546339
DH04490,398,2,4672398
DH04491,318,1,23570935
DH04491,248,2,22980553
DH04492,375,3,22543381
DH04492,287,3,10898911
DH04492,401,1,3227628
DH04493,13,2,24933847
DH04493,430,1,11677101
DH04493,30,2,22850493
DH04494,219,3,20274689
DH04494,152,3,11691816
DH04494,321,2,9556944
DH04495,111,2,5190528
DH04495,273,3,13267090
DH04496,395,3,15941796
DH04496,276,3,11889649
DH04497,292,1,15283078
DH04497,284,2,7510427
DH04497,145,3,13595803
DH04498,67,1,2603224
DH04499,214,1,21742788
DH04499,201,2,14510585
DH04499,94,1,4892461
DH04500,34,2,21526031
DH04500,153,1,9382132
DH04501,152,3,11691816
DH04502,296,2,7282780
DH04503,483,2,9287345
DH04504,470,3,2362889
DH04504,361,3,2131412
DH04504,312,3,22250953
DH04505,464,3,10451249
DH04505,226,1,24912858
DH04505,270,2,15138021
DH04506,315,3,7916762
DH04506,237,3,5969756
DH04507,86,2,8568170
DH04507,47,3,2363748
DH04508,179,2,23021297
DH04509,98,2,25849081
DH04509,7,2,4357180
DH04510,463,1,14123822
DH04511,1,3,5597326
DH04511,269,3,13567100
DH04511,36,2,4440658
DH04512,304,3,24317139
DH04512,110,2,2655742
DH04512,244,3,16782990
DH04513,431,1,3483711
DH04514,75,3,1572912
DH04514,83,1,10278942
DH04514,85,3,22953739
DH04515,238,3,8768981
DH04516,302,3,1904905
DH04517,102,3,13562744
DH04518,211,2,19060983
DH04518,429,3,13157569
DH04518,124,3,18670083
DH04519,403,3,10108987
DH04520,233,2,5799781
DH04520,193,3,12107524
DH04521,282,3,9983595
DH04521,1,3,5597326
DH04522,439,2,11444083
DH04522,64,3,9718506
DH04523,214,1,21742788
DH04524,197,1,1767828
DH04525,62,1,17040933
DH04526,91,2,20666588
DH04526,43,1,14663576
DH04527,398,1,4672398
DH04527,121,3,22194333
DH04528,401,3,3227628
DH04528,386,3,11489944
DH04529,353,1,17335247
DH04530,458,2,3104580
DH04531,487,1,9625660
DH04532,485,3,2937854
DH04533,256,1,7503626
DH04534,160,2,7269450
DH04534,78,3,10074989
DH04534,471,1,25755884
DH04535,115,2,24228127
DH04535,403,3,10108987
DH04536,194,2,10519150
DH04537,364,2,14254399
DH04537,71,1,20920065
DH04538,320,2,13927009
DH04538,68,2,14423549
DH04539,258,3,12909089
DH04539,466,2,16269792
DH04539,144,2,6059706
DH04540,217,2,21518753
DH04540,19,1,6165758
DH04541,450,3,19208894
DH04541,335,3,6359823
DH04542,420,2,7580608
DH04542,71,1,20920065
DH04543,77,1,20281855
DH04544,210,2,20061356
DH04545,406,2,1821869
DH04545,387,2,3436274
DH04545,340,3,2512853
DH04546,426,3,22978827
DH04547,239,3,9904462
DH04548,90,2,19909796
DH04548,320,1,13927009
DH04548,427,3,12881666
DH04549,393,2,15902198
DH04549,406,2,1821869
DH04549,197,2,1767828
DH04550,139,3,8176702
DH04550,72,1,11915298
DH04551,270,1,15138021
DH04551,243,3,9384883
DH04552,17,3,11252793
DH04552,275,3,1991880
DH04553,142,1,23627613
DH04554,372,2,11933021
DH04555,21,2,20692785
DH04555,10,3,8245338
DH04555,199,3,15317157
DH04556,63,2,25365618
DH04556,430,3,11677101
DH04557,35,3,5481589
DH04558,251,2,11288407
DH04559,231,3,7056866
DH04559,277,2,20673499
DH04559,476,1,5610573
DH04560,17,1,11252793
DH04560,96,3,2158473
DH04560,63,2,25365618
DH04561,426,2,22978827
DH04562,167,3,19477755
DH04563,454,2,24379043
DH04563,326,3,10657286
DH04564,222,2,24480557
DH04564,92,3,11092983
DH04565,489,3,23457899
DH04566,137,1,20559073
DH04567,126,1,7453646
DH04567,183,2,25583781
DH04568,333,2,4723884
DH04568,165,1,25319024
DH04569,273,1,13267090
DH04569,366,2,7038014
DH04569,293,3,5223702
DH04570,131,1,2156224
DH04571,70,1,24683647
DH04571,446,2,10227214
DH04572,199,1,15317157
DH04572,323,2,8114299
DH04573,443,3,15873432
DH04573,457,2,24221919
DH04574,404,2,24793579
DH04574,86,3,8568170
DH04575,494,1,4606985
DH04575,252,2,18216160
DH04576,22,1,24114298
DH04576,334,2,7901528
DH04576,317,3,3451035
DH04577,496,3,14220784
DH04577,234,2,12378563
DH04577,70,2,24683647
DH04578,402,1,14448552
DH04578,254,2,7786382
DH04579,1,3,5597326
DH04579,188,3,2213985
DH04580,106,2,3358747
DH04580,55,3,17890818
DH04581,447,3,13793804
DH04581,36,2,4440658
DH04582,382,3,23997672
DH04583,344,2,15192156
DH04583,421,2,22589235
DH04584,139,1,8176702
DH04584,221,2,18603561
DH04584,9,1,2348573
DH04585,163,3,5148746
DH04586,266,2,8991711
DH04586,353,2,17335247
DH04587,341,3,24878704
DH04588,3,3,23951194
DH04588,470,3,2362889
DH04588,215,2,22688954
DH04589,432,2,25961408
DH04590,307,3,2970393
DH04591,10,1,8245338
DH04592,155,2,23734363
DH04592,81,2,11760834
DH04592,109,2,8310763
DH04593,95,1,17932883
DH04593,29,1,8608366
DH04593,162,1,16154689
DH04594,221,1,18603561
DH04594,349,1,19870600
DH04594,193,3,12107524
DH04595,139,2,8176702
DH04595,128,1,5789660
DH04595,424,3,19568438
DH04596,366,3,7038014
DH04597,491,3,23791756
DH04597,252,1,18216160
DH04597,405,1,6786774
DH04598,155,3,23734363
DH04598,342,2,3872319
DH04598,140,2,13589526
DH04599,9,1,2348573
DH04600,428,1,8623074
DH04600,167,2,19477755
DH04601,204,1,6098253
DH04602,414,1,8838663
DH04602,27,1,12159304
DH04603,242,2,1536406
DH04603,304,2,24317139
DH04604,54,3,18474415
DH04605,247,2,14840560
DH04606,449,1,7676975
DH04607,471,3,25755884
DH04608,436,2,8088441
DH04609,141,1,22227393
DH04610,265,1,18875655
DH04610,118,1,6945092
DH04610,438,1,19966047
DH04611,482,2,25397322
DH04611,249,1,12650029
DH04612,175,2,4766108
DH04612,174,3,24577473
DH04613,59,2,11020945
DH04613,172,3,11563207
DH04614,150,1,22175650
DH04614,84,1,5916601
DH04615,317,3,3451035
DH04615,10,3,8245338
DH04615,87,3,1388487
DH04616,300,3,20713031
DH04616,185,1,5305149
DH04617,97,2,20721508
DH04618,400,3,19389256
DH04618,245,1,11838005
DH04619,219,2,20274689
DH04619,434,3,20511341
DH04619,43,2,14663576
DH04620,293,3,5223702
DH04621,425,3,12382069
DH04622,41,1,23214519
DH04623,217,3,21518753
DH04623,230,3,4583309
DH04623,116,1,17991157
DH04624,206,3,9160201
DH04625,185,2,5305149
DH04626,392,1,2439684
DH04626,207,1,11794425
DH04627,442,3,14674667
DH04627,150,1,22175650
DH04628,105,3,9768220
DH04628,322,3,4789634
DH04628,191,1,2180855
DH04629,16,1,1902478
DH04629,7,2,4357180
DH04629,275,3,1991880
DH04630,356,1,23139278
DH04630,475,1,23514632
DH04630,67,1,2603224
DH04631,31,3,19561998
DH04632,433,2,2223429
DH04632,132,2,16198314
DH04632,277,1,20673499
DH04633,416,3,17524717
DH04633,110,1,2655742
DH04634,384,2,7946719
DH04635,188,3,2213985
DH04635,5,3,6035905
DH04635,344,2,15192156
DH04636,433,2,2223429
DH04637,487,2,9625660
DH04637,383,3,21556385
DH04637,183,2,25583781
DH04638,325,2,16561482
DH04639,36,1,4440658
DH04639,463,3,14123822
DH04640,142,2,23627613
DH04640,198,2,13851809
DH04640,491,2,23791756
DH04641,57,1,19310306
DH04641,315,1,7916762
DH04641,381,2,3635754
DH04642,62,1,17040933
DH04642,261,2,8666850
DH04643,261,2,8666850
DH04644,235,2,1672401
DH04644,169,2,25706307
DH04645,331,3,16419785
DH04645,44,3,12890144
DH04646,390,1,7428418
DH04646,25,2,7741025
DH04647,140,1,13589526
DH04647,277,3,20673499
DH04648,352,2,22014922
DH04649,87,3,1388487
DH04649,9,1,2348573
DH04649,389,1,2247745
DH04650,279,3,22313060
DH04650,274,2,8049917
DH04650,113,3,9188480
DH04651,336,3,20788903
DH04651,411,1,15292733
DH04651,376,3,7479061
DH04652,103,2,17996106
DH04652,427,3,12881666
DH04652,122,2,18283116
DH04653,445,3,3753037
DH04654,106,2,3358747
DH04654,434,1,20511341
DH04654,454,1,24379043
DH04655,293,1,5223702
DH04656,269,1,13567100
DH04657,34,2,21526031
DH04658,359,3,18193067
DH04658,253,1,9232276
DH04659,333,2,4723884
DH04659,197,2,1767828
DH04659,230,3,4583309
DH04660,186,3,11833611
DH04661,218,1,7876105
DH04661,145,1,13595803
DH04661,300,2,20713031
DH04662,85,1,22953739
DH04662,329,3,13517918
DH04663,171,3,16022163
DH04664,292,1,15283078
DH04664,264,1,7333700
DH04664,48,2,10369706
DH04665,69,1,13005856
DH04665,419,3,14450529
DH04665,107,2,15707585
DH04666,164,1,12450217
DH04666,223,1,2575778
DH04667,100,3,3300603
DH04667,301,2,23179464
DH04667,32,2,16788448
DH04668,452,2,6422656
DH04668,431,1,3483711
DH04668,211,2,19060983
DH04669,76,2,25092737
DH04669,392,3,2439684
DH04670,267,3,20768736
DH04671,270,2,15138021
DH04671,29,1,8608366
DH04672,174,1,24577473
DH04672,179,2,23021297
DH04673,180,1,5187803
DH04673,159,2,18319776
DH04674,131,1,2156224
DH04675,244,3,16782990
DH04675,439,3,11444083
DH04675,345,2,24716330
DH04676,278,2,16871480
DH04677,184,1,17356432
DH04677,493,3,5355143
DH04678,415,2,23483261
DH04678,270,1,15138021
DH04679,398,1,4672398
DH04679,482,2,25397322
DH04679,117,1,1822241
DH04680,483,2,9287345
DH04680,251,2,11288407
DH04681,81,3,11760834
DH04682,434,3,20511341
DH04682,466,2,16269792
DH04683,310,1,10351478
DH04683,472,1,24725902
DH04684,240,2,23483447
DH04684,150,1,22175650
DH04684,448,3,1655313
DH04685,291,3,19063989
DH04685,229,2,5955017
DH04686,179,1,23021297
DH04687,275,2,1991880
DH04687,369,2,10752264
DH04687,464,3,10451249
DH04688,322,3,4789634
DH04689,459,3,21165935
DH04689,340,1,2512853
DH04689,82,1,6348395
DH04690,436,1,8088441
DH04690,480,1,9066937
DH04691,344,1,15192156
DH04691,445,3,3753037
DH04692,350,3,12090591
DH04692,410,1,12647688
DH04692,453,2,24897288
DH04693,265,2,18875655
DH04693,448,1,1655313
DH04694,85,3,22953739
DH04694,302,1,1904905
DH04695,408,1,17462807
DH04695,303,2,19460829
DH04695,452,3,6422656
DH04696,285,3,6209359
DH04696,434,3,20511341
DH04697,227,1,23575212
DH04697,177,1,6101695
DH04698,345,3,24716330
DH04698,29,2,8608366
DH04699,206,1,9160201
DH04699,56,1,3656281
DH04700,69,1,13005856
DH04700,318,2,23570935
DH04701,214,2,21742788
DH04702,488,3,1330310
DH04702,70,1,24683647
DH04702,259,3,2352165
DH04703,105,3,9768220
DH04703,20,2,14519905
DH04703,499,3,11225264
DH04704,375,2,22543381
DH04705,431,3,3483711
DH04705,251,1,11288407
DH04705,449,2,7676975
DH04706,283,3,9498824
DH04706,448,1,1655313
DH04707,403,2,10108987
DH04708,489,3,23457899
DH04708,224,1,17686916
DH04708,282,2,9983595
DH04709,499,2,11225264
DH04709,86,1,8568170
DH04709,303,2,19460829
DH04710,123,1,5880587
DH04711,168,3,4959346
DH04711,405,2,6786774
DH04711,487,1,9625660
DH04712,166,1,17284447
DH04712,472,2,24725902
DH04712,352,1,22014922
DH04713,313,3,2770705
DH04713,216,2,13741880
DH04714,129,2,7748973
DH04714,275,3,1991880
DH04714,356,1,23139278
DH04715,36,1,4440658
DH04715,112,2,21786528
DH04716,47,2,2363748
DH04717,283,1,9498824
DH04717,470,1,2362889
DH04717,441,1,18385006
DH04718,373,3,17596085
DH04718,250,1,5901364
DH04719,47,3,2363748
DH04719,261,1,8666850
DH04719,360,2,17479616
DH04720,158,2,2814097
DH04721,356,3,23139278
DH04721,388,3,12500788
DH04721,347,1,10484449
DH04722,319,3,17175754
DH04722,121,1,22194333
DH04722,3,2,23951194
DH04723,57,3,19310306
DH04724,408,2,17462807
DH04724,485,1,2937854
DH04724,393,2,15902198
DH04725,168,1,4959346
DH04725,489,2,23457899
DH04726,391,3,14598944
DH04727,434,1,20511341
DH04727,149,1,20816892
DH04728,55,1,17890818
DH04729,491,3,23791756
DH04730,454,2,24379043
DH04731,255,1,11357464
DH04731,4,3,2033327
DH04731,427,3,12881666
DH04732,55,2,17890818
DH04733,160,3,7269450
DH04734,67,2,2603224
DH04734,309,3,16160657
DH04735,369,3,10752264
DH04736,262,2,15404344
DH04736,323,3,8114299
DH04736,69,3,13005856
DH04737,474,2,13191529
DH04738,68,1,14423549
DH04738,420,1,7580608
DH04738,120,2,23629104
DH04739,409,3,25383281
DH04739,430,1,11677101
DH04740,242,2,1536406
DH04740,171,1,16022163
DH04740,355,2,19241391
DH04741,330,2,21871930
DH04741,157,1,10354320
DH04742,303,3,19460829
DH04743,65,3,20123002
DH04744,317,2,3451035
DH04744,363,2,13943365
DH04745,64,1,9718506
DH04746,125,1,13225929
DH04747,43,2,14663576
DH04747,475,2,23514632
DH04748,173,1,8932665
DH04749,405,2,6786774
DH04749,137,2,20559073
DH04749,212,3,9801647
DH04750,62,3,17040933
DH04750,27,1,12159304
DH04751,237,3,5969756
DH04752,126,2,7453646
DH04752,368,2,21192004
DH04752,477,3,17019502
DH04753,448,3,1655313
DH04754,94,2,4892461
DH04754,186,3,11833611
DH04754,386,1,11489944
DH04755,1,2,5597326
DH04755,136,3,13200645
DH04756,322,3,4789634
DH04756,302,1,1904905
DH04757,349,1,19870600
DH04757,494,1,4606985
DH04757,442,1,14674667
DH04758,208,3,16507221
DH04758,110,1,2655742
DH04758,270,1,15138021
DH04759,197,1,1767828
DH04759,480,3,9066937
DH04760,98,3,25849081
DH04761,497,1,20532926
DH04762,325,3,16561482
DH04763,301,1,23179464
DH04764,91,1,20666588
DH04765,49,1,10127878
DH04765,342,2,3872319
DH04766,348,2,16075438
DH04766,26,1,23522794
DH04766,439,3,11444083
DH04767,203,2,2141244
DH04767,184,1,17356432
DH04767,476,1,5610573
DH04768,275,3,1991880
DH04768,88,2,15268123
DH04769,147,1,13624031
DH04770,319,1,17175754
DH04770,63,1,25365618
DH04770,60,3,10296353
DH04771,385,1,9022052
DH04772,431,3,3483711
DH04773,106,1,3358747
DH04773,96,1,2158473
DH04774,237,2,5969756
DH04774,243,2,9384883
DH04774,450,3,19208894
DH04775,62,2,17040933
DH04776,399,1,2042288
DH04776,230,1,4583309
DH04776,172,3,11563207
DH04777,94,1,4892461
DH04778,106,1,3358747
DH04779,52,1,14404540
DH04779,284,3,7510427
DH04779,335,3,6359823
DH04780,93,2,14686287
DH04780,267,1,20768736
DH04781,427,1,12881666
DH04782,114,2,5461510
DH04783,81,2,11760834
DH04784,70,2,24683647
DH04784,390,2,7428418
DH04784,11,1,10235878
DH04785,278,3,16871480
DH04785,257,2,22709217
DH04785,289,2,4921805
DH04786,174,2,24577473
DH04786,350,2,12090591
DH04787,412,3,5966347
DH04788,458,3,3104580
DH04789,402,2,14448552
DH04789,359,2,18193067
DH04789,311,2,20701272
DH04790,286,3,3106273
DH04790,336,2,20788903
DH04791,449,1,7676975
DH04791,472,2,24725902
DH04792,439,3,11444083
DH04792,214,1,21742788
DH04792,287,2,10898911
DH04793,430,2,11677101
DH04793,495,2,24537951
DH04794,181,3,1690676
DH04794,387,1,3436274
DH04794,41,1,23214519
DH04795,8,3,16791775
DH04796,430,1,11677101
DH04796,71,1,20920065
DH04797,142,2,23627613
DH04798,86,1,8568170
DH04798,17,1,11252793
DH04798,82,3,6348395
DH04799,167,1,19477755
DH04799,219,2,20274689
DH04799,280,3,25571963
DH04800,231,3,7056866
DH04801,166,3,17284447
DH04801,323,2,8114299
DH04801,197,2,1767828
DH04802,195,3,2797518
DH04802,50,2,16126277
DH04803,232,2,17350864
DH04803,93,3,14686287
DH04804,470,2,2362889
DH04804,435,2,4349985
DH04804,191,2,2180855
DH04805,164,1,12450217
DH04805,171,1,16022163
DH04806,77,2,20281855
DH04806,81,3,11760834
DH04807,119,1,13510580
DH04808,293,1,5223702
DH04809,248,2,22980553
DH04810,378,3,5459248
DH04811,444,2,24721344
DH04811,76,3,25092737
DH04811,345,1,24716330
DH04812,102,3,13562744
DH04812,60,2,10296353
DH04812,264,2,7333700
DH04813,444,2,24721344
DH04814,376,2,7479061
DH04815,158,2,2814097
DH04815,477,3,17019502
DH04816,257,3,22709217
DH04817,332,2,16273428
DH04817,458,2,3104580
DH04818,422,1,12003004
DH04818,12,1,11992784
DH04818,435,1,4349985
DH04819,38,1,25625870
DH04819,171,2,16022163
DH04820,432,3,25961408
DH04821,151,3,14524360
DH04821,258,3,12909089
DH04821,386,2,11489944
DH04822,460,2,15973168
DH04822,322,1,4789634
DH04823,108,3,16704100
DH04824,397,3,23886813
DH04824,118,2,6945092
DH04825,436,1,8088441
DH04825,283,3,9498824
DH04826,323,1,8114299
DH04826,145,3,13595803
DH04827,92,3,11092983
DH04828,375,1,22543381
DH04829,494,2,4606985
DH04830,285,2,6209359
DH04830,280,1,25571963
DH04830,410,1,12647688
DH04831,18,2,8089438
DH04831,368,3,21192004
DH04831,389,1,2247745
DH04832,208,1,16507221
DH04833,61,2,11543600
DH04833,357,1,4857102
DH04834,233,3,5799781
DH04834,33,3,16395207
DH04835,390,2,7428418
DH04835,431,3,3483711
DH04835,430,3,11677101
DH04836,138,3,24036792
DH04836,115,2,24228127
DH04836,101,1,4709001
DH04837,205,2,11351137
DH04838,182,1,19817463
DH04839,179,3,23021297
DH04840,231,2,7056866
DH04840,425,1,12382069
DH04841,332,1,16273428
DH04841,335,1,6359823
DH04842,104,1,21205978
DH04842,174,1,24577473
DH04842,259,2,2352165
DH04843,425,2,12382069
DH04844,378,3,5459248
DH04844,190,3,19493368
DH04844,137,3,20559073
DH04845,192,1,10036440
DH04846,62,2,17040933
DH04846,404,3,24793579
DH04847,332,3,16273428
DH04848,106,2,3358747
DH04848,129,2,7748973
DH04849,116,1,17991157
DH04849,106,3,3358747
DH04850,86,1,8568170
DH04851,74,2,2460854
DH04852,159,3,18319776
DH04852,412,3,5966347
DH04852,399,2,2042288
DH04853,65,1,20123002
DH04854,50,2,16126277
DH04854,290,1,14771023
DH04855,432,2,25961408
DH04855,401,1,3227628
DH04856,411,3,15292733
DH04856,371,1,15596681
DH04856,252,1,18216160
DH04857,189,2,21341902
DH04857,316,3,19653730
DH04858,474,3,13191529
DH04858,425,3,12382069
DH04858,349,2,19870600
DH04859,391,2,14598944
DH04860,405,1,6786774
DH04861,43,1,14663576
DH04861,122,3,18283116
DH04861,85,3,22953739
DH04862,409,3,25383281
DH04862,137,1,20559073
DH04863,406,3,1821869
DH04863,290,1,14771023
DH04864,286,3,3106273
DH04865,129,3,7748973
DH04866,262,2,15404344
DH04867,181,2,1690676
DH04867,231,1,7056866
DH04868,413,2,19949073
DH04868,93,3,14686287
DH04868,282,3,9983595
DH04869,235,3,1672401
DH04869,477,3,17019502
DH04870,56,3,3656281
DH04870,284,2,7510427
DH04871,291,3,19063989
DH04871,397,2,23886813
DH04871,37,2,24694673
DH04872,371,3,15596681
DH04873,193,3,12107524
DH04873,240,1,23483447
DH04873,241,2,14883376
DH04874,77,1,20281855
DH04874,263,1,5779215
DH04874,308,1,23205555
DH04875,177,3,6101695
DH04875,352,1,22014922
DH04876,478,1,8623329
DH04877,381,3,3635754
DH04877,120,3,23629104
DH04877,61,1,11543600
DH04878,284,1,7510427
DH04878,299,1,10443833
DH04878,158,2,2814097
DH04879,81,3,11760834
DH04879,23,1,18730487
DH04880,479,3,24995661
DH04880,290,2,14771023
DH04881,34,2,21526031
DH04881,124,1,18670083
DH04882,308,1,23205555
DH04883,282,3,9983595
DH04883,443,1,15873432
DH04883,329,1,13517918
DH04884,103,2,17996106
DH04884,139,2,8176702
DH04885,441,2,18385006
DH04886,97,3,20721508
DH04887,141,1,22227393
DH04887,69,2,13005856
DH04887,489,1,23457899
DH04888,380,1,7759711
DH04888,5,1,6035905
DH04888,465,3,24131257
DH04889,482,1,25397322
DH04889,462,2,16447832
DH04889,432,2,25961408
DH04890,392,3,2439684
DH04890,75,1,1572912
DH04891,165,1,25319024
DH04891,307,2,2970393
DH04891,194,3,10519150
DH04892,303,3,19460829
DH04892,278,1,16871480
DH04892,461,3,13898840
DH04893,17,1,11252793
DH04893,23,2,18730487
DH04893,76,3,25092737
DH04894,280,2,25571963
DH04894,200,2,25326262
DH04894,220,1,21154109
DH04895,359,2,18193067
DH04896,66,3,9292701
DH04896,344,2,15192156
DH04897,385,2,9022052
DH04898,199,3,15317157
DH04898,179,2,23021297
DH04899,240,3,23483447
DH04899,210,1,20061356
DH04900,447,2,13793804
DH04901,86,1,8568170
DH04902,459,3,21165935
DH04902,484,1,9546339
DH04902,361,3,2131412
DH04903,470,3,2362889
DH04904,372,1,11933021
DH04905,449,1,7676975
DH04906,301,3,23179464
DH04907,467,1,6408461
DH04907,14,2,7886377
DH04908,245,1,11838005
DH04908,106,3,3358747
DH04908,73,1,13467563
DH04909,280,1,25571963
DH04910,152,1,11691816
DH04910,109,3,8310763
DH04910,103,2,17996106
DH04911,114,2,5461510
DH04911,450,2,19208894
DH04911,454,1,24379043
DH04912,443,2,15873432
DH04913,322,3,4789634
DH04913,230,2,4583309
DH04914,365,3,15480351
DH04914,99,1,22557878
DH04915,1,3,5597326
DH04916,33,1,16395207
DH04917,106,1,3358747
DH04917,284,1,7510427
DH04917,94,2,4892461
DH04918,479,2,24995661
DH04919,449,1,7676975
DH04919,304,1,24317139
DH04920,235,3,1672401
DH04920,392,2,2439684
DH04921,338,3,11491142
DH04921,86,1,8568170
DH04922,308,1,23205555
DH04922,331,2,16419785
DH04922,457,1,24221919
DH04923,417,2,1927702
DH04923,95,2,17932883
DH04923,105,2,9768220
DH04924,459,2,21165935
DH04924,158,2,2814097
DH04924,261,3,8666850
DH04925,466,1,16269792
DH04925,205,2,11351137
DH04925,149,3,20816892
DH04926,141,3,22227393
DH04927,441,1,18385006
DH04927,177,3,6101695
DH04928,354,2,14109722
DH04928,66,1,9292701
DH04928,144,2,6059706
DH04929,258,1,12909089
DH04929,392,3,2439684
DH04930,282,2,9983595
DH04930,73,3,13467563
DH04930,290,1,14771023
DH04931,429,2,13157569
DH04931,13,1,24933847
DH04932,200,1,25326262
DH04932,316,1,19653730
DH04933,96,3,2158473
DH04934,455,3,2445683
DH04934,53,3,18088695
DH04934,277,3,20673499
DH04935,340,2,2512853
DH04936,69,1,13005856
DH04936,123,3,5880587
DH04937,411,3,15292733
DH04937,122,2,18283116
DH04937,498,1,19498927
DH04938,372,2,11933021
DH04938,63,1,25365618
DH04939,174,2,24577473
DH04939,254,3,7786382
DH04939,84,3,5916601
DH04940,428,2,8623074
DH04940,13,2,24933847
DH04940,1,1,5597326
DH04941,34,1,21526031
DH04941,442,3,14674667
DH04941,128,1,5789660
DH04942,417,2,1927702
DH04942,294,3,20611090
DH04942,362,1,18686057
DH04943,263,2,5779215
DH04943,277,1,20673499
DH04944,64,1,9718506
DH04945,321,2,9556944
DH04946,142,2,23627613
DH04946,207,1,11794425
DH04947,256,2,7503626
DH04947,474,1,13191529
DH04947,426,3,22978827
DH04948,492,2,8668431
DH04948,216,3,13741880
DH04949,22,2,24114298
DH04950,276,2,11889649
DH04950,18,3,8089438
DH04951,281,3,6520993
DH04951,48,1,10369706
DH04952,146,1,19268450
DH04952,134,3,24009450
DH04952,123,2,5880587
DH04953,473,2,8143318
DH04954,404,2,24793579
DH04955,452,1,6422656
DH04955,465,1,24131257
DH04956,453,3,24897288
DH04957,26,3,23522794
DH04957,153,1,9382132
DH04958,275,3,1991880
DH04958,244,3,16782990
DH04959,69,1,13005856
DH04960,406,2,1821869
DH04960,422,2,12003004
DH04961,428,3,8623074
DH04962,455,2,2445683
DH04962,489,3,23457899
DH04962,49,3,10127878
DH04963,270,3,15138021
DH04963,353,2,17335247
DH04964,482,3,25397322
DH04964,155,1,23734363
DH04964,189,1,21341902
DH04965,103,1,17996106
DH04966,262,1,15404344
DH04966,172,3,11563207
DH04966,468,1,21281263
DH04967,181,1,1690676
DH04967,330,1,21871930
DH04967,474,1,13191529
DH04968,486,3,14815928
DH04968,426,3,22978827
DH04968,43,3,14663576
DH04969,180,3,5187803
DH04969,242,2,1536406
DH04969,414,3,8838663
DH04970,261,2,8666850
DH04970,375,2,22543381
DH04971,346,1,15198565
DH04971,451,1,18801455
DH04971,91,2,20666588
DH04972,171,2,16022163
DH04973,477,2,17019502
DH04974,8,3,16791775
DH04975,307,3,2970393
DH04975,498,1,19498927
DH04976,239,2,9904462
DH04976,64,2,9718506
DH04976,261,2,8666850
DH04977,293,3,5223702
DH04978,434,2,20511341
DH04978,3,2,23951194
DH04979,102,3,13562744
DH04980,184,3,17356432
DH04980,43,1,14663576
DH04981,173,1,8932665
DH04981,497,2,20532926
DH04982,205,3,11351137
DH04982,35,2,5481589
DH04982,488,3,1330310
DH04983,454,2,24379043
DH04983,348,1,16075438
DH04983,31,3,19561998
DH04984,449,1,7676975
DH04984,14,2,7886377
DH04984,56,3,3656281
DH04985,473,3,8143318
DH04985,114,3,5461510
DH04986,281,1,6520993
DH04986,36,2,4440658
DH04986,360,2,17479616
DH04987,369,2,10752264
DH04988,228,1,9625566
DH04989,417,2,1927702
DH04990,472,2,24725902
DH04990,240,1,23483447
DH04991,283,1,9498824
DH04992,493,3,5355143
DH04992,256,1,7503626
DH04993,1,3,5597326
DH04994,30,1,22850493
DH04994,281,2,6520993
DH04995,373,1,17596085
DH04996,420,2,7580608
DH04997,210,3,20061356
DH04998,388,1,12500788
DH04998,322,3,4789634
DH04998,449,2,7676975
DH04999,308,1,23205555
DH05000,24,2,1688485
DH05001,477,1,17019502
DH05002,139,3,8176702
DH05002,208,2,16507221
DH05003,182,3,19817463
DH05003,307,2,2970393
DH05004,289,3,4921805
DH05004,51,3,18354531
DH05004,72,3,11915298
DH05005,333,2,4723884
DH05005,416,1,17524717
DH05005,87,3,1388487
DH05006,96,3,2158473
DH05007,303,2,19460829
DH05008,204,1,6098253
DH05008,218,3,7876105
DH05009,59,1,11020945
DH05009,482,1,25397322
DH05009,358,3,8803419
DH05010,65,2,20123002
DH05010,247,1,14840560
DH05010,358,2,8803419
DH05011,34,2,21526031
DH05011,218,1,7876105
DH05012,185,3,5305149
DH05012,489,1,23457899
DH05013,86,3,8568170
DH05013,264,1,7333700
DH05013,132,1,16198314
DH05014,151,3,14524360
DH05015,270,1,15138021
DH05016,145,2,13595803
DH05017,437,3,20884762
DH05017,499,1,11225264
DH05017,152,3,11691816
DH05018,212,2,9801647
DH05018,70,2,24683647
DH05019,252,1,18216160
DH05019,324,3,5235456
DH05020,236,1,25624479
DH05020,128,2,5789660
DH05020,87,3,1388487
DH05021,475,2,23514632
DH05022,393,1,15902198
DH05023,434,2,20511341
DH05024,365,1,15480351
DH05024,269,2,13567100
DH05024,241,2,14883376
DH05025,209,3,11044537
DH05026,98,2,25849081
DH05027,37,3,24694673
DH05028,432,2,25961408
DH05028,87,2,1388487
DH05029,368,3,21192004
DH05030,412,1,5966347
DH05031,201,2,14510585
DH05032,221,2,18603561
DH05032,329,1,13517918
DH05032,96,3,2158473
DH05033,347,1,10484449
DH05034,397,3,23886813
DH05035,87,1,1388487
DH05036,205,3,11351137
DH05036,122,3,18283116
DH05037,298,1,19424399
DH05037,127,1,23583550
DH05037,396,2,2735462
DH05038,220,3,21154109
DH05038,54,2,18474415
DH05039,99,1,22557878
DH05039,106,3,3358747
DH05039,475,3,23514632
DH05040,345,1,24716330
DH05041,10,3,8245338
DH05041,190,3,19493368
DH05042,101,1,4709001
DH05042,108,2,16704100
DH05042,459,2,21165935
DH05043,264,1,7333700
DH05043,293,1,5223702
DH05044,368,2,21192004
DH05044,343,2,17874359
DH05044,248,2,22980553
DH05045,357,3,4857102
DH05045,294,3,20611090
DH05045,194,1,10519150
DH05046,468,2,21281263
DH05047,19,3,6165758
DH05047,499,2,11225264
DH05047,276,1,11889649
DH05048,152,1,11691816
DH05048,388,3,12500788
DH05048,170,2,18830250
DH05049,36,2,4440658
DH05049,46,1,13724985
DH05050,270,3,15138021
DH05050,378,2,5459248
DH05051,388,3,12500788
DH05051,245,3,11838005
DH05051,252,3,18216160
DH05052,292,2,15283078
DH05052,5,3,6035905
DH05052,179,2,23021297
DH05053,61,3,11543600
DH05053,424,3,19568438
DH05054,175,1,4766108
DH05054,274,1,8049917
DH05054,494,3,4606985
DH05055,421,2,22589235
DH05055,393,2,15902198
DH05056,493,3,5355143
DH05057,199,1,15317157
DH05057,290,3,14771023
DH05057,20,1,14519905
DH05058,209,2,11044537
DH05058,94,2,4892461
DH05058,352,2,22014922
DH05059,100,1,3300603
DH05059,312,3,22250953
DH05059,346,3,15198565
DH05060,484,3,9546339
DH05061,134,1,24009450
DH05062,246,2,4574511
DH05062,412,2,5966347
DH05062,180,3,5187803
DH05063,452,3,6422656
DH05063,21,3,20692785
DH05063,221,2,18603561
DH05064,135,3,18508141
DH05064,242,3,1536406
DH05065,145,1,13595803
DH05065,376,2,7479061
DH05066,411,3,15292733
DH05066,452,1,6422656
DH05066,353,3,17335247
DH05067,151,2,14524360
DH05067,217,2,21518753
DH05067,474,3,13191529
DH05068,298,2,19424399
DH05068,287,2,10898911
DH05068,199,3,15317157
DH05069,493,2,5355143
DH05069,36,2,4440658
DH05070,275,3,1991880
DH05070,129,1,7748973
DH05071,404,3,24793579
DH05071,370,3,16487087
DH05071,355,1,19241391
DH05072,394,2,14325309
DH05072,11,2,10235878
DH05072,160,1,7269450
DH05073,295,2,2326130
DH05073,111,3,5190528
DH05074,405,2,6786774
DH05074,179,2,23021297
DH05075,65,3,20123002
DH05075,499,3,11225264
DH05076,54,1,18474415
DH05077,189,2,21341902
DH05077,357,1,4857102
DH05078,206,1,9160201
DH05078,396,3,2735462
DH05078,395,1,15941796
DH05079,116,3,17991157
DH05079,113,3,9188480
DH05079,235,2,1672401
DH05080,332,3,16273428
DH05080,112,3,21786528
DH05081,290,3,14771023
DH05081,162,3,16154689
DH05081,215,1,22688954
DH05082,136,3,13200645
DH05083,2,3,2619639
DH05083,125,1,13225929
DH05083,493,3,5355143
DH05084,448,1,1655313
DH05085,256,3,7503626
DH05085,271,3,8962577
DH05085,120,1,23629104
DH05086,14,1,7886377
DH05087,242,1,1536406
DH05087,126,1,7453646
DH05088,1,1,5597326
DH05088,228,1,9625566
DH05088,28,2,8340920
DH05089,396,3,2735462
DH05089,158,2,2814097
DH05089,485,3,2937854
DH05090,89,2,15656852
DH05090,341,2,24878704
DH05090,171,1,16022163
DH05091,285,2,6209359
DH05092,39,1,5958851
DH05093,107,2,15707585
DH05093,214,3,21742788
DH05093,316,2,19653730
DH05094,431,3,3483711
DH05094,123,3,5880587
DH05094,226,1,24912858
DH05095,389,1,2247745
DH05095,427,2,12881666
DH05096,232,3,17350864
DH05097,30,2,22850493
DH05098,41,3,23214519
DH05099,310,1,10351478
DH05099,264,1,7333700
DH05099,5,3,6035905
DH05100,365,2,15480351
DH05100,56,3,3656281
DH05101,197,1,1767828
DH05102,243,3,9384883
DH05102,323,1,8114299
DH05103,332,1,16273428
DH05103,175,1,4766108
DH05103,369,1,10752264
DH05104,315,3,7916762
DH05105,108,3,16704100
DH05106,268,3,20509489
DH05107,255,3,11357464
DH05108,44,1,12890144
DH05108,440,1,21263667
DH05108,352,1,22014922
DH05109,203,3,2141244
DH05109,441,2,18385006
DH05109,498,2,19498927
DH05110,333,2,4723884
DH05110,292,2,15283078
DH05111,319,2,17175754
DH05112,336,1,20788903
DH05112,24,2,1688485
DH05112,58,3,4846247
DH05113,190,2,19493368
DH05113,186,2,11833611
DH05114,287,1,10898911
DH05114,455,2,2445683
DH05115,351,2,13618008
DH05115,180,3,5187803
DH05115,410,1,12647688
DH05116,481,1,11804603
DH05116,476,3,5610573
DH05116,228,1,9625566
DH05117,10,3,8245338
DH05117,368,2,21192004
DH05118,182,2,19817463
DH05118,326,1,10657286
DH05118,458,1,3104580
DH05119,49,3,10127878
DH05119,216,1,13741880
DH05119,38,1,25625870
DH05120,447,3,13793804
DH05120,228,1,9625566
DH05121,114,2,5461510
DH05121,208,3,16507221
DH05121,384,1,7946719
DH05122,341,3,24878704
DH05122,405,2,6786774
DH05123,454,2,24379043
DH05123,302,2,1904905
DH05124,3,1,23951194
DH05124,307,3,2970393
DH05125,82,3,6348395
DH05125,466,1,16269792
DH05125,200,2,25326262
DH05126,440,3,21263667
DH05127,460,1,15973168
DH05127,385,1,9022052
DH05127,399,1,2042288
DH05128,179,3,23021297
DH05128,64,2,9718506
DH05129,372,1,11933021
DH05129,301,3,23179464
DH05130,5,3,6035905
DH05130,218,3,7876105
DH05131,378,3,5459248
DH05131,346,3,15198565
DH05132,359,2,18193067
DH05132,430,2,11677101
DH05132,489,2,23457899
DH05133,162,1,16154689
DH05134,141,2,22227393
DH05135,374,2,17616582
DH05135,470,2,2362889
DH05136,347,3,10484449
DH05136,247,3,14840560
DH05136,4,3,2033327
DH05137,283,2,9498824
DH05137,141,3,22227393
DH05138,362,3,18686057
DH05138,367,1,21910738
DH05139,202,3,10502987
DH05139,485,3,2937854
DH05140,11,1,10235878
DH05140,13,1,24933847
DH05141,288,1,11145011
DH05142,347,3,10484449
DH05143,25,3,7741025
DH05144,422,2,12003004
DH05144,237,3,5969756
DH05145,138,1,24036792
DH05145,317,2,3451035
DH05146,373,1,17596085
DH05146,351,1,13618008
DH05146,215,3,22688954
DH05147,229,1,5955017
DH05148,72,1,11915298
DH05148,356,2,23139278
DH05149,363,1,13943365
DH05149,236,3,25624479
DH05149,406,1,1821869
DH05150,288,1,11145011
DH05151,332,3,16273428
DH05151,46,2,13724985
DH05151,385,3,9022052
DH05152,214,3,21742788
DH05152,54,2,18474415
DH05152,16,2,1902478
DH05153,109,3,8310763
DH05153,208,3,16507221
DH05153,88,1,15268123
DH05154,53,2,18088695
DH05155,461,3,13898840
DH05155,375,1,22543381
DH05156,453,2,24897288
DH05157,135,1,18508141
DH05157,433,3,2223429
DH05158,105,2,9768220
DH05158,179,2,23021297
DH05159,332,3,16273428
DH05159,243,3,9384883
DH05160,138,3,24036792
DH05160,423,1,11205935
DH05160,250,2,5901364
DH05161,397,2,23886813
DH05161,391,2,14598944
DH05162,310,3,10351478
DH05162,334,1,7901528
DH05162,358,3,8803419
DH05163,344,2,15192156
DH05163,419,1,14450529
DH05163,36,1,4440658
DH05164,375,2,22543381
DH05164,208,2,16507221
DH05164,418,2,6732468
DH05165,343,3,17874359
DH05165,168,2,4959346
DH05166,135,1,18508141
DH05166,469,3,24833142
DH05167,48,3,10369706
DH05167,119,1,13510580
DH05168,17,3,11252793
DH05168,258,3,12909089
DH05168,156,1,23900042
DH05169,283,2,9498824
DH05170,143,1,5091764
DH05170,492,3,8668431
DH05171,28,3,8340920
DH05171,491,3,23791756
DH05172,140,3,13589526
DH05172,195,1,2797518
DH05172,41,1,23214519
DH05173,304,1,24317139
DH05173,196,3,9383000
DH05173,445,3,3753037
DH05174,164,2,12450217
DH05175,485,2,2937854
DH05175,260,3,5169564
DH05176,279,1,22313060
DH05176,262,3,15404344
DH05176,41,2,23214519
DH05177,35,1,5481589
DH05178,236,2,25624479
DH05179,492,1,8668431
DH05179,193,1,12107524
DH05180,462,1,16447832
DH05180,76,3,25092737
DH05181,217,2,21518753
DH05181,351,2,13618008
DH05181,266,1,8991711
DH05182,453,2,24897288
DH05182,305,3,19848099
DH05182,46,1,13724985
DH05183,100,2,3300603
DH05183,295,2,2326130
DH05183,81,2,11760834
DH05184,118,1,6945092
DH05184,410,1,12647688
DH05184,483,1,9287345
DH05185,244,2,16782990
DH05186,119,2,13510580
DH05187,172,3,11563207
DH05188,421,2,22589235
DH05188,199,3,15317157
DH05189,142,2,23627613
DH05190,214,2,21742788
DH05190,442,2,14674667
DH05190,189,2,21341902
DH05191,47,1,2363748
DH05192,191,1,2180855
DH05193,497,3,20532926
DH05194,472,2,24725902
DH05194,335,2,6359823
DH05195,404,3,24793579
DH05195,213,1,9135747
DH05196,405,2,6786774
DH05196,379,3,11024419
DH05197,69,2,13005856
DH05198,129,3,7748973
DH05199,78,1,10074989
DH05200,132,2,16198314
DH05200,184,1,17356432
DH05201,116,2,17991157
DH05202,495,2,24537951
DH05202,352,1,22014922
DH05202,48,1,10369706
DH05203,444,2,24721344
DH05203,26,2,23522794
DH05203,468,3,21281263
DH05204,422,3,12003004
DH05204,248,2,22980553
DH05205,135,3,18508141
DH05205,180,1,5187803
DH05205,92,1,11092983
DH05206,399,2,2042288
DH05206,188,2,2213985
DH05206,340,3,2512853
DH05207,306,3,9109540
DH05207,273,3,13267090
DH05208,499,2,11225264
DH05208,467,3,6408461
DH05209,99,3,22557878
DH05209,494,3,4606985
DH05209,322,3,4789634
DH05210,467,3,6408461
DH05211,307,1,2970393
DH05211,315,1,7916762
DH05212,224,3,17686916
DH05213,9,1,2348573
DH05213,188,1,2213985
DH05214,59,1,11020945
DH05215,468,3,21281263
DH05216,357,1,4857102
DH05216,291,3,19063989
DH05217,291,2,19063989
DH05217,387,2,3436274
DH05218,312,3,22250953
DH05218,381,1,3635754
DH05219,435,2,4349985
DH05220,390,1,7428418
DH05221,256,2,7503626
DH05222,82,3,6348395
DH05223,318,3,23570935
DH05224,418,3,6732468
DH05224,447,1,13793804
DH05224,5,3,6035905
DH05225,290,1,14771023
DH05226,362,3,18686057
DH05227,277,2,20673499
DH05228,334,2,7901528
DH05228,328,1,19906025
DH05228,12,3,11992784
DH05229,62,2,17040933
DH05229,329,3,13517918
DH05230,483,3,9287345
DH05230,147,1,13624031
DH05230,421,2,22589235
DH05231,289,3,4921805
DH05231,188,1,2213985
DH05232,330,1,21871930
DH05233,405,2,6786774
DH05234,467,3,6408461
DH05234,406,1,1821869
DH05234,81,1,11760834
DH05235,446,3,10227214
DH05235,221,2,18603561
DH05236,173,2,8932665
DH05236,189,3,21341902
DH05237,314,1,21535304
DH05238,248,2,22980553
DH05238,63,1,25365618
DH05239,267,3,20768736
DH05239,62,3,17040933
DH05240,343,3,17874359
DH05240,496,2,14220784
DH05240,197,3,1767828
DH05241,23,3,18730487
DH05241,400,1,19389256
DH05242,232,1,17350864
DH05242,210,2,20061356
DH05242,36,1,4440658
DH05243,332,3,16273428
DH05243,386,1,11489944
DH05243,281,2,6520993
DH05244,378,2,5459248
DH05245,343,1,17874359
DH05245,481,2,11804603
DH05245,178,3,25162917
DH05246,349,2,19870600
DH05246,334,2,7901528
DH05247,321,3,9556944
DH05248,217,3,21518753
DH05249,54,1,18474415
DH05249,473,2,8143318
DH05249,360,2,17479616
DH05250,96,3,2158473
DH05250,388,1,12500788
DH05251,345,2,24716330
DH05252,218,2,7876105
DH05253,358,3,8803419
DH05253,335,3,6359823
DH05253,238,2,8768981
DH05254,141,3,22227393
DH05255,231,2,7056866
DH05256,236,1,25624479
DH05256,354,3,14109722
DH05256,313,2,2770705
DH05257,412,1,5966347
DH05258,110,1,2655742
DH05258,157,1,10354320
DH05258,137,3,20559073
DH05259,167,2,19477755
DH05259,498,1,19498927
DH05259,193,2,12107524
DH05260,211,1,19060983
DH05261,106,2,3358747
DH05262,275,2,1991880
DH05263,477,2,17019502
DH05264,27,1,12159304
DH05264,158,3,2814097
DH05264,300,2,20713031
DH05265,298,3,19424399
DH05266,476,1,5610573
DH05266,492,2,8668431
DH05267,260,2,5169564
DH05267,249,3,12650029
DH05267,66,1,9292701
DH05268,318,3,23570935
DH05268,131,1,2156224
DH05269,122,1,18283116
DH05270,57,1,19310306
DH05270,200,2,25326262
DH05271,296,1,7282780
DH05271,246,1,4574511
DH05271,153,2,9382132
DH05272,62,3,17040933
DH05273,59,1,11020945
DH05273,10,3,8245338
DH05274,371,3,15596681
DH05274,335,3,6359823
DH05275,159,3,18319776
DH05275,253,1,9232276
DH05276,246,3,4574511
DH05276,366,1,7038014
DH05276,382,2,23997672
DH05277,377,3,12231914
DH05277,259,3,2352165
DH05278,159,2,18319776
DH05278,275,2,1991880
DH05278,184,1,17356432
DH05279,44,2,12890144
DH05279,243,1,9384883
DH05280,430,2,11677101
DH05280,493,2,5355143
DH05280,137,3,20559073
DH05281,379,1,11024419
DH05281,409,3,25383281
DH05281,124,3,18670083
DH05282,432,3,25961408
DH05282,44,3,12890144
DH05282,258,1,12909089
DH05283,186,1,11833611
DH05283,101,3,4709001
DH05283,160,1,7269450
DH05284,459,1,21165935
DH05285,456,2,1907183
DH05285,59,1,11020945
DH05286,53,2,18088695
DH05287,240,3,23483447
DH05287,31,1,19561998
DH05287,293,3,5223702
DH05288,160,3,7269450
DH05288,265,1,18875655
DH05289,460,3,15973168
DH05289,192,1,10036440
DH05290,493,2,5355143
DH05291,243,2,9384883
DH05291,449,1,7676975
DH05291,12,3,11992784
DH05292,85,2,22953739
DH05292,360,3,17479616
DH05292,290,2,14771023
DH05293,468,3,21281263
DH05293,23,2,18730487
DH05294,11,3,10235878
DH05295,106,2,3358747
DH05296,254,2,7786382
DH05297,5,1,6035905
DH05297,24,1,1688485
DH05298,426,1,22978827
DH05299,214,3,21742788
DH05299,316,2,19653730
DH05299,494,1,4606985
DH05300,422,3,12003004
DH05301,322,2,4789634
DH05301,239,1,9904462
DH05301,196,3,9383000
DH05302,150,2,22175650
DH05302,209,3,11044537
DH05302,465,1,24131257
DH05303,445,3,3753037
DH05304,296,2,7282780
DH05304,56,1,3656281
DH05305,159,3,18319776
DH05305,157,2,10354320
DH05306,488,1,1330310
DH05306,125,1,13225929
DH05306,169,3,25706307
DH05307,222,1,24480557
DH05308,107,1,15707585
DH05308,104,3,21205978
DH05308,225,1,17350639
DH05309,466,1,16269792
DH05309,291,2,19063989
DH05310,330,1,21871930
DH05310,35,2,5481589
DH05311,351,1,13618008
DH05311,416,3,17524717
DH05311,116,3,17991157
DH05312,197,3,1767828
DH05313,193,1,12107524
DH05313,289,1,4921805
DH05314,403,1,10108987
DH05314,494,2,4606985
DH05315,228,1,9625566
DH05315,104,3,21205978
DH05315,24,3,1688485
DH05316,500,1,12716509
DH05316,472,2,24725902
DH05317,491,2,23791756
DH05318,488,1,1330310
DH05318,492,3,8668431
DH05318,429,3,13157569
DH05319,352,1,22014922
DH05320,410,3,12647688
DH05320,120,3,23629104
DH05320,358,2,8803419
DH05321,184,1,17356432
DH05321,378,1,5459248
DH05322,472,1,24725902
DH05322,411,3,15292733
DH05323,202,1,10502987
DH05323,302,2,1904905
DH05324,470,1,2362889
DH05324,319,2,17175754
DH05325,213,3,9135747
DH05325,24,1,1688485
DH05326,484,1,9546339
DH05326,273,2,13267090
DH05327,7,3,4357180
DH05327,377,3,12231914
DH05327,76,2,25092737
DH05328,346,3,15198565
DH05328,492,3,8668431
DH05328,230,1,4583309
DH05329,460,2,15973168
DH05329,298,2,19424399
DH05330,62,3,17040933
DH05330,401,3,3227628
DH05330,192,2,10036440
DH05331,468,2,21281263
DH05331,275,1,1991880
DH05331,247,3,14840560
DH05332,264,2,7333700
DH05332,336,1,20788903
DH05332,253,1,9232276
DH05333,463,2,14123822
DH05333,230,3,4583309
DH05334,317,1,3451035
DH05335,287,3,10898911
DH05335,413,1,19949073
DH05336,319,1,17175754
DH05336,168,3,4959346
DH05337,433,1,2223429
DH05337,55,3,17890818
DH05338,69,3,13005856
DH05338,240,2,23483447
DH05339,206,2,9160201
DH05339,394,3,14325309
DH05340,38,1,25625870
DH05340,384,2,7946719
DH05340,164,3,12450217
DH05341,7,1,4357180
DH05341,412,2,5966347
DH05341,331,2,16419785
DH05342,199,2,15317157
DH05343,402,3,14448552
DH05344,282,1,9983595
DH05345,385,3,9022052
DH05345,480,1,9066937
DH05345,205,3,11351137
DH05346,423,3,11205935
DH05346,268,2,20509489
DH05346,33,2,16395207
DH05347,46,3,13724985
DH05347,75,1,1572912
DH05348,439,1,11444083
DH05348,364,2,14254399
DH05349,219,3,20274689
DH05350,161,1,5421161
DH05351,309,3,16160657
DH05351,472,1,24725902
DH05351,432,3,25961408
DH05352,492,3,8668431
DH05353,52,1,14404540
DH05353,266,2,8991711
DH05354,23,3,18730487
DH05354,106,3,3358747
DH05355,194,3,10519150
DH05355,234,3,12378563
DH05356,307,2,2970393
DH05357,337,3,16155694
DH05358,45,1,22446227
DH05358,86,1,8568170
DH05358,120,2,23629104
DH05359,329,2,13517918
DH05359,121,2,22194333
DH05360,59,2,11020945
DH05360,236,1,25624479
DH05360,482,1,25397322
DH05361,442,2,14674667
DH05362,276,3,11889649
DH05362,154,1,5917692
DH05362,150,2,22175650
DH05363,475,3,23514632
DH05363,47,3,2363748
DH05363,410,3,12647688
DH05364,34,1,21526031
DH05364,343,1,17874359
DH05364,237,2,5969756
DH05365,21,2,20692785
DH05365,455,3,2445683
DH05365,175,1,4766108
DH05366,452,1,6422656
DH05367,300,1,20713031
DH05367,23,2,18730487
DH05367,138,2,24036792
DH05368,94,1,4892461
DH05368,141,2,22227393
DH05369,472,1,24725902
DH05369,424,2,19568438
DH05369,379,1,11024419
DH05370,85,1,22953739
DH05370,72,2,11915298
DH05371,110,1,2655742
DH05371,242,2,1536406
DH05371,259,2,2352165
DH05372,60,3,10296353
DH05373,438,2,19966047
DH05373,78,1,10074989
DH05374,269,1,13567100
DH05375,164,2,12450217
DH05376,128,1,5789660
DH05376,237,2,5969756
DH05376,48,3,10369706
DH05377,14,2,7886377
DH05377,230,1,4583309
DH05377,242,1,1536406
DH05378,304,2,24317139
DH05378,127,1,23583550
DH05378,144,3,6059706
DH05379,34,2,21526031
DH05380,233,1,5799781
DH05381,457,3,24221919
DH05381,234,1,12378563
DH05382,86,3,8568170
DH05383,226,2,24912858
DH05384,35,1,5481589
DH05384,42,2,4888990
DH05385,213,3,9135747
DH05385,255,1,11357464
DH05385,159,2,18319776
DH05386,308,1,23205555
DH05387,341,2,24878704
DH05387,64,1,9718506
DH05387,87,1,1388487
DH05388,28,1,8340920
DH05389,377,3,12231914
DH05389,300,3,20713031
DH05390,18,1,8089438
DH05390,67,1,2603224
DH05391,167,1,19477755
DH05391,188,1,2213985
DH05391,321,3,9556944
DH05392,148,2,24016044
DH05392,202,3,10502987
DH05392,20,1,14519905
DH05393,144,3,6059706
DH05393,12,3,11992784
DH05394,395,1,15941796
DH05394,376,3,7479061
DH05394,167,1,19477755
DH05395,495,2,24537951
DH05395,315,3,7916762
DH05395,421,1,22589235
DH05396,289,2,4921805
DH05396,133,2,25260384
DH05396,478,1,8623329
DH05397,288,1,11145011
DH05398,248,2,22980553
DH05398,180,3,5187803
DH05398,496,2,14220784
DH05399,126,3,7453646
DH05399,496,3,14220784
DH05400,427,3,12881666
DH05400,399,1,2042288
DH05401,446,1,10227214
DH05402,138,2,24036792
DH05403,243,2,9384883
DH05404,398,1,4672398
DH05404,382,3,23997672
DH05404,461,3,13898840
DH05405,191,1,2180855
DH05405,248,3,22980553
DH05406,258,1,12909089
DH05406,392,2,2439684
DH05406,357,1,4857102
DH05407,373,2,17596085
DH05407,314,2,21535304
DH05408,47,3,2363748
DH05408,441,2,18385006
DH05409,316,3,19653730
DH05409,204,1,6098253
DH05410,247,3,14840560
DH05411,410,1,12647688
DH05412,313,3,2770705
DH05412,113,2,9188480
DH05413,16,2,1902478
DH05413,342,3,3872319
DH05414,106,1,3358747
DH05415,492,2,8668431
DH05416,231,1,7056866
DH05416,269,2,13567100
DH05416,41,3,23214519
DH05417,218,2,7876105
DH05417,444,2,24721344
DH05418,469,3,24833142
DH05419,289,3,4921805
DH05419,270,1,15138021
DH05420,241,2,14883376
DH05420,206,3,9160201
DH05420,354,1,14109722
DH05421,472,2,24725902
DH05421,482,3,25397322
DH05422,118,3,6945092
DH05423,411,1,15292733
DH05423,230,3,4583309
DH05424,316,1,19653730
DH05424,487,1,9625660
DH05424,15,2,21879885
DH05425,161,3,5421161
DH05425,78,3,10074989
DH05426,25,3,7741025
DH05427,415,3,23483261
DH05427,436,2,8088441
DH05427,188,1,2213985
DH05428,162,2,16154689
DH05428,70,1,24683647
DH05429,270,3,15138021
DH05429,333,2,4723884
DH05430,270,1,15138021
DH05430,395,3,15941796
DH05430,56,3,3656281
DH05431,22,1,24114298
DH05432,178,2,25162917
DH05432,47,2,2363748
DH05433,359,2,18193067
DH05433,238,2,8768981
DH05433,39,1,5958851
DH05434,310,2,10351478
DH05435,320,1,13927009
DH05435,323,3,8114299
DH05436,423,3,11205935
DH05436,39,1,5958851
DH05436,437,1,20884762
DH05437,215,1,22688954
DH05437,2,3,2619639
DH05438,291,1,19063989
DH05438,84,3,5916601
DH05439,182,1,19817463
DH05439,177,2,6101695
DH05439,427,1,12881666
DH05440,79,3,5712887
DH05441,130,3,8364943
DH05441,101,1,4709001
DH05442,345,2,24716330
DH05442,239,2,9904462
DH05443,44,3,12890144
DH05444,11,2,10235878
DH05444,226,1,24912858
DH05444,168,2,4959346
DH05445,310,1,10351478
DH05445,392,3,2439684
DH05446,385,2,9022052
DH05447,344,2,15192156
DH05448,300,1,20713031
DH05449,401,3,3227628
DH05450,255,2,11357464
DH05450,192,1,10036440
DH05450,90,3,19909796
DH05451,351,2,13618008
DH05451,106,3,3358747
DH05451,165,2,25319024
DH05452,135,3,18508141
DH05452,340,3,2512853
DH05453,388,2,12500788
DH05453,437,1,20884762
DH05453,198,3,13851809
DH05454,135,2,18508141
DH05454,351,2,13618008
DH05454,311,1,20701272
DH05455,260,2,5169564
DH05456,261,1,8666850
DH05457,125,1,13225929
DH05458,203,1,2141244
DH05458,349,3,19870600
DH05458,89,3,15656852
DH05459,119,3,13510580
DH05460,248,3,22980553
DH05460,337,1,16155694
DH05460,329,2,13517918
DH05461,393,2,15902198
DH05462,396,1,2735462
DH05462,147,3,13624031
DH05462,179,2,23021297
DH05463,408,2,17462807
DH05463,444,3,24721344
DH05463,302,3,1904905
DH05464,397,3,23886813
DH05465,421,3,22589235
DH05465,37,2,24694673
DH05466,238,3,8768981
DH05466,122,1,18283116
DH05467,49,3,10127878
DH05467,12,2,11992784
DH05468,257,1,22709217
DH05468,128,1,5789660
DH05469,458,3,3104580
DH05469,416,1,17524717
DH05469,12,3,11992784
DH05470,406,2,1821869
DH05471,190,3,19493368
DH05471,327,2,6561107
DH05471,370,2,16487087
DH05472,228,2,9625566
DH05472,413,3,19949073
DH05473,89,2,15656852
DH05474,239,3,9904462
DH05475,273,3,13267090
DH05475,116,3,17991157
DH05475,106,2,3358747
DH05476,161,1,5421161
DH05477,485,2,2937854
DH05477,388,2,12500788
DH05478,447,1,13793804
DH05478,108,3,16704100
DH05479,181,2,1690676
DH05479,368,1,21192004
DH05479,442,1,14674667
DH05480,384,3,7946719
DH05481,105,1,9768220
DH05481,415,2,23483261
DH05482,135,3,18508141
DH05482,273,3,13267090
DH05482,276,3,11889649
DH05483,417,3,1927702
DH05483,269,3,13567100
DH05483,200,1,25326262
DH05484,227,1,23575212
DH05484,399,1,2042288
DH05485,44,3,12890144
DH05485,428,1,8623074
DH05486,100,3,3300603
DH05487,339,2,7585126
DH05487,220,2,21154109
DH05487,460,1,15973168
DH05488,427,2,12881666
DH05489,90,2,19909796
DH05489,106,3,3358747
DH05490,431,3,3483711
DH05490,188,3,2213985
DH05491,42,3,4888990
DH05492,137,3,20559073
DH05493,156,2,23900042
DH05493,149,1,20816892
DH05494,371,2,15596681
DH05494,351,1,13618008
DH05494,2,1,2619639
DH05495,117,3,1822241
DH05495,170,1,18830250
DH05496,45,2,22446227
DH05496,188,2,2213985
DH05497,397,2,23886813
DH05498,235,3,1672401
DH05499,76,2,25092737
DH05499,103,2,17996106
DH05499,454,1,24379043
DH05500,256,1,7503626
DH05500,173,2,8932665
DH05501,353,1,17335247
DH05501,395,2,15941796
DH05502,361,1,2131412
DH05503,420,2,7580608
DH05503,443,2,15873432
DH05504,92,3,11092983
DH05504,443,1,15873432
DH05504,32,2,16788448
DH05505,138,1,24036792
DH05505,12,3,11992784
DH05506,296,3,7282780
DH05506,484,2,9546339
DH05506,331,3,16419785
DH05507,171,2,16022163
DH05508,136,2,13200645
DH05508,456,2,1907183
DH05509,90,3,19909796
DH05509,407,3,22242654
DH05509,373,2,17596085
DH05510,170,3,18830250
DH05510,136,3,13200645
DH05510,104,1,21205978
DH05511,179,2,23021297
DH05511,378,3,5459248
DH05511,391,2,14598944
DH05512,120,2,23629104
DH05512,173,2,8932665
DH05513,80,2,15432098
DH05513,109,3,8310763
DH05513,11,1,10235878
DH05514,21,3,20692785
DH05514,316,1,19653730
DH05515,15,2,21879885
DH05515,257,1,22709217
DH05515,224,3,17686916
DH05516,57,3,19310306
DH05516,49,1,10127878
DH05516,263,2,5779215
DH05517,325,1,16561482
DH05517,145,1,13595803
DH05518,457,2,24221919
DH05519,391,3,14598944
DH05519,305,2,19848099
DH05520,496,2,14220784
DH05520,247,2,14840560
DH05521,294,2,20611090
DH05522,128,2,5789660
DH05522,394,2,14325309
DH05523,452,3,6422656
DH05523,363,1,13943365
DH05523,489,3,23457899
DH05524,200,1,25326262
DH05524,57,3,19310306
DH05525,410,1,12647688
DH05525,31,3,19561998
DH05525,334,1,7901528
DH05526,7,3,4357180
DH05526,499,1,11225264
DH05527,136,3,13200645
DH05527,146,2,19268450
DH05527,139,3,8176702
DH05528,337,2,16155694
DH05528,304,1,24317139
DH05528,254,3,7786382
DH05529,397,1,23886813
DH05530,364,1,14254399
DH05531,429,2,13157569
DH05531,277,3,20673499
DH05531,476,3,5610573
DH05532,205,1,11351137
DH05532,18,2,8089438
DH05533,125,3,13225929
DH05534,216,3,13741880
DH05534,379,2,11024419
DH05535,212,2,9801647
DH05535,325,1,16561482
DH05536,265,2,18875655
DH05536,475,2,23514632
DH05536,239,1,9904462
DH05537,396,3,2735462
DH05537,12,1,11992784
DH05538,98,2,25849081
DH05539,112,2,21786528
DH05539,156,1,23900042
DH05539,498,2,19498927
DH05540,140,2,13589526
DH05540,172,1,11563207
DH05540,489,1,23457899
DH05541,64,1,9718506
DH05541,311,2,20701272
DH05542,40,2,13768783
DH05542,425,1,12382069
DH05543,461,2,13898840
DH05544,238,2,8768981
DH05544,223,2,2575778
DH05545,442,3,14674667
DH05546,49,2,10127878
DH05546,109,1,8310763
DH05547,137,3,20559073
DH05548,231,3,7056866
DH05548,331,2,16419785
DH05549,488,1,1330310
DH05549,19,2,6165758
DH05550,116,2,17991157
DH05551,222,2,24480557
DH05551,242,1,1536406
DH05552,202,1,10502987
DH05552,102,1,13562744
DH05552,270,1,15138021
DH05553,453,2,24897288
DH05553,246,1,4574511
DH05554,410,1,12647688
DH05555,416,2,17524717
DH05556,373,2,17596085
DH05557,382,1,23997672
DH05557,63,1,25365618
DH05557,198,2,13851809
DH05558,328,1,19906025
DH05558,362,1,18686057
DH05559,480,1,9066937
DH05560,245,2,11838005
DH05561,386,1,11489944
DH05561,242,1,1536406
DH05562,110,3,2655742
DH05562,430,1,11677101
DH05562,173,1,8932665
DH05563,101,2,4709001
DH05563,345,1,24716330
DH05563,154,2,5917692
DH05564,32,1,16788448
DH05565,412,2,5966347
DH05565,108,2,16704100
DH05566,287,3,10898911
DH05567,68,1,14423549
DH05567,326,1,10657286
DH05568,454,1,24379043
DH05568,295,1,2326130
DH05569,484,2,9546339
DH05569,474,2,13191529
DH05570,116,1,17991157
DH05570,93,1,14686287
DH05571,115,3,24228127
DH05572,500,2,12716509
DH05573,284,2,7510427
DH05573,249,2,12650029
DH05573,333,2,4723884
DH05574,147,1,13624031
DH05575,261,3,8666850
DH05575,113,2,9188480
DH05576,380,2,7759711
DH05576,341,2,24878704
DH05576,9,3,2348573
DH05577,167,3,19477755
DH05577,352,2,22014922
DH05577,125,1,13225929
DH05578,63,3,25365618
DH05578,382,1,23997672
DH05578,12,1,11992784
DH05579,75,3,1572912
DH05580,29,1,8608366
DH05580,432,3,25961408
DH05580,198,1,13851809
DH05581,98,1,25849081
DH05581,263,1,5779215
DH05581,173,3,8932665
DH05582,209,3,11044537
DH05582,114,2,5461510
DH05582,455,3,2445683
DH05583,127,3,23583550
DH05583,86,2,8568170
DH05583,141,1,22227393
DH05584,490,1,24697745
DH05585,288,1,11145011
DH05586,413,2,19949073
DH05586,185,1,5305149
DH05587,67,3,2603224
DH05588,458,1,3104580
DH05588,276,3,11889649
DH05589,427,3,12881666
DH05589,210,2,20061356
DH05589,368,1,21192004
DH05590,182,2,19817463
DH05591,92,1,11092983
DH05592,344,3,15192156
DH05592,446,2,10227214
DH05592,301,3,23179464
DH05593,314,2,21535304
DH05593,271,2,8962577
DH05593,22,2,24114298
DH05594,389,2,2247745
DH05595,418,3,6732468
DH05595,336,3,20788903
DH05596,375,3,22543381
DH05596,330,1,21871930
DH05597,491,1,23791756
DH05597,13,1,24933847
DH05598,120,3,23629104
DH05598,64,2,9718506
DH05598,187,2,8866140
DH05599,389,3,2247745
DH05599,13,1,24933847
DH05599,277,2,20673499
DH05600,110,1,2655742
DH05600,94,2,4892461
DH05600,345,1,24716330
DH05601,478,3,8623329
DH05601,86,2,8568170
DH05602,417,1,1927702
DH05602,58,2,4846247
DH05602,11,3,10235878
DH05603,395,3,15941796
DH05603,358,3,8803419
DH05603,195,1,2797518
DH05604,293,3,5223702
DH05605,85,1,22953739
DH05605,117,2,1822241
DH05605,455,3,2445683
DH05606,116,3,17991157
DH05606,5,2,6035905
DH05607,90,3,19909796
DH05608,64,1,9718506
DH05609,146,3,19268450
DH05610,105,1,9768220
DH05611,369,2,10752264
DH05611,396,2,2735462
DH05611,283,1,9498824
DH05612,14,2,7886377
DH05612,485,2,2937854
DH05612,2,2,2619639
DH05613,458,3,3104580
DH05613,151,1,14524360
DH05614,215,2,22688954
DH05614,335,1,6359823
DH05615,333,3,4723884
DH05615,223,2,2575778
DH05615,105,1,9768220
DH05616,374,3,17616582
DH05617,477,3,17019502
DH05617,17,1,11252793
DH05618,494,3,4606985
DH05618,92,3,11092983
DH05619,432,2,25961408
DH05619,196,3,9383000
DH05619,85,1,22953739
DH05620,277,1,20673499
DH05620,62,2,17040933
DH05620,264,3,7333700
DH05621,135,2,18508141
DH05621,260,2,5169564
DH05622,56,1,3656281
DH05622,496,1,14220784
DH05622,404,2,24793579
DH05623,85,1,22953739
DH05624,421,3,22589235
DH05624,289,2,4921805
DH05624,275,1,1991880
DH05625,63,1,25365618
DH05625,298,1,19424399
DH05625,133,2,25260384
DH05626,88,2,15268123
DH05627,10,1,8245338
DH05627,201,1,14510585
DH05627,393,1,15902198
DH05628,492,1,8668431
DH05628,237,2,5969756
DH05629,353,2,17335247
DH05629,1,2,5597326
DH05630,314,3,21535304
DH05630,209,1,11044537
DH05631,431,1,3483711
DH05632,471,1,25755884
DH05633,439,2,11444083
DH05633,455,1,2445683
DH05634,63,1,25365618
DH05634,157,2,10354320
DH05635,426,3,22978827
DH05635,197,2,1767828
DH05636,343,2,17874359
DH05636,440,1,21263667
DH05636,427,3,12881666
DH05637,379,1,11024419
DH05637,440,1,21263667
DH05638,75,3,1572912
DH05639,157,3,10354320
DH05639,269,1,13567100
DH05640,248,1,22980553
DH05640,461,1,13898840
DH05641,244,1,16782990
DH05641,80,3,15432098
DH05641,366,1,7038014
DH05642,233,2,5799781
DH05643,197,3,1767828
DH05643,492,2,8668431
DH05643,191,1,2180855
DH05644,321,1,9556944
DH05644,498,2,19498927
DH05645,380,1,7759711
DH05646,253,1,9232276
DH05646,114,2,5461510
DH05646,493,3,5355143
DH05647,381,1,3635754
DH05647,104,3,21205978
DH05647,148,3,24016044
DH05648,496,1,14220784
DH05648,237,3,5969756
DH05648,363,1,13943365
DH05649,92,3,11092983
DH05650,85,2,22953739
DH05650,318,1,23570935
DH05650,371,2,15596681
DH05651,465,2,24131257
DH05651,317,3,3451035
DH05651,461,2,13898840
DH05652,54,3,18474415
DH05653,77,1,20281855
DH05653,225,2,17350639
DH05653,182,3,19817463
DH05654,201,3,14510585
DH05654,262,1,15404344
DH05654,254,1,7786382
DH05655,499,2,11225264
DH05655,265,2,18875655
DH05655,405,3,6786774
DH05656,232,2,17350864
DH05656,456,3,1907183
DH05656,295,1,2326130
DH05657,36,3,4440658
DH05657,420,3,7580608
DH05658,131,3,2156224
DH05658,416,3,17524717
DH05659,324,3,5235456
DH05659,276,1,11889649
DH05659,15,1,21879885
DH05660,397,3,23886813
DH05661,29,1,8608366
DH05662,294,1,20611090
DH05663,454,3,24379043
DH05664,174,1,24577473
DH05664,303,2,19460829
DH05664,429,1,13157569
DH05665,199,1,15317157
DH05665,494,1,4606985
DH05666,127,3,23583550
DH05666,45,1,22446227
DH05666,314,1,21535304
DH05667,60,2,10296353
DH05668,410,3,12647688
DH05669,167,1,19477755
DH05669,452,1,6422656
DH05670,414,3,8838663
DH05670,249,2,12650029
DH05671,400,1,19389256
DH05671,397,2,23886813
DH05672,325,1,16561482
DH05673,77,2,20281855
DH05673,348,1,16075438
DH05674,477,1,17019502
DH05675,476,2,5610573
DH05676,304,3,24317139
DH05676,257,1,22709217
DH05677,321,3,9556944
DH05678,121,1,22194333
DH05678,384,2,7946719
DH05679,360,2,17479616
DH05679,93,2,14686287
DH05680,449,1,7676975
DH05680,70,3,24683647
DH05681,477,1,17019502
DH05681,87,1,1388487
DH05682,451,3,18801455
DH05682,354,2,14109722
DH05683,212,3,9801647
DH05683,306,2,9109540
DH05683,236,3,25624479
DH05684,357,2,4857102
DH05684,387,1,3436274
DH05684,226,3,24912858
DH05685,471,3,25755884
DH05685,321,3,9556944
DH05685,98,1,25849081
DH05686,461,3,13898840
DH05687,26,2,23522794
DH05687,55,2,17890818
DH05688,40,3,13768783
DH05688,327,2,6561107
DH05689,91,2,20666588
DH05690,184,2,17356432
DH05690,304,2,24317139
DH05690,366,1,7038014
DH05691,65,2,20123002
DH05692,220,2,21154109
DH05692,97,1,20721508
DH05692,53,1,18088695
DH05693,86,2,8568170
DH05693,437,2,20884762
DH05693,469,1,24833142
DH05694,408,1,17462807
DH05694,170,1,18830250
DH05694,258,2,12909089
DH05695,29,3,8608366
DH05695,91,3,20666588
DH05695,155,2,23734363
DH05696,405,1,6786774
DH05696,395,2,15941796
DH05696,467,2,6408461
DH05697,288,1,11145011
DH05698,202,3,10502987
DH05698,417,2,1927702
DH05698,84,1,5916601
DH05699,176,1,12520307
DH05700,72,2,11915298
DH05700,485,2,2937854
DH05700,172,3,11563207
DH05701,78,3,10074989
DH05701,94,3,4892461
DH05701,381,1,3635754
DH05702,171,2,16022163
DH05702,438,2,19966047
DH05702,21,3,20692785
DH05703,162,2,16154689
DH05703,141,1,22227393
DH05704,180,3,5187803
DH05704,59,3,11020945
DH05704,136,1,13200645
DH05705,31,1,19561998
DH05705,133,2,25260384
DH05705,443,1,15873432
DH05706,389,1,2247745
DH05707,450,1,19208894
DH05707,294,3,20611090
DH05707,308,1,23205555
DH05708,190,1,19493368
DH05709,35,2,5481589
DH05709,349,2,19870600
DH05709,211,3,19060983
DH05710,198,2,13851809
DH05711,291,1,19063989
DH05711,110,3,2655742
DH05711,19,1,6165758
DH05712,249,2,12650029
DH05713,328,3,19906025
DH05714,132,2,16198314
DH05714,240,2,23483447
DH05714,78,1,10074989
DH05715,366,1,7038014
DH05715,47,2,2363748
DH05715,35,1,5481589
DH05716,265,2,18875655
DH05716,468,2,21281263
DH05717,333,1,4723884
DH05718,471,2,25755884
DH05718,223,1,2575778
DH05719,159,2,18319776
DH05720,57,3,19310306
DH05721,263,2,5779215
DH05722,79,2,5712887
DH05722,68,3,14423549
DH05723,115,1,24228127
DH05723,167,2,19477755
DH05723,349,1,19870600
DH05724,58,1,4846247
DH05724,202,3,10502987
DH05725,354,3,14109722
DH05725,385,3,9022052
DH05726,61,1,11543600
DH05727,441,3,18385006
DH05728,455,1,2445683
DH05728,265,1,18875655
DH05728,117,2,1822241
DH05729,345,3,24716330
DH05729,325,2,16561482
DH05729,48,2,10369706
DH05730,473,3,8143318
DH05730,497,2,20532926
DH05730,445,2,3753037
DH05731,262,2,15404344
DH05732,82,1,6348395
DH05732,266,1,8991711
DH05732,494,1,4606985
DH05733,291,1,19063989
DH05733,132,1,16198314
DH05733,79,2,5712887
DH05734,397,2,23886813
DH05734,24,1,1688485
DH05734,221,1,18603561
DH05735,446,2,10227214
DH05735,372,2,11933021
DH05736,291,1,19063989
DH05736,400,1,19389256
DH05736,222,3,24480557
DH05737,441,1,18385006
DH05737,38,2,25625870
DH05738,389,2,2247745
DH05739,305,3,19848099
DH05739,341,2,24878704
DH05740,153,2,9382132
DH05741,49,2,10127878
DH05741,248,2,22980553
DH05742,362,1,18686057
DH05743,455,2,2445683
DH05743,336,1,20788903
DH05743,374,3,17616582
DH05744,295,2,2326130
DH05744,22,2,24114298
DH05745,486,3,14815928
DH05745,424,3,19568438
DH05745,59,3,11020945
DH05746,123,1,5880587
DH05746,24,2,1688485
DH05746,57,1,19310306
DH05747,154,3,5917692
DH05747,113,1,9188480
DH05748,208,3,16507221
DH05748,119,1,13510580
DH05748,130,2,8364943
DH05749,268,2,20509489
DH05750,65,2,20123002
DH05751,453,2,24897288
DH05752,384,3,7946719
DH05752,358,1,8803419
DH05753,289,3,4921805
DH05753,137,1,20559073
DH05754,257,1,22709217
DH05754,158,3,2814097
DH05754,81,2,11760834
DH05755,456,3,1907183
DH05755,288,3,11145011
DH05756,332,3,16273428
DH05756,474,1,13191529
DH05757,478,2,8623329
DH05758,317,2,3451035
DH05758,474,1,13191529
DH05758,2,3,2619639
DH05759,500,3,12716509
DH05760,254,1,7786382
DH05760,54,2,18474415
DH05761,173,1,8932665
DH05761,46,3,13724985
DH05762,34,2,21526031
DH05762,195,1,2797518
DH05762,310,1,10351478
DH05763,161,2,5421161
DH05763,446,2,10227214
DH05764,339,1,7585126
DH05765,318,3,23570935
DH05765,308,1,23205555
DH05766,398,3,4672398
DH05767,478,3,8623329
DH05767,126,3,7453646
DH05768,209,3,11044537
DH05768,299,2,10443833
DH05768,121,2,22194333
DH05769,10,2,8245338
DH05769,370,2,16487087
DH05770,206,2,9160201
DH05770,36,3,4440658
DH05770,308,3,23205555
DH05771,276,2,11889649
DH05771,384,1,7946719
DH05771,142,1,23627613
DH05772,460,3,15973168
DH05773,26,1,23522794
DH05774,301,3,23179464
DH05775,209,2,11044537
DH05776,55,3,17890818
DH05776,453,2,24897288
DH05776,448,1,1655313
DH05777,156,1,23900042
DH05778,141,1,22227393
DH05778,360,3,17479616
DH05778,356,2,23139278
DH05779,276,1,11889649
DH05779,68,2,14423549
DH05779,487,2,9625660
DH05780,369,3,10752264
DH05780,109,1,8310763
DH05781,366,1,7038014
DH05781,287,2,10898911
DH05781,470,3,2362889
DH05782,422,1,12003004
DH05782,47,3,2363748
DH05783,304,2,24317139
DH05783,344,3,15192156
DH05783,33,2,16395207
DH05784,48,3,10369706
DH05784,148,3,24016044
DH05785,227,3,23575212
DH05785,439,1,11444083
DH05786,24,2,1688485
DH05786,214,3,21742788
DH05786,287,3,10898911
DH05787,420,2,7580608
DH05788,285,3,6209359
DH05788,271,2,8962577
DH05789,250,3,5901364
DH05789,77,3,20281855
DH05789,324,3,5235456
DH05790,361,1,2131412
DH05790,162,1,16154689
DH05791,378,3,5459248
DH05792,386,2,11489944
DH05792,127,2,23583550
DH05793,245,1,11838005
DH05794,66,3,9292701
DH05795,390,3,7428418
DH05795,198,1,13851809
DH05795,325,2,16561482
DH05796,206,3,9160201
DH05796,217,2,21518753
DH05797,384,2,7946719
DH05797,304,2,24317139
DH05797,464,3,10451249
DH05798,36,1,4440658
DH05798,177,2,6101695
DH05798,275,2,1991880
DH05799,239,3,9904462
DH05799,395,2,15941796
DH05799,30,2,22850493
DH05800,79,2,5712887
DH05801,439,3,11444083
DH05802,118,3,6945092
DH05803,269,3,13567100
DH05804,166,2,17284447
DH05804,429,1,13157569
DH05804,361,2,2131412
DH05805,344,3,15192156
DH05805,343,1,17874359
DH05805,370,2,16487087
DH05806,300,3,20713031
DH05807,257,3,22709217
DH05807,295,3,2326130
DH05807,384,2,7946719
DH05808,390,1,7428418
DH05808,31,2,19561998
DH05808,67,1,2603224
DH05809,80,1,15432098
DH05809,11,2,10235878
DH05809,2,1,2619639
DH05810,154,1,5917692
DH05810,39,3,5958851
DH05810,131,3,2156224
DH05811,257,2,22709217
DH05812,401,1,3227628
DH05812,335,3,6359823
DH05812,344,1,15192156
DH05813,225,2,17350639
DH05814,439,1,11444083
DH05814,90,1,19909796
DH05814,173,2,8932665
DH05815,356,3,23139278
DH05816,116,1,17991157
DH05817,463,2,14123822
DH05817,114,2,5461510
DH05817,249,2,12650029
DH05818,474,1,13191529
DH05818,392,3,2439684
DH05818,323,2,8114299
DH05819,274,2,8049917
DH05819,391,1,14598944
DH05820,152,3,11691816
DH05821,388,1,12500788
DH05822,476,1,5610573
DH05823,252,2,18216160
DH05823,315,3,7916762
DH05823,409,3,25383281
DH05824,467,1,6408461
DH05825,120,2,23629104
DH05826,417,1,1927702
DH05826,484,3,9546339
DH05826,204,3,6098253
DH05827,161,1,5421161
DH05827,25,2,7741025
DH05827,373,3,17596085
DH05828,195,2,2797518
DH05829,443,3,15873432
DH05830,35,1,5481589
DH05830,438,3,19966047
DH05830,383,2,21556385
DH05831,441,2,18385006
DH05831,476,2,5610573
DH05832,457,3,24221919
DH05832,388,1,12500788
DH05833,311,3,20701272
DH05833,162,2,16154689
DH05833,249,1,12650029
DH05834,436,1,8088441
DH05834,458,1,3104580
DH05834,491,1,23791756
DH05835,89,3,15656852
DH05835,187,2,8866140
DH05835,160,2,7269450
DH05836,465,3,24131257
DH05837,71,2,20920065
DH05838,434,2,20511341
DH05839,456,3,1907183
DH05840,299,2,10443833
DH05840,102,2,13562744
DH05840,93,2,14686287
DH05841,180,3,5187803
DH05841,307,3,2970393
DH05841,457,2,24221919
DH05842,67,3,2603224
DH05843,405,3,6786774
DH05843,462,1,16447832
DH05844,307,3,2970393
DH05844,449,2,7676975
DH05844,5,2,6035905
DH05845,87,1,1388487
DH05845,346,3,15198565
DH05846,292,3,15283078
DH05846,93,1,14686287
DH05847,438,2,19966047
DH05847,150,1,22175650
DH05848,198,2,13851809
DH05849,25,1,7741025
DH05849,132,3,16198314
DH05849,125,2,13225929
DH05850,251,1,11288407
DH05850,230,3,4583309
DH05851,81,3,11760834
DH05851,376,1,7479061
DH05851,35,1,5481589
DH05852,330,2,21871930
DH05852,344,3,15192156
DH05852,5,2,6035905
DH05853,148,1,24016044
DH05853,472,1,24725902
DH05853,418,1,6732468
DH05854,147,3,13624031
DH05854,27,3,12159304
DH05855,384,1,7946719
DH05855,19,2,6165758
DH05856,11,3,10235878
DH05857,394,2,14325309
DH05857,252,2,18216160
DH05857,16,2,1902478
DH05858,433,3,2223429
DH05858,461,2,13898840
DH05858,209,1,11044537
DH05859,223,2,2575778
DH05860,246,3,4574511
DH05860,414,2,8838663
DH05860,248,3,22980553
DH05861,355,2,19241391
DH05861,352,2,22014922
DH05861,250,2,5901364
DH05862,284,3,7510427
DH05863,144,2,6059706
DH05864,426,1,22978827
DH05864,138,3,24036792
DH05864,63,3,25365618
DH05865,161,2,5421161
DH05865,106,3,3358747
DH05866,148,1,24016044
DH05866,485,1,2937854
DH05866,218,2,7876105
DH05867,205,2,11351137
DH05867,403,2,10108987
DH05867,312,1,22250953
DH05868,384,2,7946719
DH05869,314,3,21535304
DH05869,322,2,4789634
DH05869,386,3,11489944
DH05870,274,1,8049917
DH05870,164,2,12450217
DH05871,233,3,5799781
DH05872,132,1,16198314
DH05872,439,3,11444083
DH05872,138,2,24036792
DH05873,413,3,19949073
DH05873,347,2,10484449
DH05873,110,1,2655742
DH05874,118,2,6945092
DH05874,422,2,12003004
DH05874,141,1,22227393
DH05875,138,1,24036792
DH05876,103,1,17996106
DH05876,74,2,2460854
DH05876,118,3,6945092
DH05877,253,2,9232276
DH05878,488,3,1330310
DH05879,181,2,1690676
DH05879,148,2,24016044
DH05880,430,2,11677101
DH05880,196,2,9383000
DH05880,27,1,12159304
DH05881,24,1,1688485
DH05881,102,2,13562744
DH05881,242,2,1536406
DH05882,334,2,7901528
DH05883,253,2,9232276
DH05883,434,3,20511341
DH05884,481,1,11804603
DH05884,378,3,5459248
DH05884,255,2,11357464
DH05885,165,1,25319024
DH05886,151,3,14524360
DH05886,308,3,23205555
DH05887,360,1,17479616
DH05888,279,1,22313060
DH05888,438,2,19966047
DH05889,90,3,19909796
DH05889,356,2,23139278
DH05890,99,1,22557878
DH05890,481,2,11804603
DH05891,227,3,23575212
DH05892,273,2,13267090
DH05892,492,3,8668431
DH05893,417,2,1927702
DH05894,232,1,17350864
DH05894,413,3,19949073
DH05895,146,3,19268450
DH05895,333,2,4723884
DH05895,374,1,17616582
DH05896,49,3,10127878
DH05896,159,1,18319776
DH05897,291,2,19063989
DH05898,103,1,17996106
DH05899,284,3,7510427
DH05900,116,2,17991157
DH05900,212,1,9801647
DH05901,51,3,18354531
DH05902,489,2,23457899
DH05902,415,2,23483261
DH05902,18,1,8089438
DH05903,236,2,25624479
DH05903,259,2,2352165
DH05903,113,1,9188480
DH05904,195,3,2797518
DH05904,488,1,1330310
DH05904,46,2,13724985
DH05905,153,2,9382132
DH05905,79,2,5712887
DH05906,263,2,5779215
DH05907,173,2,8932665
DH05907,346,3,15198565
DH05907,35,3,5481589
DH05908,391,2,14598944
DH05908,305,2,19848099
DH05908,53,2,18088695
DH05909,240,1,23483447
DH05910,286,2,3106273
DH05911,327,2,6561107
DH05911,82,2,6348395
DH05911,26,2,23522794
DH05912,469,3,24833142
DH05912,41,1,23214519
DH05913,134,1,24009450
DH05913,377,3,12231914
DH05913,268,3,20509489
DH05914,21,3,20692785
DH05915,70,1,24683647
DH05915,109,3,8310763
DH05915,181,2,1690676
DH05916,417,2,1927702
DH05916,206,2,9160201
DH05916,406,2,1821869
DH05917,136,2,13200645
DH05917,201,1,14510585
DH05917,141,2,22227393
DH05918,156,1,23900042
DH05918,364,1,14254399
DH05919,129,3,7748973
DH05920,467,2,6408461
DH05920,199,3,15317157
DH05920,353,1,17335247
DH05921,46,3,13724985
DH05922,332,2,16273428
DH05923,286,2,3106273
DH05923,85,1,22953739
DH05923,143,3,5091764
DH05924,321,1,9556944
DH05925,378,1,5459248
DH05925,247,3,14840560
DH05925,367,2,21910738
DH05926,441,2,18385006
DH05926,316,1,19653730
DH05926,370,3,16487087
DH05927,314,1,21535304
DH05927,341,2,24878704
DH05928,174,3,24577473
DH05928,281,1,6520993
DH05928,198,3,13851809
DH05929,443,1,15873432
DH05929,407,2,22242654
DH05930,274,1,8049917
DH05930,222,1,24480557
DH05931,389,1,2247745
DH05931,409,3,25383281
DH05931,138,3,24036792
DH05932,47,2,2363748
DH05932,369,3,10752264
DH05932,92,3,11092983
DH05933,285,2,6209359
DH05933,89,3,15656852
DH05934,429,3,13157569
DH05935,352,1,22014922
DH05936,321,1,9556944
DH05937,485,2,2937854
DH05938,107,1,15707585
DH05939,469,2,24833142
DH05939,118,1,6945092
DH05939,486,2,14815928
DH05940,143,2,5091764
DH05940,18,2,8089438
DH05941,430,3,11677101
DH05941,28,1,8340920
DH05941,366,2,7038014
DH05942,169,1,25706307
DH05942,467,1,6408461
DH05943,462,3,16447832
DH05944,344,3,15192156
DH05944,203,1,2141244
DH05945,49,3,10127878
DH05945,231,3,7056866
DH05946,195,3,2797518
DH05947,190,3,19493368
DH05947,223,3,2575778
DH05947,188,1,2213985
DH05948,494,2,4606985
DH05948,280,3,25571963
DH05949,330,2,21871930
DH05950,399,2,2042288
DH05950,445,3,3753037
DH05951,282,3,9983595
DH05952,55,3,17890818
DH05952,347,2,10484449
DH05952,151,1,14524360
DH05953,157,3,10354320
DH05953,82,3,6348395
DH05953,185,3,5305149
DH05954,165,1,25319024
DH05954,288,3,11145011
DH05955,391,3,14598944
DH05955,339,3,7585126
DH05955,462,1,16447832
DH05956,310,2,10351478
DH05956,173,2,8932665
DH05957,132,1,16198314
DH05957,461,2,13898840
DH05958,273,3,13267090
DH05958,137,1,20559073
DH05959,60,2,10296353
DH05959,30,1,22850493
DH05959,377,2,12231914
DH05960,304,3,24317139
DH05961,43,2,14663576
DH05961,295,1,2326130
DH05962,378,2,5459248
DH05962,289,2,4921805
DH05963,295,3,2326130
DH05964,412,2,5966347
DH05965,403,1,10108987
DH05965,22,3,24114298
DH05965,6,1,15618829
DH05966,390,3,7428418
DH05966,455,3,2445683
DH05966,380,2,7759711
DH05967,162,2,16154689
DH05967,492,1,8668431
DH05968,226,2,24912858
DH05968,381,1,3635754
DH05969,278,3,16871480
DH05969,381,3,3635754
DH05969,244,3,16782990
DH05970,209,2,11044537
DH05971,180,1,5187803
DH05972,57,2,19310306
DH05972,40,2,13768783
DH05972,495,1,24537951
DH05973,73,1,13467563
DH05974,442,1,14674667
DH05975,251,2,11288407
DH05975,260,1,5169564
DH05975,235,1,1672401
DH05976,109,2,8310763
DH05977,438,3,19966047
DH05977,160,3,7269450
DH05978,382,1,23997672
DH05979,169,1,25706307
DH05980,160,2,7269450
DH05980,331,2,16419785
DH05980,64,3,9718506
DH05981,234,2,12378563
DH05981,425,1,12382069
DH05982,55,2,17890818
DH05982,42,2,4888990
DH05982,134,3,24009450
DH05983,453,2,24897288
DH05984,266,1,8991711
DH05984,343,1,17874359
DH05985,176,3,12520307
DH05986,226,3,24912858
DH05987,399,3,2042288
DH05988,428,1,8623074
DH05988,198,1,13851809
DH05989,18,2,8089438
DH05990,314,3,21535304
DH05990,194,2,10519150
DH05991,134,3,24009450
DH05992,31,3,19561998
DH05992,203,3,2141244
DH05993,114,1,5461510
DH05993,13,2,24933847
DH05994,476,3,5610573
DH05994,309,2,16160657
DH05994,482,3,25397322
DH05995,252,2,18216160
DH05996,386,2,11489944
DH05997,187,2,8866140
DH05998,309,3,16160657
DH05998,49,3,10127878
DH05998,477,1,17019502
DH05999,302,1,1904905
DH05999,26,3,23522794
DH05999,206,1,9160201
DH06000,298,2,19424399
DH06000,437,1,20884762
DH06000,34,1,21526031
DH06001,468,2,21281263
DH06001,264,1,7333700
DH06001,362,1,18686057
DH06002,133,3,25260384
DH06002,229,3,5955017
DH06002,180,1,5187803
DH06003,138,2,24036792
DH06003,356,3,23139278
DH06003,90,1,19909796
DH06004,417,3,1927702
DH06005,207,3,11794425
DH06005,390,3,7428418
DH06005,32,2,16788448
DH06006,126,2,7453646
DH06006,128,1,5789660
DH06007,207,2,11794425
DH06008,426,3,22978827
DH06008,103,3,17996106
DH06008,360,3,17479616
DH06009,436,3,8088441
DH06009,248,2,22980553
DH06010,292,3,15283078
DH06010,109,3,8310763
DH06010,2,2,2619639
DH06011,383,1,21556385
DH06011,44,1,12890144
DH06011,394,1,14325309
DH06012,443,2,15873432
DH06013,227,3,23575212
DH06013,450,3,19208894
DH06014,498,2,19498927
DH06014,376,2,7479061
DH06014,393,2,15902198
DH06015,123,2,5880587
DH06015,161,3,5421161
DH06015,450,3,19208894
DH06016,237,2,5969756
DH06016,379,1,11024419
DH06016,284,3,7510427
DH06017,207,3,11794425
DH06017,111,1,5190528
DH06017,345,3,24716330
DH06018,413,3,19949073
DH06019,367,2,21910738
DH06019,473,2,8143318
DH06019,296,3,7282780
DH06020,1,1,5597326
DH06020,57,1,19310306
DH06020,261,2,8666850
DH06021,210,2,20061356
DH06021,428,1,8623074
DH06021,391,3,14598944
DH06022,182,2,19817463
DH06022,494,1,4606985
DH06023,109,1,8310763
DH06023,97,3,20721508
DH06024,126,2,7453646
DH06024,168,1,4959346
DH06025,4,1,2033327
DH06025,101,2,4709001
DH06025,358,1,8803419
DH06026,427,3,12881666
DH06026,173,3,8932665
DH06026,393,3,15902198
DH06027,361,1,2131412
DH06028,119,1,13510580
DH06028,8,2,16791775
DH06029,473,3,8143318
DH06029,435,2,4349985
DH06029,126,3,7453646
DH06030,295,1,2326130
DH06030,379,3,11024419
DH06030,63,3,25365618
DH06031,270,1,15138021
DH06031,214,2,21742788
DH06032,81,3,11760834
DH06032,489,3,23457899
DH06033,299,2,10443833
DH06033,52,1,14404540
DH06034,258,3,12909089
DH06034,85,3,22953739
DH06034,124,3,18670083
DH06035,365,1,15480351
DH06035,254,3,7786382
DH06036,241,3,14883376
DH06036,404,1,24793579
DH06036,401,3,3227628
DH06037,49,1,10127878
DH06038,128,2,5789660
DH06038,162,2,16154689
DH06038,500,3,12716509
DH06039,442,3,14674667
DH06039,245,2,11838005
DH06040,3,1,23951194
DH06040,141,1,22227393
DH06040,445,2,3753037
DH06041,101,1,4709001
DH06041,279,1,22313060
DH06042,112,3,21786528
DH06043,49,1,10127878
DH06043,254,2,7786382
DH06043,261,1,8666850
DH06044,250,2,5901364
DH06044,223,1,2575778
DH06044,292,3,15283078
DH06045,218,2,7876105
DH06045,291,3,19063989
DH06045,348,3,16075438
DH06046,54,3,18474415
DH06046,20,1,14519905
DH06046,166,1,17284447
DH06047,2,2,2619639
DH06047,494,3,4606985
DH06047,330,2,21871930
DH06048,221,3,18603561
DH06048,116,3,17991157
DH06048,330,2,21871930
DH06049,447,1,13793804
DH06050,186,3,11833611
DH06050,394,2,14325309
DH06050,42,2,4888990
DH06051,89,1,15656852
DH06051,263,3,5779215
DH06051,303,1,19460829
DH06052,224,1,17686916
DH06052,53,1,18088695
DH06053,418,3,6732468
DH06054,494,1,4606985
DH06054,394,3,14325309
DH06054,400,2,19389256
DH06055,378,3,5459248
DH06055,105,1,9768220
DH06055,244,1,16782990
DH06056,112,1,21786528
DH06057,456,3,1907183
DH06057,226,1,24912858
DH06057,262,2,15404344
DH06058,203,3,2141244
DH06058,369,1,10752264
DH06059,460,3,15973168
DH06060,318,2,23570935
DH06060,476,2,5610573
DH06061,360,3,17479616
DH06061,466,2,16269792
DH06061,113,1,9188480
DH06062,377,1,12231914
DH06062,445,3,3753037
DH06062,117,1,1822241
DH06063,414,1,8838663
DH06063,29,3,8608366
DH06063,421,3,22589235
DH06064,290,2,14771023
DH06065,349,3,19870600
DH06066,225,3,17350639
DH06067,273,3,13267090
DH06067,75,3,1572912
DH06068,328,2,19906025
DH06068,134,3,24009450
DH06068,195,2,2797518
DH06069,304,1,24317139
DH06069,161,1,5421161
DH06070,113,3,9188480
DH06071,314,3,21535304
DH06071,388,2,12500788
DH06071,68,1,14423549
DH06072,389,2,2247745
DH06073,47,2,2363748
DH06073,240,3,23483447
DH06073,345,3,24716330
DH06074,67,2,2603224
DH06074,28,3,8340920
DH06075,122,3,18283116
DH06075,266,1,8991711
DH06075,171,1,16022163
DH06076,480,3,9066937
DH06076,324,1,5235456
DH06077,236,1,25624479
DH06078,20,2,14519905
DH06078,9,2,2348573
DH06079,384,3,7946719
DH06080,418,2,6732468
DH06080,59,2,11020945
DH06081,150,3,22175650
DH06082,175,1,4766108
DH06082,55,1,17890818
DH06082,219,2,20274689
DH06083,104,1,21205978
DH06083,6,3,15618829
DH06084,346,1,15198565
DH06085,204,3,6098253
DH06085,303,3,19460829
DH06085,207,1,11794425
DH06086,77,2,20281855
DH06086,328,3,19906025
DH06086,214,2,21742788
DH06087,87,1,1388487
DH06088,146,3,19268450
DH06089,122,1,18283116
DH06089,57,3,19310306
DH06089,222,2,24480557
DH06090,481,2,11804603
DH06090,208,3,16507221
DH06090,187,1,8866140
DH06091,116,3,17991157
DH06092,66,2,9292701
DH06093,359,1,18193067
DH06093,120,3,23629104
DH06094,107,1,15707585
DH06095,409,3,25383281
DH06095,493,1,5355143
DH06095,134,3,24009450
DH06096,436,3,8088441
DH06097,24,1,1688485
DH06097,201,1,14510585
DH06098,227,1,23575212
DH06098,151,3,14524360
DH06099,69,2,13005856
DH06099,148,2,24016044
DH06100,117,3,1822241
DH06100,67,2,2603224
DH06100,332,2,16273428
DH06101,295,2,2326130
DH06101,90,2,19909796
DH06102,388,2,12500788
DH06102,398,1,4672398
DH06103,164,2,12450217
DH06103,333,2,4723884
DH06103,438,3,19966047
DH06104,409,2,25383281
DH06104,163,3,5148746
DH06104,43,3,14663576
DH06105,317,1,3451035
DH06105,175,2,4766108
DH06105,178,1,25162917
DH06106,52,1,14404540
DH06106,394,1,14325309
DH06106,431,2,3483711
DH06107,133,3,25260384
DH06107,282,2,9983595
DH06108,293,3,5223702
DH06108,479,2,24995661
DH06109,161,3,5421161
DH06109,229,3,5955017
DH06110,458,3,3104580
DH06110,411,1,15292733
DH06111,196,2,9383000
DH06111,195,3,2797518
DH06112,319,2,17175754
DH06112,139,2,8176702
DH06112,191,3,2180855
DH06113,491,2,23791756
DH06113,158,1,2814097
DH06114,256,1,7503626
DH06114,29,2,8608366
DH06115,422,1,12003004
DH06116,8,3,16791775
DH06116,45,2,22446227
DH06117,212,2,9801647
DH06118,145,1,13595803
DH06118,222,1,24480557
DH06119,33,3,16395207
DH06119,224,1,17686916
DH06119,427,1,12881666
DH06120,111,2,5190528
DH06120,205,1,11351137
DH06120,324,2,5235456
DH06121,344,2,15192156
DH06122,385,2,9022052
DH06123,426,1,22978827
DH06123,133,3,25260384
DH06124,54,1,18474415
DH06124,5,2,6035905
DH06125,467,1,6408461
DH06125,54,3,18474415
DH06125,346,2,15198565
DH06126,128,3,5789660
DH06126,320,3,13927009
DH06126,418,3,6732468
DH06127,90,2,19909796
DH06127,280,2,25571963
DH06127,313,2,2770705
DH06128,174,2,24577473
DH06129,366,3,7038014
DH06129,180,1,5187803
DH06130,15,1,21879885
DH06130,369,2,10752264
DH06130,242,2,1536406
DH06131,72,1,11915298
DH06131,377,1,12231914
DH06131,352,1,22014922
DH06132,488,1,1330310
DH06132,35,2,5481589
DH06132,335,2,6359823
DH06133,124,2,18670083
DH06134,220,1,21154109
DH06134,137,2,20559073
DH06134,343,1,17874359
DH06135,324,3,5235456
DH06136,83,1,10278942
DH06137,409,2,25383281
DH06137,384,1,7946719
DH06137,419,3,14450529
DH06138,484,2,9546339
DH06138,469,2,24833142
DH06139,386,3,11489944
DH06140,400,3,19389256
DH06140,193,1,12107524
DH06140,362,3,18686057
DH06141,406,3,1821869
DH06142,57,3,19310306
DH06142,173,3,8932665
DH06142,124,1,18670083
DH06143,499,1,11225264
DH06143,227,2,23575212
DH06143,4,1,2033327
DH06144,200,1,25326262
DH06144,79,2,5712887
DH06145,65,2,20123002
DH06145,184,3,17356432
DH06145,303,2,19460829
DH06146,94,3,4892461
DH06146,402,1,14448552
DH06147,397,2,23886813
DH06147,116,3,17991157
DH06147,499,1,11225264
DH06148,136,2,13200645
DH06149,287,3,10898911
DH06149,216,3,13741880
DH06150,294,3,20611090
DH06150,282,3,9983595
DH06150,160,1,7269450
DH06151,66,2,9292701
DH06151,399,1,2042288
DH06151,43,1,14663576
DH06152,144,3,6059706
DH06153,71,1,20920065
DH06154,417,2,1927702
DH06155,362,3,18686057
DH06156,303,1,19460829
DH06156,423,2,11205935
DH06156,360,1,17479616
DH06157,226,1,24912858
DH06157,62,3,17040933
DH06157,364,2,14254399
DH06158,272,2,15085613
DH06158,402,1,14448552
DH06158,306,1,9109540
DH06159,101,2,4709001
DH06159,95,1,17932883
DH06159,490,3,24697745
DH06160,367,1,21910738
DH06160,173,2,8932665
DH06160,19,2,6165758
DH06161,37,3,24694673
DH06161,428,3,8623074
DH06162,118,3,6945092
DH06162,365,2,15480351
DH06162,152,1,11691816
DH06163,379,2,11024419
DH06163,180,1,5187803
DH06163,232,3,17350864
DH06164,272,3,15085613
DH06164,254,1,7786382
DH06164,256,1,7503626
DH06165,47,1,2363748
DH06166,373,2,17596085
DH06167,157,2,10354320
DH06167,13,2,24933847
DH06167,464,3,10451249
DH06168,424,2,19568438
DH06168,292,3,15283078
DH06169,221,3,18603561
DH06170,63,2,25365618
DH06170,126,3,7453646
DH06171,95,3,17932883
DH06171,158,1,2814097
DH06172,312,1,22250953
DH06172,235,1,1672401
DH06172,46,3,13724985
DH06173,46,2,13724985
DH06174,72,1,11915298
DH06174,360,2,17479616
DH06175,126,2,7453646
DH06175,278,3,16871480
DH06176,362,2,18686057
DH06176,159,1,18319776
DH06177,483,3,9287345
DH06177,226,3,24912858
DH06178,86,3,8568170
DH06178,461,2,13898840
DH06179,311,2,20701272
DH06180,266,3,8991711
DH06180,340,2,2512853
DH06180,454,2,24379043
DH06181,492,2,8668431
DH06181,133,2,25260384
DH06182,414,3,8838663
DH06182,21,2,20692785
DH06183,224,1,17686916
DH06183,9,2,2348573
DH06184,490,2,24697745
DH06185,234,2,12378563
DH06185,443,1,15873432
DH06185,323,2,8114299
DH06186,205,2,11351137
DH06186,109,1,8310763
DH06186,153,2,9382132
DH06187,350,2,12090591
DH06187,54,1,18474415
DH06187,351,1,13618008
DH06188,57,1,19310306
DH06189,474,3,13191529
DH06190,296,2,7282780
DH06190,367,3,21910738
DH06190,424,3,19568438
DH06191,384,3,7946719
DH06191,85,1,22953739
DH06192,378,1,5459248
DH06193,167,2,19477755
DH06193,406,3,1821869
DH06193,11,3,10235878
DH06194,91,2,20666588
DH06194,344,1,15192156
DH06194,182,1,19817463
DH06195,213,2,9135747
DH06196,364,2,14254399
DH06197,154,1,5917692
DH06197,485,3,2937854
DH06198,7,2,4357180
DH06198,47,1,2363748
DH06199,241,1,14883376
DH06200,66,2,9292701
DH06200,234,1,12378563
DH06200,427,3,12881666
DH06201,92,1,11092983
DH06202,19,1,6165758
DH06202,270,2,15138021
DH06203,252,3,18216160
DH06204,303,2,19460829
DH06204,73,3,13467563
DH06205,452,1,6422656
DH06205,239,2,9904462
DH06206,252,1,18216160
DH06207,231,3,7056866
DH06207,458,2,3104580
DH06207,350,1,12090591
DH06208,172,3,11563207
DH06209,204,1,6098253
DH06209,227,3,23575212
DH06209,192,3,10036440
DH06210,352,2,22014922
DH06210,207,3,11794425
DH06210,246,3,4574511
DH06211,45,3,22446227
DH06211,57,1,19310306
DH06211,446,1,10227214
DH06212,120,3,23629104
DH06213,489,3,23457899
DH06213,390,3,7428418
DH06213,174,3,24577473
DH06214,276,3,11889649
DH06214,218,1,7876105
DH06214,423,1,11205935
DH06215,249,2,12650029
DH06215,398,2,4672398
DH06215,46,3,13724985
DH06216,275,3,1991880
DH06216,40,3,13768783
DH06216,222,2,24480557
DH06217,423,1,11205935
DH06218,416,2,17524717
DH06218,360,3,17479616
DH06218,125,3,13225929
DH06219,378,2,5459248
DH06220,49,1,10127878
DH06221,189,3,21341902
DH06221,377,1,12231914
DH06221,290,2,14771023
DH06222,213,2,9135747
DH06222,167,3,19477755
DH06222,382,3,23997672
DH06223,340,2,2512853
DH06223,269,2,13567100
DH06224,90,3,19909796
DH06225,313,1,2770705
DH06225,244,2,16782990
DH06225,126,3,7453646
DH06226,330,1,21871930
DH06226,139,1,8176702
DH06226,368,2,21192004
DH06227,361,1,2131412
DH06227,236,2,25624479
DH06227,90,1,19909796
DH06228,176,2,12520307
DH06229,353,2,17335247
DH06229,333,1,4723884
DH06230,74,1,2460854
DH06230,24,3,1688485
DH06230,438,1,19966047
DH06231,484,3,9546339
DH06231,148,2,24016044
DH06232,405,3,6786774
DH06232,330,3,21871930
DH06233,283,2,9498824
DH06233,236,1,25624479
DH06234,263,1,5779215
DH06234,393,2,15902198
DH06235,338,3,11491142
DH06236,144,2,6059706
DH06237,356,3,23139278
DH06237,170,3,18830250
DH06238,326,2,10657286
DH06238,312,2,22250953
DH06238,370,3,16487087
DH06239,457,1,24221919
DH06239,390,3,7428418
DH06239,310,1,10351478
DH06240,73,3,13467563
DH06241,49,3,10127878
DH06241,59,3,11020945
DH06241,158,1,2814097
DH06242,196,3,9383000
DH06243,138,2,24036792
DH06243,192,2,10036440
DH06243,297,2,3729757
DH06244,327,1,6561107
DH06244,117,3,1822241
DH06244,77,1,20281855
DH06245,107,1,15707585
DH06246,286,1,3106273
DH06247,79,2,5712887
DH06247,22,1,24114298
DH06248,115,1,24228127
DH06248,149,3,20816892
DH06249,376,2,7479061
DH06250,175,2,4766108
DH06250,484,2,9546339
DH06251,438,1,19966047
DH06251,396,3,2735462
DH06251,250,1,5901364
DH06252,10,3,8245338
DH06252,246,1,4574511
DH06253,224,1,17686916
DH06253,309,1,16160657
DH06253,464,2,10451249
DH06254,75,3,1572912
DH06254,243,3,9384883
DH06255,492,1,8668431
DH06255,214,3,21742788
DH06255,107,3,15707585
DH06256,130,3,8364943
DH06256,340,1,2512853
DH06257,47,1,2363748
DH06257,371,2,15596681
DH06258,311,2,20701272
DH06258,232,3,17350864
DH06258,261,3,8666850
DH06259,250,2,5901364
DH06259,411,3,15292733
DH06259,370,2,16487087
DH06260,356,1,23139278
DH06260,276,1,11889649
DH06260,97,3,20721508
DH06261,440,3,21263667
DH06261,131,1,2156224
DH06262,330,2,21871930
DH06262,194,3,10519150
DH06263,101,2,4709001
DH06263,459,3,21165935
DH06263,107,2,15707585
DH06264,160,1,7269450
DH06264,40,1,13768783
DH06265,197,2,1767828
DH06266,244,3,16782990
DH06267,154,2,5917692
DH06267,355,2,19241391
DH06267,250,1,5901364
DH06268,446,3,10227214
DH06269,366,1,7038014
DH06269,193,2,12107524
DH06270,165,2,25319024
DH06270,500,3,12716509
DH06270,263,2,5779215
DH06271,369,1,10752264
DH06271,3,2,23951194
DH06272,145,3,13595803
DH06272,31,3,19561998
DH06273,278,1,16871480
DH06274,243,2,9384883
DH06274,320,2,13927009
DH06275,297,1,3729757
DH06275,319,2,17175754
DH06276,500,3,12716509
DH06276,295,3,2326130
DH06277,476,2,5610573
DH06277,68,2,14423549
DH06277,251,1,11288407
DH06278,345,2,24716330
DH06278,234,3,12378563
DH06278,108,1,16704100
DH06279,447,3,13793804
DH06279,221,2,18603561
DH06279,60,2,10296353
DH06280,201,3,14510585
DH06280,449,1,7676975
DH06281,177,1,6101695
DH06281,72,1,11915298
DH06282,475,3,23514632
DH06282,239,2,9904462
DH06283,68,2,14423549
DH06284,474,2,13191529
DH06284,338,1,11491142
DH06285,469,3,24833142
DH06285,372,3,11933021
DH06285,489,3,23457899
DH06286,192,2,10036440
DH06286,24,3,1688485
DH06287,89,3,15656852
DH06288,353,1,17335247
DH06289,225,1,17350639
DH06290,57,3,19310306
DH06291,337,2,16155694
DH06292,287,2,10898911
DH06292,149,1,20816892
DH06293,391,2,14598944
DH06294,26,1,23522794
DH06294,448,1,1655313
DH06295,63,3,25365618
DH06296,198,3,13851809
DH06296,283,2,9498824
DH06296,86,1,8568170
DH06297,142,3,23627613
DH06298,102,1,13562744
DH06298,245,3,11838005
DH06299,194,3,10519150
DH06300,439,2,11444083
DH06300,444,3,24721344
DH06300,358,2,8803419
DH06301,190,2,19493368
DH06302,160,3,7269450
DH06303,208,1,16507221
DH06304,128,3,5789660
DH06304,331,2,16419785
DH06304,357,1,4857102
DH06305,33,3,16395207
DH06305,270,2,15138021
DH06306,63,2,25365618
DH06306,4,1,2033327
DH06307,500,1,12716509
DH06307,145,2,13595803
DH06308,470,1,2362889
DH06308,157,3,10354320
DH06308,274,2,8049917
DH06309,327,3,6561107
DH06309,36,1,4440658
DH06310,258,3,12909089
DH06311,283,2,9498824
DH06311,254,1,7786382
DH06312,1,2,5597326
DH06313,247,1,14840560
DH06313,180,1,5187803
DH06313,335,1,6359823
DH06314,317,1,3451035
DH06314,275,3,1991880
DH06315,274,3,8049917
DH06315,56,2,3656281
DH06315,41,1,23214519
DH06316,350,2,12090591
DH06316,289,3,4921805
DH06316,140,2,13589526
DH06317,185,3,5305149
DH06317,260,1,5169564
DH06317,208,3,16507221
DH06318,285,1,6209359
DH06318,289,3,4921805
DH06319,435,1,4349985
DH06319,266,2,8991711
DH06320,122,3,18283116
DH06320,95,3,17932883
DH06321,340,3,2512853
DH06321,170,1,18830250
DH06321,447,1,13793804
DH06322,242,1,1536406
DH06322,376,2,7479061
DH06322,345,3,24716330
DH06323,29,1,8608366
DH06323,82,1,6348395
DH06323,417,1,1927702
DH06324,131,2,2156224
DH06324,68,2,14423549
DH06324,269,1,13567100
DH06325,483,2,9287345
DH06325,269,3,13567100
DH06325,325,1,16561482
DH06326,306,3,9109540
DH06326,78,1,10074989
DH06326,457,2,24221919
DH06327,40,3,13768783
DH06328,218,3,7876105
DH06328,493,1,5355143
DH06328,272,3,15085613
DH06329,422,2,12003004
DH06330,284,1,7510427
DH06330,325,2,16561482
DH06331,342,3,3872319
DH06331,207,1,11794425
DH06332,162,2,16154689
DH06332,446,1,10227214
DH06332,150,3,22175650
DH06333,382,1,23997672
DH06333,448,2,1655313
DH06333,261,1,8666850
DH06334,263,3,5779215
DH06335,109,1,8310763
DH06335,54,2,18474415
DH06335,408,2,17462807
DH06336,365,3,15480351
DH06337,145,1,13595803
DH06337,255,2,11357464
DH06337,197,1,1767828
DH06338,8,1,16791775
DH06338,498,1,19498927
DH06338,433,2,2223429
DH06339,42,3,4888990
DH06339,43,3,14663576
DH06340,191,1,2180855
DH06340,381,2,3635754
DH06341,330,3,21871930
DH06341,438,1,19966047
DH06341,356,3,23139278
DH06342,61,1,11543600
DH06342,39,1,5958851
DH06343,479,1,24995661
DH06343,350,2,12090591
DH06344,193,1,12107524
DH06344,121,1,22194333
DH06344,134,2,24009450
DH06345,319,2,17175754
DH06345,113,2,9188480
DH06345,384,3,7946719
DH06346,142,2,23627613
DH06346,20,2,14519905
DH06347,369,1,10752264
DH06347,244,3,16782990
DH06348,38,2,25625870
DH06348,227,2,23575212
DH06348,100,2,3300603
DH06349,135,2,18508141
DH06350,75,3,1572912
DH06351,434,2,20511341
DH06351,141,2,22227393
DH06352,109,3,8310763
DH06352,430,3,11677101
DH06353,437,3,20884762
DH06354,82,1,6348395
DH06355,286,1,3106273
DH06355,182,2,19817463
DH06356,269,1,13567100
DH06357,258,1,12909089
DH06357,201,3,14510585
DH06358,8,2,16791775
DH06358,65,3,20123002
DH06359,260,2,5169564
DH06360,309,3,16160657
DH06360,162,1,16154689
DH06361,289,3,4921805
DH06362,393,3,15902198
DH06362,281,1,6520993
DH06363,107,2,15707585
DH06363,324,2,5235456
DH06364,96,1,2158473
DH06364,471,2,25755884
DH06364,421,2,22589235
DH06365,136,2,13200645
DH06365,212,1,9801647
DH06366,269,1,13567100
DH06366,437,2,20884762
DH06367,46,3,13724985
DH06367,282,1,9983595
DH06368,135,3,18508141
DH06369,156,3,23900042
DH06370,369,3,10752264
DH06371,500,1,12716509
DH06371,426,2,22978827
DH06372,139,3,8176702
DH06372,3,1,23951194
DH06373,60,2,10296353
DH06373,332,2,16273428
DH06374,297,3,3729757
DH06375,230,3,4583309
DH06376,299,3,10443833
DH06377,2,2,2619639
DH06378,137,3,20559073
DH06379,360,3,17479616
DH06379,93,1,14686287
DH06379,35,2,5481589
DH06380,251,2,11288407
DH06380,404,1,24793579
DH06380,479,2,24995661
DH06381,95,2,17932883
DH06381,237,3,5969756
DH06381,410,1,12647688
DH06382,47,2,2363748
DH06383,322,2,4789634
DH06384,394,3,14325309
DH06384,370,3,16487087
DH06384,195,1,2797518
DH06385,237,1,5969756
DH06386,217,1,21518753
DH06386,428,2,8623074
DH06386,313,1,2770705
DH06387,172,2,11563207
DH06388,273,1,13267090
DH06388,429,3,13157569
DH06388,316,2,19653730
DH06389,151,2,14524360
DH06389,12,2,11992784
DH06389,95,3,17932883
DH06390,488,3,1330310
DH06390,255,3,11357464
DH06391,244,3,16782990
DH06391,346,1,15198565
DH06391,139,1,8176702
DH06392,270,3,15138021
DH06393,500,3,12716509
DH06393,370,2,16487087
DH06393,67,2,2603224
DH06394,84,1,5916601
DH06395,200,2,25326262
DH06396,367,2,21910738
DH06396,246,1,4574511
DH06397,223,2,2575778
DH06398,380,1,7759711
DH06399,486,1,14815928
DH06399,208,2,16507221
DH06399,201,1,14510585
DH06400,190,3,19493368
DH06401,467,1,6408461
DH06401,230,3,4583309
DH06401,437,3,20884762
DH06402,122,2,18283116
DH06402,43,3,14663576
DH06402,100,2,3300603
DH06403,482,3,25397322
DH06403,178,1,25162917
DH06403,386,1,11489944
DH06404,343,2,17874359
DH06405,3,1,23951194
DH06406,34,1,21526031
DH06406,225,2,17350639
DH06407,96,2,2158473
DH06407,188,2,2213985
DH06408,353,1,17335247
DH06409,266,3,8991711
DH06409,116,2,17991157
DH06410,219,3,20274689
DH06411,7,1,4357180
DH06412,353,2,17335247
DH06413,261,1,8666850
DH06413,88,3,15268123
DH06413,423,2,11205935
DH06414,319,3,17175754
DH06414,130,3,8364943
DH06415,275,2,1991880
DH06415,374,1,17616582
DH06416,211,3,19060983
DH06416,175,2,4766108
DH06417,372,2,11933021
DH06418,13,1,24933847
DH06419,75,1,1572912
DH06419,274,2,8049917
DH06419,360,2,17479616
DH06420,184,2,17356432
DH06421,179,1,23021297
DH06421,434,1,20511341
DH06421,88,3,15268123
DH06422,211,1,19060983
DH06422,434,1,20511341
DH06422,360,1,17479616
DH06423,332,2,16273428
DH06423,147,3,13624031
DH06424,290,2,14771023
DH06424,457,2,24221919
DH06424,90,1,19909796
DH06425,17,1,11252793
DH06425,359,2,18193067
DH06426,25,1,7741025
DH06426,324,3,5235456
DH06427,345,3,24716330
DH06427,237,3,5969756
DH06428,210,3,20061356
DH06429,55,3,17890818
DH06430,56,2,3656281
DH06430,495,3,24537951
DH06431,228,3,9625566
DH06431,444,2,24721344
DH06431,139,3,8176702
DH06432,447,3,13793804
DH06432,415,1,23483261
DH06433,385,1,9022052
DH06433,364,2,14254399
DH06434,412,3,5966347
DH06434,222,3,24480557
DH06435,282,1,9983595
DH06436,275,2,1991880
DH06436,296,1,7282780
DH06436,232,3,17350864
DH06437,222,3,24480557
DH06438,9,2,2348573
DH06439,179,3,23021297
DH06440,58,1,4846247
DH06440,453,3,24897288
DH06441,209,1,11044537
DH06442,470,1,2362889
DH06443,76,2,25092737
DH06443,436,3,8088441
DH06443,56,3,3656281
DH06444,218,1,7876105
DH06445,277,1,20673499
DH06445,424,2,19568438
DH06446,117,1,1822241
DH06446,370,3,16487087
DH06447,32,1,16788448
DH06448,29,2,8608366
DH06448,31,1,19561998
DH06449,6,1,15618829
DH06449,482,3,25397322
DH06449,78,1,10074989
DH06450,132,1,16198314
DH06450,297,1,3729757
DH06450,6,3,15618829
DH06451,351,3,13618008
DH06451,10,1,8245338
DH06451,124,1,18670083
DH06452,97,1,20721508
DH06452,364,2,14254399
DH06453,269,1,13567100
DH06453,425,1,12382069
DH06453,383,1,21556385
DH06454,472,2,24725902
DH06455,141,3,22227393
DH06455,444,3,24721344
DH06456,131,1,2156224
DH06456,74,2,2460854
DH06456,379,3,11024419
DH06457,169,1,25706307
DH06458,446,2,10227214
DH06458,406,2,1821869
DH06458,322,3,4789634
DH06459,428,1,8623074
DH06460,267,2,20768736
DH06460,250,3,5901364
DH06461,25,3,7741025
DH06461,316,3,19653730
DH06462,113,2,9188480
DH06462,449,2,7676975
DH06462,16,1,1902478
DH06463,356,3,23139278
DH06464,33,2,16395207
DH06464,409,2,25383281
DH06464,255,3,11357464
DH06465,30,3,22850493
DH06466,483,2,9287345
DH06466,184,1,17356432
DH06467,213,3,9135747
DH06467,333,3,4723884
DH06468,425,2,12382069
DH06468,143,1,5091764
DH06468,239,3,9904462
DH06469,244,2,16782990
DH06469,10,3,8245338
DH06469,86,2,8568170
DH06470,435,2,4349985
DH06471,252,2,18216160
DH06471,218,3,7876105
DH06472,137,1,20559073
DH06472,402,3,14448552
DH06472,244,2,16782990
DH06473,364,2,14254399
DH06473,53,2,18088695
DH06474,368,2,21192004
DH06475,199,3,15317157
DH06475,435,3,4349985
DH06476,282,1,9983595
DH06476,109,2,8310763
DH06476,315,2,7916762
DH06477,168,2,4959346
DH06477,496,1,14220784
DH06477,479,1,24995661
DH06478,251,3,11288407
DH06478,489,1,23457899
DH06478,348,2,16075438
DH06479,351,1,13618008
DH06479,497,2,20532926
DH06480,222,3,24480557
DH06481,404,2,24793579
DH06482,318,1,23570935
DH06482,179,2,23021297
DH06483,405,2,6786774
DH06483,456,2,1907183
DH06483,56,1,3656281
DH06484,247,3,14840560
DH06485,111,2,5190528
DH06485,387,3,3436274
DH06486,280,1,25571963
DH06487,154,2,5917692
DH06487,113,3,9188480
DH06488,16,1,1902478
DH06489,168,3,4959346
DH06489,59,1,11020945
DH06489,384,3,7946719
DH06490,155,1,23734363
DH06490,349,1,19870600
DH06490,461,1,13898840
DH06491,146,3,19268450
DH06492,277,2,20673499
DH06493,188,2,2213985
DH06493,124,2,18670083
DH06493,339,1,7585126
DH06494,20,1,14519905
DH06495,394,1,14325309
DH06495,218,1,7876105
DH06495,490,2,24697745
DH06496,219,3,20274689
DH06496,218,2,7876105
DH06497,67,3,2603224
DH06497,55,3,17890818
DH06498,125,1,13225929
DH06498,418,1,6732468
DH06499,8,2,16791775
DH06499,66,1,9292701
DH06500,475,1,23514632
DH06500,463,3,14123822
DH06500,3,3,23951194
DH06501,136,2,13200645
DH06501,215,3,22688954
DH06501,305,3,19848099
DH06502,135,1,18508141
DH06502,392,2,2439684
DH06503,179,3,23021297
DH06504,6,1,15618829
DH06504,123,3,5880587
DH06504,128,2,5789660
DH06505,172,1,11563207
DH06505,218,1,7876105
DH06506,486,1,14815928
DH06507,417,2,1927702
DH06507,108,1,16704100
DH06507,472,3,24725902
DH06508,342,3,3872319
DH06508,90,3,19909796
DH06509,19,3,6165758
DH06509,408,2,17462807
DH06509,55,1,17890818
DH06510,483,1,9287345
DH06510,375,3,22543381
DH06510,1,2,5597326
DH06511,139,1,8176702
DH06512,363,3,13943365
DH06512,153,2,9382132
DH06512,435,1,4349985
DH06513,3,2,23951194
DH06513,175,2,4766108
DH06514,353,2,17335247
DH06514,354,2,14109722
DH06514,411,2,15292733
DH06515,247,3,14840560
DH06516,433,1,2223429
DH06516,466,3,16269792
DH06516,1,1,5597326
DH06517,366,3,7038014
DH06517,68,2,14423549
DH06518,135,1,18508141
DH06518,157,1,10354320
DH06518,449,1,7676975
DH06519,47,2,2363748
DH06520,275,2,1991880
DH06520,84,1,5916601
DH06520,429,1,13157569
DH06521,217,3,21518753
DH06521,149,3,20816892
DH06522,353,1,17335247
DH06522,456,3,1907183
DH06522,298,3,19424399
DH06523,303,3,19460829
DH06523,195,2,2797518
DH06523,462,2,16447832
DH06524,410,2,12647688
DH06525,435,1,4349985
DH06525,479,3,24995661
DH06526,207,3,11794425
DH06526,477,2,17019502
DH06527,421,1,22589235
DH06527,287,1,10898911
DH06527,390,1,7428418
DH06528,446,2,10227214
DH06528,461,1,13898840
DH06528,414,2,8838663
DH06529,310,2,10351478
DH06530,122,2,18283116
DH06530,216,1,13741880
DH06530,451,3,18801455
DH06531,406,3,1821869
DH06532,102,3,13562744
DH06532,358,3,8803419
DH06532,179,2,23021297
DH06533,129,2,7748973
DH06534,357,2,4857102
DH06534,408,2,17462807
DH06534,386,1,11489944
DH06535,168,2,4959346
DH06535,142,3,23627613
DH06536,45,3,22446227
DH06536,137,1,20559073
DH06537,204,3,6098253
DH06537,350,1,12090591
DH06538,447,3,13793804
DH06539,491,2,23791756
DH06539,482,1,25397322
DH06539,265,3,18875655
DH06540,458,2,3104580
DH06540,450,2,19208894
DH06540,96,2,2158473
DH06541,354,1,14109722
DH06541,437,3,20884762
DH06542,401,2,3227628
DH06542,177,3,6101695
DH06543,161,2,5421161
DH06544,200,2,25326262
DH06544,30,1,22850493
DH06544,348,1,16075438
DH06545,233,3,5799781
DH06545,244,2,16782990
DH06545,53,3,18088695
DH06546,481,1,11804603
DH06546,292,2,15283078
DH06547,108,2,16704100
DH06547,156,3,23900042
DH06548,183,2,25583781
DH06548,12,1,11992784
DH06548,427,3,12881666
DH06549,235,3,1672401
DH06549,103,3,17996106
DH06549,31,1,19561998
DH06550,294,1,20611090
DH06550,205,2,11351137
DH06550,199,1,15317157
DH06551,450,2,19208894
DH06551,311,1,20701272
DH06552,340,2,2512853
DH06552,391,1,14598944
DH06552,55,2,17890818
DH06553,406,2,1821869
DH06553,238,1,8768981
DH06554,354,2,14109722
DH06554,35,1,5481589
DH06554,160,1,7269450
DH06555,294,1,20611090
DH06555,97,1,20721508
DH06555,424,2,19568438
DH06556,476,1,5610573
DH06556,452,3,6422656
DH06557,232,1,17350864
DH06558,408,2,17462807
DH06559,110,1,2655742
DH06559,450,3,19208894
DH06559,316,2,19653730
DH06560,262,3,15404344
DH06560,1,1,5597326
DH06561,202,3,10502987
DH06561,68,2,14423549
DH06562,102,2,13562744
DH06562,41,2,23214519
DH06562,71,2,20920065
DH06563,329,2,13517918
DH06563,247,1,14840560
DH06563,462,1,16447832
DH06564,105,1,9768220
DH06564,126,3,7453646
DH06565,119,3,13510580
DH06565,203,1,2141244
DH06566,491,2,23791756
DH06566,263,1,5779215
DH06567,93,2,14686287
DH06568,76,2,25092737
DH06568,363,2,13943365
DH06569,150,1,22175650
DH06569,411,2,15292733
DH06570,368,2,21192004
DH06571,494,1,4606985
DH06572,411,2,15292733
DH06572,334,1,7901528
DH06572,361,1,2131412
DH06573,377,3,12231914
DH06573,127,1,23583550
DH06574,375,2,22543381
DH06574,349,3,19870600
DH06574,107,2,15707585
DH06575,233,3,5799781
DH06576,286,3,3106273
DH06576,359,3,18193067
DH06577,246,1,4574511
DH06577,13,1,24933847
DH06578,238,2,8768981
DH06578,246,3,4574511
DH06578,168,1,4959346
DH06579,482,2,25397322
DH06580,258,3,12909089
DH06580,226,3,24912858
DH06581,141,1,22227393
DH06581,455,2,2445683
DH06581,493,2,5355143
DH06582,377,2,12231914
DH06582,442,1,14674667
DH06583,102,1,13562744
DH06584,228,3,9625566
DH06584,141,2,22227393
DH06585,120,1,23629104
DH06586,238,3,8768981
DH06587,296,2,7282780
DH06587,61,2,11543600
DH06587,466,1,16269792
DH06588,261,1,8666850
DH06589,319,2,17175754
DH06590,401,1,3227628
DH06590,84,2,5916601
DH06590,198,2,13851809
DH06591,355,2,19241391
DH06591,145,3,13595803
DH06592,41,3,23214519
DH06593,44,1,12890144
DH06594,248,2,22980553
DH06595,452,1,6422656
DH06596,310,1,10351478
DH06597,250,1,5901364
DH06597,355,1,19241391
DH06597,280,1,25571963
DH06598,161,2,5421161
DH06598,213,3,9135747
DH06599,383,1,21556385
DH06600,314,3,21535304
DH06600,365,2,15480351
DH06601,252,1,18216160
DH06602,424,2,19568438
DH06603,254,1,7786382
DH06603,89,2,15656852
DH06604,161,2,5421161
DH06604,62,3,17040933
DH06604,450,3,19208894
DH06605,63,3,25365618
DH06605,498,3,19498927
DH06605,187,2,8866140
DH06606,370,1,16487087
DH06607,153,1,9382132
DH06607,500,3,12716509
DH06607,8,2,16791775
DH06608,193,3,12107524
DH06608,63,2,25365618
DH06608,137,2,20559073
DH06609,413,2,19949073
DH06610,190,3,19493368
DH06610,171,1,16022163
DH06610,159,2,18319776
DH06611,58,3,4846247
DH06611,81,2,11760834
DH06611,253,2,9232276
DH06612,223,2,2575778
DH06612,364,1,14254399
DH06612,170,1,18830250
DH06613,115,3,24228127
DH06613,380,2,7759711
DH06613,215,3,22688954
DH06614,100,2,3300603
DH06614,412,1,5966347
DH06614,146,2,19268450
DH06615,405,1,6786774
DH06615,498,2,19498927
DH06616,477,1,17019502
DH06617,335,1,6359823
DH06617,384,1,7946719
DH06617,442,2,14674667
DH06618,305,3,19848099
DH06618,320,1,13927009
DH06619,331,3,16419785
DH06620,331,1,16419785
DH06620,423,1,11205935
DH06621,157,2,10354320
DH06621,66,2,9292701
DH06621,247,2,14840560
DH06622,181,1,1690676
DH06622,45,2,22446227
DH06622,42,3,4888990
DH06623,183,3,25583781
DH06623,191,2,2180855
DH06623,451,1,18801455
DH06624,40,2,13768783
DH06624,389,2,2247745
DH06624,166,2,17284447
DH06625,494,1,4606985
DH06626,457,2,24221919
DH06626,264,3,7333700
DH06627,69,3,13005856
DH06627,431,1,3483711
DH06627,2,3,2619639
DH06628,226,2,24912858
DH06628,363,2,13943365
DH06628,413,3,19949073
DH06629,166,2,17284447
DH06630,269,3,13567100
DH06630,26,1,23522794
DH06631,321,2,9556944
DH06631,137,1,20559073
DH06631,46,3,13724985
DH06632,216,2,13741880
DH06632,444,2,24721344
DH06633,199,2,15317157
DH06634,42,3,4888990
DH06634,282,1,9983595
DH06635,362,2,18686057
DH06636,1,3,5597326
DH06636,5,3,6035905
DH06637,90,2,19909796
DH06637,336,2,20788903
DH06638,9,1,2348573
DH06638,371,1,15596681
DH06639,476,2,5610573
DH06639,427,1,12881666
DH06639,73,3,13467563
DH06640,155,2,23734363
DH06640,77,2,20281855
DH06640,308,3,23205555
DH06641,228,2,9625566
DH06641,2,3,2619639
DH06642,396,2,2735462
DH06643,241,1,14883376
DH06644,342,1,3872319
DH06644,385,1,9022052
DH06645,102,3,13562744
DH06646,34,1,21526031
DH06647,120,2,23629104
DH06647,51,3,18354531
DH06647,23,1,18730487
DH06648,114,3,5461510
DH06648,395,1,15941796
DH06649,167,3,19477755
DH06650,268,2,20509489
DH06651,1,2,5597326
DH06651,249,3,12650029
DH06651,278,1,16871480
DH06652,485,3,2937854
DH06653,300,2,20713031
DH06654,439,1,11444083
DH06654,319,3,17175754
DH06655,350,2,12090591
DH06655,149,1,20816892
DH06656,107,3,15707585
DH06656,5,2,6035905
DH06656,499,1,11225264
DH06657,236,2,25624479
DH06657,436,2,8088441
DH06657,296,2,7282780
DH06658,246,2,4574511
DH06658,471,1,25755884
DH06658,136,2,13200645
DH06659,453,3,24897288
DH06659,238,1,8768981
DH06659,138,1,24036792
DH06660,385,1,9022052
DH06660,5,3,6035905
DH06660,208,1,16507221
DH06661,116,3,17991157
DH06662,83,1,10278942
DH06662,126,2,7453646
DH06662,157,3,10354320
DH06663,432,3,25961408
DH06664,446,3,10227214
DH06665,48,3,10369706
DH06665,405,2,6786774
DH06665,443,2,15873432
DH06666,30,3,22850493
DH06667,143,2,5091764
DH06668,364,2,14254399
DH06668,340,2,2512853
DH06668,344,2,15192156
DH06669,446,2,10227214
DH06669,113,3,9188480
DH06669,198,3,13851809
DH06670,217,3,21518753
DH06671,78,3,10074989
DH06671,70,3,24683647
DH06672,181,3,1690676
DH06672,184,1,17356432
DH06672,409,1,25383281
DH06673,323,3,8114299
DH06673,296,1,7282780
DH06673,23,2,18730487
DH06674,335,2,6359823
DH06675,351,3,13618008
DH06675,89,3,15656852
DH06675,386,2,11489944
DH06676,420,1,7580608
DH06676,463,3,14123822
DH06676,445,2,3753037
DH06677,394,2,14325309
DH06677,144,3,6059706
DH06677,158,1,2814097
DH06678,272,2,15085613
DH06678,103,1,17996106
DH06678,161,2,5421161
DH06679,213,3,9135747
DH06679,468,1,21281263
DH06680,222,2,24480557
DH06681,358,3,8803419
DH06682,398,1,4672398
DH06682,138,1,24036792
DH06683,327,1,6561107
DH06683,95,1,17932883
DH06683,232,3,17350864
DH06684,415,3,23483261
DH06685,411,3,15292733
DH06686,4,3,2033327
DH06687,416,2,17524717
DH06688,227,2,23575212
DH06688,354,1,14109722
DH06689,293,1,5223702
DH06690,352,2,22014922
DH06690,47,3,2363748
DH06690,103,1,17996106
DH06691,352,2,22014922
DH06692,318,2,23570935
DH06693,208,2,16507221
DH06694,136,3,13200645
DH06694,450,1,19208894
DH06695,267,2,20768736
DH06695,37,3,24694673
DH06695,95,3,17932883
DH06696,301,3,23179464
DH06696,39,2,5958851
DH06697,444,1,24721344
DH06697,448,3,1655313
DH06698,274,1,8049917
DH06698,266,2,8991711
DH06698,72,3,11915298
DH06699,152,1,11691816
DH06700,224,2,17686916
DH06700,125,3,13225929
DH06700,307,3,2970393
DH06701,440,2,21263667
DH06701,357,2,4857102
DH06701,153,1,9382132
DH06702,22,2,24114298
DH06702,369,2,10752264
DH06703,440,1,21263667
DH06704,379,3,11024419
DH06705,119,1,13510580
DH06705,178,1,25162917
DH06706,237,3,5969756
DH06707,419,3,14450529
DH06708,98,2,25849081
DH06709,463,1,14123822
DH06710,161,2,5421161
DH06711,149,3,20816892
DH06711,21,1,20692785
DH06712,399,1,2042288
DH06712,197,3,1767828
DH06713,374,1,17616582
DH06713,458,3,3104580
DH06714,291,3,19063989
DH06715,90,2,19909796
DH06716,344,3,15192156
DH06716,131,2,2156224
DH06716,263,2,5779215
DH06717,240,3,23483447
DH06717,7,3,4357180
DH06718,308,1,23205555
DH06718,61,3,11543600
DH06718,126,1,7453646
DH06719,3,2,23951194
DH06719,193,1,12107524
DH06719,93,2,14686287
DH06720,377,1,12231914
DH06721,344,1,15192156
DH06721,293,2,5223702
DH06721,256,3,7503626
DH06722,144,1,6059706
DH06722,124,3,18670083
DH06723,177,3,6101695
DH06723,66,3,9292701
DH06723,126,1,7453646
DH06724,68,2,14423549
DH06724,455,3,2445683
DH06725,344,2,15192156
DH06725,223,2,2575778
DH06726,465,1,24131257
DH06727,491,2,23791756
DH06728,426,2,22978827
DH06728,391,3,14598944
DH06728,333,2,4723884
DH06729,105,2,9768220
DH06729,423,1,11205935
DH06730,474,2,13191529
DH06730,262,3,15404344
DH06730,290,1,14771023
DH06731,389,1,2247745
DH06731,262,2,15404344
DH06731,92,2,11092983
DH06732,281,3,6520993
DH06732,144,2,6059706
DH06733,396,3,2735462
DH06733,203,2,2141244
DH06734,185,1,5305149
DH06734,97,1,20721508
DH06734,427,3,12881666
DH06735,354,2,14109722
DH06735,463,1,14123822
DH06735,14,2,7886377
DH06736,231,2,7056866
DH06736,28,1,8340920
DH06737,232,2,17350864
DH06737,472,1,24725902
DH06738,370,3,16487087
DH06738,440,2,21263667
DH06739,264,2,7333700
DH06739,203,1,2141244
DH06739,42,3,4888990
DH06740,95,2,17932883
DH06740,446,2,10227214
DH06741,99,1,22557878
DH06742,231,2,7056866
DH06742,295,1,2326130
DH06743,438,1,19966047
DH06743,189,1,21341902
DH06743,363,1,13943365
DH06744,416,3,17524717
DH06744,83,3,10278942
DH06745,357,3,4857102
DH06745,161,3,5421161
DH06746,280,2,25571963
DH06746,438,1,19966047
DH06746,171,1,16022163
DH06747,250,3,5901364
DH06747,36,2,4440658
DH06748,86,1,8568170
DH06748,283,3,9498824
DH06748,373,3,17596085
DH06749,196,1,9383000
DH06749,460,3,15973168
DH06749,391,1,14598944
DH06750,70,1,24683647
DH06750,476,1,5610573
DH06751,303,2,19460829
DH06751,272,3,15085613
DH06752,400,3,19389256
DH06753,250,3,5901364
DH06754,427,1,12881666
DH06754,81,2,11760834
DH06754,168,2,4959346
DH06755,458,3,3104580
DH06755,4,2,2033327
DH06755,494,3,4606985
DH06756,262,2,15404344
DH06757,483,1,9287345
DH06757,380,3,7759711
DH06757,167,3,19477755
DH06758,110,2,2655742
DH06758,290,2,14771023
DH06758,365,1,15480351
DH06759,71,1,20920065
DH06759,364,3,14254399
DH06760,245,2,11838005
DH06760,200,2,25326262
DH06761,82,3,6348395
DH06761,254,3,7786382
DH06761,192,1,10036440
DH06762,174,2,24577473
DH06763,187,3,8866140
DH06763,179,3,23021297
DH06764,86,2,8568170
DH06764,465,2,24131257
DH06765,276,3,11889649
DH06765,51,1,18354531
DH06765,30,3,22850493
DH06766,287,3,10898911
DH06767,271,2,8962577
DH06767,43,3,14663576
DH06768,319,1,17175754
DH06768,329,2,13517918
DH06769,224,1,17686916
DH06769,493,1,5355143
DH06769,127,2,23583550
DH06770,167,2,19477755
DH06771,144,3,6059706
DH06771,132,1,16198314
DH06772,109,1,8310763
DH06773,489,3,23457899
DH06774,359,1,18193067
DH06774,408,1,17462807
DH06774,178,3,25162917
DH06775,8,1,16791775
DH06775,437,1,20884762
DH06776,198,2,13851809
DH06776,195,3,2797518
DH06777,65,3,20123002
DH06777,80,1,15432098
DH06777,108,3,16704100
DH06778,67,1,2603224
DH06779,171,3,16022163
DH06779,376,2,7479061
DH06780,59,1,11020945
DH06780,409,1,25383281
DH06780,351,2,13618008
DH06781,421,1,22589235
DH06781,14,2,7886377
DH06781,450,3,19208894
DH06782,404,1,24793579
DH06782,328,3,19906025
DH06783,301,3,23179464
DH06783,17,3,11252793
DH06783,244,2,16782990
DH06784,38,1,25625870
DH06785,99,1,22557878
DH06786,48,2,10369706
DH06787,440,1,21263667
DH06787,281,2,6520993
DH06788,314,1,21535304
DH06789,444,1,24721344
DH06789,254,3,7786382
DH06790,458,3,3104580
DH06791,17,3,11252793
DH06792,316,2,19653730
DH06793,197,3,1767828
DH06793,1,2,5597326
DH06794,188,2,2213985
DH06794,96,2,2158473
DH06795,133,1,25260384
DH06796,188,3,2213985
DH06797,244,2,16782990
DH06798,423,2,11205935
DH06798,485,1,2937854
DH06798,56,3,3656281
DH06799,405,2,6786774
DH06799,443,2,15873432
DH06799,383,3,21556385
DH06800,51,3,18354531
DH06800,164,2,12450217
DH06801,155,1,23734363
DH06801,466,2,16269792
DH06801,136,1,13200645
DH06802,401,2,3227628
DH06803,482,1,25397322
DH06803,283,2,9498824
DH06804,313,2,2770705
DH06804,124,2,18670083
DH06804,153,2,9382132
DH06805,88,1,15268123
DH06805,127,2,23583550
DH06805,437,3,20884762
DH06806,350,2,12090591
DH06807,298,1,19424399
DH06807,418,3,6732468
DH06807,206,3,9160201
DH06808,223,2,2575778
DH06809,432,2,25961408
DH06809,387,1,3436274
DH06810,287,3,10898911
DH06811,192,3,10036440
DH06811,457,1,24221919
DH06812,107,1,15707585
DH06812,293,1,5223702
DH06812,401,2,3227628
DH06813,491,3,23791756
DH06814,453,3,24897288
DH06814,474,2,13191529
DH06815,196,2,9383000
DH06815,400,2,19389256
DH06816,421,1,22589235
DH06817,453,3,24897288
DH06817,379,1,11024419
DH06817,349,1,19870600
DH06818,295,2,2326130
DH06818,70,3,24683647
DH06819,1,1,5597326
DH06819,25,2,7741025
DH06820,381,2,3635754
DH06821,38,3,25625870
DH06821,78,2,10074989
DH06822,268,1,20509489
DH06823,171,3,16022163
DH06824,122,1,18283116
DH06824,213,3,9135747
DH06824,470,2,2362889
DH06825,279,2,22313060
DH06826,402,3,14448552
DH06827,342,2,3872319
DH06828,2,2,2619639
DH06829,370,3,16487087
DH06829,107,3,15707585
DH06829,319,3,17175754
DH06830,404,2,24793579
DH06831,357,1,4857102
DH06832,307,3,2970393
DH06832,482,3,25397322
DH06832,440,3,21263667
DH06833,403,2,10108987
DH06833,182,2,19817463
DH06833,395,2,15941796
DH06834,425,1,12382069
DH06835,290,1,14771023
DH06835,24,2,1688485
DH06835,499,1,11225264
DH06836,31,1,19561998
DH06837,338,3,11491142
DH06838,455,2,2445683
DH06839,188,3,2213985
DH06839,417,2,1927702
DH06840,162,3,16154689
DH06840,135,3,18508141
DH06841,48,2,10369706
DH06841,162,3,16154689
DH06842,145,2,13595803
DH06842,256,2,7503626
DH06843,235,1,1672401
DH06844,52,1,14404540
DH06844,11,3,10235878
DH06844,179,3,23021297
DH06845,51,3,18354531
DH06846,187,1,8866140
DH06846,334,1,7901528
DH06846,157,1,10354320
DH06847,83,3,10278942
DH06848,391,3,14598944
DH06849,107,3,15707585
DH06849,8,2,16791775
DH06849,6,1,15618829
DH06850,43,2,14663576
DH06850,348,3,16075438
DH06850,118,3,6945092
DH06851,73,1,13467563
DH06852,196,1,9383000
DH06852,233,2,5799781
DH06853,442,2,14674667
DH06853,435,2,4349985
DH06854,385,2,9022052
DH06854,147,1,13624031
DH06854,53,1,18088695
DH06855,144,3,6059706
DH06855,196,3,9383000
DH06856,485,1,2937854
DH06856,341,3,24878704
DH06856,223,3,2575778
DH06857,80,1,15432098
DH06858,486,1,14815928
DH06859,108,2,16704100
DH06859,358,3,8803419
DH06860,74,2,2460854
DH06861,214,2,21742788
DH06861,428,3,8623074
DH06862,212,1,9801647
DH06863,245,2,11838005
DH06864,261,1,8666850
DH06865,334,3,7901528
DH06865,380,2,7759711
DH06865,377,1,12231914
DH06866,469,1,24833142
DH06866,86,3,8568170
DH06866,214,1,21742788
DH06867,116,1,17991157
DH06868,62,1,17040933
DH06869,331,2,16419785
DH06869,380,3,7759711
DH06869,327,1,6561107
DH06870,157,2,10354320
DH06870,281,2,6520993
DH06870,60,1,10296353
DH06871,200,1,25326262
DH06872,199,3,15317157
DH06872,163,2,5148746
DH06872,198,3,13851809
DH06873,170,2,18830250
DH06874,140,1,13589526
DH06874,280,3,25571963
DH06874,321,1,9556944
DH06875,296,3,7282780
DH06875,440,1,21263667
DH06876,11,1,10235878
DH06876,327,2,6561107
DH06877,462,3,16447832
DH06877,246,3,4574511
DH06877,43,1,14663576
DH06878,90,3,19909796
DH06878,435,3,4349985
DH06879,273,2,13267090
DH06880,414,1,8838663
DH06880,77,2,20281855
DH06880,13,1,24933847
DH06881,401,3,3227628
DH06881,232,2,17350864
DH06881,371,3,15596681
DH06882,134,1,24009450
DH06882,386,3,11489944
DH06882,126,3,7453646
DH06883,190,2,19493368
DH06883,422,1,12003004
DH06883,116,3,17991157
DH06884,55,2,17890818
DH06885,112,2,21786528
DH06885,373,2,17596085
DH06886,482,2,25397322
DH06886,81,1,11760834
DH06886,264,1,7333700
DH06887,50,3,16126277
DH06887,323,1,8114299
DH06887,278,2,16871480
DH06888,117,3,1822241
DH06889,133,1,25260384
DH06889,483,1,9287345
DH06890,237,1,5969756
DH06891,196,3,9383000
DH06892,238,1,8768981
DH06892,269,1,13567100
DH06892,77,3,20281855
DH06893,90,1,19909796
DH06893,185,1,5305149
DH06893,54,2,18474415
DH06894,59,2,11020945
DH06895,312,3,22250953
DH06895,308,2,23205555
DH06895,385,2,9022052
DH06896,256,1,7503626
DH06896,272,2,15085613
DH06896,210,1,20061356
DH06897,448,3,1655313
DH06897,310,3,10351478
DH06897,437,1,20884762
DH06898,419,1,14450529
DH06898,403,3,10108987
DH06899,175,3,4766108
DH06900,162,3,16154689
DH06901,170,1,18830250
DH06901,434,3,20511341
DH06901,14,2,7886377
DH06902,295,3,2326130
DH06903,255,1,11357464
DH06904,259,1,2352165
DH06905,318,3,23570935
DH06906,439,3,11444083
DH06906,12,1,11992784
DH06907,389,2,2247745
DH06908,80,2,15432098
DH06908,345,2,24716330
DH06908,230,3,4583309
DH06909,423,2,11205935
DH06910,161,3,5421161
DH06911,293,3,5223702
DH06911,455,3,2445683
DH06912,329,3,13517918
DH06912,102,3,13562744
DH06912,4,3,2033327
DH06913,494,1,4606985
DH06913,185,3,5305149
DH06914,425,2,12382069
DH06914,286,3,3106273
DH06914,128,1,5789660
DH06915,428,3,8623074
DH06915,455,3,2445683
DH06915,168,1,4959346
DH06916,98,1,25849081
DH06916,458,2,3104580
DH06916,229,3,5955017
DH06917,500,1,12716509
DH06917,51,2,18354531
DH06918,244,3,16782990
DH06918,57,3,19310306
DH06918,117,1,1822241
DH06919,344,1,15192156
DH06919,322,1,4789634
DH06919,260,3,5169564
DH06920,362,3,18686057
DH06921,96,1,2158473
DH06921,77,2,20281855
DH06921,141,3,22227393
DH06922,405,2,6786774
DH06923,357,3,4857102
DH06923,183,3,25583781
DH06924,151,3,14524360
DH06925,345,3,24716330
DH06926,208,2,16507221
DH06927,251,1,11288407
DH06928,295,3,2326130
DH06928,142,2,23627613
DH06928,194,3,10519150
DH06929,222,2,24480557
DH06929,45,3,22446227
DH06930,145,2,13595803
DH06930,7,2,4357180
DH06931,88,1,15268123
DH06932,216,2,13741880
DH06932,384,2,7946719
DH06933,242,3,1536406
DH06934,339,1,7585126
DH06934,31,3,19561998
DH06934,435,2,4349985
DH06935,385,3,9022052
DH06935,413,2,19949073
DH06936,53,1,18088695
DH06936,291,3,19063989
DH06937,18,3,8089438
DH06938,289,1,4921805
DH06938,266,1,8991711
DH06939,432,1,25961408
DH06939,292,1,15283078
DH06939,253,2,9232276
DH06940,442,3,14674667
DH06940,144,3,6059706
DH06940,199,1,15317157
DH06941,389,3,2247745
DH06941,208,3,16507221
DH06941,294,3,20611090
DH06942,488,2,1330310
DH06942,482,3,25397322
DH06943,419,3,14450529
DH06943,251,2,11288407
DH06943,479,3,24995661
DH06944,72,3,11915298
DH06944,39,3,5958851
DH06944,129,2,7748973
DH06945,490,2,24697745
DH06945,200,3,25326262
DH06945,350,3,12090591
DH06946,340,2,2512853
DH06947,288,1,11145011
DH06947,185,3,5305149
DH06947,15,3,21879885
DH06948,472,1,24725902
DH06949,272,3,15085613
DH06949,475,3,23514632
DH06950,155,1,23734363
DH06950,170,3,18830250
DH06951,222,3,24480557
DH06951,422,3,12003004
DH06951,376,1,7479061
DH06952,387,3,3436274
DH06952,440,1,21263667
DH06953,41,3,23214519
DH06953,62,3,17040933
DH06953,483,2,9287345
DH06954,98,2,25849081
DH06955,370,2,16487087
DH06955,428,3,8623074
DH06955,323,3,8114299
DH06956,256,2,7503626
DH06957,481,3,11804603
DH06957,492,2,8668431
DH06957,128,1,5789660
DH06958,414,2,8838663
DH06959,258,1,12909089
DH06960,215,2,22688954
DH06960,262,3,15404344
DH06960,310,2,10351478
DH06961,415,2,23483261
DH06961,454,3,24379043
DH06962,372,3,11933021
DH06962,64,3,9718506
DH06963,109,3,8310763
DH06963,472,1,24725902
DH06964,88,2,15268123
DH06964,415,3,23483261
DH06964,317,3,3451035
DH06965,450,1,19208894
DH06965,409,3,25383281
DH06966,205,3,11351137
DH06966,315,2,7916762
DH06966,144,2,6059706
DH06967,103,2,17996106
DH06967,58,2,4846247
DH06968,335,2,6359823
DH06969,172,1,11563207
DH06970,113,1,9188480
DH06971,246,2,4574511
DH06971,404,3,24793579
DH06971,198,3,13851809
DH06972,380,2,7759711
DH06972,355,1,19241391
DH06973,422,3,12003004
DH06974,400,3,19389256
DH06974,489,2,23457899
DH06974,424,3,19568438
DH06975,183,3,25583781
DH06975,472,3,24725902
DH06976,41,2,23214519
DH06977,77,3,20281855
DH06977,305,3,19848099
DH06977,188,3,2213985
DH06978,105,2,9768220
DH06979,176,2,12520307
DH06979,227,1,23575212
DH06979,361,3,2131412
DH06980,500,3,12716509
DH06980,293,2,5223702
DH06981,350,1,12090591
DH06981,22,3,24114298
DH06981,288,3,11145011
DH06982,249,3,12650029
DH06983,247,3,14840560
DH06983,276,2,11889649
DH06984,215,3,22688954
DH06984,396,2,2735462
DH06985,22,1,24114298
DH06986,266,1,8991711
DH06987,422,2,12003004
DH06987,82,1,6348395
DH06988,254,1,7786382
DH06988,303,3,19460829
DH06988,343,3,17874359
DH06989,69,3,13005856
DH06989,303,3,19460829
DH06989,413,2,19949073
DH06990,164,3,12450217
DH06990,130,1,8364943
DH06990,328,1,19906025
DH06991,191,1,2180855
DH06991,84,1,5916601
DH06991,389,2,2247745
DH06992,123,2,5880587
DH06993,35,1,5481589
DH06993,2,1,2619639
DH06993,295,1,2326130
DH06994,295,3,2326130
DH06995,360,1,17479616
DH06996,166,2,17284447
DH06997,446,1,10227214
DH06998,53,3,18088695
DH06998,412,3,5966347
DH06999,148,3,24016044
DH06999,320,2,13927009
DH07000,100,1,3300603
DH07000,223,3,2575778
DH07000,237,3,5969756
DH07001,357,1,4857102
DH07001,458,3,3104580
DH07002,225,3,17350639
DH07002,241,2,14883376
DH07003,464,3,10451249
DH07004,2,3,2619639
DH07005,323,1,8114299
DH07005,399,1,2042288
DH07006,150,2,22175650
DH07006,264,2,7333700
DH07006,494,2,4606985
DH07007,154,3,5917692
DH07007,220,1,21154109
DH07007,150,2,22175650
DH07008,387,2,3436274
DH07008,336,2,20788903
DH07009,63,1,25365618
DH07009,371,2,15596681
DH07010,159,1,18319776
DH07010,71,1,20920065
DH07010,192,2,10036440
DH07011,480,1,9066937
DH07011,172,2,11563207
DH07012,495,1,24537951
DH07012,246,1,4574511
DH07012,170,2,18830250
DH07013,324,1,5235456
DH07014,270,3,15138021
DH07014,11,3,10235878
DH07014,97,1,20721508
DH07015,152,2,11691816
DH07015,23,3,18730487
DH07015,405,3,6786774
DH07016,384,2,7946719
DH07016,246,2,4574511
DH07017,272,3,15085613
DH07018,322,1,4789634
DH07018,231,1,7056866
DH07019,13,3,24933847
DH07019,463,1,14123822
DH07019,381,1,3635754
DH07020,208,3,16507221
DH07020,223,3,2575778
DH07021,433,1,2223429
DH07022,290,1,14771023
DH07022,445,3,3753037
DH07022,164,3,12450217
DH07023,374,1,17616582
DH07023,276,2,11889649
DH07024,307,3,2970393
DH07025,249,1,12650029
DH07026,480,2,9066937
DH07026,39,1,5958851
DH07027,285,1,6209359
DH07028,61,3,11543600
DH07028,131,2,2156224
DH07028,457,1,24221919
DH07029,216,1,13741880
DH07030,486,2,14815928
DH07031,206,2,9160201
DH07031,209,2,11044537
DH07031,500,2,12716509
DH07032,233,3,5799781
DH07033,73,1,13467563
DH07033,24,3,1688485
DH07033,258,2,12909089
DH07034,340,3,2512853
DH07035,261,1,8666850
DH07035,410,2,12647688
DH07035,285,2,6209359
DH07036,27,3,12159304
DH07036,137,3,20559073
DH07036,83,1,10278942
DH07037,336,1,20788903
DH07037,164,2,12450217
DH07037,211,3,19060983
DH07038,455,1,2445683
DH07038,334,1,7901528
DH07038,454,2,24379043
DH07039,381,3,3635754
DH07040,425,1,12382069
DH07041,120,3,23629104
DH07041,192,2,10036440
DH07042,324,2,5235456
DH07042,453,1,24897288
DH07042,25,1,7741025
DH07043,478,1,8623329
DH07044,354,2,14109722
DH07044,64,1,9718506
DH07044,183,1,25583781
DH07045,209,1,11044537
DH07045,442,3,14674667
DH07045,95,3,17932883
DH07046,262,2,15404344
DH07047,296,3,7282780
DH07048,8,3,16791775
DH07048,99,1,22557878
DH07048,460,2,15973168
DH07049,296,1,7282780
DH07049,286,3,3106273
DH07050,21,2,20692785
DH07050,464,3,10451249
DH07051,475,3,23514632
DH07051,138,1,24036792
DH07051,471,3,25755884
DH07052,434,3,20511341
DH07053,24,1,1688485
DH07053,421,2,22589235
DH07053,254,1,7786382
DH07054,320,3,13927009
DH07054,32,1,16788448
DH07054,335,3,6359823
DH07055,245,3,11838005
DH07055,464,2,10451249
DH07056,340,2,2512853
DH07056,412,1,5966347
DH07057,357,3,4857102
DH07057,89,3,15656852
DH07058,232,2,17350864
DH07058,182,1,19817463
DH07059,130,3,8364943
DH07059,264,3,7333700
DH07059,146,3,19268450
DH07060,135,3,18508141
DH07060,443,3,15873432
DH07061,456,2,1907183
DH07061,454,3,24379043
DH07061,97,3,20721508
DH07062,450,3,19208894
DH07062,353,3,17335247
DH07062,273,1,13267090
DH07063,67,3,2603224
DH07063,394,2,14325309
DH07063,187,2,8866140
DH07064,304,1,24317139
DH07064,167,2,19477755
DH07065,353,2,17335247
DH07065,194,3,10519150
DH07066,267,1,20768736
DH07066,404,1,24793579
DH07066,144,1,6059706
DH07067,100,3,3300603
DH07067,420,2,7580608
DH07068,484,1,9546339
DH07069,174,1,24577473
DH07070,327,3,6561107
DH07071,173,1,8932665
DH07071,435,1,4349985
DH07071,205,1,11351137
DH07072,368,1,21192004
DH07073,438,3,19966047
DH07074,105,3,9768220
DH07074,25,2,7741025
DH07075,355,2,19241391
DH07075,176,1,12520307
DH07076,399,1,2042288
DH07076,336,1,20788903
DH07077,326,1,10657286
DH07077,147,1,13624031
DH07077,450,3,19208894
DH07078,247,1,14840560
DH07078,230,3,4583309
DH07079,229,1,5955017
DH07079,425,1,12382069
DH07080,325,2,16561482
DH07081,475,2,23514632
DH07082,299,3,10443833
DH07082,496,3,14220784
DH07083,494,1,4606985
DH07084,97,3,20721508
DH07085,16,3,1902478
DH07086,128,3,5789660
DH07087,191,3,2180855
DH07087,64,2,9718506
DH07087,430,1,11677101
DH07088,50,2,16126277
DH07089,207,1,11794425
DH07089,388,2,12500788
DH07089,64,2,9718506
DH07090,232,1,17350864
DH07090,161,3,5421161
DH07091,273,1,13267090
DH07091,439,1,11444083
DH07091,5,3,6035905
DH07092,480,1,9066937
DH07092,27,3,12159304
DH07092,112,2,21786528
DH07093,104,1,21205978
DH07093,270,3,15138021
DH07093,392,3,2439684
DH07094,311,3,20701272
DH07095,240,2,23483447
DH07096,411,2,15292733
DH07096,198,2,13851809
DH07096,396,3,2735462
DH07097,101,2,4709001
DH07097,17,1,11252793
DH07097,458,2,3104580
DH07098,40,1,13768783
DH07098,217,3,21518753
DH07099,499,1,11225264
DH07099,255,3,11357464
DH07099,474,1,13191529
DH07100,213,1,9135747
DH07100,191,2,2180855
DH07101,314,2,21535304
DH07102,279,1,22313060
DH07103,255,3,11357464
DH07104,305,3,19848099
DH07104,492,1,8668431
DH07104,381,1,3635754
DH07105,284,2,7510427
DH07105,60,1,10296353
DH07105,220,3,21154109
DH07106,193,2,12107524
DH07106,290,2,14771023
DH07106,470,3,2362889
DH07107,66,2,9292701
DH07107,29,2,8608366
DH07107,216,1,13741880
DH07108,89,2,15656852
DH07108,365,2,15480351
DH07109,419,2,14450529
DH07110,171,3,16022163
DH07110,311,1,20701272
DH07110,314,3,21535304
DH07111,440,1,21263667
DH07111,74,1,2460854
DH07112,50,3,16126277
DH07113,415,2,23483261
DH07113,317,1,3451035
DH07114,257,2,22709217
DH07115,270,2,15138021
DH07116,327,2,6561107
DH07116,26,1,23522794
DH07117,306,1,9109540
DH07117,212,2,9801647
DH07118,121,3,22194333
DH07118,23,1,18730487
DH07118,403,3,10108987
DH07119,218,3,7876105
DH07120,356,3,23139278
DH07120,119,3,13510580
DH07120,30,2,22850493
DH07121,315,2,7916762
DH07121,281,3,6520993
DH07122,47,1,2363748
DH07123,28,3,8340920
DH07123,352,1,22014922
DH07123,59,1,11020945
DH07124,13,3,24933847
DH07124,499,1,11225264
DH07124,464,2,10451249
DH07125,31,3,19561998
DH07125,259,1,2352165
DH07126,487,2,9625660
DH07126,181,3,1690676
DH07127,1,2,5597326
DH07127,228,3,9625566
DH07127,174,3,24577473
DH07128,57,2,19310306
DH07128,61,3,11543600
DH07128,444,2,24721344
DH07129,451,3,18801455
DH07129,481,3,11804603
DH07129,267,2,20768736
DH07130,409,2,25383281
DH07130,12,1,11992784
DH07131,295,1,2326130
DH07131,253,1,9232276
DH07132,379,2,11024419
DH07132,248,2,22980553
DH07133,453,3,24897288
DH07133,333,1,4723884
DH07134,78,1,10074989
DH07134,221,1,18603561
DH07134,83,3,10278942
DH07135,350,3,12090591
DH07135,426,3,22978827
DH07136,266,2,8991711
DH07137,289,1,4921805
DH07138,94,1,4892461
DH07139,175,1,4766108
DH07139,246,3,4574511
DH07139,276,3,11889649
DH07140,292,3,15283078
DH07140,12,3,11992784
DH07140,305,2,19848099
DH07141,386,2,11489944
DH07141,327,1,6561107
DH07141,256,1,7503626
DH07142,287,1,10898911
DH07142,275,3,1991880
DH07142,67,1,2603224
DH07143,461,2,13898840
DH07144,464,3,10451249
DH07144,157,3,10354320
DH07144,208,1,16507221
DH07145,63,3,25365618
DH07146,403,1,10108987
DH07147,495,3,24537951
DH07147,487,2,9625660
DH07147,51,2,18354531
DH07148,173,2,8932665
DH07149,404,2,24793579
DH07149,147,3,13624031
DH07150,26,1,23522794
DH07150,129,3,7748973
DH07150,84,1,5916601
DH07151,184,2,17356432
DH07151,293,2,5223702
DH07151,131,2,2156224
DH07152,342,3,3872319
DH07152,382,2,23997672
DH07152,435,1,4349985
DH07153,246,2,4574511
DH07153,332,3,16273428
DH07153,493,1,5355143
DH07154,171,2,16022163
DH07154,359,1,18193067
DH07155,155,3,23734363
DH07155,436,1,8088441
DH07156,141,3,22227393
DH07156,202,2,10502987
DH07156,40,3,13768783
DH07157,406,1,1821869
DH07157,140,1,13589526
DH07158,277,3,20673499
DH07158,159,1,18319776
DH07159,261,1,8666850
DH07159,123,1,5880587
DH07159,382,2,23997672
DH07160,350,1,12090591
DH07161,122,1,18283116
DH07161,267,2,20768736
DH07162,134,3,24009450
DH07162,92,1,11092983
DH07163,191,3,2180855
DH07163,421,1,22589235
DH07163,341,1,24878704
DH07164,285,3,6209359
DH07164,15,3,21879885
DH07165,214,3,21742788
DH07165,146,1,19268450
DH07165,273,2,13267090
DH07166,392,1,2439684
DH07166,107,1,15707585
DH07167,295,1,2326130
DH07168,213,3,9135747
DH07168,435,3,4349985
DH07169,389,2,2247745
DH07169,29,3,8608366
DH07170,482,2,25397322
DH07171,303,1,19460829
DH07171,267,1,20768736
DH07172,276,2,11889649
DH07172,292,3,15283078
DH07173,190,3,19493368
DH07173,315,3,7916762
DH07173,178,3,25162917
DH07174,69,1,13005856
DH07174,443,1,15873432
DH07174,270,1,15138021
DH07175,58,2,4846247
DH07175,460,3,15973168
DH07175,248,2,22980553
DH07176,487,1,9625660
DH07177,205,3,11351137
DH07177,296,2,7282780
DH07177,173,2,8932665
DH07178,328,1,19906025
DH07178,136,3,13200645
DH07179,409,1,25383281
DH07179,97,2,20721508
DH07179,397,1,23886813
DH07180,299,2,10443833
DH07181,492,2,8668431
DH07181,278,1,16871480
DH07181,380,3,7759711
DH07182,265,2,18875655
DH07182,434,3,20511341
DH07183,458,2,3104580
DH07184,411,1,15292733
DH07184,438,1,19966047
DH07184,462,1,16447832
DH07185,268,1,20509489
DH07186,349,3,19870600
DH07186,111,2,5190528
DH07186,130,2,8364943
DH07187,49,3,10127878
DH07187,119,1,13510580
DH07188,195,2,2797518
DH07188,443,3,15873432
DH07189,154,1,5917692
DH07189,3,3,23951194
DH07189,391,3,14598944
DH07190,66,2,9292701
DH07190,428,1,8623074
DH07191,57,2,19310306
DH07191,409,1,25383281
DH07191,442,1,14674667
DH07192,486,1,14815928
DH07193,169,2,25706307
DH07194,489,3,23457899
DH07194,406,1,1821869
DH07194,495,1,24537951
DH07195,393,1,15902198
DH07195,168,2,4959346
DH07195,226,1,24912858
DH07196,215,1,22688954
DH07196,258,3,12909089
DH07197,446,2,10227214
DH07198,56,1,3656281
DH07198,148,1,24016044
DH07199,288,2,11145011
DH07199,483,3,9287345
DH07199,279,1,22313060
DH07200,389,1,2247745
DH07201,256,2,7503626
DH07201,134,3,24009450
DH07201,187,1,8866140
DH07202,463,1,14123822
DH07203,402,3,14448552
DH07203,97,3,20721508
DH07204,494,3,4606985
DH07205,286,1,3106273
DH07206,322,3,4789634
DH07207,150,1,22175650
DH07208,416,1,17524717
DH07209,18,1,8089438
DH07209,317,2,3451035
DH07210,98,1,25849081
DH07210,422,3,12003004
DH07210,109,3,8310763
DH07211,1,2,5597326
DH07211,349,2,19870600
DH07211,338,3,11491142
DH07212,269,1,13567100
DH07212,388,3,12500788
DH07212,165,3,25319024
DH07213,337,2,16155694
DH07213,352,3,22014922
DH07214,74,3,2460854
DH07214,302,1,1904905
DH07215,337,1,16155694
DH07215,4,1,2033327
DH07216,382,1,23997672
DH07217,490,2,24697745
DH07218,106,3,3358747
DH07218,194,1,10519150
DH07218,158,1,2814097
DH07219,343,1,17874359
DH07220,417,2,1927702
DH07220,372,1,11933021
DH07221,126,2,7453646
DH07221,96,2,2158473
DH07222,47,3,2363748
DH07223,422,3,12003004
DH07223,381,2,3635754
DH07223,191,3,2180855
DH07224,16,3,1902478
DH07224,107,1,15707585
DH07225,17,1,11252793
DH07225,83,1,10278942
DH07225,319,1,17175754
DH07226,395,2,15941796
DH07227,66,3,9292701
DH07227,142,2,23627613
DH07228,268,1,20509489
DH07228,477,2,17019502
DH07228,313,2,2770705
DH07229,367,2,21910738
DH07229,178,3,25162917
DH07230,160,3,7269450
DH07231,360,3,17479616
DH07232,317,3,3451035
DH07232,198,1,13851809
DH07233,128,1,5789660
DH07233,180,2,5187803
DH07233,91,2,20666588
DH07234,309,2,16160657
DH07234,470,1,2362889
DH07234,334,3,7901528
DH07235,391,2,14598944
DH07235,26,3,23522794
DH07236,162,2,16154689
DH07236,388,2,12500788
DH07237,272,3,15085613
DH07237,107,1,15707585
DH07237,488,3,1330310
DH07238,482,3,25397322
DH07239,154,3,5917692
DH07240,355,3,19241391
DH07241,375,3,22543381
DH07241,39,3,5958851
DH07241,279,2,22313060
DH07242,378,3,5459248
DH07242,481,3,11804603
DH07242,490,2,24697745
DH07243,387,1,3436274
DH07243,168,1,4959346
DH07243,170,1,18830250
DH07244,434,2,20511341
DH07244,119,2,13510580
DH07244,403,2,10108987
DH07245,265,2,18875655
DH07246,288,1,11145011
DH07246,123,2,5880587
DH07246,363,1,13943365
DH07247,16,2,1902478
DH07247,21,1,20692785
DH07247,99,3,22557878
DH07248,91,1,20666588
DH07248,317,3,3451035
DH07249,128,2,5789660
DH07249,95,3,17932883
DH07249,337,3,16155694
DH07250,311,2,20701272
DH07250,377,1,12231914
DH07251,443,1,15873432
DH07251,420,2,7580608
DH07251,68,3,14423549
DH07252,73,1,13467563
DH07252,417,1,1927702
DH07253,332,1,16273428
DH07253,452,3,6422656
DH07254,112,3,21786528
DH07254,195,3,2797518
DH07254,37,1,24694673
DH07255,409,3,25383281
DH07256,124,2,18670083
DH07256,197,3,1767828
DH07256,344,1,15192156
DH07257,343,3,17874359
DH07257,451,2,18801455
DH07258,320,1,13927009
DH07258,258,1,12909089
DH07258,251,2,11288407
DH07259,382,2,23997672
DH07260,225,3,17350639
DH07261,450,2,19208894
DH07261,279,3,22313060
DH07262,172,1,11563207
DH07262,460,2,15973168
DH07263,361,2,2131412
DH07263,319,1,17175754
DH07263,275,3,1991880
DH07264,434,1,20511341
DH07265,279,1,22313060
DH07265,219,1,20274689
DH07265,237,1,5969756
DH07266,155,2,23734363
DH07266,196,2,9383000
DH07266,28,3,8340920
DH07267,116,3,17991157
DH07268,131,1,2156224
DH07268,369,2,10752264
DH07268,405,2,6786774
DH07269,293,3,5223702
DH07269,134,2,24009450
DH07270,177,3,6101695
DH07270,342,1,3872319
DH07271,257,2,22709217
DH07271,151,1,14524360
DH07272,310,1,10351478
DH07272,299,3,10443833
DH07273,11,1,10235878
DH07273,187,1,8866140
DH07273,369,1,10752264
DH07274,326,3,10657286
DH07274,320,2,13927009
DH07274,367,1,21910738
DH07275,100,2,3300603
DH07276,28,1,8340920
DH07276,238,2,8768981
DH07276,452,1,6422656
DH07277,111,1,5190528
DH07278,418,2,6732468
DH07278,406,2,1821869
DH07279,80,1,15432098
DH07279,192,1,10036440
DH07279,280,2,25571963
DH07280,70,3,24683647
DH07280,481,2,11804603
DH07281,93,2,14686287
DH07281,297,2,3729757
DH07281,415,3,23483261
DH07282,371,1,15596681
DH07282,138,3,24036792
DH07283,19,2,6165758
DH07283,493,1,5355143
DH07283,327,3,6561107
DH07284,226,3,24912858
DH07285,257,2,22709217
DH07285,280,1,25571963
DH07286,63,2,25365618
DH07287,257,3,22709217
DH07288,76,3,25092737
DH07288,85,2,22953739
DH07288,455,1,2445683
DH07289,51,2,18354531
DH07289,487,2,9625660
DH07289,31,3,19561998
DH07290,498,1,19498927
DH07290,6,2,15618829
DH07290,271,2,8962577
DH07291,351,3,13618008
DH07291,93,1,14686287
DH07292,434,3,20511341
DH07292,100,1,3300603
DH07292,15,2,21879885
DH07293,93,1,14686287
DH07294,413,1,19949073
DH07295,105,1,9768220
DH07295,316,1,19653730
DH07296,330,2,21871930
DH07296,433,1,2223429
DH07297,56,2,3656281
DH07298,450,3,19208894
DH07298,130,2,8364943
DH07298,125,1,13225929
DH07299,271,2,8962577
DH07299,386,2,11489944
DH07300,478,2,8623329
DH07300,305,1,19848099
DH07301,424,1,19568438
DH07301,460,2,15973168
DH07302,340,2,2512853
DH07302,277,3,20673499
DH07303,340,3,2512853
DH07304,496,2,14220784
DH07304,282,1,9983595
DH07304,233,3,5799781
DH07305,11,3,10235878
DH07306,414,3,8838663
DH07306,224,2,17686916
DH07307,271,2,8962577
DH07307,326,3,10657286
DH07307,104,2,21205978
DH07308,186,2,11833611
DH07308,260,2,5169564
DH07309,302,2,1904905
DH07309,101,3,4709001
DH07310,52,2,14404540
DH07310,131,1,2156224
DH07310,301,1,23179464
DH07311,205,1,11351137
DH07312,241,1,14883376
DH07313,130,3,8364943
DH07313,41,2,23214519
DH07314,188,1,2213985
DH07314,434,3,20511341
DH07315,154,3,5917692
DH07315,63,3,25365618
DH07316,278,3,16871480
DH07317,333,2,4723884
DH07317,68,3,14423549
DH07317,304,3,24317139
DH07318,167,2,19477755
DH07318,443,3,15873432
DH07318,299,1,10443833
DH07319,140,1,13589526
DH07319,356,1,23139278
DH07319,366,3,7038014
DH07320,324,2,5235456
DH07320,335,1,6359823
DH07320,117,3,1822241
DH07321,21,1,20692785
DH07322,85,2,22953739
DH07322,273,3,13267090
DH07323,37,3,24694673
DH07323,43,2,14663576
DH07324,281,1,6520993
DH07325,426,2,22978827
DH07325,335,2,6359823
DH07325,408,3,17462807
DH07326,127,1,23583550
DH07326,184,2,17356432
DH07326,238,3,8768981
DH07327,49,3,10127878
DH07327,354,3,14109722
DH07328,436,1,8088441
DH07328,221,1,18603561
DH07328,356,1,23139278
DH07329,1,2,5597326
DH07329,77,1,20281855
DH07329,375,3,22543381
DH07330,29,3,8608366
DH07331,189,1,21341902
DH07332,416,2,17524717
DH07332,232,2,17350864
DH07333,278,3,16871480
DH07333,4,3,2033327
DH07334,486,3,14815928
DH07334,399,3,2042288
DH07335,422,3,12003004
DH07335,291,2,19063989
DH07335,148,2,24016044
DH07336,226,1,24912858
DH07336,240,1,23483447
DH07336,98,2,25849081
DH07337,106,1,3358747
DH07338,71,1,20920065
DH07339,368,2,21192004
DH07339,260,1,5169564
DH07339,220,3,21154109
DH07340,74,3,2460854
DH07340,224,2,17686916
DH07341,258,1,12909089
DH07341,484,3,9546339
DH07342,261,2,8666850
DH07343,420,2,7580608
DH07343,264,1,7333700
DH07344,333,3,4723884
DH07345,286,3,3106273
DH07345,295,2,2326130
DH07345,386,2,11489944
DH07346,125,3,13225929
DH07346,468,3,21281263
DH07346,165,2,25319024
DH07347,373,2,17596085
DH07348,493,1,5355143
DH07349,475,3,23514632
DH07349,307,3,2970393
DH07350,470,1,2362889
DH07350,327,3,6561107
DH07351,338,1,11491142
DH07351,411,3,15292733
DH07351,393,2,15902198
DH07352,26,2,23522794
DH07353,480,1,9066937
DH07353,289,3,4921805
DH07353,68,2,14423549
DH07354,366,3,7038014
DH07354,197,1,1767828
DH07354,394,1,14325309
DH07355,426,3,22978827
DH07356,420,3,7580608
DH07356,114,3,5461510
DH07357,204,2,6098253
DH07357,175,2,4766108
DH07358,84,3,5916601
DH07358,180,2,5187803
DH07358,206,3,9160201
DH07359,41,3,23214519
DH07359,138,3,24036792
DH07360,17,3,11252793
DH07360,288,2,11145011
DH07360,490,1,24697745
DH07361,500,1,12716509
DH07361,207,1,11794425
DH07362,427,1,12881666
DH07363,42,2,4888990
DH07363,403,3,10108987
DH07364,223,2,2575778
DH07364,386,2,11489944
DH07364,443,2,15873432
DH07365,94,1,4892461
DH07365,81,3,11760834
DH07365,135,2,18508141
DH07366,249,3,12650029
DH07367,380,3,7759711
DH07367,101,1,4709001
DH07368,474,2,13191529
DH07369,168,1,4959346
DH07369,452,3,6422656
DH07370,173,2,8932665
DH07370,31,1,19561998
DH07370,67,3,2603224
DH07371,128,2,5789660
DH07372,480,2,9066937
DH07372,28,1,8340920
DH07373,81,1,11760834
DH07374,403,2,10108987
DH07374,153,1,9382132
DH07374,43,2,14663576
DH07375,425,2,12382069
DH07375,147,2,13624031
DH07375,321,2,9556944
DH07376,95,1,17932883
DH07376,29,1,8608366
DH07376,10,1,8245338
DH07377,392,2,2439684
DH07377,138,3,24036792
DH07377,304,3,24317139
DH07378,261,1,8666850
DH07378,56,2,3656281
DH07379,287,1,10898911
DH07380,159,3,18319776
DH07380,26,2,23522794
DH07381,256,2,7503626
DH07381,167,2,19477755
DH07381,157,3,10354320
DH07382,288,1,11145011
DH07382,482,1,25397322
DH07383,197,3,1767828
DH07383,269,2,13567100
DH07384,18,1,8089438
DH07385,147,2,13624031
DH07386,412,2,5966347
DH07387,180,3,5187803
DH07387,499,3,11225264
DH07387,18,3,8089438
DH07388,181,2,1690676
DH07388,441,2,18385006
DH07388,477,1,17019502
DH07389,131,2,2156224
DH07389,91,1,20666588
DH07390,289,3,4921805
DH07390,495,2,24537951
DH07391,50,2,16126277
DH07391,139,2,8176702
DH07392,398,2,4672398
DH07393,479,3,24995661
DH07393,196,1,9383000
DH07394,127,2,23583550
DH07395,384,2,7946719
DH07395,290,1,14771023
DH07395,409,2,25383281
DH07396,21,2,20692785
DH07396,419,2,14450529
DH07397,180,1,5187803
DH07398,143,3,5091764
DH07399,457,3,24221919
DH07399,20,1,14519905
DH07400,371,1,15596681
DH07400,347,2,10484449
DH07400,314,2,21535304
DH07401,424,2,19568438
DH07402,95,3,17932883
DH07402,458,1,3104580
DH07403,162,1,16154689
DH07404,13,3,24933847
DH07404,181,2,1690676
DH07404,151,3,14524360
DH07405,381,2,3635754
DH07405,284,2,7510427
DH07406,408,1,17462807
DH07406,452,2,6422656
DH07406,100,1,3300603
DH07407,229,2,5955017
DH07407,308,2,23205555
DH07407,356,1,23139278
DH07408,368,1,21192004
DH07409,12,1,11992784
DH07409,11,1,10235878
DH07410,260,3,5169564
DH07410,454,1,24379043
DH07411,462,1,16447832
DH07412,492,2,8668431
DH07412,424,2,19568438
DH07412,165,2,25319024
DH07413,261,3,8666850
DH07413,69,2,13005856
DH07413,41,2,23214519
DH07414,387,3,3436274
DH07415,440,2,21263667
DH07416,24,3,1688485
DH07416,93,3,14686287
DH07416,81,3,11760834
DH07417,120,3,23629104
DH07417,328,2,19906025
DH07417,329,1,13517918
DH07418,11,1,10235878
DH07419,328,2,19906025
DH07419,135,3,18508141
DH07420,496,3,14220784
DH07421,145,2,13595803
DH07421,136,3,13200645
DH07421,403,1,10108987
DH07422,398,2,4672398
DH07422,243,3,9384883
DH07423,481,2,11804603
DH07423,259,1,2352165
DH07423,246,1,4574511
DH07424,153,3,9382132
DH07424,182,2,19817463
DH07425,343,3,17874359
DH07425,92,1,11092983
DH07425,74,3,2460854
DH07426,55,2,17890818
DH07427,243,3,9384883
DH07428,32,2,16788448
DH07429,53,2,18088695
DH07429,11,1,10235878
DH07429,24,1,1688485
DH07430,80,1,15432098
DH07430,364,3,14254399
DH07430,39,3,5958851
DH07431,344,1,15192156
DH07431,466,1,16269792
DH07431,433,2,2223429
DH07432,134,1,24009450
DH07433,146,2,19268450
DH07433,99,2,22557878
DH07433,104,1,21205978
DH07434,415,3,23483261
DH07434,156,3,23900042
DH07435,425,2,12382069
DH07435,86,2,8568170
DH07435,406,3,1821869
DH07436,96,1,2158473
DH07436,24,2,1688485
DH07437,379,2,11024419
DH07437,435,1,4349985
DH07437,151,1,14524360
DH07438,406,3,1821869
DH07439,295,2,2326130
DH07440,249,3,12650029
DH07440,483,3,9287345
DH07440,275,2,1991880
DH07441,13,1,24933847
DH07441,72,3,11915298
DH07441,209,1,11044537
DH07442,286,3,3106273
DH07442,223,2,2575778
DH07443,85,2,22953739
DH07443,421,2,22589235
DH07444,237,2,5969756
DH07444,93,3,14686287
DH07444,61,2,11543600
DH07445,322,3,4789634
DH07445,158,2,2814097
DH07445,424,2,19568438
DH07446,169,2,25706307
DH07446,439,1,11444083
DH07447,136,2,13200645
DH07447,234,3,12378563
DH07448,124,3,18670083
DH07449,261,1,8666850
DH07449,422,2,12003004
DH07450,59,3,11020945
DH07450,240,3,23483447
DH07451,266,2,8991711
DH07451,408,2,17462807
DH07452,459,3,21165935
DH07452,17,1,11252793
DH07452,36,3,4440658
DH07453,217,2,21518753
DH07453,89,1,15656852
DH07454,489,1,23457899
DH07454,497,1,20532926
DH07454,429,1,13157569
DH07455,298,1,19424399
DH07455,138,1,24036792
DH07455,493,2,5355143
DH07456,99,3,22557878
DH07456,404,2,24793579
DH07456,45,1,22446227
DH07457,237,3,5969756
DH07457,143,1,5091764
DH07457,410,3,12647688
DH07458,394,3,14325309
DH07458,186,1,11833611
DH07458,345,2,24716330
DH07459,148,1,24016044
DH07459,141,1,22227393
DH07459,196,3,9383000
DH07460,11,1,10235878
DH07461,414,3,8838663
DH07462,385,3,9022052
DH07462,242,1,1536406
DH07462,459,2,21165935
DH07463,415,2,23483261
DH07463,367,1,21910738
DH07463,397,1,23886813
DH07464,294,3,20611090
DH07465,319,3,17175754
DH07465,254,3,7786382
DH07466,18,3,8089438
DH07466,201,2,14510585
DH07467,74,3,2460854
DH07467,94,2,4892461
DH07468,17,2,11252793
DH07469,458,2,3104580
DH07469,346,2,15198565
DH07470,235,2,1672401
DH07470,12,2,11992784
DH07470,468,2,21281263
DH07471,449,1,7676975
DH07471,153,2,9382132
DH07472,271,1,8962577
DH07472,288,1,11145011
DH07473,275,2,1991880
DH07473,356,1,23139278
DH07473,382,3,23997672
DH07474,396,1,2735462
DH07475,19,2,6165758
DH07475,123,3,5880587
DH07475,127,2,23583550
DH07476,58,3,4846247
DH07476,199,2,15317157
DH07476,116,3,17991157
DH07477,371,2,15596681
DH07478,392,2,2439684
DH07479,67,2,2603224
DH07479,107,1,15707585
DH07479,376,3,7479061
DH07480,45,1,22446227
DH07480,352,3,22014922
DH07480,472,1,24725902
DH07481,391,1,14598944
DH07481,136,2,13200645
DH07482,159,3,18319776
DH07482,412,3,5966347
DH07483,455,2,2445683
DH07483,425,1,12382069
DH07483,414,3,8838663
DH07484,226,2,24912858
DH07484,7,1,4357180
DH07485,123,3,5880587
DH07485,350,1,12090591
DH07486,105,1,9768220
DH07486,139,1,8176702
DH07487,104,3,21205978
DH07487,131,3,2156224
DH07488,79,3,5712887
DH07488,233,3,5799781
DH07489,161,1,5421161
DH07490,40,3,13768783
DH07490,43,1,14663576
DH07490,482,2,25397322
DH07491,482,3,25397322
DH07492,79,1,5712887
DH07492,56,1,3656281
DH07492,266,2,8991711
DH07493,103,1,17996106
DH07494,185,1,5305149
DH07494,113,2,9188480
DH07495,93,3,14686287
DH07495,460,1,15973168
DH07496,72,3,11915298
DH07496,203,3,2141244
DH07497,68,1,14423549
DH07498,211,2,19060983
DH07498,134,2,24009450
DH07498,357,2,4857102
DH07499,235,1,1672401
DH07499,334,2,7901528
DH07500,347,2,10484449
DH07500,343,1,17874359
DH07500,144,3,6059706
DH07501,488,2,1330310
DH07501,107,3,15707585
DH07501,217,1,21518753
DH07502,374,1,17616582
DH07502,380,3,7759711
DH07503,454,1,24379043
DH07504,66,3,9292701
DH07504,344,2,15192156
DH07505,415,2,23483261
DH07505,433,2,2223429
DH07506,220,3,21154109
DH07506,83,1,10278942
DH07506,159,3,18319776
DH07507,342,2,3872319
DH07507,258,1,12909089
DH07508,71,3,20920065
DH07508,10,1,8245338
DH07509,125,3,13225929
DH07509,222,2,24480557
DH07509,50,1,16126277
DH07510,8,1,16791775
DH07511,109,1,8310763
DH07511,272,1,15085613
DH07511,327,2,6561107
DH07512,397,2,23886813
DH07513,238,3,8768981
DH07513,209,2,11044537
DH07513,455,3,2445683
DH07514,194,2,10519150
DH07514,427,1,12881666
DH07514,191,3,2180855
DH07515,349,2,19870600
DH07516,40,1,13768783
DH07517,106,1,3358747
DH07517,44,2,12890144
DH07517,413,3,19949073
DH07518,495,2,24537951
DH07519,156,2,23900042
DH07519,250,3,5901364
DH07520,366,2,7038014
DH07521,145,3,13595803
DH07521,29,3,8608366
DH07522,177,3,6101695
DH07522,204,3,6098253
DH07522,186,3,11833611
DH07523,415,3,23483261
DH07524,299,1,10443833
DH07524,177,2,6101695
DH07524,297,1,3729757
DH07525,462,1,16447832
DH07525,378,3,5459248
DH07525,81,1,11760834
DH07526,442,3,14674667
DH07527,20,1,14519905
DH07527,348,2,16075438
DH07527,113,2,9188480
DH07528,483,3,9287345
DH07528,431,3,3483711
DH07528,319,1,17175754
DH07529,97,2,20721508
DH07529,395,3,15941796
DH07530,149,2,20816892
DH07530,328,2,19906025
DH07531,186,1,11833611
DH07532,384,1,7946719
DH07533,197,1,1767828
DH07534,82,3,6348395
DH07534,276,3,11889649
DH07535,25,2,7741025
DH07535,329,3,13517918
DH07535,498,3,19498927
DH07536,362,2,18686057
DH07536,483,1,9287345
DH07536,6,3,15618829
DH07537,493,1,5355143
DH07538,196,2,9383000
DH07539,477,2,17019502
DH07539,239,1,9904462
DH07539,170,1,18830250
DH07540,89,3,15656852
DH07541,373,2,17596085
DH07541,366,2,7038014
DH07541,359,1,18193067
DH07542,15,2,21879885
DH07543,124,3,18670083
DH07543,440,3,21263667
DH07544,365,2,15480351
DH07545,465,3,24131257
DH07545,17,3,11252793
DH07546,14,3,7886377
DH07546,486,1,14815928
DH07546,228,3,9625566
DH07547,48,3,10369706
DH07547,133,2,25260384
DH07548,33,2,16395207
DH07548,114,3,5461510
DH07549,466,3,16269792
DH07550,314,1,21535304
DH07550,34,1,21526031
DH07551,348,3,16075438
DH07551,291,2,19063989
DH07551,455,2,2445683
DH07552,255,3,11357464
DH07552,492,3,8668431
DH07553,473,3,8143318
DH07553,426,3,22978827
DH07554,451,3,18801455
DH07554,36,1,4440658
DH07554,368,3,21192004
DH07555,305,1,19848099
DH07555,203,3,2141244
DH07556,140,3,13589526
DH07557,350,1,12090591
DH07558,223,3,2575778
DH07558,78,2,10074989
DH07558,470,3,2362889
DH07559,115,3,24228127
DH07559,223,3,2575778
DH07560,434,1,20511341
DH07561,101,1,4709001
DH07561,214,1,21742788
DH07562,457,1,24221919
DH07562,446,1,10227214
DH07563,297,3,3729757
DH07564,331,3,16419785
DH07564,483,2,9287345
DH07564,62,3,17040933
DH07565,21,3,20692785
DH07566,296,3,7282780
DH07567,479,1,24995661
DH07567,10,1,8245338
DH07568,107,3,15707585
DH07568,228,1,9625566
DH07569,321,3,9556944
DH07570,66,1,9292701
DH07570,264,1,7333700
DH07571,203,1,2141244
DH07571,283,1,9498824
DH07571,430,1,11677101
DH07572,41,3,23214519
DH07573,39,3,5958851
DH07573,130,2,8364943
DH07573,389,2,2247745
DH07574,323,2,8114299
DH07574,71,2,20920065
DH07574,496,1,14220784
DH07575,174,2,24577473
DH07575,237,3,5969756
DH07576,315,2,7916762
DH07576,386,3,11489944
DH07577,262,2,15404344
DH07577,479,2,24995661
DH07577,306,2,9109540
DH07578,192,3,10036440
DH07578,185,3,5305149
DH07578,57,1,19310306
DH07579,84,1,5916601
DH07579,292,2,15283078
DH07579,420,3,7580608
DH07580,498,2,19498927
DH07580,202,3,10502987
DH07581,396,2,2735462
DH07582,140,2,13589526
DH07582,300,1,20713031
DH07583,86,2,8568170
DH07584,353,2,17335247
DH07585,270,2,15138021
DH07585,314,1,21535304
DH07586,313,2,2770705
DH07586,396,2,2735462
DH07586,303,1,19460829
DH07587,324,2,5235456
DH07587,103,1,17996106
DH07588,147,1,13624031
DH07588,201,1,14510585
DH07589,487,1,9625660
DH07589,303,3,19460829
DH07590,207,3,11794425
DH07591,461,1,13898840
DH07591,217,2,21518753
DH07591,380,3,7759711
DH07592,60,1,10296353
DH07592,59,2,11020945
DH07592,138,1,24036792
DH07593,444,1,24721344
DH07594,126,3,7453646
DH07594,225,1,17350639
DH07595,157,3,10354320
DH07595,126,2,7453646
DH07596,77,2,20281855
DH07597,111,1,5190528
DH07597,419,3,14450529
DH07597,452,3,6422656
DH07598,444,1,24721344
DH07599,116,3,17991157
DH07599,25,2,7741025
DH07600,130,2,8364943
DH07600,459,1,21165935
DH07600,120,2,23629104
DH07601,448,3,1655313
DH07601,361,3,2131412
DH07602,15,3,21879885
DH07602,25,1,7741025
DH07602,8,3,16791775
DH07603,316,3,19653730
DH07603,104,3,21205978
DH07604,492,2,8668431
DH07605,87,1,1388487
DH07606,360,1,17479616
DH07606,239,3,9904462
DH07607,67,1,2603224
DH07608,259,2,2352165
DH07608,64,2,9718506
DH07609,226,3,24912858
DH07609,73,1,13467563
DH07610,340,3,2512853
DH07611,47,1,2363748
DH07612,24,2,1688485
DH07613,255,3,11357464
DH07614,382,1,23997672
DH07614,198,3,13851809
DH07614,386,3,11489944
DH07615,421,2,22589235
DH07615,325,2,16561482
DH07616,37,2,24694673
DH07616,133,2,25260384
DH07616,317,1,3451035
DH07617,370,3,16487087
DH07617,155,2,23734363
DH07618,133,3,25260384
DH07618,108,1,16704100
DH07618,95,1,17932883
DH07619,427,1,12881666
DH07619,242,1,1536406
DH07619,231,1,7056866
DH07620,474,1,13191529
DH07621,298,2,19424399
DH07621,89,3,15656852
DH07622,213,2,9135747
DH07623,76,2,25092737
DH07624,483,3,9287345
DH07624,216,3,13741880
DH07625,248,3,22980553
DH07625,214,3,21742788
DH07626,330,3,21871930
DH07627,165,1,25319024
DH07627,370,2,16487087
DH07627,334,2,7901528
DH07628,321,2,9556944
DH07628,334,2,7901528
DH07629,41,1,23214519
DH07630,491,1,23791756
DH07630,103,3,17996106
DH07630,377,1,12231914
DH07631,441,3,18385006
DH07632,253,3,9232276
DH07633,406,2,1821869
DH07633,313,3,2770705
DH07634,499,3,11225264
DH07634,316,3,19653730
DH07635,334,1,7901528
DH07636,188,3,2213985
DH07636,2,3,2619639
DH07636,170,1,18830250
DH07637,54,1,18474415
DH07637,48,2,10369706
DH07637,82,2,6348395
DH07638,298,3,19424399
DH07638,364,3,14254399
DH07638,430,3,11677101
DH07639,424,1,19568438
DH07639,438,3,19966047
DH07640,305,1,19848099
DH07640,159,2,18319776
DH07640,320,3,13927009
DH07641,300,2,20713031
DH07641,387,3,3436274
DH07641,425,1,12382069
DH07642,134,2,24009450
DH07642,10,1,8245338
DH07642,92,1,11092983
DH07643,138,1,24036792
DH07644,171,1,16022163
DH07644,39,1,5958851
DH07645,27,3,12159304
DH07645,187,3,8866140
DH07645,30,2,22850493
DH07646,47,3,2363748
DH07646,50,3,16126277
DH07647,184,1,17356432
DH07647,248,3,22980553
DH07647,369,1,10752264
DH07648,148,2,24016044
DH07649,276,1,11889649
DH07649,297,3,3729757
DH07650,402,2,14448552
DH07650,118,1,6945092
DH07650,240,2,23483447
DH07651,27,2,12159304
DH07651,273,2,13267090
DH07651,420,1,7580608
DH07652,171,3,16022163
DH07652,147,3,13624031
DH07653,484,3,9546339
DH07653,359,1,18193067
DH07654,267,2,20768736
DH07654,50,2,16126277
DH07654,245,3,11838005
DH07655,8,2,16791775
DH07656,430,3,11677101
DH07656,81,1,11760834
DH07656,321,1,9556944
DH07657,492,3,8668431
DH07658,444,3,24721344
DH07658,447,1,13793804
DH07659,92,3,11092983
DH07659,216,1,13741880
DH07659,439,1,11444083
DH07660,229,3,5955017
DH07660,165,2,25319024
DH07661,374,1,17616582
DH07661,413,1,19949073
DH07662,63,1,25365618
DH07662,217,2,21518753
DH07662,344,1,15192156
DH07663,329,2,13517918
DH07664,237,3,5969756
DH07664,172,3,11563207
DH07664,5,3,6035905
DH07665,79,3,5712887
DH07665,212,2,9801647
DH07665,461,2,13898840
DH07666,433,3,2223429
DH07666,442,1,14674667
DH07666,35,3,5481589
DH07667,19,1,6165758
DH07667,363,3,13943365
DH07668,359,1,18193067
DH07669,362,3,18686057
DH07669,87,2,1388487
DH07669,386,2,11489944
DH07670,44,3,12890144
DH07670,468,3,21281263
DH07670,215,2,22688954
DH07671,401,1,3227628
DH07672,105,3,9768220
DH07673,309,1,16160657
DH07673,93,3,14686287
DH07674,281,3,6520993
DH07674,325,3,16561482
DH07674,84,3,5916601
DH07675,301,1,23179464
DH07675,246,2,4574511
DH07676,453,2,24897288
DH07677,128,2,5789660
DH07677,116,2,17991157
DH07677,307,2,2970393
DH07678,109,2,8310763
DH07678,16,1,1902478
DH07679,100,3,3300603
DH07679,482,1,25397322
DH07680,319,3,17175754
DH07681,263,3,5779215
DH07681,155,3,23734363
DH07682,75,1,1572912
DH07682,438,1,19966047
DH07682,326,1,10657286
DH07683,98,2,25849081
DH07683,105,3,9768220
DH07683,273,1,13267090
DH07684,194,3,10519150
DH07684,16,1,1902478
DH07685,328,3,19906025
DH07685,75,3,1572912
DH07686,279,2,22313060
DH07686,317,3,3451035
DH07687,380,1,7759711
DH07688,432,2,25961408
DH07688,247,2,14840560
DH07689,7,2,4357180
DH07690,367,1,21910738
DH07690,108,2,16704100
DH07691,308,3,23205555
DH07691,196,1,9383000
DH07691,465,1,24131257
DH07692,464,3,10451249
DH07692,389,2,2247745
DH07692,445,3,3753037
DH07693,34,1,21526031
DH07693,234,2,12378563
DH07694,323,1,8114299
DH07694,216,1,13741880
DH07694,168,2,4959346
DH07695,404,3,24793579
DH07695,136,1,13200645
DH07696,3,2,23951194
DH07697,272,2,15085613
DH07698,319,2,17175754
DH07698,224,3,17686916
DH07698,6,3,15618829
DH07699,164,1,12450217
DH07699,83,3,10278942
DH07699,387,3,3436274
DH07700,177,2,6101695
DH07701,205,2,11351137
DH07702,217,2,21518753
DH07703,108,3,16704100
DH07703,110,1,2655742
DH07704,317,2,3451035
DH07705,236,3,25624479
DH07706,252,1,18216160
DH07706,268,1,20509489
DH07706,243,3,9384883
DH07707,248,3,22980553
DH07707,33,3,16395207
DH07707,357,2,4857102
DH07708,196,1,9383000
DH07708,444,1,24721344
DH07708,91,2,20666588
DH07709,348,2,16075438
DH07709,29,3,8608366
DH07710,470,3,2362889
DH07711,134,1,24009450
DH07711,297,1,3729757
DH07711,358,1,8803419
DH07712,173,1,8932665
DH07712,196,2,9383000
DH07713,294,1,20611090
DH07713,476,3,5610573
DH07713,234,2,12378563
DH07714,186,1,11833611
DH07715,35,3,5481589
DH07715,407,3,22242654
DH07716,34,2,21526031
DH07717,58,2,4846247
DH07717,8,3,16791775
DH07717,115,1,24228127
DH07718,281,2,6520993
DH07718,111,3,5190528
DH07718,420,3,7580608
DH07719,487,2,9625660
DH07719,304,2,24317139
DH07720,304,1,24317139
DH07720,112,2,21786528
DH07721,349,1,19870600
DH07722,26,1,23522794
DH07722,174,2,24577473
DH07722,328,2,19906025
DH07723,489,2,23457899
DH07723,138,1,24036792
DH07723,136,3,13200645
DH07724,401,3,3227628
DH07724,197,3,1767828
DH07725,393,3,15902198
DH07726,34,2,21526031
DH07726,2,3,2619639
DH07726,126,3,7453646
DH07727,435,3,4349985
DH07727,354,3,14109722
DH07728,351,1,13618008
DH07729,395,1,15941796
DH07730,384,1,7946719
DH07730,130,1,8364943
DH07731,172,2,11563207
DH07731,464,3,10451249
DH07732,447,3,13793804
DH07732,275,1,1991880
DH07732,113,1,9188480
DH07733,297,2,3729757
DH07733,423,2,11205935
DH07734,188,3,2213985
DH07734,355,1,19241391
DH07734,462,2,16447832
DH07735,25,3,7741025
DH07735,91,3,20666588
DH07735,253,2,9232276
DH07736,465,1,24131257
DH07737,153,3,9382132
DH07737,58,1,4846247
DH07738,175,2,4766108
DH07739,338,3,11491142
DH07740,366,1,7038014
DH07741,354,3,14109722
DH07741,410,1,12647688
DH07742,409,1,25383281
DH07742,167,3,19477755
DH07743,205,2,11351137
DH07743,435,1,4349985
DH07743,397,2,23886813
DH07744,334,2,7901528
DH07744,471,3,25755884
DH07745,319,3,17175754
DH07745,450,3,19208894
DH07746,357,1,4857102
DH07747,360,3,17479616
DH07747,204,3,6098253
DH07747,260,3,5169564
DH07748,400,1,19389256
DH07748,378,3,5459248
DH07749,223,2,2575778
DH07749,46,3,13724985
DH07750,451,2,18801455
DH07750,46,1,13724985
DH07751,448,3,1655313
DH07751,148,3,24016044
DH07752,303,3,19460829
DH07753,234,2,12378563
DH07753,423,2,11205935
DH07753,224,2,17686916
DH07754,306,2,9109540
DH07755,246,3,4574511
DH07755,283,2,9498824
DH07756,76,2,25092737
DH07757,487,1,9625660
DH07758,328,3,19906025
DH07759,111,1,5190528
DH07759,410,2,12647688
DH07759,376,1,7479061
DH07760,474,2,13191529
DH07760,211,3,19060983
DH07761,85,3,22953739
DH07761,484,2,9546339
DH07761,263,1,5779215
DH07762,410,3,12647688
DH07762,23,2,18730487
DH07762,34,3,21526031
DH07763,413,1,19949073
DH07763,334,2,7901528
DH07764,19,3,6165758
DH07764,365,2,15480351
DH07765,471,3,25755884
DH07765,201,1,14510585
DH07765,165,1,25319024
DH07766,491,2,23791756
DH07766,463,1,14123822
DH07766,399,1,2042288
DH07767,388,2,12500788
DH07767,320,3,13927009
DH07767,224,1,17686916
DH07768,104,1,21205978
DH07769,134,3,24009450
DH07769,145,2,13595803
DH07770,192,3,10036440
DH07770,38,2,25625870
DH07771,465,3,24131257
DH07772,41,1,23214519
DH07772,354,3,14109722
DH07772,250,2,5901364
DH07773,141,2,22227393
DH07773,260,3,5169564
DH07773,230,2,4583309
DH07774,343,2,17874359
DH07774,10,3,8245338
DH07775,259,1,2352165
DH07775,370,3,16487087
DH07776,114,2,5461510
DH07776,167,2,19477755
DH07776,82,3,6348395
DH07777,162,2,16154689
DH07777,306,2,9109540
DH07777,189,3,21341902
DH07778,429,1,13157569
DH07778,208,2,16507221
DH07779,451,2,18801455
DH07780,446,3,10227214
DH07780,172,2,11563207
DH07780,45,3,22446227
DH07781,118,2,6945092
DH07781,398,3,4672398
DH07781,215,2,22688954
DH07782,414,2,8838663
DH07782,479,1,24995661
DH07782,264,2,7333700
DH07783,389,3,2247745
DH07783,424,2,19568438
DH07784,401,2,3227628
DH07784,215,3,22688954
DH07785,208,2,16507221
DH07786,416,1,17524717
DH07787,17,3,11252793
DH07787,12,3,11992784
DH07787,270,1,15138021
DH07788,203,1,2141244
DH07788,285,2,6209359
DH07789,109,2,8310763
DH07789,337,3,16155694
DH07789,310,3,10351478
DH07790,309,1,16160657
DH07790,295,3,2326130
DH07790,57,1,19310306
DH07791,303,3,19460829
DH07791,233,2,5799781
DH07792,339,1,7585126
DH07793,59,1,11020945
DH07794,19,2,6165758
DH07795,456,3,1907183
DH07796,366,3,7038014
DH07797,406,3,1821869
DH07797,101,1,4709001
DH07797,9,3,2348573
DH07798,210,3,20061356
DH07799,166,1,17284447
DH07800,7,3,4357180
DH07801,319,3,17175754
DH07801,49,2,10127878
DH07801,29,3,8608366
DH07802,361,1,2131412
DH07802,125,2,13225929
DH07802,496,1,14220784
DH07803,107,3,15707585
DH07803,230,1,4583309
DH07804,2,1,2619639
DH07805,197,3,1767828
DH07805,386,3,11489944
DH07805,139,1,8176702
DH07806,466,2,16269792
DH07806,19,1,6165758
DH07806,35,2,5481589
DH07807,387,2,3436274
DH07807,285,2,6209359
DH07807,275,3,1991880
DH07808,45,3,22446227
DH07808,366,3,7038014
DH07809,260,1,5169564
DH07809,494,1,4606985
DH07809,193,1,12107524
DH07810,55,1,17890818
DH07810,300,1,20713031
DH07811,60,1,10296353
DH07812,200,1,25326262
DH07812,260,2,5169564
DH07812,320,1,13927009
DH07813,377,3,12231914
DH07813,35,3,5481589
DH07814,399,1,2042288
DH07814,192,3,10036440
DH07815,68,1,14423549
DH07815,375,2,22543381
DH07816,251,1,11288407
DH07816,324,2,5235456
DH07817,48,2,10369706
DH07818,402,3,14448552
DH07819,275,1,1991880
DH07819,139,3,8176702
DH07820,199,1,15317157
DH07820,20,1,14519905
DH07821,168,1,4959346
DH07822,149,1,20816892
DH07822,333,1,4723884
DH07822,430,2,11677101
DH07823,490,3,24697745
DH07823,147,3,13624031
DH07823,179,3,23021297
DH07824,21,2,20692785
DH07825,193,3,12107524
DH07825,139,1,8176702
DH07826,482,1,25397322
DH07826,98,2,25849081
DH07827,304,1,24317139
DH07827,106,1,3358747
DH07827,21,3,20692785
DH07828,197,1,1767828
DH07828,457,2,24221919
DH07829,355,3,19241391
DH07830,280,1,25571963
DH07830,29,3,8608366
DH07830,420,3,7580608
DH07831,380,2,7759711
DH07831,284,1,7510427
DH07831,350,3,12090591
DH07832,484,2,9546339
DH07833,249,3,12650029
DH07833,134,3,24009450
DH07833,21,3,20692785
DH07834,28,3,8340920
DH07835,338,2,11491142
DH07835,367,3,21910738
DH07836,194,1,10519150
DH07836,322,1,4789634
DH07836,339,2,7585126
DH07837,410,1,12647688
DH07838,400,2,19389256
DH07838,271,1,8962577
DH07838,425,3,12382069
DH07839,355,2,19241391
DH07839,257,3,22709217
DH07840,208,1,16507221
DH07840,100,3,3300603
DH07841,200,3,25326262
DH07841,77,1,20281855
DH07841,4,3,2033327
DH07842,151,2,14524360
DH07842,209,1,11044537
DH07843,301,2,23179464
DH07844,232,3,17350864
DH07845,438,2,19966047
DH07845,397,1,23886813
DH07845,165,2,25319024
DH07846,337,1,16155694
DH07846,441,3,18385006
DH07847,475,3,23514632
DH07847,215,1,22688954
DH07847,137,1,20559073
DH07848,385,3,9022052
DH07848,335,1,6359823
DH07849,327,1,6561107
DH07850,280,3,25571963
DH07851,459,1,21165935
DH07851,28,2,8340920
DH07851,14,2,7886377
DH07852,65,1,20123002
DH07852,93,3,14686287
DH07852,110,2,2655742
DH07853,221,2,18603561
DH07854,307,3,2970393
DH07854,342,1,3872319
DH07855,488,2,1330310
DH07856,396,3,2735462
DH07857,179,1,23021297
DH07857,3,3,23951194
DH07857,445,3,3753037
DH07858,334,2,7901528
DH07859,109,2,8310763
DH07860,433,2,2223429
DH07860,32,3,16788448
DH07860,468,3,21281263
DH07861,115,1,24228127
DH07861,160,3,7269450
DH07862,181,1,1690676
DH07862,310,2,10351478
DH07863,48,2,10369706
DH07863,342,3,3872319
DH07864,187,1,8866140
DH07864,375,2,22543381
DH07865,35,3,5481589
DH07865,135,1,18508141
DH07865,313,3,2770705
DH07866,453,1,24897288
DH07867,24,2,1688485
DH07868,405,3,6786774
DH07869,17,1,11252793
DH07869,326,3,10657286
DH07870,338,1,11491142
DH07870,316,2,19653730
DH07870,11,1,10235878
DH07871,103,2,17996106
DH07871,304,1,24317139
DH07871,77,1,20281855
DH07872,229,2,5955017
DH07873,28,1,8340920
DH07873,212,3,9801647
DH07874,148,1,24016044
DH07874,346,3,15198565
DH07874,358,1,8803419
DH07875,450,1,19208894
DH07875,122,2,18283116
DH07875,298,1,19424399
DH07876,410,3,12647688
DH07877,427,3,12881666
DH07877,79,2,5712887
DH07878,77,1,20281855
DH07878,354,3,14109722
DH07878,371,1,15596681
DH07879,314,3,21535304
DH07879,497,1,20532926
DH07880,358,2,8803419
DH07880,123,2,5880587
DH07880,356,1,23139278
DH07881,331,3,16419785
DH07881,462,3,16447832
DH07882,101,2,4709001
DH07882,436,1,8088441
DH07882,257,1,22709217
DH07883,396,1,2735462
DH07883,408,3,17462807
DH07884,315,3,7916762
DH07884,176,3,12520307
DH07884,2,2,2619639
DH07885,129,2,7748973
DH07885,123,2,5880587
DH07886,283,2,9498824
DH07886,53,1,18088695
DH07886,246,2,4574511
DH07887,28,3,8340920
DH07887,477,3,17019502
DH07888,241,1,14883376
DH07888,334,3,7901528
DH07888,36,2,4440658
DH07889,34,1,21526031
DH07889,162,2,16154689
DH07890,344,3,15192156
DH07890,162,2,16154689
DH07891,307,3,2970393
DH07892,322,2,4789634
DH07892,72,1,11915298
DH07892,201,1,14510585
DH07893,121,1,22194333
DH07893,447,1,13793804
DH07894,272,3,15085613
DH07894,327,2,6561107
DH07895,59,2,11020945
DH07895,493,2,5355143
DH07896,30,2,22850493
DH07897,35,2,5481589
DH07898,435,1,4349985
DH07898,179,2,23021297
DH07898,322,3,4789634
DH07899,55,1,17890818
DH07899,251,1,11288407
DH07900,301,2,23179464
DH07901,184,3,17356432
DH07901,159,3,18319776
DH07902,191,2,2180855
DH07902,267,3,20768736
DH07903,275,1,1991880
DH07903,166,3,17284447
DH07904,414,3,8838663
DH07904,268,2,20509489
DH07904,359,3,18193067
DH07905,6,1,15618829
DH07906,160,3,7269450
DH07906,79,1,5712887
DH07906,441,2,18385006
DH07907,497,1,20532926
DH07907,409,2,25383281
DH07908,93,3,14686287
DH07908,241,3,14883376
DH07909,48,1,10369706
DH07909,230,3,4583309
DH07910,297,3,3729757
DH07911,374,1,17616582
DH07911,417,3,1927702
DH07912,478,2,8623329
DH07913,175,1,4766108
DH07913,386,3,11489944
DH07914,459,3,21165935
DH07914,362,2,18686057
DH07914,412,1,5966347
DH07915,7,3,4357180
DH07915,302,2,1904905
DH07916,279,1,22313060
DH07916,55,3,17890818
DH07916,223,1,2575778
DH07917,53,3,18088695
DH07918,496,3,14220784
DH07918,100,1,3300603
DH07919,313,2,2770705
DH07920,447,3,13793804
DH07920,424,2,19568438
DH07921,11,3,10235878
DH07921,317,2,3451035
DH07921,81,2,11760834
DH07922,264,2,7333700
DH07923,427,2,12881666
DH07923,458,1,3104580
DH07924,171,2,16022163
DH07925,299,3,10443833
DH07926,287,2,10898911
DH07926,248,2,22980553
DH07926,431,3,3483711
DH07927,254,3,7786382
DH07928,385,2,9022052
DH07928,275,3,1991880
DH07928,489,3,23457899
DH07929,218,3,7876105
DH07929,252,2,18216160
DH07929,35,3,5481589
DH07930,153,1,9382132
DH07931,278,1,16871480
DH07932,298,3,19424399
DH07932,155,3,23734363
DH07933,161,3,5421161
DH07934,164,2,12450217
DH07934,7,2,4357180
DH07935,193,1,12107524
DH07935,302,1,1904905
DH07935,131,3,2156224
DH07936,72,3,11915298
DH07936,446,1,10227214
DH07936,126,2,7453646
DH07937,498,3,19498927
DH07937,485,2,2937854
DH07937,123,1,5880587
DH07938,271,2,8962577
DH07939,9,3,2348573
DH07939,163,2,5148746
DH07939,139,1,8176702
DH07940,266,3,8991711
DH07941,346,2,15198565
DH07941,273,3,13267090
DH07941,161,3,5421161
DH07942,31,1,19561998
DH07942,83,2,10278942
DH07943,81,1,11760834
DH07943,313,1,2770705
DH07944,416,1,17524717
DH07944,133,3,25260384
DH07944,63,1,25365618
DH07945,134,1,24009450
DH07945,211,1,19060983
DH07946,242,1,1536406
DH07946,119,3,13510580
DH07946,281,3,6520993
DH07947,297,1,3729757
DH07947,369,1,10752264
DH07948,138,2,24036792
DH07948,481,3,11804603
DH07949,391,1,14598944
DH07950,384,2,7946719
DH07950,295,1,2326130
DH07951,1,1,5597326
DH07951,120,3,23629104
DH07951,388,1,12500788
DH07952,348,1,16075438
DH07953,179,1,23021297
DH07953,280,3,25571963
DH07954,304,2,24317139
DH07955,102,3,13562744
DH07955,87,3,1388487
DH07955,483,1,9287345
DH07956,278,1,16871480
DH07956,374,2,17616582
DH07957,211,1,19060983
DH07957,10,1,8245338
DH07958,79,3,5712887
DH07958,316,1,19653730
DH07958,413,3,19949073
DH07959,494,2,4606985
DH07959,359,1,18193067
DH07959,250,1,5901364
DH07960,191,1,2180855
DH07960,144,3,6059706
DH07960,485,2,2937854
DH07961,108,3,16704100
DH07961,15,3,21879885
DH07961,357,3,4857102
DH07962,497,3,20532926
DH07963,100,3,3300603
DH07963,72,3,11915298
DH07963,208,3,16507221
DH07964,17,3,11252793
DH07964,387,2,3436274
DH07964,300,1,20713031
DH07965,72,1,11915298
DH07965,93,2,14686287
DH07966,481,3,11804603
DH07966,296,3,7282780
DH07966,351,2,13618008
DH07967,89,3,15656852
DH07967,144,2,6059706
DH07968,178,3,25162917
DH07968,1,1,5597326
DH07968,424,2,19568438
DH07969,345,3,24716330
DH07969,327,2,6561107
DH07969,148,1,24016044
DH07970,449,1,7676975
DH07970,333,2,4723884
DH07970,316,2,19653730
DH07971,242,2,1536406
DH07971,157,1,10354320
DH07971,368,2,21192004
DH07972,201,3,14510585
DH07973,449,3,7676975
DH07974,390,2,7428418
DH07974,203,2,2141244
DH07974,342,3,3872319
DH07975,439,3,11444083
DH07975,416,1,17524717
DH07975,286,1,3106273
DH07976,104,2,21205978
DH07976,345,2,24716330
DH07977,400,3,19389256
DH07978,174,3,24577473
DH07979,53,1,18088695
DH07979,472,3,24725902
DH07980,369,2,10752264
DH07980,478,2,8623329
DH07980,270,1,15138021
DH07981,278,1,16871480
DH07981,451,2,18801455
DH07982,143,3,5091764
DH07982,304,1,24317139
DH07983,355,3,19241391
DH07984,387,3,3436274
DH07984,131,2,2156224
DH07984,133,3,25260384
DH07985,386,1,11489944
DH07985,150,2,22175650
DH07985,220,3,21154109
DH07986,314,1,21535304
DH07987,473,1,8143318
DH07987,479,1,24995661
DH07988,206,3,9160201
DH07988,247,1,14840560
DH07988,56,1,3656281
DH07989,128,1,5789660
DH07990,252,2,18216160
DH07991,60,1,10296353
DH07991,155,3,23734363
DH07991,358,1,8803419
DH07992,392,1,2439684
DH07992,273,2,13267090
DH07992,93,3,14686287
DH07993,79,2,5712887
DH07994,17,1,11252793
DH07994,73,1,13467563
DH07995,371,1,15596681
DH07995,16,2,1902478
DH07995,96,1,2158473
DH07996,12,3,11992784
DH07996,313,2,2770705
DH07996,58,2,4846247
DH07997,286,2,3106273
DH07998,77,2,20281855
DH07998,322,3,4789634
DH07998,306,3,9109540
DH07999,364,1,14254399
DH08000,278,3,16871480
DH08000,15,3,21879885
DH08001,102,1,13562744
DH08002,28,2,8340920
DH08003,421,3,22589235
DH08003,326,2,10657286
DH08003,41,3,23214519
DH08004,418,1,6732468
DH08004,226,1,24912858
DH08004,381,1,3635754
DH08005,115,3,24228127
DH08006,381,3,3635754
DH08006,259,3,2352165
DH08007,86,2,8568170
DH08008,224,3,17686916
DH08008,82,3,6348395
DH08009,26,2,23522794
DH08010,179,1,23021297
DH08010,360,2,17479616
DH08010,195,3,2797518
DH08011,354,3,14109722
DH08011,191,2,2180855
DH08012,46,1,13724985
DH08012,450,2,19208894
DH08013,324,1,5235456
DH08014,155,1,23734363
DH08015,188,1,2213985
DH08015,374,1,17616582
DH08016,377,2,12231914
DH08016,433,2,2223429
DH08016,69,2,13005856
DH08017,254,1,7786382
DH08018,357,1,4857102
DH08019,414,3,8838663
DH08020,466,3,16269792
DH08020,288,1,11145011
DH08020,144,2,6059706
DH08021,366,2,7038014
DH08022,260,1,5169564
DH08022,412,2,5966347
DH08023,90,1,19909796
DH08023,360,2,17479616
DH08024,352,1,22014922
DH08024,43,2,14663576
DH08025,306,2,9109540
DH08025,201,3,14510585
DH08026,56,3,3656281
DH08026,291,1,19063989
DH08027,235,3,1672401
DH08027,76,3,25092737
DH08027,256,3,7503626
DH08028,285,1,6209359
DH08029,440,2,21263667
DH08029,421,3,22589235
DH08030,289,3,4921805
DH08030,86,1,8568170
DH08031,339,2,7585126
DH08032,361,3,2131412
DH08032,315,3,7916762
DH08033,413,3,19949073
DH08033,285,1,6209359
DH08034,283,2,9498824
DH08034,115,1,24228127
DH08034,228,1,9625566
DH08035,23,1,18730487
DH08036,450,2,19208894
DH08036,366,3,7038014
DH08036,421,1,22589235
DH08037,466,3,16269792
DH08037,171,1,16022163
DH08038,180,1,5187803
DH08038,460,3,15973168
DH08039,28,1,8340920
DH08040,34,3,21526031
DH08040,194,1,10519150
DH08041,164,2,12450217
DH08041,149,3,20816892
DH08042,218,3,7876105
DH08042,345,2,24716330
DH08043,262,3,15404344
DH08044,492,1,8668431
DH08044,322,3,4789634
DH08045,336,3,20788903
DH08045,99,3,22557878
DH08045,50,1,16126277
DH08046,466,2,16269792
DH08046,360,2,17479616
DH08047,427,2,12881666
DH08048,237,1,5969756
DH08049,107,2,15707585
DH08049,26,2,23522794
DH08049,331,1,16419785
DH08050,48,2,10369706
DH08050,367,3,21910738
DH08051,411,1,15292733
DH08052,464,3,10451249
DH08053,317,1,3451035
DH08053,372,3,11933021
DH08054,295,1,2326130
DH08055,35,1,5481589
DH08056,212,1,9801647
DH08057,333,2,4723884
DH08057,250,2,5901364
DH08057,366,1,7038014
DH08058,407,1,22242654
DH08058,484,2,9546339
DH08058,283,3,9498824
DH08059,228,2,9625566
DH08059,134,3,24009450
DH08059,55,3,17890818
DH08060,308,2,23205555
DH08060,481,3,11804603
DH08061,402,3,14448552
DH08062,489,3,23457899
DH08063,169,3,25706307
DH08063,403,1,10108987
DH08064,187,3,8866140
DH08064,483,1,9287345
DH08064,383,3,21556385
DH08065,85,2,22953739
DH08066,448,1,1655313
DH08067,402,1,14448552
DH08067,225,2,17350639
DH08068,308,2,23205555
DH08068,310,1,10351478
DH08068,481,3,11804603
DH08069,416,3,17524717
DH08069,278,3,16871480
DH08069,494,3,4606985
DH08070,492,2,8668431
DH08070,118,2,6945092
DH08070,366,2,7038014
DH08071,32,3,16788448
DH08071,35,1,5481589
DH08072,342,2,3872319
DH08073,184,1,17356432
DH08073,118,2,6945092
DH08073,267,3,20768736
DH08074,397,2,23886813
DH08075,282,3,9983595
DH08076,368,1,21192004
DH08076,352,3,22014922
DH08077,225,2,17350639
DH08077,367,2,21910738
DH08078,381,2,3635754
DH08078,76,2,25092737
DH08079,40,2,13768783
DH08080,200,1,25326262
DH08080,364,2,14254399
DH08080,408,1,17462807
DH08081,276,1,11889649
DH08081,325,1,16561482
DH08081,274,2,8049917
DH08082,448,3,1655313
DH08082,28,1,8340920
DH08082,382,1,23997672
DH08083,358,3,8803419
DH08083,196,1,9383000
DH08083,390,1,7428418
DH08084,23,2,18730487
DH08084,339,1,7585126
DH08084,256,1,7503626
DH08085,422,1,12003004
DH08085,258,1,12909089
DH08086,443,3,15873432
DH08087,448,2,1655313
DH08087,363,3,13943365
DH08087,174,3,24577473
DH08088,398,1,4672398
DH08088,72,1,11915298
DH08088,108,1,16704100
DH08089,428,2,8623074
DH08090,249,1,12650029
DH08090,448,3,1655313
DH08090,124,2,18670083
DH08091,347,1,10484449
DH08092,13,1,24933847
DH08092,491,1,23791756
DH08092,9,1,2348573
DH08093,315,3,7916762
DH08093,143,1,5091764
DH08093,290,1,14771023
DH08094,41,2,23214519
DH08094,409,2,25383281
DH08094,227,3,23575212
DH08095,221,1,18603561
DH08095,111,3,5190528
DH08096,326,1,10657286
DH08096,347,1,10484449
DH08097,379,3,11024419
DH08098,350,2,12090591
DH08098,300,2,20713031
DH08099,115,2,24228127
DH08099,223,1,2575778
DH08100,141,3,22227393
DH08100,168,3,4959346
DH08100,415,1,23483261
DH08101,449,3,7676975
DH08101,131,2,2156224
DH08102,139,2,8176702
DH08102,223,2,2575778
DH08102,298,2,19424399
DH08103,343,1,17874359
DH08103,241,2,14883376
DH08104,476,3,5610573
DH08104,132,2,16198314
DH08105,419,1,14450529
DH08105,401,1,3227628
DH08105,267,2,20768736
DH08106,254,2,7786382
DH08106,179,2,23021297
DH08107,246,2,4574511
DH08107,60,2,10296353
DH08108,125,3,13225929
DH08109,131,3,2156224
DH08110,276,1,11889649
DH08111,120,3,23629104
DH08111,391,1,14598944
DH08111,340,2,2512853
DH08112,279,3,22313060
DH08112,328,3,19906025
DH08113,85,3,22953739
DH08114,226,2,24912858
DH08114,209,1,11044537
DH08114,10,1,8245338
DH08115,408,3,17462807
DH08115,473,2,8143318
DH08115,77,3,20281855
DH08116,196,3,9383000
DH08117,460,1,15973168
DH08117,299,1,10443833
DH08117,172,1,11563207
DH08118,285,1,6209359
DH08118,19,2,6165758
DH08118,85,3,22953739
DH08119,233,3,5799781
DH08120,378,1,5459248
DH08121,457,3,24221919
DH08122,113,3,9188480
DH08122,366,1,7038014
DH08123,456,3,1907183
DH08123,2,2,2619639
DH08123,47,2,2363748
DH08124,297,2,3729757
DH08124,185,3,5305149
DH08124,375,3,22543381
DH08125,394,3,14325309
DH08125,453,1,24897288
DH08126,330,1,21871930
DH08126,455,3,2445683
DH08127,109,2,8310763
DH08127,386,1,11489944
DH08127,194,1,10519150
DH08128,223,1,2575778
DH08128,307,1,2970393
DH08129,485,2,2937854
DH08129,436,2,8088441
DH08129,263,3,5779215
DH08130,369,3,10752264
DH08130,257,2,22709217
DH08131,208,2,16507221
DH08132,246,3,4574511
DH08132,69,2,13005856
DH08132,204,1,6098253
DH08133,233,3,5799781
DH08133,353,2,17335247
DH08133,362,3,18686057
DH08134,477,2,17019502
DH08134,14,3,7886377
DH08135,238,3,8768981
DH08135,339,2,7585126
DH08136,28,1,8340920
DH08137,183,2,25583781
DH08137,62,2,17040933
DH08138,99,1,22557878
DH08138,241,2,14883376
DH08139,417,3,1927702
DH08139,62,3,17040933
DH08140,163,3,5148746
DH08140,313,3,2770705
DH08140,105,1,9768220
DH08141,307,3,2970393
DH08141,343,1,17874359
DH08142,108,1,16704100
DH08143,285,1,6209359
DH08143,470,3,2362889
DH08144,70,1,24683647
DH08145,150,1,22175650
DH08146,277,1,20673499
DH08147,458,2,3104580
DH08147,221,2,18603561
DH08147,367,2,21910738
DH08148,203,3,2141244
DH08148,476,1,5610573
DH08149,205,2,11351137
DH08149,431,1,3483711
DH08150,493,1,5355143
DH08150,120,1,23629104
DH08150,446,3,10227214
DH08151,18,3,8089438
DH08151,434,2,20511341
DH08151,101,3,4709001
DH08152,384,3,7946719
DH08152,136,2,13200645
DH08152,59,2,11020945
DH08153,97,2,20721508
DH08153,17,1,11252793
DH08154,109,2,8310763
DH08155,443,3,15873432
DH08155,1,3,5597326
DH08156,451,2,18801455
DH08157,89,2,15656852
DH08157,404,1,24793579
DH08157,103,3,17996106
DH08158,254,3,7786382
DH08158,90,3,19909796
DH08158,388,1,12500788
DH08159,386,3,11489944
DH08159,247,2,14840560
DH08159,403,1,10108987
DH08160,82,1,6348395
DH08160,427,1,12881666
DH08161,63,3,25365618
DH08161,126,2,7453646
DH08162,275,2,1991880
DH08162,475,2,23514632
DH08162,141,2,22227393
DH08163,471,2,25755884
DH08164,96,3,2158473
DH08164,400,3,19389256
DH08164,117,1,1822241
DH08165,422,2,12003004
DH08165,340,2,2512853
DH08165,42,1,4888990
DH08166,274,2,8049917
DH08167,81,1,11760834
DH08167,8,2,16791775
DH08167,404,3,24793579
DH08168,247,3,14840560
DH08169,300,2,20713031
DH08170,483,1,9287345
DH08171,466,3,16269792
DH08172,73,1,13467563
DH08172,28,3,8340920
DH08172,99,1,22557878
DH08173,236,3,25624479
DH08174,171,2,16022163
DH08174,174,1,24577473
DH08175,196,3,9383000
DH08176,176,2,12520307
DH08176,459,1,21165935
DH08177,160,3,7269450
DH08178,367,3,21910738
DH08179,275,2,1991880
DH08179,309,2,16160657
DH08179,21,2,20692785
DH08180,361,2,2131412
DH08180,36,1,4440658
DH08180,220,3,21154109
DH08181,412,3,5966347
DH08181,117,1,1822241
DH08182,143,2,5091764
DH08182,26,2,23522794
DH08182,86,2,8568170
DH08183,34,3,21526031
DH08183,82,3,6348395
DH08183,140,3,13589526
DH08184,344,3,15192156
DH08184,437,2,20884762
DH08185,261,2,8666850
DH08186,487,3,9625660
DH08186,500,2,12716509
DH08187,124,1,18670083
DH08187,114,3,5461510
DH08188,117,3,1822241
DH08188,231,2,7056866
DH08189,176,2,12520307
DH08189,28,3,8340920
DH08190,132,3,16198314
DH08190,349,2,19870600
DH08191,56,3,3656281
DH08191,208,3,16507221
DH08192,100,2,3300603
DH08193,305,2,19848099
DH08193,150,3,22175650
DH08194,230,2,4583309
DH08194,72,3,11915298
DH08195,378,1,5459248
DH08196,173,1,8932665
DH08197,154,1,5917692
DH08198,302,3,1904905
DH08198,286,3,3106273
DH08199,306,2,9109540
DH08199,254,1,7786382
DH08199,340,1,2512853
DH08200,390,2,7428418
DH08200,248,1,22980553
DH08201,412,3,5966347
DH08201,232,2,17350864
DH08202,290,1,14771023
DH08203,50,1,16126277
DH08204,81,1,11760834
DH08204,267,2,20768736
DH08205,243,2,9384883
DH08206,167,1,19477755
DH08206,218,2,7876105
DH08206,204,2,6098253
DH08207,140,2,13589526
DH08208,155,1,23734363
DH08209,356,1,23139278
DH08209,163,2,5148746
DH08209,75,3,1572912
DH08210,497,3,20532926
DH08210,417,1,1927702
DH08210,8,3,16791775
DH08211,250,2,5901364
DH08211,107,3,15707585
DH08211,195,1,2797518
DH08212,32,3,16788448
DH08212,345,3,24716330
DH08213,2,2,2619639
DH08213,491,3,23791756
DH08213,33,1,16395207
DH08214,311,2,20701272
DH08214,495,2,24537951
DH08214,296,2,7282780
DH08215,292,1,15283078
DH08215,483,1,9287345
DH08216,58,2,4846247
DH08216,346,1,15198565
DH08216,331,3,16419785
DH08217,370,2,16487087
DH08218,175,1,4766108
DH08218,332,3,16273428
DH08219,232,1,17350864
DH08219,145,3,13595803
DH08219,479,3,24995661
DH08220,237,3,5969756
DH08221,494,1,4606985
DH08222,255,2,11357464
DH08222,170,1,18830250
DH08223,432,2,25961408
DH08224,203,3,2141244
DH08225,438,3,19966047
DH08225,248,3,22980553
DH08226,268,3,20509489
DH08226,313,1,2770705
DH08227,332,2,16273428
DH08227,441,2,18385006
DH08228,127,3,23583550
DH08229,337,1,16155694
DH08229,32,2,16788448
DH08229,377,2,12231914
DH08230,383,3,21556385
DH08230,277,1,20673499
DH08231,205,3,11351137
DH08231,306,2,9109540
DH08231,26,2,23522794
DH08232,9,2,2348573
DH08233,43,3,14663576
DH08233,405,3,6786774
DH08234,314,3,21535304
DH08234,403,2,10108987
DH08234,146,2,19268450
DH08235,154,3,5917692
DH08235,409,1,25383281
DH08236,133,3,25260384
DH08237,446,2,10227214
DH08237,78,3,10074989
DH08238,31,3,19561998
DH08238,318,1,23570935
DH08238,313,3,2770705
DH08239,314,1,21535304
DH08239,129,3,7748973
DH08239,170,2,18830250
DH08240,128,3,5789660
DH08240,234,2,12378563
DH08241,126,3,7453646
DH08242,63,3,25365618
DH08242,316,1,19653730
DH08243,310,2,10351478
DH08243,312,2,22250953
DH08244,256,2,7503626
DH08244,9,2,2348573
DH08245,62,2,17040933
DH08245,67,2,2603224
DH08245,205,3,11351137
DH08246,95,3,17932883
DH08246,443,2,15873432
DH08247,48,2,10369706
DH08247,336,1,20788903
DH08247,183,1,25583781
DH08248,372,2,11933021
DH08248,68,3,14423549
DH08248,160,2,7269450
DH08249,399,3,2042288
DH08249,34,3,21526031
DH08249,199,3,15317157
DH08250,471,2,25755884
DH08250,337,2,16155694
DH08250,352,2,22014922
DH08251,360,2,17479616
DH08251,427,1,12881666
DH08251,358,3,8803419
DH08252,208,1,16507221
DH08252,106,3,3358747
DH08252,268,3,20509489
DH08253,283,3,9498824
DH08254,1,2,5597326
DH08254,235,3,1672401
DH08254,184,3,17356432
DH08255,291,1,19063989
DH08256,181,3,1690676
DH08257,191,2,2180855
DH08258,401,3,3227628
DH08258,128,2,5789660
DH08259,18,2,8089438
DH08260,385,3,9022052
DH08260,475,1,23514632
DH08261,95,3,17932883
DH08261,353,3,17335247
DH08262,364,3,14254399
DH08262,387,3,3436274
DH08263,68,3,14423549
DH08263,350,1,12090591
DH08264,155,3,23734363
DH08264,153,3,9382132
DH08265,73,1,13467563
DH08265,46,1,13724985
DH08265,55,1,17890818
DH08266,73,3,13467563
DH08266,458,1,3104580
DH08266,197,3,1767828
DH08267,289,1,4921805
DH08268,148,1,24016044
DH08269,94,1,4892461
DH08270,95,1,17932883
DH08270,311,2,20701272
DH08271,108,3,16704100
DH08271,477,2,17019502
DH08272,169,2,25706307
DH08272,131,3,2156224
DH08272,330,3,21871930
DH08273,386,2,11489944
DH08273,455,1,2445683
DH08273,22,3,24114298
DH08274,277,1,20673499
DH08274,377,2,12231914
DH08274,54,1,18474415
DH08275,253,2,9232276
DH08275,459,3,21165935
DH08276,457,2,24221919
DH08276,397,3,23886813
DH08277,44,1,12890144
DH08277,200,2,25326262
DH08277,52,3,14404540
DH08278,360,1,17479616
DH08278,133,1,25260384
DH08279,416,3,17524717
DH08279,206,1,9160201
DH08280,477,2,17019502
DH08280,74,2,2460854
DH08281,293,2,5223702
DH08282,58,1,4846247
DH08282,54,1,18474415
DH08282,146,3,19268450
DH08283,86,1,8568170
DH08283,91,2,20666588
DH08284,460,2,15973168
DH08285,103,3,17996106
DH08285,415,2,23483261
DH08286,255,3,11357464
DH08286,14,2,7886377
DH08287,119,3,13510580
DH08288,198,2,13851809
DH08288,247,3,14840560
DH08288,371,1,15596681
DH08289,69,1,13005856
DH08290,378,1,5459248
DH08290,407,1,22242654
DH08290,207,3,11794425
DH08291,82,2,6348395
DH08291,119,2,13510580
DH08292,239,2,9904462
DH08292,436,2,8088441
DH08292,152,1,11691816
DH08293,175,3,4766108
DH08293,27,2,12159304
DH08294,160,1,7269450
DH08295,342,2,3872319
DH08295,155,2,23734363
DH08295,272,1,15085613
DH08296,3,2,23951194
DH08296,273,1,13267090
DH08297,304,3,24317139
DH08297,225,1,17350639
DH08297,106,2,3358747
DH08298,330,2,21871930
DH08298,366,1,7038014
DH08298,300,2,20713031
DH08299,301,3,23179464
DH08300,40,3,13768783
DH08300,3,1,23951194
DH08301,338,2,11491142
DH08301,124,1,18670083
DH08301,110,2,2655742
DH08302,288,3,11145011
DH08302,265,1,18875655
DH08302,478,1,8623329
DH08303,242,1,1536406
DH08303,86,3,8568170
DH08304,271,3,8962577
DH08305,28,1,8340920
DH08305,139,1,8176702
DH08306,291,1,19063989
DH08306,164,1,12450217
DH08306,29,1,8608366
DH08307,305,2,19848099
DH08307,157,3,10354320
DH08307,386,2,11489944
DH08308,182,2,19817463
DH08309,139,3,8176702
DH08310,74,1,2460854
DH08310,397,1,23886813
DH08310,215,2,22688954
DH08311,327,1,6561107
DH08312,459,3,21165935
DH08312,17,2,11252793
DH08313,19,2,6165758
DH08314,164,1,12450217
DH08315,95,3,17932883
DH08315,132,3,16198314
DH08316,452,2,6422656
DH08316,157,3,10354320
DH08317,287,1,10898911
DH08317,104,3,21205978
DH08317,21,1,20692785
DH08318,9,3,2348573
DH08318,14,1,7886377
DH08319,251,1,11288407
DH08319,169,3,25706307
DH08319,245,3,11838005
DH08320,303,2,19460829
DH08320,253,2,9232276
DH08320,495,2,24537951
DH08321,354,2,14109722
DH08322,73,1,13467563
DH08322,120,2,23629104
DH08323,60,2,10296353
DH08323,209,1,11044537
DH08323,91,3,20666588
DH08324,297,1,3729757
DH08324,402,3,14448552
DH08325,84,2,5916601
DH08325,210,1,20061356
DH08325,199,2,15317157
DH08326,454,1,24379043
DH08327,138,3,24036792
DH08327,244,2,16782990
DH08328,7,2,4357180
DH08328,352,3,22014922
DH08329,298,1,19424399
DH08330,34,3,21526031
DH08330,74,2,2460854
DH08330,383,3,21556385
DH08331,236,1,25624479
DH08331,214,3,21742788
DH08332,343,1,17874359
DH08332,466,3,16269792
DH08333,324,3,5235456
DH08334,381,3,3635754
DH08335,188,2,2213985
DH08335,325,3,16561482
DH08336,457,2,24221919
DH08336,317,3,3451035
DH08337,315,2,7916762
DH08337,453,3,24897288
DH08338,247,3,14840560
DH08339,36,3,4440658
DH08340,441,2,18385006
DH08341,147,3,13624031
DH08342,64,3,9718506
DH08342,472,2,24725902
DH08342,331,1,16419785
DH08343,146,1,19268450
DH08343,164,1,12450217
DH08343,143,2,5091764
DH08344,5,2,6035905
DH08344,453,3,24897288
DH08344,369,1,10752264
DH08345,490,2,24697745
DH08346,245,1,11838005
DH08346,149,2,20816892
DH08347,464,2,10451249
DH08347,331,1,16419785
DH08347,254,3,7786382
DH08348,151,3,14524360
DH08348,111,1,5190528
DH08349,493,2,5355143
DH08350,444,1,24721344
DH08350,333,1,4723884
DH08351,435,2,4349985
DH08351,305,1,19848099
DH08352,269,3,13567100
DH08353,140,2,13589526
DH08353,382,2,23997672
DH08353,202,3,10502987
DH08354,328,3,19906025
DH08355,14,3,7886377
DH08355,236,3,25624479
DH08355,377,3,12231914
DH08356,122,3,18283116
DH08356,184,2,17356432
DH08357,27,3,12159304
DH08357,351,3,13618008
DH08358,451,3,18801455
DH08358,231,2,7056866
DH08359,138,1,24036792
DH08360,193,2,12107524
DH08360,64,2,9718506
DH08360,219,1,20274689
DH08361,442,1,14674667
DH08361,212,2,9801647
DH08362,346,1,15198565
DH08362,300,2,20713031
DH08362,289,3,4921805
DH08363,284,2,7510427
DH08364,69,3,13005856
DH08364,221,1,18603561
DH08364,410,3,12647688
DH08365,382,3,23997672
DH08365,137,1,20559073
DH08365,259,1,2352165
DH08366,233,2,5799781
DH08366,146,1,19268450
DH08367,283,3,9498824
DH08368,230,1,4583309
DH08368,145,1,13595803
DH08368,399,2,2042288
DH08369,52,3,14404540
DH08369,372,2,11933021
DH08370,493,2,5355143
DH08370,134,1,24009450
DH08370,185,3,5305149
DH08371,268,1,20509489
DH08372,455,3,2445683
DH08372,152,1,11691816
DH08372,189,2,21341902
DH08373,390,1,7428418
DH08373,351,3,13618008
DH08374,216,3,13741880
DH08375,264,3,7333700
DH08375,135,2,18508141
DH08375,358,3,8803419
DH08376,379,1,11024419
DH08376,231,1,7056866
DH08376,301,1,23179464
DH08377,487,1,9625660
DH08378,153,1,9382132
DH08378,105,3,9768220
DH08379,175,3,4766108
DH08380,495,1,24537951
DH08380,63,1,25365618
DH08380,402,1,14448552
DH08381,194,2,10519150
DH08381,147,3,13624031
DH08381,301,2,23179464
DH08382,74,3,2460854
DH08383,480,1,9066937
DH08384,159,1,18319776
DH08384,154,2,5917692
DH08385,301,3,23179464
DH08385,336,1,20788903
DH08385,352,1,22014922
DH08386,370,1,16487087
DH08386,25,1,7741025
DH08387,436,3,8088441
DH08388,434,1,20511341
DH08389,164,3,12450217
DH08390,463,1,14123822
DH08390,483,2,9287345
DH08391,244,1,16782990
DH08392,193,3,12107524
DH08393,349,2,19870600
DH08393,360,1,17479616
DH08394,86,3,8568170
DH08395,400,1,19389256
DH08396,377,3,12231914
DH08397,221,2,18603561
DH08398,331,3,16419785
DH08399,9,3,2348573
DH08400,116,1,17991157
DH08400,196,3,9383000
DH08401,162,2,16154689
DH08401,378,2,5459248
DH08402,45,3,22446227
DH08402,79,2,5712887
DH08402,80,2,15432098
DH08403,357,2,4857102
DH08403,195,1,2797518
DH08404,495,3,24537951
DH08404,255,2,11357464
DH08405,151,2,14524360
DH08405,176,2,12520307
DH08405,265,1,18875655
DH08406,416,2,17524717
DH08407,145,1,13595803
DH08407,251,1,11288407
DH08407,250,3,5901364
DH08408,308,1,23205555
DH08408,219,1,20274689
DH08408,340,1,2512853
DH08409,495,1,24537951
DH08409,13,3,24933847
DH08410,329,2,13517918
DH08410,214,1,21742788
DH08411,399,2,2042288
DH08411,415,3,23483261
DH08412,476,1,5610573
DH08412,158,2,2814097
DH08412,234,3,12378563
DH08413,178,1,25162917
DH08413,151,3,14524360
DH08414,38,3,25625870
DH08415,251,2,11288407
DH08415,369,2,10752264
DH08415,423,2,11205935
DH08416,53,3,18088695
DH08416,273,2,13267090
DH08416,125,2,13225929
DH08417,65,3,20123002
DH08418,232,1,17350864
DH08418,315,2,7916762
DH08418,358,2,8803419
DH08419,361,2,2131412
DH08420,357,2,4857102
DH08420,300,1,20713031
DH08420,409,1,25383281
DH08421,218,1,7876105
DH08422,307,3,2970393
DH08422,289,2,4921805
DH08422,63,2,25365618
DH08423,79,2,5712887
DH08423,282,3,9983595
DH08423,185,1,5305149
DH08424,299,3,10443833
DH08424,65,3,20123002
DH08424,262,3,15404344
DH08425,169,2,25706307
DH08426,79,3,5712887
DH08427,164,2,12450217
DH08427,92,2,11092983
DH08428,465,2,24131257
DH08429,474,3,13191529
DH08429,280,2,25571963
DH08430,193,3,12107524
DH08430,319,3,17175754
DH08431,80,1,15432098
DH08432,443,1,15873432
DH08432,313,3,2770705
DH08433,10,1,8245338
DH08433,42,3,4888990
DH08433,108,3,16704100
DH08434,463,3,14123822
DH08434,237,1,5969756
DH08435,289,2,4921805
DH08435,138,2,24036792
DH08436,331,1,16419785
DH08437,182,2,19817463
DH08437,342,2,3872319
DH08438,431,2,3483711
DH08438,497,2,20532926
DH08438,341,3,24878704
DH08439,60,2,10296353
DH08440,85,3,22953739
DH08440,71,2,20920065
DH08440,348,2,16075438
DH08441,34,2,21526031
DH08441,433,2,2223429
DH08442,406,1,1821869
DH08442,477,2,17019502
DH08442,68,3,14423549
DH08443,276,3,11889649
DH08444,265,1,18875655
DH08444,360,3,17479616
DH08445,159,1,18319776
DH08445,485,3,2937854
DH08445,497,1,20532926
DH08446,461,2,13898840
DH08447,141,1,22227393
DH08447,88,3,15268123
DH08448,347,1,10484449
DH08448,406,3,1821869
DH08448,474,1,13191529
DH08449,461,1,13898840
DH08450,134,1,24009450
DH08450,1,3,5597326
DH08450,11,2,10235878
DH08451,330,2,21871930
DH08451,442,1,14674667
DH08452,239,2,9904462
DH08452,334,2,7901528
DH08453,207,2,11794425
DH08453,63,2,25365618
DH08454,428,2,8623074
DH08455,56,2,3656281
DH08455,310,2,10351478
DH08456,344,3,15192156
DH08456,476,3,5610573
DH08457,378,2,5459248
DH08458,495,1,24537951
DH08459,368,1,21192004
DH08459,496,1,14220784
DH08459,322,1,4789634
DH08460,47,1,2363748
DH08460,353,1,17335247
DH08460,440,1,21263667
DH08461,318,1,23570935
DH08461,266,1,8991711
DH08461,207,3,11794425
DH08462,72,3,11915298
DH08462,28,2,8340920
DH08463,57,1,19310306
DH08463,225,2,17350639
DH08464,9,2,2348573
DH08464,77,1,20281855
DH08465,120,2,23629104
DH08466,202,2,10502987
DH08466,43,1,14663576
DH08466,140,2,13589526
DH08467,77,2,20281855
DH08468,347,2,10484449
DH08468,331,3,16419785
DH08469,164,3,12450217
DH08469,383,2,21556385
DH08470,362,2,18686057
DH08470,397,2,23886813
DH08470,401,1,3227628
DH08471,110,2,2655742
DH08471,432,3,25961408
DH08472,258,1,12909089
DH08473,120,2,23629104
DH08474,317,1,3451035
DH08474,86,2,8568170
DH08474,45,1,22446227
DH08475,284,2,7510427
DH08476,210,3,20061356
DH08477,114,2,5461510
DH08477,383,1,21556385
DH08477,191,2,2180855
DH08478,313,3,2770705
DH08478,141,2,22227393
DH08478,378,1,5459248
DH08479,451,2,18801455
DH08480,63,3,25365618
DH08480,264,3,7333700
DH08481,457,3,24221919
DH08482,395,1,15941796
DH08483,185,1,5305149
DH08483,475,1,23514632
DH08483,485,3,2937854
DH08484,258,1,12909089
DH08484,243,2,9384883
DH08484,93,2,14686287
DH08485,67,2,2603224
DH08485,246,3,4574511
DH08485,45,1,22446227
DH08486,301,1,23179464
DH08486,18,3,8089438
DH08486,32,2,16788448
DH08487,470,3,2362889
DH08488,141,3,22227393
DH08489,275,3,1991880
DH08489,184,3,17356432
DH08489,91,2,20666588
DH08490,17,1,11252793
DH08490,155,3,23734363
DH08490,164,1,12450217
DH08491,183,2,25583781
DH08492,243,1,9384883
DH08493,178,3,25162917
DH08493,247,3,14840560
DH08493,384,3,7946719
DH08494,231,2,7056866
DH08494,342,2,3872319
DH08494,451,2,18801455
DH08495,235,3,1672401
DH08495,485,3,2937854
DH08496,21,2,20692785
DH08497,127,3,23583550
DH08497,121,3,22194333
DH08498,354,3,14109722
DH08498,358,1,8803419
DH08498,26,1,23522794
DH08499,229,1,5955017
DH08499,315,1,7916762
DH08499,34,2,21526031
DH08500,285,1,6209359
DH08501,52,2,14404540
DH08502,196,3,9383000
DH08502,455,2,2445683
DH08503,484,3,9546339
DH08504,77,3,20281855
DH08505,387,2,3436274
DH08506,244,1,16782990
DH08506,253,3,9232276
DH08506,105,1,9768220
DH08507,37,2,24694673
DH08507,492,3,8668431
DH08507,431,2,3483711
DH08508,274,1,8049917
DH08508,19,1,6165758
DH08508,463,1,14123822
DH08509,271,2,8962577
DH08509,219,2,20274689
DH08510,403,1,10108987
DH08510,58,1,4846247
DH08510,41,2,23214519
DH08511,4,2,2033327
DH08512,3,3,23951194
DH08512,229,3,5955017
DH08512,322,3,4789634
DH08513,92,2,11092983
DH08513,80,1,15432098
DH08513,110,1,2655742
DH08514,57,3,19310306
DH08515,11,1,10235878
DH08516,332,3,16273428
DH08517,381,3,3635754
DH08518,14,2,7886377
DH08519,39,1,5958851
DH08519,154,1,5917692
DH08520,481,1,11804603
DH08521,179,3,23021297
DH08521,286,1,3106273
DH08522,212,2,9801647
DH08522,231,3,7056866
DH08523,90,3,19909796
DH08524,385,1,9022052
DH08524,342,3,3872319
DH08524,314,2,21535304
DH08525,472,1,24725902
DH08525,230,3,4583309
DH08526,321,3,9556944
DH08527,312,1,22250953
DH08527,54,1,18474415
DH08527,348,2,16075438
DH08528,372,3,11933021
DH08529,176,1,12520307
DH08529,180,2,5187803
DH08530,271,1,8962577
DH08531,365,2,15480351
DH08531,86,2,8568170
DH08531,301,3,23179464
DH08532,233,3,5799781
DH08532,223,1,2575778
DH08532,222,2,24480557
DH08533,158,2,2814097
DH08533,41,1,23214519
DH08534,283,3,9498824
DH08534,298,1,19424399
DH08534,113,1,9188480
DH08535,214,3,21742788
DH08535,418,3,6732468
DH08536,351,3,13618008
DH08536,88,3,15268123
DH08537,185,2,5305149
DH08537,221,2,18603561
DH08538,187,3,8866140
DH08538,73,2,13467563
DH08538,162,3,16154689
DH08539,356,1,23139278
DH08539,141,3,22227393
DH08540,371,1,15596681
DH08540,257,3,22709217
DH08540,70,1,24683647
DH08541,426,2,22978827
DH08541,165,1,25319024
DH08541,93,1,14686287
DH08542,236,2,25624479
DH08543,372,3,11933021
DH08544,185,1,5305149
DH08544,449,3,7676975
DH08544,468,2,21281263
DH08545,123,3,5880587
DH08545,337,2,16155694
DH08546,431,2,3483711
DH08546,381,1,3635754
DH08547,61,1,11543600
DH08547,361,3,2131412
DH08548,423,3,11205935
DH08548,306,1,9109540
DH08548,250,2,5901364
DH08549,280,1,25571963
DH08549,79,2,5712887
DH08549,350,2,12090591
DH08550,308,2,23205555
DH08550,438,1,19966047
DH08551,405,2,6786774
DH08551,212,1,9801647
DH08552,344,3,15192156
DH08553,133,1,25260384
DH08554,2,2,2619639
DH08554,71,3,20920065
DH08554,372,2,11933021
DH08555,71,1,20920065
DH08556,315,3,7916762
DH08557,148,3,24016044
DH08557,209,1,11044537
DH08558,306,3,9109540
DH08558,101,1,4709001
DH08558,214,3,21742788
DH08559,137,1,20559073
DH08560,157,2,10354320
DH08560,189,1,21341902
DH08560,176,3,12520307
DH08561,248,1,22980553
DH08561,90,3,19909796
DH08561,279,2,22313060
DH08562,117,3,1822241
DH08562,42,3,4888990
DH08562,442,2,14674667
DH08563,280,1,25571963
DH08564,153,1,9382132
DH08565,88,1,15268123
DH08565,131,1,2156224
DH08565,409,3,25383281
DH08566,428,1,8623074
DH08567,473,2,8143318
DH08568,374,2,17616582
DH08568,400,3,19389256
DH08569,452,2,6422656
DH08569,316,3,19653730
DH08570,486,1,14815928
DH08571,253,3,9232276
DH08571,451,3,18801455
DH08571,315,2,7916762
DH08572,192,2,10036440
DH08573,229,1,5955017
DH08573,68,1,14423549
DH08573,224,2,17686916
DH08574,341,1,24878704
DH08575,393,3,15902198
DH08575,417,3,1927702
DH08575,97,1,20721508
DH08576,247,2,14840560
DH08576,283,3,9498824
DH08576,151,2,14524360
DH08577,379,1,11024419
DH08578,422,1,12003004
DH08578,249,1,12650029
DH08578,36,2,4440658
DH08579,392,3,2439684
DH08579,478,3,8623329
DH08580,192,2,10036440
DH08580,460,3,15973168
DH08581,281,2,6520993
DH08582,230,2,4583309
DH08582,167,3,19477755
DH08583,323,1,8114299
DH08584,39,2,5958851
DH08584,170,2,18830250
DH08584,80,3,15432098
DH08585,409,2,25383281
DH08585,376,3,7479061
DH08586,445,3,3753037
DH08587,225,1,17350639
DH08587,369,1,10752264
DH08588,420,1,7580608
DH08588,49,2,10127878
DH08589,249,1,12650029
DH08589,169,3,25706307
DH08589,90,3,19909796
DH08590,401,1,3227628
DH08590,412,3,5966347
DH08590,149,1,20816892
DH08591,192,3,10036440
DH08591,382,1,23997672
DH08591,475,3,23514632
DH08592,139,3,8176702
DH08592,27,2,12159304
DH08593,164,3,12450217
DH08593,161,1,5421161
DH08594,47,2,2363748
DH08595,389,2,2247745
DH08596,479,2,24995661
DH08596,4,1,2033327
DH08596,224,1,17686916
DH08597,354,1,14109722
DH08598,11,2,10235878
DH08598,212,2,9801647
DH08598,448,1,1655313
DH08599,179,2,23021297
DH08600,258,2,12909089
DH08601,409,3,25383281
DH08601,463,3,14123822
DH08601,306,3,9109540
DH08602,207,2,11794425
DH08603,39,3,5958851
DH08603,298,2,19424399
DH08604,71,2,20920065
DH08604,330,2,21871930
DH08604,132,3,16198314
DH08605,144,1,6059706
DH08606,30,3,22850493
DH08606,386,2,11489944
DH08607,386,1,11489944
DH08608,104,1,21205978
DH08608,327,1,6561107
DH08608,476,1,5610573
DH08609,295,1,2326130
DH08609,179,3,23021297
DH08610,230,3,4583309
DH08610,260,2,5169564
DH08611,169,3,25706307
DH08611,24,1,1688485
DH08612,140,3,13589526
DH08612,182,1,19817463
DH08612,1,1,5597326
DH08613,156,3,23900042
DH08614,376,1,7479061
DH08615,456,1,1907183
DH08616,466,3,16269792
DH08617,474,1,13191529
DH08617,91,2,20666588
DH08617,281,2,6520993
DH08618,191,2,2180855
DH08618,235,2,1672401
DH08618,115,3,24228127
DH08619,188,1,2213985
DH08619,64,2,9718506
DH08619,396,1,2735462
DH08620,335,1,6359823
DH08620,417,3,1927702
DH08621,350,1,12090591
DH08621,391,1,14598944
DH08621,448,1,1655313
DH08622,176,1,12520307
DH08623,178,1,25162917
DH08623,325,3,16561482
DH08623,289,2,4921805
DH08624,192,2,10036440
DH08625,474,3,13191529
DH08626,214,3,21742788
DH08627,116,3,17991157
DH08628,178,1,25162917
DH08628,264,2,7333700
DH08629,73,1,13467563
DH08629,10,2,8245338
DH08630,233,3,5799781
DH08630,402,3,14448552
DH08631,328,3,19906025
DH08631,246,1,4574511
DH08631,490,3,24697745
DH08632,113,3,9188480
DH08632,379,1,11024419
DH08633,345,1,24716330
DH08633,86,1,8568170
DH08633,183,1,25583781
DH08634,311,3,20701272
DH08634,477,2,17019502
DH08635,334,1,7901528
DH08635,180,2,5187803
DH08636,272,3,15085613
DH08636,102,3,13562744
DH08637,297,3,3729757
DH08637,373,2,17596085
DH08638,328,2,19906025
DH08638,310,2,10351478
DH08639,409,2,25383281
DH08640,157,1,10354320
DH08641,6,2,15618829
DH08641,35,2,5481589
DH08641,464,1,10451249
DH08642,375,1,22543381
DH08642,235,2,1672401
DH08643,121,2,22194333
DH08643,173,1,8932665
DH08643,39,1,5958851
DH08644,173,3,8932665
DH08644,420,3,7580608
DH08645,336,3,20788903
DH08645,101,2,4709001
DH08646,467,1,6408461
DH08646,180,1,5187803
DH08647,500,3,12716509
DH08647,331,2,16419785
DH08647,464,3,10451249
DH08648,283,1,9498824
DH08649,227,1,23575212
DH08649,78,1,10074989
DH08650,292,1,15283078
DH08650,358,3,8803419
DH08650,319,2,17175754
DH08651,439,2,11444083
DH08651,475,1,23514632
DH08652,344,1,15192156
DH08652,359,2,18193067
DH08652,491,3,23791756
DH08653,209,2,11044537
DH08653,90,2,19909796
DH08654,322,2,4789634
DH08655,84,1,5916601
DH08655,234,3,12378563
DH08655,48,1,10369706
DH08656,252,3,18216160
DH08656,486,2,14815928
DH08656,443,3,15873432
DH08657,312,3,22250953
DH08657,321,1,9556944
DH08658,317,1,3451035
DH08658,402,3,14448552
DH08658,81,1,11760834
DH08659,182,1,19817463
DH08659,444,3,24721344
DH08659,344,3,15192156
DH08660,472,1,24725902
DH08660,19,2,6165758
DH08660,325,3,16561482
DH08661,68,1,14423549
DH08662,63,2,25365618
DH08662,378,1,5459248
DH08663,104,3,21205978
DH08663,135,3,18508141
DH08663,235,3,1672401
DH08664,138,1,24036792
DH08664,293,2,5223702
DH08664,149,2,20816892
DH08665,419,2,14450529
DH08665,353,3,17335247
DH08666,100,3,3300603
DH08667,62,1,17040933
DH08667,72,2,11915298
DH08667,151,1,14524360
DH08668,186,1,11833611
DH08668,39,3,5958851
DH08669,246,1,4574511
DH08670,493,3,5355143
DH08670,251,2,11288407
DH08671,64,2,9718506
DH08672,81,2,11760834
DH08673,469,1,24833142
DH08673,62,3,17040933
DH08674,472,2,24725902
DH08674,228,1,9625566
DH08674,98,2,25849081
DH08675,190,2,19493368
DH08675,165,3,25319024
DH08675,121,3,22194333
DH08676,489,2,23457899
DH08677,416,2,17524717
DH08677,80,1,15432098
DH08677,300,3,20713031
DH08678,207,3,11794425
DH08679,216,1,13741880
DH08680,333,2,4723884
DH08681,67,1,2603224
DH08682,453,2,24897288
DH08682,411,3,15292733
DH08682,410,2,12647688
DH08683,66,1,9292701
DH08683,500,3,12716509
DH08684,143,3,5091764
DH08684,40,3,13768783
DH08684,254,3,7786382
DH08685,83,2,10278942
DH08685,429,2,13157569
DH08686,178,1,25162917
DH08687,164,3,12450217
DH08688,120,2,23629104
DH08689,231,1,7056866
DH08690,256,2,7503626
DH08690,31,3,19561998
DH08691,146,3,19268450
DH08691,210,1,20061356
DH08692,399,3,2042288
DH08692,265,2,18875655
DH08692,360,3,17479616
DH08693,53,1,18088695
DH08693,91,2,20666588
DH08693,119,2,13510580
DH08694,95,3,17932883
DH08694,80,2,15432098
DH08695,88,2,15268123
DH08695,193,1,12107524
DH08695,408,3,17462807
DH08696,347,2,10484449
DH08696,450,3,19208894
DH08697,239,1,9904462
DH08697,30,3,22850493
DH08697,368,3,21192004
DH08698,361,3,2131412
DH08698,223,3,2575778
DH08698,194,2,10519150
DH08699,431,3,3483711
DH08699,339,1,7585126
DH08699,448,3,1655313
DH08700,128,2,5789660
DH08700,386,1,11489944
DH08701,495,3,24537951
DH08702,440,2,21263667
DH08702,263,3,5779215
DH08703,310,1,10351478
DH08704,79,3,5712887
DH08704,268,1,20509489
DH08705,116,2,17991157
DH08705,295,2,2326130
DH08706,145,1,13595803
DH08707,150,3,22175650
DH08707,211,1,19060983
DH08708,61,3,11543600
DH08709,36,1,4440658
DH08709,5,2,6035905
DH08709,42,3,4888990
DH08710,239,2,9904462
DH08710,390,3,7428418
DH08711,272,1,15085613
DH08712,138,3,24036792
DH08712,87,2,1388487
DH08713,16,1,1902478
DH08713,79,1,5712887
DH08714,151,3,14524360
DH08714,199,3,15317157
DH08715,140,2,13589526
DH08715,120,1,23629104
DH08715,234,1,12378563
DH08716,315,3,7916762
DH08716,159,2,18319776
DH08716,376,1,7479061
DH08717,447,3,13793804
DH08717,102,2,13562744
DH08718,14,1,7886377
DH08718,26,2,23522794
DH08718,419,3,14450529
DH08719,34,1,21526031
DH08719,174,3,24577473
DH08720,329,3,13517918
DH08720,354,2,14109722
DH08720,38,2,25625870
DH08721,470,1,2362889
DH08721,460,1,15973168
DH08721,141,2,22227393
DH08722,378,2,5459248
DH08722,355,1,19241391
DH08722,87,3,1388487
DH08723,44,3,12890144
DH08724,125,3,13225929
DH08724,180,2,5187803
DH08724,456,1,1907183
DH08725,380,1,7759711
DH08725,140,1,13589526
DH08726,383,2,21556385
DH08726,109,3,8310763
DH08726,273,3,13267090
DH08727,334,1,7901528
DH08727,465,2,24131257
DH08727,263,3,5779215
DH08728,29,3,8608366
DH08729,402,3,14448552
DH08729,376,2,7479061
DH08729,10,1,8245338
DH08730,175,3,4766108
DH08730,29,1,8608366
DH08731,239,1,9904462
DH08731,243,2,9384883
DH08732,255,1,11357464
DH08732,142,1,23627613
DH08732,475,3,23514632
DH08733,175,2,4766108
DH08733,346,1,15198565
DH08734,432,2,25961408
DH08734,472,1,24725902
DH08734,90,1,19909796
DH08735,45,1,22446227
DH08735,435,1,4349985
DH08735,150,1,22175650
DH08736,461,3,13898840
DH08736,302,2,1904905
DH08737,428,2,8623074
DH08737,285,3,6209359
DH08737,296,2,7282780
DH08738,481,3,11804603
DH08738,435,2,4349985
DH08739,432,1,25961408
DH08739,76,1,25092737
DH08739,405,3,6786774
DH08740,435,3,4349985
DH08741,461,2,13898840
DH08742,305,3,19848099
DH08742,282,1,9983595
DH08743,194,3,10519150
DH08744,422,1,12003004
DH08744,232,3,17350864
DH08744,23,3,18730487
DH08745,245,1,11838005
DH08746,409,2,25383281
DH08746,159,1,18319776
DH08747,286,1,3106273
DH08747,359,1,18193067
DH08747,276,3,11889649
DH08748,376,1,7479061
DH08748,486,1,14815928
DH08748,276,3,11889649
DH08749,340,2,2512853
DH08749,386,2,11489944
DH08750,451,1,18801455
DH08750,362,2,18686057
DH08751,326,3,10657286
DH08752,408,3,17462807
DH08752,428,3,8623074
DH08753,179,3,23021297
DH08753,305,2,19848099
DH08754,306,2,9109540
DH08755,148,1,24016044
DH08755,133,2,25260384
DH08755,238,1,8768981
DH08756,378,2,5459248
DH08757,353,1,17335247
DH08758,409,2,25383281
DH08758,435,1,4349985
DH08759,202,2,10502987
DH08759,162,2,16154689
DH08760,456,1,1907183
DH08760,296,1,7282780
DH08760,302,3,1904905
DH08761,36,1,4440658
DH08762,317,1,3451035
DH08762,214,3,21742788
DH08762,174,3,24577473
DH08763,80,1,15432098
DH08763,252,2,18216160
DH08764,292,2,15283078
DH08764,176,1,12520307
DH08764,278,1,16871480
DH08765,467,1,6408461
DH08766,99,3,22557878
DH08766,370,1,16487087
DH08766,261,1,8666850
DH08767,472,2,24725902
DH08768,147,3,13624031
DH08768,122,3,18283116
DH08768,452,3,6422656
DH08769,498,2,19498927
DH08769,22,2,24114298
DH08770,78,2,10074989
DH08770,15,2,21879885
DH08771,441,2,18385006
DH08772,379,2,11024419
DH08772,111,1,5190528
DH08772,44,2,12890144
DH08773,34,2,21526031
DH08774,356,2,23139278
DH08774,143,2,5091764
DH08774,253,1,9232276
DH08775,236,3,25624479
DH08775,89,2,15656852
DH08776,270,3,15138021
DH08777,142,3,23627613
DH08778,389,2,2247745
DH08778,274,3,8049917
DH08778,32,3,16788448
DH08779,16,1,1902478
DH08780,215,3,22688954
DH08780,210,3,20061356
DH08781,4,3,2033327
DH08781,407,3,22242654
DH08782,434,1,20511341
DH08782,2,2,2619639
DH08783,322,3,4789634
DH08783,307,1,2970393
DH08783,131,3,2156224
DH08784,11,2,10235878
DH08785,105,2,9768220
DH08786,386,3,11489944
DH08786,379,3,11024419
DH08787,316,2,19653730
DH08787,121,2,22194333
DH08788,22,2,24114298
DH08788,96,3,2158473
DH08788,390,1,7428418
DH08789,113,1,9188480
DH08789,345,3,24716330
DH08789,164,2,12450217
DH08790,488,1,1330310
DH08790,455,3,2445683
DH08790,491,1,23791756
DH08791,392,1,2439684
DH08791,358,2,8803419
DH08792,405,3,6786774
DH08792,191,2,2180855
DH08793,467,2,6408461
DH08794,26,2,23522794
DH08794,226,2,24912858
DH08794,59,1,11020945
DH08795,176,1,12520307
DH08795,78,1,10074989
DH08796,414,2,8838663
DH08796,445,3,3753037
DH08797,479,2,24995661
DH08798,424,2,19568438
DH08798,211,2,19060983
DH08798,496,1,14220784
DH08799,419,3,14450529
DH08800,297,1,3729757
DH08800,500,2,12716509
DH08801,426,2,22978827
DH08801,232,1,17350864
DH08802,176,2,12520307
DH08802,450,1,19208894
DH08802,50,2,16126277
DH08803,277,2,20673499
DH08803,98,3,25849081
DH08804,471,1,25755884
DH08804,196,3,9383000
DH08805,1,3,5597326
DH08805,22,2,24114298
DH08806,75,2,1572912
DH08807,479,3,24995661
DH08808,480,2,9066937
DH08809,418,3,6732468
DH08809,270,1,15138021
DH08810,15,3,21879885
DH08810,129,2,7748973
DH08810,65,1,20123002
DH08811,120,2,23629104
DH08811,398,1,4672398
DH08811,434,1,20511341
DH08812,32,1,16788448
DH08812,27,3,12159304
DH08813,80,2,15432098
DH08813,232,1,17350864
DH08814,346,3,15198565
DH08814,376,3,7479061
DH08814,37,2,24694673
DH08815,197,1,1767828
DH08816,494,3,4606985
DH08816,242,3,1536406
DH08817,183,1,25583781
DH08817,40,3,13768783
DH08817,142,2,23627613
DH08818,80,2,15432098
DH08818,43,3,14663576
DH08819,235,1,1672401
DH08820,468,2,21281263
DH08821,353,1,17335247
DH08822,481,2,11804603
DH08822,26,2,23522794
DH08822,100,2,3300603
DH08823,288,3,11145011
DH08824,17,3,11252793
DH08825,457,3,24221919
DH08825,279,1,22313060
DH08826,11,2,10235878
DH08826,266,1,8991711
DH08826,197,1,1767828
DH08827,81,1,11760834
DH08827,134,2,24009450
DH08828,2,2,2619639
DH08828,274,3,8049917
DH08828,302,1,1904905
DH08829,186,1,11833611
DH08829,418,3,6732468
DH08829,389,1,2247745
DH08830,271,3,8962577
DH08831,247,3,14840560
DH08831,118,3,6945092
DH08832,78,3,10074989
DH08832,102,1,13562744
DH08833,170,1,18830250
DH08834,337,3,16155694
DH08834,162,1,16154689
DH08834,74,1,2460854
DH08835,149,2,20816892
DH08836,315,3,7916762
DH08836,439,1,11444083
DH08837,292,1,15283078
DH08837,241,1,14883376
DH08837,337,2,16155694
DH08838,480,1,9066937
DH08839,87,1,1388487
DH08840,90,2,19909796
DH08840,138,3,24036792
DH08840,337,3,16155694
DH08841,41,1,23214519
DH08842,392,3,2439684
DH08842,5,1,6035905
DH08842,315,1,7916762
DH08843,235,1,1672401
DH08843,245,1,11838005
DH08844,376,3,7479061
DH08845,357,1,4857102
DH08845,498,3,19498927
DH08845,430,1,11677101
DH08846,200,2,25326262
DH08846,294,2,20611090
DH08846,220,3,21154109
DH08847,239,2,9904462
DH08847,125,3,13225929
DH08847,52,1,14404540
DH08848,399,2,2042288
DH08848,51,3,18354531
DH08848,200,2,25326262
DH08849,452,1,6422656
DH08850,368,3,21192004
DH08850,226,2,24912858
DH08851,212,2,9801647
DH08851,181,2,1690676
DH08851,19,1,6165758
DH08852,2,3,2619639
DH08852,101,3,4709001
DH08853,180,1,5187803
DH08853,414,2,8838663
DH08853,292,1,15283078
DH08854,149,1,20816892
DH08854,173,1,8932665
DH08854,108,2,16704100
DH08855,463,3,14123822
DH08855,173,1,8932665
DH08855,270,2,15138021
DH08856,57,1,19310306
DH08856,36,1,4440658
DH08856,338,2,11491142
DH08857,78,1,10074989
DH08857,40,2,13768783
DH08857,418,1,6732468
DH08858,264,2,7333700
DH08858,469,3,24833142
DH08858,35,2,5481589
DH08859,491,3,23791756
DH08859,462,1,16447832
DH08860,479,1,24995661
DH08861,279,1,22313060
DH08861,216,3,13741880
DH08862,444,1,24721344
DH08862,73,2,13467563
DH08862,72,1,11915298
DH08863,332,1,16273428
DH08863,421,1,22589235
DH08863,226,1,24912858
DH08864,80,3,15432098
DH08864,1,1,5597326
DH08865,66,3,9292701
DH08865,347,2,10484449
DH08865,13,1,24933847
DH08866,422,3,12003004
DH08867,310,2,10351478
DH08868,451,1,18801455
DH08868,126,3,7453646
DH08868,385,3,9022052
DH08869,434,3,20511341
DH08869,448,2,1655313
DH08869,102,2,13562744
DH08870,234,2,12378563
DH08871,61,3,11543600
DH08871,348,3,16075438
DH08872,142,2,23627613
DH08872,326,1,10657286
DH08873,338,2,11491142
DH08874,488,3,1330310
DH08875,229,1,5955017
DH08875,368,3,21192004
DH08876,228,2,9625566
DH08876,208,2,16507221
DH08876,364,3,14254399
DH08877,3,3,23951194
DH08878,73,2,13467563
DH08878,24,1,1688485
DH08879,11,1,10235878
DH08879,31,1,19561998
DH08880,17,2,11252793
DH08880,280,1,25571963
DH08880,350,1,12090591
DH08881,136,2,13200645
DH08881,446,3,10227214
DH08881,484,2,9546339
DH08882,285,1,6209359
DH08882,350,1,12090591
DH08883,359,3,18193067
DH08883,115,2,24228127
DH08884,73,1,13467563
DH08885,263,2,5779215
DH08886,247,2,14840560
DH08886,40,3,13768783
DH08886,155,1,23734363
DH08887,436,3,8088441
DH08887,62,3,17040933
DH08887,299,2,10443833
DH08888,194,1,10519150
DH08888,282,3,9983595
DH08889,335,2,6359823
DH08889,51,2,18354531
DH08889,128,2,5789660
DH08890,86,1,8568170
DH08891,438,3,19966047
DH08891,118,1,6945092
DH08891,256,3,7503626
DH08892,468,3,21281263
DH08893,286,2,3106273
DH08893,319,1,17175754
DH08894,279,3,22313060
DH08895,276,3,11889649
DH08895,214,2,21742788
DH08895,392,3,2439684
DH08896,246,3,4574511
DH08896,308,3,23205555
DH08897,24,3,1688485
DH08897,386,3,11489944
DH08897,282,2,9983595
DH08898,144,1,6059706
DH08899,194,3,10519150
DH08899,228,3,9625566
DH08900,360,1,17479616
DH08900,477,3,17019502
DH08900,372,2,11933021
DH08901,356,3,23139278
DH08901,72,3,11915298
DH08902,125,3,13225929
DH08903,364,2,14254399
DH08903,180,3,5187803
DH08904,262,2,15404344
DH08905,215,3,22688954
DH08905,420,1,7580608
DH08906,174,1,24577473
DH08906,315,2,7916762
DH08906,313,3,2770705
DH08907,250,2,5901364
DH08907,459,2,21165935
DH08907,316,1,19653730
DH08908,246,1,4574511
DH08909,281,3,6520993
DH08909,243,3,9384883
DH08910,226,2,24912858
DH08910,422,1,12003004
DH08910,169,2,25706307
DH08911,22,2,24114298
DH08912,133,3,25260384
DH08913,256,2,7503626
DH08913,333,1,4723884
DH08913,376,3,7479061
DH08914,151,3,14524360
DH08915,492,2,8668431
DH08915,336,1,20788903
DH08915,173,2,8932665
DH08916,429,2,13157569
DH08916,45,2,22446227
DH08917,324,2,5235456
DH08917,257,2,22709217
DH08918,128,1,5789660
DH08918,303,3,19460829
DH08919,394,1,14325309
DH08919,32,3,16788448
DH08920,51,1,18354531
DH08921,282,2,9983595
DH08922,297,3,3729757
DH08922,261,2,8666850
DH08922,131,2,2156224
DH08923,178,1,25162917
DH08924,326,1,10657286
DH08925,416,1,17524717
DH08925,141,2,22227393
DH08925,444,1,24721344
DH08926,282,1,9983595
DH08926,124,1,18670083
DH08927,491,3,23791756
DH08927,409,3,25383281
DH08928,18,3,8089438
DH08929,202,2,10502987
DH08929,318,2,23570935
DH08930,204,2,6098253
DH08931,488,2,1330310
DH08931,350,1,12090591
DH08932,275,3,1991880
DH08932,211,1,19060983
DH08933,482,3,25397322
DH08933,53,2,18088695
DH08934,453,1,24897288
DH08935,66,1,9292701
DH08936,182,1,19817463
DH08936,134,1,24009450
DH08936,296,1,7282780
DH08937,452,2,6422656
DH08937,190,1,19493368
DH08938,328,3,19906025
DH08938,276,1,11889649
DH08938,137,2,20559073
DH08939,201,1,14510585
DH08940,340,3,2512853
DH08940,308,2,23205555
DH08941,172,2,11563207
DH08941,485,2,2937854
DH08942,187,3,8866140
DH08943,486,2,14815928
DH08944,435,3,4349985
DH08944,65,1,20123002
DH08945,192,2,10036440
DH08946,339,3,7585126
DH08946,112,2,21786528
DH08947,418,3,6732468
DH08947,39,2,5958851
DH08947,346,1,15198565
DH08948,210,3,20061356
DH08948,357,2,4857102
DH08949,165,2,25319024
DH08949,307,2,2970393
DH08950,195,1,2797518
DH08950,400,1,19389256
DH08951,97,1,20721508
DH08952,483,3,9287345
DH08952,219,1,20274689
DH08952,366,3,7038014
DH08953,350,1,12090591
DH08953,356,2,23139278
DH08954,42,3,4888990
DH08955,71,2,20920065
DH08956,299,3,10443833
DH08956,104,2,21205978
DH08957,137,2,20559073
DH08958,125,2,13225929
DH08959,135,2,18508141
DH08960,457,2,24221919
DH08960,27,3,12159304
DH08960,432,1,25961408
DH08961,187,3,8866140
DH08961,108,2,16704100
DH08962,255,2,11357464
DH08962,322,2,4789634
DH08962,45,3,22446227
DH08963,253,3,9232276
DH08964,308,2,23205555
DH08965,442,2,14674667
DH08966,84,3,5916601
DH08967,148,3,24016044
DH08967,362,3,18686057
DH08968,240,1,23483447
DH08968,34,2,21526031
DH08969,289,3,4921805
DH08969,393,1,15902198
DH08970,130,3,8364943
DH08970,138,3,24036792
DH08970,148,2,24016044
DH08971,370,2,16487087
DH08972,464,1,10451249
DH08972,88,1,15268123
DH08972,218,3,7876105
DH08973,360,1,17479616
DH08973,156,1,23900042
DH08974,330,2,21871930
DH08974,387,3,3436274
DH08974,16,1,1902478
DH08975,370,2,16487087
DH08975,170,3,18830250
DH08976,40,1,13768783
DH08977,76,3,25092737
DH08977,192,1,10036440
DH08978,166,2,17284447
DH08978,382,2,23997672
DH08979,37,1,24694673
DH08979,257,2,22709217
DH08980,336,3,20788903
DH08980,23,2,18730487
DH08981,387,2,3436274
DH08981,109,3,8310763
DH08981,223,2,2575778
DH08982,418,2,6732468
DH08983,52,2,14404540
DH08984,157,1,10354320
DH08985,391,1,14598944
DH08985,46,2,13724985
DH08985,11,2,10235878
DH08986,357,2,4857102
DH08986,292,1,15283078
DH08986,221,2,18603561
DH08987,292,2,15283078
DH08988,237,2,5969756
DH08988,151,1,14524360
DH08988,412,1,5966347
DH08989,339,3,7585126
DH08989,491,1,23791756
DH08989,485,2,2937854
DH08990,29,2,8608366
DH08990,155,2,23734363
DH08991,404,1,24793579
DH08991,297,3,3729757
DH08991,202,2,10502987
DH08992,127,2,23583550
DH08993,320,3,13927009
DH08993,88,3,15268123
DH08994,209,1,11044537
DH08995,157,1,10354320
DH08996,119,2,13510580
DH08997,434,3,20511341
DH08997,33,2,16395207
DH08998,169,3,25706307
DH08998,420,1,7580608
DH08999,361,3,2131412
DH09000,138,2,24036792
DH09000,79,3,5712887
DH09000,483,1,9287345
DH09001,101,2,4709001
DH09001,434,3,20511341
DH09001,301,1,23179464
DH09002,381,3,3635754
DH09002,95,3,17932883
DH09002,479,2,24995661
DH09003,325,2,16561482
DH09003,87,2,1388487
DH09003,86,1,8568170
DH09004,255,1,11357464
DH09004,325,2,16561482
DH09005,108,3,16704100
DH09005,234,3,12378563
DH09006,294,2,20611090
DH09006,272,2,15085613
DH09006,327,2,6561107
DH09007,221,1,18603561
DH09007,307,2,2970393
DH09007,31,2,19561998
DH09008,489,2,23457899
DH09008,62,2,17040933
DH09008,121,2,22194333
DH09009,193,1,12107524
DH09009,165,3,25319024
DH09010,289,2,4921805
DH09010,61,2,11543600
DH09010,205,2,11351137
DH09011,255,1,11357464
DH09012,441,1,18385006
DH09013,162,1,16154689
DH09013,239,3,9904462
DH09014,260,1,5169564
DH09014,264,3,7333700
DH09015,236,3,25624479
DH09015,332,2,16273428
DH09015,67,2,2603224
DH09016,141,3,22227393
DH09017,235,1,1672401
DH09018,82,2,6348395
DH09018,335,2,6359823
DH09018,229,2,5955017
DH09019,251,1,11288407
DH09020,88,2,15268123
DH09020,381,3,3635754
DH09020,306,2,9109540
DH09021,106,2,3358747
DH09021,323,1,8114299
DH09021,482,2,25397322
DH09022,146,3,19268450
DH09022,72,1,11915298
DH09023,45,3,22446227
DH09023,298,3,19424399
DH09023,337,3,16155694
DH09024,338,2,11491142
DH09024,204,2,6098253
DH09024,292,3,15283078
DH09025,253,3,9232276
DH09026,271,1,8962577
DH09026,373,2,17596085
DH09026,438,3,19966047
DH09027,366,1,7038014
DH09027,215,1,22688954
DH09028,242,1,1536406
DH09028,178,3,25162917
DH09028,23,3,18730487
DH09029,468,2,21281263
DH09030,8,2,16791775
DH09031,330,1,21871930
DH09031,39,3,5958851
DH09032,423,2,11205935
DH09033,452,3,6422656
DH09033,352,3,22014922
DH09034,466,1,16269792
DH09034,182,1,19817463
DH09035,49,1,10127878
DH09036,71,3,20920065
DH09037,109,2,8310763
DH09037,360,3,17479616
DH09038,262,3,15404344
DH09038,486,1,14815928
DH09038,385,1,9022052
DH09039,363,1,13943365
DH09039,6,3,15618829
DH09039,447,2,13793804
DH09040,457,3,24221919
DH09040,219,2,20274689
DH09041,281,1,6520993
DH09041,300,3,20713031
DH09041,398,1,4672398
DH09042,181,3,1690676
DH09042,399,3,2042288
DH09042,109,3,8310763
DH09043,269,1,13567100
DH09043,342,1,3872319
DH09043,173,1,8932665
DH09044,277,3,20673499
DH09045,278,2,16871480
DH09045,82,1,6348395
DH09045,437,2,20884762
DH09046,175,1,4766108
DH09046,264,1,7333700
DH09046,224,1,17686916
DH09047,414,3,8838663
DH09048,62,2,17040933
DH09049,488,1,1330310
DH09049,243,3,9384883
DH09050,317,2,3451035
DH09050,102,2,13562744
DH09051,160,2,7269450
DH09051,106,1,3358747
DH09051,45,3,22446227
DH09052,362,2,18686057
DH09052,32,3,16788448
DH09052,97,3,20721508
DH09053,441,3,18385006
DH09053,143,1,5091764
DH09054,355,3,19241391
DH09054,254,1,7786382
DH09055,114,2,5461510
DH09055,271,2,8962577
DH09055,24,3,1688485
DH09056,434,2,20511341
DH09056,133,3,25260384
DH09056,121,3,22194333
DH09057,451,3,18801455
DH09057,291,3,19063989
DH09058,406,2,1821869
DH09059,240,1,23483447
DH09060,443,1,15873432
DH09060,205,1,11351137
DH09061,151,3,14524360
DH09062,133,2,25260384
DH09062,256,1,7503626
DH09062,411,3,15292733
DH09063,306,3,9109540
DH09063,49,3,10127878
DH09063,385,1,9022052
DH09064,375,2,22543381
DH09064,371,1,15596681
DH09064,305,2,19848099
DH09065,455,1,2445683
DH09066,190,3,19493368
DH09066,42,1,4888990
DH09066,366,2,7038014
DH09067,297,1,3729757
DH09068,187,1,8866140
DH09068,144,3,6059706
DH09068,273,3,13267090
DH09069,488,3,1330310
DH09069,47,3,2363748
DH09069,364,1,14254399
DH09070,386,1,11489944
DH09071,192,2,10036440
DH09071,111,3,5190528
DH09071,364,3,14254399
DH09072,262,3,15404344
DH09072,209,2,11044537
DH09072,272,1,15085613
DH09073,496,3,14220784
DH09073,384,1,7946719
DH09074,75,3,1572912
DH09074,306,1,9109540
DH09075,414,1,8838663
DH09075,281,1,6520993
DH09075,286,2,3106273
DH09076,424,2,19568438
DH09076,231,3,7056866
DH09077,17,1,11252793
DH09078,438,1,19966047
DH09079,181,1,1690676
DH09080,258,3,12909089
DH09080,286,3,3106273
DH09080,433,3,2223429
DH09081,122,3,18283116
DH09081,384,2,7946719
DH09081,256,2,7503626
DH09082,238,3,8768981
DH09083,240,1,23483447
DH09083,427,3,12881666
DH09084,237,2,5969756
DH09085,460,3,15973168
DH09086,377,3,12231914
DH09086,329,1,13517918
DH09087,3,2,23951194
DH09087,282,1,9983595
DH09088,174,3,24577473
DH09089,247,1,14840560
DH09089,105,1,9768220
DH09090,300,2,20713031
DH09090,251,3,11288407
DH09090,232,1,17350864
DH09091,463,2,14123822
DH09092,319,3,17175754
DH09092,188,3,2213985
DH09093,308,3,23205555
DH09093,234,3,12378563
DH09094,482,3,25397322
DH09094,410,2,12647688
DH09095,246,2,4574511
DH09095,496,1,14220784
DH09096,334,2,7901528
DH09097,397,3,23886813
DH09097,144,1,6059706
DH09098,475,3,23514632
DH09098,9,1,2348573
DH09098,353,1,17335247
DH09099,267,1,20768736
DH09100,169,1,25706307
DH09101,250,2,5901364
DH09101,131,1,2156224
DH09101,260,1,5169564
DH09102,230,1,4583309
DH09102,262,1,15404344
DH09102,379,1,11024419
DH09103,80,3,15432098
DH09104,302,3,1904905
DH09105,180,2,5187803
DH09105,92,1,11092983
DH09106,335,3,6359823
DH09107,273,2,13267090
DH09107,89,1,15656852
DH09107,304,3,24317139
DH09108,361,2,2131412
DH09109,121,2,22194333
DH09110,486,2,14815928
DH09110,177,3,6101695
DH09111,327,3,6561107
DH09111,405,2,6786774
DH09112,458,3,3104580
DH09113,215,3,22688954
DH09114,456,1,1907183
DH09114,249,1,12650029
DH09114,415,2,23483261
DH09115,191,2,2180855
DH09115,304,2,24317139
DH09116,460,1,15973168
DH09116,300,3,20713031
DH09116,304,2,24317139
DH09117,91,1,20666588
DH09117,63,1,25365618
DH09118,397,2,23886813
DH09118,198,1,13851809
DH09119,37,1,24694673
DH09119,424,1,19568438
DH09120,369,3,10752264
DH09120,27,2,12159304
DH09120,455,3,2445683
DH09121,94,1,4892461
DH09121,306,1,9109540
DH09121,39,2,5958851
DH09122,30,3,22850493
DH09123,335,2,6359823
DH09123,490,2,24697745
DH09124,204,1,6098253
DH09124,11,2,10235878
DH09124,301,2,23179464
DH09125,463,2,14123822
DH09125,183,1,25583781
DH09126,315,1,7916762
DH09126,493,3,5355143
DH09126,246,3,4574511
DH09127,454,2,24379043
DH09127,177,3,6101695
DH09128,126,3,7453646
DH09128,106,3,3358747
DH09128,470,2,2362889
DH09129,316,1,19653730
DH09129,443,2,15873432
DH09129,250,3,5901364
DH09130,373,3,17596085
DH09130,340,1,2512853
DH09130,429,3,13157569
DH09131,450,1,19208894
DH09132,49,2,10127878
DH09132,376,3,7479061
DH09133,478,1,8623329
DH09133,1,2,5597326
DH09134,169,1,25706307
DH09135,264,3,7333700
DH09135,263,1,5779215
DH09135,98,1,25849081
DH09136,447,2,13793804
DH09136,400,3,19389256
DH09136,370,1,16487087
DH09137,33,1,16395207
DH09137,279,1,22313060
DH09138,125,2,13225929
DH09139,296,3,7282780
DH09139,365,1,15480351
DH09139,350,3,12090591
DH09140,166,1,17284447
DH09140,330,3,21871930
DH09140,345,2,24716330
DH09141,289,1,4921805
DH09141,373,2,17596085
DH09141,256,1,7503626
DH09142,478,3,8623329
DH09142,197,2,1767828
DH09142,132,3,16198314
DH09143,45,3,22446227
DH09143,306,3,9109540
DH09144,54,2,18474415
DH09144,371,3,15596681
DH09144,377,1,12231914
DH09145,238,1,8768981
DH09145,154,3,5917692
DH09146,343,3,17874359
DH09146,216,2,13741880
DH09147,271,2,8962577
DH09147,41,3,23214519
DH09147,497,1,20532926
DH09148,241,1,14883376
DH09148,259,2,2352165
DH09148,82,2,6348395
DH09149,159,3,18319776
DH09149,418,1,6732468
DH09149,337,3,16155694
DH09150,14,2,7886377
DH09150,303,3,19460829
DH09151,348,1,16075438
DH09152,447,2,13793804
DH09152,104,1,21205978
DH09153,281,1,6520993
DH09154,297,3,3729757
DH09154,32,2,16788448
DH09154,413,1,19949073
DH09155,364,2,14254399
DH09156,206,2,9160201
DH09156,378,3,5459248
DH09156,187,1,8866140
DH09157,50,3,16126277
DH09157,39,1,5958851
DH09157,299,3,10443833
DH09158,274,3,8049917
DH09158,150,1,22175650
DH09159,252,2,18216160
DH09159,133,2,25260384
DH09159,23,1,18730487
DH09160,315,1,7916762
DH09160,468,1,21281263
DH09160,208,1,16507221
DH09161,110,1,2655742
DH09162,124,3,18670083
DH09163,314,1,21535304
DH09163,264,3,7333700
DH09163,374,2,17616582
DH09164,54,1,18474415
DH09165,448,3,1655313
DH09166,129,2,7748973
DH09166,413,2,19949073
DH09167,66,3,9292701
DH09167,448,1,1655313
DH09168,160,1,7269450
DH09168,375,3,22543381
DH09169,193,3,12107524
DH09169,325,2,16561482
DH09169,252,2,18216160
DH09170,377,2,12231914
DH09170,36,2,4440658
DH09170,82,1,6348395
DH09171,80,3,15432098
DH09171,195,1,2797518
DH09172,88,1,15268123
DH09172,394,2,14325309
DH09173,243,3,9384883
DH09173,365,3,15480351
DH09174,182,3,19817463
DH09174,492,3,8668431
DH09174,457,3,24221919
DH09175,435,1,4349985
DH09175,207,3,11794425
DH09176,447,2,13793804
DH09177,293,2,5223702
DH09178,37,2,24694673
DH09179,299,2,10443833
DH09179,242,2,1536406
DH09180,178,2,25162917
DH09181,481,1,11804603
DH09181,87,2,1388487
DH09181,333,2,4723884
DH09182,174,1,24577473
DH09183,42,3,4888990
DH09183,292,3,15283078
DH09183,434,3,20511341
DH09184,141,3,22227393
DH09185,104,1,21205978
DH09186,316,2,19653730
DH09187,28,2,8340920
DH09188,252,2,18216160
DH09189,65,1,20123002
DH09190,394,1,14325309
DH09191,4,2,2033327
DH09191,65,1,20123002
DH09192,229,2,5955017
DH09192,494,3,4606985
DH09193,44,1,12890144
DH09193,130,2,8364943
DH09193,131,3,2156224
DH09194,404,3,24793579
DH09195,108,1,16704100
DH09196,200,3,25326262
DH09196,363,3,13943365
DH09196,490,1,24697745
DH09197,219,2,20274689
DH09197,255,1,11357464
DH09197,44,3,12890144
DH09198,290,3,14771023
DH09199,116,3,17991157
DH09199,405,2,6786774
DH09199,403,2,10108987
DH09200,464,3,10451249
DH09201,187,2,8866140
DH09202,37,3,24694673
DH09202,330,1,21871930
DH09202,219,1,20274689
DH09203,493,3,5355143
DH09204,139,1,8176702
DH09205,257,1,22709217
DH09205,105,1,9768220
DH09205,108,1,16704100
DH09206,27,2,12159304
DH09206,237,2,5969756
DH09206,39,2,5958851
DH09207,234,2,12378563
DH09207,281,1,6520993
DH09208,81,1,11760834
DH09208,297,1,3729757
DH09208,27,2,12159304
DH09209,263,1,5779215
DH09210,327,3,6561107
DH09210,191,2,2180855
DH09211,74,2,2460854
DH09211,428,2,8623074
DH09212,432,3,25961408
DH09212,107,3,15707585
DH09213,10,1,8245338
DH09213,284,3,7510427
DH09214,32,2,16788448
DH09214,480,1,9066937
DH09214,196,3,9383000
DH09215,197,2,1767828
DH09216,8,1,16791775
DH09216,237,2,5969756
DH09216,144,1,6059706
DH09217,178,2,25162917
DH09217,469,3,24833142
DH09218,254,1,7786382
DH09218,232,1,17350864
DH09219,171,1,16022163
DH09219,63,1,25365618
DH09220,355,2,19241391
DH09220,53,3,18088695
DH09221,300,1,20713031
DH09221,268,1,20509489
DH09221,45,1,22446227
DH09222,414,2,8838663
DH09222,236,1,25624479
DH09222,283,3,9498824
DH09223,284,1,7510427
DH09224,189,3,21341902
DH09225,422,2,12003004
DH09226,76,2,25092737
DH09226,308,3,23205555
DH09227,226,2,24912858
DH09227,137,3,20559073
DH09227,337,1,16155694
DH09228,491,2,23791756
DH09228,196,1,9383000
DH09228,89,2,15656852
DH09229,276,1,11889649
DH09229,17,3,11252793
DH09229,453,2,24897288
DH09230,389,2,2247745
DH09231,136,1,13200645
DH09232,37,3,24694673
DH09232,103,2,17996106
DH09232,481,1,11804603
DH09233,424,2,19568438
DH09234,440,1,21263667
DH09234,325,2,16561482
DH09234,38,3,25625870
DH09235,442,1,14674667
DH09235,367,2,21910738
DH09235,392,3,2439684
DH09236,50,2,16126277
DH09236,203,2,2141244
DH09236,67,1,2603224
DH09237,470,3,2362889
DH09237,88,2,15268123
DH09238,25,1,7741025
DH09238,172,3,11563207
DH09238,380,3,7759711
DH09239,376,3,7479061
DH09239,183,2,25583781
DH09239,407,1,22242654
DH09240,234,3,12378563
DH09240,304,2,24317139
DH09240,301,2,23179464
DH09241,209,3,11044537
DH09241,144,2,6059706
DH09242,90,1,19909796
DH09242,350,1,12090591
DH09243,39,3,5958851
DH09244,483,1,9287345
DH09244,96,2,2158473
DH09245,98,1,25849081
DH09245,22,2,24114298
DH09245,34,3,21526031
DH09246,199,1,15317157
DH09246,189,1,21341902
DH09246,15,3,21879885
DH09247,145,2,13595803
DH09248,254,2,7786382
DH09249,6,3,15618829
DH09249,81,2,11760834
DH09249,458,1,3104580
DH09250,211,3,19060983
DH09251,198,1,13851809
DH09251,464,2,10451249
DH09251,349,3,19870600
DH09252,474,2,13191529
DH09252,384,3,7946719
DH09252,211,2,19060983
DH09253,258,3,12909089
DH09253,321,2,9556944
DH09253,82,3,6348395
DH09254,255,1,11357464
DH09255,82,3,6348395
DH09255,127,1,23583550
DH09256,169,2,25706307
DH09256,405,1,6786774
DH09256,105,3,9768220
DH09257,432,1,25961408
DH09257,315,3,7916762
DH09257,169,3,25706307
DH09258,79,3,5712887
DH09258,308,1,23205555
DH09259,401,2,3227628
DH09259,274,3,8049917
DH09260,89,1,15656852
DH09261,447,2,13793804
DH09261,20,2,14519905
DH09262,281,2,6520993
DH09262,333,3,4723884
DH09262,435,2,4349985
DH09263,135,1,18508141
DH09263,405,1,6786774
DH09264,392,3,2439684
DH09265,334,3,7901528
DH09265,74,1,2460854
DH09266,370,2,16487087
DH09267,14,1,7886377
DH09267,351,3,13618008
DH09268,34,1,21526031
DH09268,287,3,10898911
DH09269,223,2,2575778
DH09269,180,2,5187803
DH09270,416,2,17524717
DH09271,58,2,4846247
DH09272,298,2,19424399
DH09272,473,2,8143318
DH09273,104,1,21205978
DH09274,454,2,24379043
DH09274,173,2,8932665
DH09275,64,2,9718506
DH09275,5,3,6035905
DH09275,474,1,13191529
DH09276,428,2,8623074
DH09277,239,1,9904462
DH09278,16,2,1902478
DH09279,372,3,11933021
DH09279,337,3,16155694
DH09280,448,1,1655313
DH09281,232,1,17350864
DH09282,358,3,8803419
DH09282,288,3,11145011
DH09282,8,3,16791775
DH09283,46,3,13724985
DH09284,263,3,5779215
DH09284,298,3,19424399
DH09284,435,3,4349985
DH09285,110,1,2655742
DH09285,442,1,14674667
DH09285,453,1,24897288
DH09286,364,2,14254399
DH09286,253,2,9232276
DH09286,161,3,5421161
DH09287,11,1,10235878
DH09288,381,1,3635754
DH09288,167,3,19477755
DH09288,248,1,22980553
DH09289,202,2,10502987
DH09289,190,1,19493368
DH09289,136,2,13200645
DH09290,257,2,22709217
DH09290,484,1,9546339
DH09291,78,3,10074989
DH09291,251,2,11288407
DH09291,452,3,6422656
DH09292,66,1,9292701
DH09292,411,2,15292733
DH09293,23,1,18730487
DH09293,223,1,2575778
DH09294,318,1,23570935
DH09295,427,2,12881666
DH09295,216,1,13741880
DH09295,171,3,16022163
DH09296,263,1,5779215
DH09297,88,2,15268123
DH09298,444,3,24721344
DH09299,115,1,24228127
DH09299,419,1,14450529
DH09299,145,3,13595803
DH09300,32,3,16788448
DH09300,73,2,13467563
DH09301,330,2,21871930
DH09302,417,3,1927702
DH09302,380,1,7759711
DH09303,222,3,24480557
DH09304,48,3,10369706
DH09304,404,2,24793579
DH09305,294,3,20611090
DH09306,258,1,12909089
DH09307,294,1,20611090
DH09307,106,1,3358747
DH09307,344,2,15192156
DH09308,258,1,12909089
DH09308,264,1,7333700
DH09308,142,1,23627613
DH09309,54,1,18474415
DH09309,214,1,21742788
DH09310,110,2,2655742
DH09311,279,1,22313060
DH09312,120,1,23629104
DH09312,223,3,2575778
DH09313,484,3,9546339
DH09313,242,3,1536406
DH09314,26,3,23522794
DH09314,193,1,12107524
DH09315,106,1,3358747
DH09316,497,1,20532926
DH09316,230,1,4583309
DH09317,12,3,11992784
DH09317,194,1,10519150
DH09318,490,3,24697745
DH09318,57,2,19310306
DH09318,71,2,20920065
DH09319,55,3,17890818
DH09320,288,2,11145011
DH09321,150,3,22175650
DH09321,252,1,18216160
DH09322,250,2,5901364
DH09323,255,1,11357464
DH09323,209,2,11044537
DH09323,221,3,18603561
DH09324,69,1,13005856
DH09324,150,3,22175650
DH09325,15,3,21879885
DH09325,220,1,21154109
DH09326,15,1,21879885
DH09326,162,2,16154689
DH09326,103,1,17996106
DH09327,68,3,14423549
DH09327,149,2,20816892
DH09327,50,3,16126277
DH09328,423,2,11205935
DH09329,301,2,23179464
DH09329,61,3,11543600
DH09329,127,2,23583550
DH09330,368,1,21192004
DH09330,172,2,11563207
DH09330,263,3,5779215
DH09331,364,1,14254399
DH09332,126,2,7453646
DH09332,294,1,20611090
DH09333,377,1,12231914
DH09333,48,1,10369706
DH09334,357,1,4857102
DH09334,348,1,16075438
DH09334,489,2,23457899
DH09335,133,3,25260384
DH09336,297,1,3729757
DH09336,439,1,11444083
DH09336,420,1,7580608
DH09337,60,2,10296353
DH09337,63,3,25365618
DH09337,351,2,13618008
DH09338,308,3,23205555
DH09338,368,2,21192004
DH09339,419,1,14450529
DH09339,92,3,11092983
DH09339,423,3,11205935
DH09340,30,3,22850493
DH09340,167,2,19477755
DH09341,311,1,20701272
DH09341,113,3,9188480
DH09341,332,3,16273428
DH09342,263,3,5779215
DH09343,433,3,2223429
DH09343,209,1,11044537
DH09343,8,2,16791775
DH09344,346,1,15198565
DH09344,347,1,10484449
DH09344,20,1,14519905
DH09345,499,1,11225264
DH09345,277,2,20673499
DH09346,7,1,4357180
DH09346,315,1,7916762
DH09347,313,2,2770705
DH09347,435,2,4349985
DH09347,306,3,9109540
DH09348,370,2,16487087
DH09349,199,2,15317157
DH09349,59,2,11020945
DH09350,223,1,2575778
DH09350,167,2,19477755
DH09350,318,1,23570935
DH09351,213,1,9135747
DH09351,470,1,2362889
DH09352,77,2,20281855
DH09352,138,1,24036792
DH09353,335,1,6359823
DH09354,119,3,13510580
DH09354,477,2,17019502
DH09355,2,2,2619639
DH09356,464,3,10451249
DH09357,227,2,23575212
DH09357,192,3,10036440
DH09357,357,3,4857102
DH09358,219,3,20274689
DH09358,32,3,16788448
DH09359,228,3,9625566
DH09359,260,1,5169564
DH09360,479,3,24995661
DH09360,77,1,20281855
DH09361,339,2,7585126
DH09361,146,3,19268450
DH09362,217,3,21518753
DH09362,7,1,4357180
DH09363,387,1,3436274
DH09363,44,3,12890144
DH09363,195,3,2797518
DH09364,234,1,12378563
DH09364,321,2,9556944
DH09364,50,1,16126277
DH09365,301,3,23179464
DH09365,260,3,5169564
DH09366,147,2,13624031
DH09367,226,1,24912858
DH09367,239,1,9904462
DH09368,384,1,7946719
DH09368,176,2,12520307
DH09368,46,1,13724985
DH09369,346,3,15198565
DH09370,329,3,13517918
DH09370,389,1,2247745
DH09370,165,1,25319024
DH09371,422,1,12003004
DH09371,472,1,24725902
DH09371,173,3,8932665
DH09372,413,2,19949073
DH09372,30,3,22850493
DH09373,212,1,9801647
DH09373,240,3,23483447
DH09373,196,3,9383000
DH09374,304,1,24317139
DH09375,249,3,12650029
DH09375,460,3,15973168
DH09376,9,3,2348573
DH09376,310,1,10351478
DH09377,106,1,3358747
DH09378,410,3,12647688
DH09378,116,2,17991157
DH09378,263,3,5779215
DH09379,369,3,10752264
DH09379,361,2,2131412
DH09380,303,3,19460829
DH09381,117,1,1822241
DH09381,182,2,19817463
DH09381,104,1,21205978
DH09382,257,2,22709217
DH09382,359,3,18193067
DH09383,21,2,20692785
DH09383,442,2,14674667
DH09384,469,1,24833142
DH09384,190,2,19493368
DH09385,218,1,7876105
DH09386,438,3,19966047
DH09387,294,1,20611090
DH09388,467,3,6408461
DH09388,376,3,7479061
DH09389,360,2,17479616
DH09390,110,3,2655742
DH09390,480,1,9066937
DH09391,415,2,23483261
DH09392,209,1,11044537
DH09392,268,3,20509489
DH09393,52,2,14404540
DH09393,473,3,8143318
DH09394,483,2,9287345
DH09395,488,2,1330310
DH09396,258,1,12909089
DH09397,436,3,8088441
DH09397,262,1,15404344
DH09398,33,2,16395207
DH09398,125,3,13225929
DH09399,322,3,4789634
DH09399,486,2,14815928
DH09399,192,3,10036440
DH09400,463,2,14123822
DH09400,410,3,12647688
DH09400,98,3,25849081
DH09401,75,1,1572912
DH09401,367,2,21910738
DH09401,249,3,12650029
DH09402,9,1,2348573
DH09403,52,3,14404540
DH09404,7,1,4357180
DH09404,340,3,2512853
DH09404,333,1,4723884
DH09405,201,3,14510585
DH09406,19,2,6165758
DH09407,495,1,24537951
DH09407,242,3,1536406
DH09408,214,2,21742788
DH09408,377,3,12231914
DH09408,275,1,1991880
DH09409,308,3,23205555
DH09409,328,1,19906025
DH09409,225,2,17350639
DH09410,107,3,15707585
DH09410,203,3,2141244
DH09411,368,3,21192004
DH09411,263,1,5779215
DH09411,207,1,11794425
DH09412,297,2,3729757
DH09412,291,1,19063989
DH09412,171,1,16022163
DH09413,395,2,15941796
DH09413,455,3,2445683
DH09413,68,1,14423549
DH09414,304,1,24317139
DH09415,266,2,8991711
DH09415,314,2,21535304
DH09415,472,2,24725902
DH09416,199,2,15317157
DH09416,228,2,9625566
DH09417,372,3,11933021
DH09417,86,3,8568170
DH09418,331,2,16419785
DH09419,119,2,13510580
DH09419,385,1,9022052
DH09419,454,3,24379043
DH09420,286,2,3106273
DH09420,221,1,18603561
DH09421,426,2,22978827
DH09421,275,1,1991880
DH09421,171,1,16022163
DH09422,482,1,25397322
DH09423,37,1,24694673
DH09423,279,2,22313060
DH09424,62,3,17040933
DH09425,273,1,13267090
DH09426,66,2,9292701
DH09427,426,1,22978827
DH09428,361,3,2131412
DH09428,102,2,13562744
DH09428,143,2,5091764
DH09429,476,1,5610573
DH09430,472,2,24725902
DH09430,315,2,7916762
DH09431,363,2,13943365
DH09432,289,1,4921805
DH09432,131,2,2156224
DH09432,421,1,22589235
DH09433,246,1,4574511
DH09433,327,1,6561107
DH09433,100,1,3300603
DH09434,344,1,15192156
DH09434,3,2,23951194
DH09435,215,2,22688954
DH09436,96,1,2158473
DH09436,291,1,19063989
DH09437,446,3,10227214
DH09437,315,3,7916762
DH09437,283,1,9498824
DH09438,175,1,4766108
DH09438,433,2,2223429
DH09439,497,1,20532926
DH09439,197,3,1767828
DH09440,136,3,13200645
DH09440,212,3,9801647
DH09441,466,2,16269792
DH09441,30,1,22850493
DH09441,116,1,17991157
DH09442,336,1,20788903
DH09443,139,3,8176702
DH09443,142,2,23627613
DH09443,482,3,25397322
DH09444,200,1,25326262
DH09445,187,3,8866140
DH09446,24,3,1688485
DH09446,312,3,22250953
DH09447,418,2,6732468
DH09447,493,1,5355143
DH09447,305,3,19848099
DH09448,413,1,19949073
DH09448,141,2,22227393
DH09449,366,3,7038014
DH09449,253,2,9232276
DH09449,239,1,9904462
DH09450,417,1,1927702
DH09451,177,2,6101695
DH09451,495,1,24537951
DH09452,252,2,18216160
DH09453,83,3,10278942
DH09454,131,1,2156224
DH09454,457,3,24221919
DH09455,457,3,24221919
DH09456,393,1,15902198
DH09456,447,3,13793804
DH09457,341,2,24878704
DH09457,321,2,9556944
DH09458,45,3,22446227
DH09458,442,1,14674667
DH09459,10,1,8245338
DH09459,311,2,20701272
DH09460,193,1,12107524
DH09460,308,3,23205555
DH09460,229,3,5955017
DH09461,420,3,7580608
DH09461,6,1,15618829
DH09462,38,1,25625870
DH09462,404,3,24793579
DH09462,229,1,5955017
DH09463,267,2,20768736
DH09463,271,2,8962577
DH09463,105,3,9768220
DH09464,79,1,5712887
DH09465,129,2,7748973
DH09465,425,1,12382069
DH09466,212,2,9801647
DH09467,383,3,21556385
DH09468,150,1,22175650
DH09469,346,2,15198565
DH09469,126,3,7453646
DH09469,159,1,18319776
DH09470,396,1,2735462
DH09470,226,1,24912858
DH09471,372,3,11933021
DH09472,108,2,16704100
DH09473,121,2,22194333
DH09474,61,2,11543600
DH09474,314,2,21535304
DH09474,437,1,20884762
DH09475,51,1,18354531
DH09475,79,2,5712887
DH09476,47,2,2363748
DH09476,303,1,19460829
DH09477,118,3,6945092
DH09477,186,2,11833611
DH09477,46,2,13724985
DH09478,85,2,22953739
DH09478,259,3,2352165
DH09479,64,2,9718506
DH09480,108,1,16704100
DH09481,399,3,2042288
DH09482,130,2,8364943
DH09482,44,2,12890144
DH09483,112,2,21786528
DH09483,229,2,5955017
DH09484,321,3,9556944
DH09485,116,2,17991157
DH09486,280,3,25571963
DH09486,338,1,11491142
DH09487,474,1,13191529
DH09487,489,1,23457899
DH09488,99,3,22557878
DH09488,252,1,18216160
DH09488,401,2,3227628
DH09489,466,2,16269792
DH09490,307,2,2970393
DH09491,138,1,24036792
DH09492,414,3,8838663
DH09492,487,1,9625660
DH09493,132,2,16198314
DH09493,332,3,16273428
DH09493,192,2,10036440
DH09494,243,1,9384883
DH09495,431,3,3483711
DH09495,404,1,24793579
DH09496,375,2,22543381
DH09496,377,3,12231914
DH09496,221,3,18603561
DH09497,184,2,17356432
DH09497,182,1,19817463
DH09497,301,3,23179464
DH09498,235,3,1672401
DH09499,499,2,11225264
DH09499,363,2,13943365
DH09500,431,2,3483711
DH09500,129,2,7748973
DH09500,498,2,19498927
DH09501,363,3,13943365
DH09501,248,2,22980553
DH09501,225,3,17350639
DH09502,322,2,4789634
DH09502,437,1,20884762
DH09502,362,1,18686057
DH09503,414,1,8838663
DH09504,349,3,19870600
DH09505,41,2,23214519
DH09506,136,2,13200645
DH09507,184,3,17356432
DH09507,138,3,24036792
DH09507,412,2,5966347
DH09508,230,1,4583309
DH09508,441,3,18385006
DH09508,135,2,18508141
DH09509,159,2,18319776
DH09509,88,2,15268123
DH09509,374,2,17616582
DH09510,199,1,15317157
DH09511,53,3,18088695
DH09511,255,1,11357464
DH09511,167,3,19477755
DH09512,80,2,15432098
DH09513,183,2,25583781
DH09514,396,1,2735462
DH09515,292,3,15283078
DH09515,376,1,7479061
DH09515,479,1,24995661
DH09516,225,3,17350639
DH09516,228,3,9625566
DH09516,400,3,19389256
DH09517,364,3,14254399
DH09517,356,1,23139278
DH09518,350,1,12090591
DH09518,500,3,12716509
DH09519,356,1,23139278
DH09519,132,1,16198314
DH09520,5,3,6035905
DH09521,369,1,10752264
DH09521,22,3,24114298
DH09522,84,2,5916601
DH09523,257,3,22709217
DH09524,81,1,11760834
DH09525,269,3,13567100
DH09525,236,2,25624479
DH09526,331,1,16419785
DH09526,491,1,23791756
DH09526,237,2,5969756
DH09527,5,1,6035905
DH09527,94,2,4892461
DH09527,265,1,18875655
DH09528,399,3,2042288
DH09528,455,3,2445683
DH09529,118,2,6945092
DH09530,339,2,7585126
DH09530,3,1,23951194
DH09530,365,1,15480351
DH09531,477,1,17019502
DH09531,109,2,8310763
DH09531,294,3,20611090
DH09532,354,1,14109722
DH09532,203,1,2141244
DH09532,410,1,12647688
DH09533,300,3,20713031
DH09533,211,1,19060983
DH09533,141,1,22227393
DH09534,429,2,13157569
DH09534,123,1,5880587
DH09534,449,3,7676975
DH09535,118,1,6945092
DH09535,438,1,19966047
DH09536,422,2,12003004
DH09537,113,2,9188480
DH09537,262,3,15404344
DH09538,174,3,24577473
DH09539,147,1,13624031
DH09540,232,1,17350864
DH09540,185,2,5305149
DH09541,343,2,17874359
DH09541,107,1,15707585
DH09541,174,3,24577473
DH09542,284,2,7510427
DH09542,426,3,22978827
DH09542,366,2,7038014
DH09543,305,3,19848099
DH09544,168,3,4959346
DH09545,400,1,19389256
DH09545,193,2,12107524
DH09546,435,3,4349985
DH09547,33,2,16395207
DH09547,117,3,1822241
DH09548,193,2,12107524
DH09549,415,2,23483261
DH09549,383,3,21556385
DH09549,139,3,8176702
DH09550,67,1,2603224
DH09550,331,3,16419785
DH09551,386,2,11489944
DH09552,183,1,25583781
DH09552,135,2,18508141
DH09553,320,1,13927009
DH09553,193,3,12107524
DH09554,458,1,3104580
DH09554,395,2,15941796
DH09555,178,2,25162917
DH09555,135,1,18508141
DH09556,71,3,20920065
DH09556,148,2,24016044
DH09557,323,3,8114299
DH09557,145,1,13595803
DH09557,174,1,24577473
DH09558,448,3,1655313
DH09559,482,2,25397322
DH09560,414,3,8838663
DH09560,96,3,2158473
DH09560,100,3,3300603
DH09561,173,2,8932665
DH09561,59,3,11020945
DH09561,397,3,23886813
DH09562,35,3,5481589
DH09563,371,3,15596681
DH09563,359,2,18193067
DH09564,13,3,24933847
DH09564,295,2,2326130
DH09564,65,2,20123002
DH09565,290,2,14771023
DH09566,62,3,17040933
DH09566,494,3,4606985
DH09567,20,3,14519905
DH09567,395,2,15941796
DH09567,445,2,3753037
DH09568,331,3,16419785
DH09568,182,1,19817463
DH09568,364,1,14254399
DH09569,299,2,10443833
DH09570,402,2,14448552
DH09570,483,2,9287345
DH09570,34,3,21526031
DH09571,308,2,23205555
DH09571,117,3,1822241
DH09571,23,1,18730487
DH09572,154,3,5917692
DH09572,459,1,21165935
DH09572,292,1,15283078
DH09573,107,1,15707585
DH09573,223,3,2575778
DH09573,482,1,25397322
DH09574,250,1,5901364
DH09574,281,2,6520993
DH09575,90,3,19909796
DH09575,396,3,2735462
DH09576,342,1,3872319
DH09577,130,2,8364943
DH09577,191,3,2180855
DH09577,441,1,18385006
DH09578,493,1,5355143
DH09578,451,2,18801455
DH09578,421,2,22589235
DH09579,153,2,9382132
DH09580,478,2,8623329
DH09581,366,2,7038014
DH09582,149,2,20816892
DH09583,34,3,21526031
DH09584,196,1,9383000
DH09584,282,1,9983595
DH09584,69,2,13005856
DH09585,400,2,19389256
DH09586,146,3,19268450
DH09586,271,3,8962577
DH09587,436,2,8088441
DH09587,39,1,5958851
DH09587,172,3,11563207
DH09588,153,3,9382132
DH09588,335,1,6359823
DH09589,382,2,23997672
DH09590,364,2,14254399
DH09590,15,3,21879885
DH09590,256,1,7503626
DH09591,393,2,15902198
DH09591,196,3,9383000
DH09592,101,2,4709001
DH09593,356,2,23139278
DH09593,233,1,5799781
DH09594,453,1,24897288
DH09594,454,2,24379043
DH09594,379,2,11024419
DH09595,237,3,5969756
DH09596,334,1,7901528
DH09596,341,1,24878704
DH09596,199,2,15317157
DH09597,162,3,16154689
DH09597,27,1,12159304
DH09597,67,2,2603224
DH09598,288,2,11145011
DH09599,96,1,2158473
DH09599,182,2,19817463
DH09600,398,1,4672398
DH09600,70,2,24683647
DH09601,73,1,13467563
DH09601,392,1,2439684
DH09601,323,3,8114299
DH09602,171,1,16022163
DH09602,484,3,9546339
DH09602,463,3,14123822
DH09603,31,3,19561998
DH09603,499,3,11225264
DH09604,268,3,20509489
DH09604,108,1,16704100
DH09605,243,1,9384883
DH09605,271,3,8962577
DH09605,139,1,8176702
DH09606,229,2,5955017
DH09606,322,1,4789634
DH09607,344,3,15192156
DH09607,48,3,10369706
DH09607,252,2,18216160
DH09608,497,3,20532926
DH09608,488,1,1330310
DH09609,61,2,11543600
DH09610,27,1,12159304
DH09610,29,1,8608366
DH09611,451,2,18801455
DH09612,390,2,7428418
DH09612,16,3,1902478
DH09612,240,3,23483447
DH09613,68,1,14423549
DH09613,185,1,5305149
DH09613,247,3,14840560
DH09614,358,1,8803419
DH09615,414,3,8838663
DH09616,135,1,18508141
DH09616,316,1,19653730
DH09617,137,3,20559073
DH09617,388,2,12500788
DH09617,107,3,15707585
DH09618,106,1,3358747
DH09618,75,3,1572912
DH09619,335,3,6359823
DH09619,70,2,24683647
DH09620,490,2,24697745
DH09620,341,3,24878704
DH09621,272,3,15085613
DH09621,415,3,23483261
DH09621,15,3,21879885
DH09622,341,2,24878704
DH09622,472,2,24725902
DH09623,314,2,21535304
DH09623,397,2,23886813
DH09623,15,3,21879885
DH09624,437,2,20884762
DH09625,290,2,14771023
DH09625,126,1,7453646
DH09626,282,3,9983595
DH09627,215,1,22688954
DH09627,77,1,20281855
DH09627,163,3,5148746
DH09628,381,1,3635754
DH09628,142,2,23627613
DH09629,271,2,8962577
DH09629,231,2,7056866
DH09629,23,3,18730487
DH09630,166,3,17284447
DH09631,164,2,12450217
DH09631,303,2,19460829
DH09632,353,1,17335247
DH09633,59,1,11020945
DH09633,472,3,24725902
DH09633,90,3,19909796
DH09634,194,2,10519150
DH09635,257,2,22709217
DH09636,488,2,1330310
DH09637,313,1,2770705
DH09637,381,3,3635754
DH09638,395,1,15941796
DH09639,457,2,24221919
DH09639,148,2,24016044
DH09640,251,2,11288407
DH09641,309,1,16160657
DH09641,386,2,11489944
DH09641,345,3,24716330
DH09642,213,2,9135747
DH09642,105,1,9768220
DH09642,375,2,22543381
DH09643,108,3,16704100
DH09644,485,3,2937854
DH09644,189,2,21341902
DH09645,345,1,24716330
DH09646,382,3,23997672
DH09647,21,1,20692785
DH09647,164,1,12450217
DH09647,63,2,25365618
DH09648,301,1,23179464
DH09648,2,3,2619639
DH09648,417,1,1927702
DH09649,399,3,2042288
DH09650,99,1,22557878
DH09650,223,1,2575778
DH09651,312,1,22250953
DH09651,393,1,15902198
DH09651,389,1,2247745
DH09652,135,1,18508141
DH09652,204,2,6098253
DH09653,475,2,23514632
DH09653,229,1,5955017
DH09654,81,1,11760834
DH09654,470,3,2362889
DH09654,39,1,5958851
DH09655,437,3,20884762
DH09656,289,2,4921805
DH09656,190,2,19493368
DH09657,488,3,1330310
DH09657,357,3,4857102
DH09657,380,2,7759711
DH09658,452,1,6422656
DH09658,179,2,23021297
DH09659,132,2,16198314
DH09659,370,2,16487087
DH09660,391,2,14598944
DH09660,386,3,11489944
DH09661,37,1,24694673
DH09661,178,3,25162917
DH09662,199,2,15317157
DH09662,15,1,21879885
DH09663,115,1,24228127
DH09663,363,2,13943365
DH09663,297,2,3729757
DH09664,98,3,25849081
DH09665,402,1,14448552
DH09665,274,3,8049917
DH09665,98,3,25849081
DH09666,193,1,12107524
DH09666,251,3,11288407
DH09667,147,3,13624031
DH09667,62,1,17040933
DH09667,253,2,9232276
DH09668,492,3,8668431
DH09668,444,2,24721344
DH09669,3,3,23951194
DH09669,11,1,10235878
DH09669,15,1,21879885
DH09670,188,1,2213985
DH09671,443,3,15873432
DH09672,232,2,17350864
DH09673,364,3,14254399
DH09674,381,2,3635754
DH09675,383,1,21556385
DH09675,375,2,22543381
DH09675,304,1,24317139
DH09676,184,2,17356432
DH09676,51,1,18354531
DH09677,481,2,11804603
DH09678,414,1,8838663
DH09678,495,2,24537951
DH09679,484,2,9546339
DH09679,356,2,23139278
DH09679,48,3,10369706
DH09680,243,3,9384883
DH09681,87,1,1388487
DH09681,134,3,24009450
DH09682,471,3,25755884
DH09682,488,1,1330310
DH09682,295,2,2326130
DH09683,312,3,22250953
DH09683,259,1,2352165
DH09683,267,2,20768736
DH09684,224,2,17686916
DH09685,129,2,7748973
DH09686,469,2,24833142
DH09687,203,2,2141244
DH09687,19,3,6165758
DH09687,377,1,12231914
DH09688,277,3,20673499
DH09689,323,1,8114299
DH09689,382,2,23997672
DH09689,351,2,13618008
DH09690,414,2,8838663
DH09691,483,1,9287345
DH09692,275,2,1991880
DH09693,27,3,12159304
DH09693,477,1,17019502
DH09693,467,3,6408461
DH09694,326,1,10657286
DH09694,124,3,18670083
DH09695,476,3,5610573
DH09695,436,1,8088441
DH09695,225,1,17350639
DH09696,436,1,8088441
DH09697,285,2,6209359
DH09697,392,2,2439684
DH09697,344,2,15192156
DH09698,123,2,5880587
DH09698,147,2,13624031
DH09699,361,1,2131412
DH09700,61,2,11543600
DH09700,272,2,15085613
DH09701,152,2,11691816
DH09701,64,2,9718506
DH09701,410,1,12647688
DH09702,230,2,4583309
DH09703,125,1,13225929
DH09703,471,3,25755884
DH09703,39,1,5958851
DH09704,199,1,15317157
DH09705,160,2,7269450
DH09705,227,2,23575212
DH09706,91,1,20666588
DH09707,257,2,22709217
DH09707,447,2,13793804
DH09708,491,1,23791756
DH09709,124,2,18670083
DH09709,138,1,24036792
DH09709,189,1,21341902
DH09710,198,3,13851809
DH09711,500,1,12716509
DH09711,438,2,19966047
DH09712,391,3,14598944
DH09712,185,2,5305149
DH09713,426,1,22978827
DH09714,427,3,12881666
DH09714,189,2,21341902
DH09714,10,3,8245338
DH09715,477,3,17019502
DH09716,8,2,16791775
DH09716,71,3,20920065
DH09716,318,2,23570935
DH09717,291,3,19063989
DH09717,222,3,24480557
DH09717,491,2,23791756
DH09718,257,1,22709217
DH09719,264,3,7333700
DH09720,108,1,16704100
DH09721,175,3,4766108
DH09721,205,1,11351137
DH09721,221,2,18603561
DH09722,200,2,25326262
DH09722,343,1,17874359
DH09723,175,3,4766108
DH09723,273,1,13267090
DH09724,393,3,15902198
DH09725,36,2,4440658
DH09725,280,3,25571963
DH09726,338,2,11491142
DH09726,419,1,14450529
DH09726,227,1,23575212
DH09727,228,3,9625566
DH09728,304,3,24317139
DH09729,320,1,13927009
DH09729,179,1,23021297
DH09730,301,3,23179464
DH09730,51,1,18354531
DH09730,83,3,10278942
DH09731,233,2,5799781
DH09732,430,2,11677101
DH09733,34,1,21526031
DH09733,394,1,14325309
DH09733,424,1,19568438
DH09734,111,2,5190528
DH09734,140,1,13589526
DH09734,342,2,3872319
DH09735,45,2,22446227
DH09735,474,3,13191529
DH09736,333,3,4723884
DH09736,4,3,2033327
DH09737,376,1,7479061
DH09737,298,1,19424399
DH09738,129,2,7748973
DH09739,148,2,24016044
DH09739,366,3,7038014
DH09740,246,2,4574511
DH09741,242,3,1536406
DH09741,268,1,20509489
DH09742,465,1,24131257
DH09743,242,2,1536406
DH09743,13,1,24933847
DH09743,298,1,19424399
DH09744,479,3,24995661
DH09744,344,1,15192156
DH09744,439,2,11444083
DH09745,475,2,23514632
DH09745,86,3,8568170
DH09745,434,1,20511341
DH09746,167,1,19477755
DH09746,51,2,18354531
DH09746,224,1,17686916
DH09747,492,2,8668431
DH09747,390,3,7428418
DH09748,303,3,19460829
DH09748,53,1,18088695
DH09748,153,2,9382132
DH09749,326,1,10657286
DH09749,111,1,5190528
DH09749,461,3,13898840
DH09750,91,1,20666588
DH09751,210,2,20061356
DH09751,50,3,16126277
DH09751,240,1,23483447
DH09752,184,1,17356432
DH09753,148,3,24016044
DH09754,271,3,8962577
DH09754,118,3,6945092
DH09755,167,2,19477755
DH09756,38,3,25625870
DH09757,87,3,1388487
DH09757,308,1,23205555
DH09757,357,1,4857102
DH09758,88,3,15268123
DH09758,284,2,7510427
DH09758,11,3,10235878
DH09759,270,1,15138021
DH09760,421,2,22589235
DH09760,383,2,21556385
DH09761,374,1,17616582
DH09762,287,2,10898911
DH09762,304,2,24317139
DH09763,18,1,8089438
DH09763,468,3,21281263
DH09763,181,2,1690676
DH09764,460,2,15973168
DH09765,40,1,13768783
DH09766,186,3,11833611
DH09766,190,1,19493368
DH09766,40,1,13768783
DH09767,309,3,16160657
DH09767,261,2,8666850
DH09768,295,2,2326130
DH09768,376,3,7479061
DH09768,278,2,16871480
DH09769,118,2,6945092
DH09770,113,3,9188480
DH09771,257,3,22709217
DH09772,354,3,14109722
DH09773,391,1,14598944
DH09774,441,1,18385006
DH09774,376,3,7479061
DH09775,212,2,9801647
DH09775,136,2,13200645
DH09775,115,2,24228127
DH09776,170,2,18830250
DH09776,166,3,17284447
DH09777,46,1,13724985
DH09777,159,3,18319776
DH09777,49,3,10127878
DH09778,310,3,10351478
DH09779,184,3,17356432
DH09779,73,2,13467563
DH09780,33,1,16395207
DH09780,315,1,7916762
DH09781,420,1,7580608
DH09781,203,2,2141244
DH09781,385,2,9022052
DH09782,486,3,14815928
DH09782,399,3,2042288
DH09783,475,3,23514632
DH09783,457,2,24221919
DH09783,19,2,6165758
DH09784,347,3,10484449
DH09785,435,2,4349985
DH09786,87,3,1388487
DH09786,240,3,23483447
DH09787,69,2,13005856
DH09787,28,3,8340920
DH09788,302,1,1904905
DH09788,357,1,4857102
DH09788,467,2,6408461
DH09789,61,3,11543600
DH09789,454,1,24379043
DH09790,436,2,8088441
DH09791,428,1,8623074
DH09791,83,1,10278942
DH09791,142,1,23627613
DH09792,52,2,14404540
DH09792,175,1,4766108
DH09792,309,1,16160657
DH09793,127,2,23583550
DH09794,342,1,3872319
DH09794,42,2,4888990
DH09795,496,2,14220784
DH09795,484,1,9546339
DH09795,30,2,22850493
DH09796,102,1,13562744
DH09796,43,2,14663576
DH09796,425,3,12382069
DH09797,302,3,1904905
DH09798,73,2,13467563
DH09798,430,3,11677101
DH09799,176,1,12520307
DH09800,181,3,1690676
DH09800,20,1,14519905
DH09801,383,1,21556385
DH09801,1,3,5597326
DH09802,327,3,6561107
DH09802,81,3,11760834
DH09802,440,2,21263667
DH09803,180,2,5187803
DH09804,481,3,11804603
DH09804,359,2,18193067
DH09804,21,1,20692785
DH09805,56,3,3656281
DH09805,459,1,21165935
DH09805,424,1,19568438
DH09806,128,1,5789660
DH09806,332,2,16273428
DH09806,152,3,11691816
DH09807,389,2,2247745
DH09807,126,3,7453646
DH09808,325,3,16561482
DH09808,398,2,4672398
DH09809,207,1,11794425
DH09809,147,2,13624031
DH09809,441,3,18385006
DH09810,452,2,6422656
DH09810,321,2,9556944
DH09811,398,1,4672398
DH09811,79,3,5712887
DH09812,203,3,2141244
DH09812,461,1,13898840
DH09813,34,2,21526031
DH09813,327,1,6561107
DH09814,325,2,16561482
DH09815,405,1,6786774
DH09815,17,2,11252793
DH09815,384,3,7946719
DH09816,117,3,1822241
DH09817,222,1,24480557
DH09817,487,1,9625660
DH09818,77,3,20281855
DH09818,277,3,20673499
DH09818,280,2,25571963
DH09819,492,3,8668431
DH09820,393,3,15902198
DH09821,7,3,4357180
DH09821,225,3,17350639
DH09822,229,2,5955017
DH09823,323,1,8114299
DH09824,280,3,25571963
DH09825,41,1,23214519
DH09825,270,2,15138021
DH09826,386,3,11489944
DH09826,285,2,6209359
DH09827,227,2,23575212
DH09828,280,1,25571963
DH09829,14,1,7886377
DH09829,226,2,24912858
DH09830,296,3,7282780
DH09830,74,1,2460854
DH09831,99,2,22557878
DH09832,393,1,15902198
DH09832,326,1,10657286
DH09833,452,3,6422656
DH09834,190,1,19493368
DH09834,382,1,23997672
DH09835,492,3,8668431
DH09836,273,3,13267090
DH09836,153,3,9382132
DH09836,294,3,20611090
DH09837,344,1,15192156
DH09837,473,3,8143318
DH09837,236,2,25624479
DH09838,54,3,18474415
DH09838,341,3,24878704
DH09839,437,2,20884762
DH09840,86,3,8568170
DH09840,7,1,4357180
DH09841,284,3,7510427
DH09842,480,2,9066937
DH09842,323,3,8114299
DH09842,193,1,12107524
DH09843,398,1,4672398
DH09843,271,1,8962577
DH09843,375,1,22543381
DH09844,286,1,3106273
DH09844,7,1,4357180
DH09844,303,2,19460829
DH09845,72,1,11915298
DH09846,36,2,4440658
DH09847,146,2,19268450
DH09848,442,1,14674667
DH09848,195,1,2797518
DH09848,339,3,7585126
DH09849,407,1,22242654
DH09849,90,3,19909796
DH09849,167,1,19477755
DH09850,500,3,12716509
DH09850,498,1,19498927
DH09851,323,2,8114299
DH09851,486,2,14815928
DH09851,450,2,19208894
DH09852,234,1,12378563
DH09852,80,3,15432098
DH09853,18,2,8089438
DH09854,192,2,10036440
DH09854,364,2,14254399
DH09854,58,1,4846247
DH09855,167,3,19477755
DH09855,232,1,17350864
DH09855,147,3,13624031
DH09856,182,1,19817463
DH09857,219,3,20274689
DH09858,69,1,13005856
DH09858,439,2,11444083
DH09859,52,3,14404540
DH09859,405,3,6786774
DH09859,85,1,22953739
DH09860,38,1,25625870
DH09860,359,3,18193067
DH09860,481,3,11804603
DH09861,56,1,3656281
DH09861,61,2,11543600
DH09862,127,3,23583550
DH09863,53,1,18088695
DH09864,332,2,16273428
DH09864,108,1,16704100
DH09865,276,1,11889649
DH09866,220,2,21154109
DH09867,126,3,7453646
DH09868,234,2,12378563
DH09868,494,3,4606985
DH09868,281,2,6520993
DH09869,319,3,17175754
DH09869,239,3,9904462
DH09870,189,3,21341902
DH09870,265,3,18875655
DH09871,12,1,11992784
DH09871,385,2,9022052
DH09871,4,2,2033327
DH09872,394,3,14325309
DH09873,471,3,25755884
DH09873,116,3,17991157
DH09874,365,2,15480351
DH09874,118,1,6945092
DH09874,369,3,10752264
DH09875,149,3,20816892
DH09876,215,3,22688954
DH09876,491,2,23791756
DH09876,62,1,17040933
DH09877,215,2,22688954
DH09878,373,3,17596085
DH09878,276,2,11889649
DH09878,26,3,23522794
DH09879,396,2,2735462
DH09880,467,3,6408461
DH09880,194,2,10519150
DH09881,27,1,12159304
DH09881,6,3,15618829
DH09881,358,1,8803419
DH09882,83,3,10278942
DH09883,341,1,24878704
DH09884,288,2,11145011
DH09884,385,1,9022052
DH09885,151,3,14524360
DH09885,17,3,11252793
DH09885,449,2,7676975
DH09886,86,3,8568170
DH09886,493,1,5355143
DH09886,445,1,3753037
DH09887,236,2,25624479
DH09887,242,1,1536406
DH09887,302,2,1904905
DH09888,313,1,2770705
DH09889,36,3,4440658
DH09889,467,3,6408461
DH09890,411,2,15292733
DH09890,443,3,15873432
DH09891,249,1,12650029
DH09891,14,3,7886377
DH09891,42,1,4888990
DH09892,229,3,5955017
DH09892,452,1,6422656
DH09892,482,3,25397322
DH09893,345,3,24716330
DH09894,200,1,25326262
DH09894,232,3,17350864
DH09895,408,2,17462807
DH09895,345,3,24716330
DH09896,235,2,1672401
DH09897,367,2,21910738
DH09897,104,1,21205978
DH09898,332,2,16273428
DH09898,338,3,11491142
DH09899,351,2,13618008
DH09899,425,2,12382069
DH09899,328,2,19906025
DH09900,465,3,24131257
DH09900,117,2,1822241
DH09901,334,3,7901528
DH09901,446,1,10227214
DH09901,313,3,2770705
DH09902,59,1,11020945
DH09902,35,3,5481589
DH09902,71,2,20920065
DH09903,417,1,1927702
DH09903,498,2,19498927
DH09904,221,3,18603561
DH09905,262,2,15404344
DH09906,14,3,7886377
DH09906,123,3,5880587
DH09907,219,1,20274689
DH09907,336,2,20788903
DH09908,499,3,11225264
DH09908,86,1,8568170
DH09908,485,1,2937854
DH09909,302,2,1904905
DH09909,445,2,3753037
DH09910,179,1,23021297
DH09910,85,3,22953739
DH09910,302,1,1904905
DH09911,284,2,7510427
DH09911,480,2,9066937
DH09911,166,3,17284447
DH09912,340,1,2512853
DH09912,57,2,19310306
DH09913,18,3,8089438
DH09914,235,3,1672401
DH09914,410,3,12647688
DH09914,438,1,19966047
DH09915,493,3,5355143
DH09915,322,2,4789634
DH09916,299,2,10443833
DH09917,276,1,11889649
DH09917,143,2,5091764
DH09917,264,3,7333700
DH09918,12,3,11992784
DH09918,139,2,8176702
DH09918,289,1,4921805
DH09919,185,1,5305149
DH09919,268,1,20509489
DH09919,405,2,6786774
DH09920,300,3,20713031
DH09921,254,3,7786382
DH09922,237,1,5969756
DH09922,183,2,25583781
DH09922,189,3,21341902
DH09923,326,1,10657286
DH09924,319,3,17175754
DH09924,182,3,19817463
DH09924,10,3,8245338
DH09925,15,2,21879885
DH09925,247,1,14840560
DH09925,117,1,1822241
DH09926,461,3,13898840
DH09927,106,2,3358747
DH09927,54,1,18474415
DH09928,338,1,11491142
DH09929,442,1,14674667
DH09929,232,2,17350864
DH09930,313,2,2770705
DH09930,70,2,24683647
DH09930,203,3,2141244
DH09931,187,3,8866140
DH09931,288,2,11145011
DH09932,459,1,21165935
DH09932,9,1,2348573
DH09932,223,1,2575778
DH09933,51,2,18354531
DH09933,60,2,10296353
DH09934,185,3,5305149
DH09934,421,2,22589235
DH09935,36,2,4440658
DH09935,143,1,5091764
DH09935,179,3,23021297
DH09936,35,2,5481589
DH09936,452,2,6422656
DH09937,271,2,8962577
DH09938,385,2,9022052
DH09938,220,2,21154109
DH09939,258,2,12909089
DH09939,435,3,4349985
DH09939,359,3,18193067
DH09940,408,3,17462807
DH09941,197,2,1767828
DH09941,145,2,13595803
DH09941,17,3,11252793
DH09942,242,3,1536406
DH09942,493,2,5355143
DH09943,395,2,15941796
DH09943,46,1,13724985
DH09943,289,1,4921805
DH09944,2,2,2619639
DH09944,329,1,13517918
DH09945,221,1,18603561
DH09946,293,2,5223702
DH09947,214,2,21742788
DH09947,463,2,14123822
DH09948,141,1,22227393
DH09949,311,3,20701272
DH09949,66,3,9292701
DH09949,308,2,23205555
DH09950,449,2,7676975
DH09951,409,1,25383281
DH09951,51,2,18354531
DH09952,3,2,23951194
DH09952,176,3,12520307
DH09952,160,3,7269450
DH09953,161,2,5421161
DH09954,5,2,6035905
DH09954,38,3,25625870
DH09954,297,1,3729757
DH09955,466,3,16269792
DH09955,244,1,16782990
DH09955,128,1,5789660
DH09956,247,1,14840560
DH09957,5,2,6035905
DH09958,491,1,23791756
DH09959,193,3,12107524
DH09959,216,1,13741880
DH09960,90,1,19909796
DH09960,18,3,8089438
DH09960,142,3,23627613
DH09961,28,1,8340920
DH09962,168,3,4959346
DH09963,195,2,2797518
DH09964,376,3,7479061
DH09964,21,3,20692785
DH09965,363,1,13943365
DH09965,277,1,20673499
DH09965,296,2,7282780
DH09966,220,2,21154109
DH09966,14,3,7886377
DH09967,149,2,20816892
DH09967,380,3,7759711
DH09967,179,1,23021297
DH09968,319,3,17175754
DH09968,341,1,24878704
DH09969,413,3,19949073
DH09969,331,3,16419785
DH09969,80,2,15432098
DH09970,278,3,16871480
DH09971,233,3,5799781
DH09971,280,2,25571963
DH09972,166,1,17284447
DH09972,220,1,21154109
DH09973,44,3,12890144
DH09973,336,1,20788903
DH09973,287,1,10898911
DH09974,220,3,21154109
DH09975,377,1,12231914
DH09975,444,1,24721344
DH09976,321,3,9556944
DH09976,171,2,16022163
DH09977,428,2,8623074
DH09978,2,2,2619639
DH09978,203,3,2141244
DH09979,76,1,25092737
DH09979,263,2,5779215
DH09980,199,2,15317157
DH09980,328,2,19906025
DH09981,442,1,14674667
DH09981,356,1,23139278
DH09981,440,2,21263667
DH09982,494,1,4606985
DH09982,361,3,2131412
DH09983,430,1,11677101
DH09984,128,1,5789660
DH09984,206,2,9160201
DH09984,125,1,13225929
DH09985,378,2,5459248
DH09986,165,2,25319024
DH09986,58,3,4846247
DH09987,28,2,8340920
DH09987,349,3,19870600
DH09987,228,1,9625566
DH09988,463,1,14123822
DH09989,85,2,22953739
DH09989,299,1,10443833
DH09989,174,1,24577473
DH09990,484,2,9546339
DH09990,202,3,10502987
DH09990,45,2,22446227
DH09991,35,3,5481589
DH09991,377,3,12231914
DH09992,444,3,24721344
DH09992,387,2,3436274
DH09993,227,3,23575212
DH09993,375,3,22543381
DH09993,384,3,7946719
DH09994,438,3,19966047
DH09994,44,1,12890144
DH09994,300,1,20713031
DH09995,491,3,23791756
DH09996,26,3,23522794
DH09996,214,2,21742788
DH09997,499,1,11225264
DH09997,20,2,14519905
DH09997,490,3,24697745
DH09998,195,3,2797518
DH09998,189,2,21341902
DH09999,138,1,24036792
DH09999,54,1,18474415
DH09999,38,3,25625870
DH10000,335,2,6359823
