CustomerID,Keyword
KH01626,trang sức cưới
KH01421,bông tai bạc
KH01938,nhẫn vàng
KH01867,dây chuyền kim cương
KH01458,nhẫn vàng
KH01484,vòng tay nữ
KH01650,dây chuyền kim cương
KH01948,bông tai bạc
KH01706,vòng tay nữ
KH01938,bông tai bạc
KH00048,trang sức cưới
KH00294,trang sức cưới
KH00191,trang sức cưới
KH00319,dây chuyền kim cương
KH00415,vòng tay nữ
KH01946,nhẫn vàng
KH00815,vòng tay nữ
KH00800,nhẫn vàng
KH01233,nhẫn vàng
KH01233,bông tai bạc
KH01940,nhẫn vàng
KH01440,vòng tay nữ
KH01423,dây chuyền kim cương
KH00882,vòng tay nữ
KH01028,dây chuyền kim cương
KH01307,trang sức cưới
KH01352,trang sức cưới
KH00687,bông tai bạc
KH00985,vòng tay nữ
KH01052,dây chuyền kim cương
KH01144,nhẫn vàng
KH00518,dây chuyền kim cương
KH01315,trang sức cưới
KH00316,dây chuyền kim cương
KH01613,dây chuyền kim cương
KH00389,dây chuyền kim cương
KH01118,bông tai bạc
KH01029,nhẫn vàng
KH00968,vòng tay nữ
KH01814,trang sức cưới
KH00135,vòng tay nữ
KH00284,nhẫn vàng
KH00815,trang sức cưới
KH01837,bông tai bạc
KH00812,bông tai bạc
KH00945,dây chuyền kim cương
KH00797,trang sức cưới
KH01486,bông tai bạc
KH00439,bông tai bạc
KH00960,vòng tay nữ
KH00549,bông tai bạc
KH01575,dây chuyền kim cương
KH00821,dây chuyền kim cương
KH00206,nhẫn vàng
KH00719,trang sức cưới
KH00402,vòng tay nữ
KH01544,vòng tay nữ
KH01516,dây chuyền kim cương
KH00039,bông tai bạc
KH00381,dây chuyền kim cương
KH01164,bông tai bạc
KH01958,dây chuyền kim cương
KH01435,nhẫn vàng
KH01388,bông tai bạc
KH00986,vòng tay nữ
KH00399,dây chuyền kim cương
KH01720,bông tai bạc
KH01013,dây chuyền kim cương
KH00840,vòng tay nữ
KH01936,dây chuyền kim cương
KH00622,trang sức cưới
KH01932,nhẫn vàng
KH00289,dây chuyền kim cương
KH01030,dây chuyền kim cương
KH00693,nhẫn vàng
KH01733,vòng tay nữ
KH01863,vòng tay nữ
KH01505,vòng tay nữ
KH00476,trang sức cưới
KH01402,nhẫn vàng
KH00718,trang sức cưới
KH01364,bông tai bạc
KH00735,bông tai bạc
KH01265,vòng tay nữ
KH00037,dây chuyền kim cương
KH00046,dây chuyền kim cương
KH00290,dây chuyền kim cương
KH00673,nhẫn vàng
KH01525,trang sức cưới
KH00178,nhẫn vàng
KH00953,bông tai bạc
KH00144,dây chuyền kim cương
KH01545,vòng tay nữ
KH00833,dây chuyền kim cương
KH00270,dây chuyền kim cương
KH01803,vòng tay nữ
KH01003,vòng tay nữ
KH00593,dây chuyền kim cương
KH01476,dây chuyền kim cương
KH00673,trang sức cưới
KH00267,vòng tay nữ
KH01819,nhẫn vàng
KH00097,bông tai bạc
KH00827,bông tai bạc
KH00082,dây chuyền kim cương
KH00312,vòng tay nữ
KH00652,dây chuyền kim cương
KH01370,dây chuyền kim cương
KH00349,trang sức cưới
KH00131,dây chuyền kim cương
KH01247,trang sức cưới
KH01043,vòng tay nữ
KH00085,bông tai bạc
KH00697,dây chuyền kim cương
KH01215,bông tai bạc
KH01389,trang sức cưới
KH00777,dây chuyền kim cương
KH00309,bông tai bạc
KH01070,nhẫn vàng
KH01084,trang sức cưới
KH01380,bông tai bạc
KH00796,bông tai bạc
KH01960,dây chuyền kim cương
KH00116,trang sức cưới
KH01363,nhẫn vàng
KH01096,nhẫn vàng
KH00408,dây chuyền kim cương
KH01619,bông tai bạc
KH00096,dây chuyền kim cương
KH00435,nhẫn vàng
KH00029,dây chuyền kim cương
KH01056,vòng tay nữ
KH00896,bông tai bạc
KH00464,dây chuyền kim cương
KH01747,bông tai bạc
KH00860,nhẫn vàng
KH00146,bông tai bạc
KH01505,dây chuyền kim cương
KH00215,vòng tay nữ
KH00701,dây chuyền kim cương
KH00550,trang sức cưới
KH01294,trang sức cưới
KH00131,vòng tay nữ
KH00949,dây chuyền kim cương
KH00121,trang sức cưới
KH01958,trang sức cưới
KH00508,dây chuyền kim cương
KH01292,bông tai bạc
KH00524,vòng tay nữ
KH01946,bông tai bạc
KH01723,dây chuyền kim cương
KH00352,vòng tay nữ
KH01924,vòng tay nữ
KH01084,vòng tay nữ
KH01590,dây chuyền kim cương
KH01782,bông tai bạc
KH00112,nhẫn vàng
KH01646,trang sức cưới
KH01841,nhẫn vàng
KH01482,trang sức cưới
KH01966,trang sức cưới
KH00847,bông tai bạc
KH01000,nhẫn vàng
KH00406,nhẫn vàng
KH01944,bông tai bạc
KH01535,bông tai bạc
KH00968,bông tai bạc
KH01721,dây chuyền kim cương
KH01498,vòng tay nữ
KH01810,nhẫn vàng
KH01022,nhẫn vàng
KH00767,vòng tay nữ
KH00317,dây chuyền kim cương
KH00775,trang sức cưới
KH01792,trang sức cưới
KH01757,bông tai bạc
KH00246,vòng tay nữ
KH01349,bông tai bạc
KH00584,bông tai bạc
KH01746,vòng tay nữ
KH01538,vòng tay nữ
KH01920,bông tai bạc
KH01628,trang sức cưới
KH01330,trang sức cưới
KH00462,dây chuyền kim cương
KH01732,trang sức cưới
KH00560,vòng tay nữ
KH00528,vòng tay nữ
KH00582,vòng tay nữ
KH01346,bông tai bạc
KH01929,dây chuyền kim cương
KH01272,trang sức cưới
KH01806,vòng tay nữ
KH00354,nhẫn vàng
KH00128,bông tai bạc
KH00349,nhẫn vàng
KH00112,nhẫn vàng
KH01091,bông tai bạc
KH01873,nhẫn vàng
KH00632,trang sức cưới
KH01997,nhẫn vàng
KH00771,bông tai bạc
KH01572,trang sức cưới
KH00604,nhẫn vàng
KH00846,bông tai bạc
KH00791,vòng tay nữ
KH00681,vòng tay nữ
KH00383,nhẫn vàng
KH00953,nhẫn vàng
KH00668,vòng tay nữ
KH00259,dây chuyền kim cương
KH01861,bông tai bạc
KH01893,bông tai bạc
KH01410,bông tai bạc
KH00419,trang sức cưới
KH01246,bông tai bạc
KH00121,bông tai bạc
KH00235,dây chuyền kim cương
KH00088,bông tai bạc
KH01008,trang sức cưới
KH00619,trang sức cưới
KH01567,nhẫn vàng
KH01464,nhẫn vàng
KH01148,nhẫn vàng
KH00905,trang sức cưới
KH00036,trang sức cưới
KH00650,nhẫn vàng
KH01699,vòng tay nữ
KH00265,dây chuyền kim cương
KH01772,nhẫn vàng
KH01238,bông tai bạc
KH00908,nhẫn vàng
KH01520,dây chuyền kim cương
KH01730,bông tai bạc
KH01778,nhẫn vàng
KH01046,bông tai bạc
KH01788,vòng tay nữ
KH01141,bông tai bạc
KH01035,dây chuyền kim cương
KH01869,nhẫn vàng
KH01337,bông tai bạc
KH00360,trang sức cưới
KH00679,vòng tay nữ
KH00613,nhẫn vàng
KH00556,dây chuyền kim cương
KH00391,vòng tay nữ
KH01828,vòng tay nữ
KH01782,dây chuyền kim cương
KH01551,trang sức cưới
KH00044,trang sức cưới
KH01722,bông tai bạc
KH01867,trang sức cưới
KH01735,bông tai bạc
KH00510,vòng tay nữ
KH00287,trang sức cưới
KH00826,bông tai bạc
KH00625,dây chuyền kim cương
KH00074,nhẫn vàng
KH01123,bông tai bạc
KH01992,bông tai bạc
KH00517,nhẫn vàng
KH00059,vòng tay nữ
KH00051,vòng tay nữ
KH01923,vòng tay nữ
KH00172,dây chuyền kim cương
KH01580,bông tai bạc
KH00995,dây chuyền kim cương
KH00997,nhẫn vàng
KH00032,trang sức cưới
KH00635,trang sức cưới
KH01209,dây chuyền kim cương
KH00477,dây chuyền kim cương
KH00852,nhẫn vàng
KH01847,bông tai bạc
KH01589,vòng tay nữ
KH01450,vòng tay nữ
KH01729,dây chuyền kim cương
KH01701,trang sức cưới
KH00437,nhẫn vàng
KH01648,dây chuyền kim cương
KH00377,nhẫn vàng
KH00541,bông tai bạc
KH01397,vòng tay nữ
KH01551,bông tai bạc
KH01917,vòng tay nữ
KH00673,nhẫn vàng
KH01746,nhẫn vàng
KH00856,dây chuyền kim cương
KH00856,vòng tay nữ
KH00064,bông tai bạc
KH00353,vòng tay nữ
KH00276,vòng tay nữ
KH00141,vòng tay nữ
KH00863,dây chuyền kim cương
KH00648,bông tai bạc
KH01431,vòng tay nữ
KH00358,trang sức cưới
KH01723,bông tai bạc
KH00251,trang sức cưới
KH00606,bông tai bạc
KH01010,vòng tay nữ
KH00396,dây chuyền kim cương
KH00493,bông tai bạc
KH00865,trang sức cưới
KH00050,vòng tay nữ
KH01725,trang sức cưới
KH01204,vòng tay nữ
KH00591,bông tai bạc
KH00147,nhẫn vàng
KH01231,trang sức cưới
KH01175,bông tai bạc
KH01833,nhẫn vàng
KH01914,bông tai bạc
KH01962,nhẫn vàng
KH01373,dây chuyền kim cương
KH01125,trang sức cưới
KH00532,trang sức cưới
KH01206,dây chuyền kim cương
KH01886,trang sức cưới
KH00061,bông tai bạc
KH01151,vòng tay nữ
KH01747,trang sức cưới
KH01058,vòng tay nữ
KH00208,trang sức cưới
KH00091,bông tai bạc
KH00718,vòng tay nữ
KH00324,nhẫn vàng
KH01067,nhẫn vàng
KH00161,nhẫn vàng
KH01873,bông tai bạc
KH00446,dây chuyền kim cương
KH01131,nhẫn vàng
KH00301,nhẫn vàng
KH00448,vòng tay nữ
KH00086,vòng tay nữ
KH01239,dây chuyền kim cương
KH01884,nhẫn vàng
KH00789,trang sức cưới
KH01077,nhẫn vàng
KH01213,dây chuyền kim cương
KH00430,vòng tay nữ
KH00279,trang sức cưới
KH01682,dây chuyền kim cương
KH01928,nhẫn vàng
KH01791,dây chuyền kim cương
KH00219,nhẫn vàng
KH00444,bông tai bạc
KH01158,bông tai bạc
KH01035,bông tai bạc
KH01941,bông tai bạc
KH00147,trang sức cưới
KH01544,dây chuyền kim cương
KH00406,nhẫn vàng
KH01089,trang sức cưới
KH00379,trang sức cưới
KH01118,bông tai bạc
KH01727,dây chuyền kim cương
KH01825,dây chuyền kim cương
KH00287,bông tai bạc
KH00843,vòng tay nữ
KH00570,nhẫn vàng
KH00162,bông tai bạc
KH01872,trang sức cưới
KH01260,vòng tay nữ
KH00196,vòng tay nữ
KH00741,nhẫn vàng
KH00564,vòng tay nữ
KH00003,nhẫn vàng
KH01104,vòng tay nữ
KH01353,nhẫn vàng
KH00520,dây chuyền kim cương
KH01814,vòng tay nữ
KH01605,nhẫn vàng
KH01698,dây chuyền kim cương
KH01727,nhẫn vàng
KH01995,vòng tay nữ
KH01869,dây chuyền kim cương
KH00478,dây chuyền kim cương
KH01695,vòng tay nữ
KH00137,nhẫn vàng
KH01230,vòng tay nữ
KH01206,dây chuyền kim cương
KH00422,bông tai bạc
KH01227,nhẫn vàng
KH00039,dây chuyền kim cương
KH00559,dây chuyền kim cương
KH00137,dây chuyền kim cương
KH00193,nhẫn vàng
KH01515,trang sức cưới
KH01290,nhẫn vàng
KH01559,nhẫn vàng
KH01068,dây chuyền kim cương
KH01281,vòng tay nữ
KH01723,bông tai bạc
KH01528,bông tai bạc
KH00165,trang sức cưới
KH01644,dây chuyền kim cương
KH01926,vòng tay nữ
KH00837,dây chuyền kim cương
KH01972,vòng tay nữ
KH00279,dây chuyền kim cương
KH01683,nhẫn vàng
KH01828,trang sức cưới
KH00400,vòng tay nữ
KH01502,bông tai bạc
KH00713,dây chuyền kim cương
KH00010,nhẫn vàng
KH01365,vòng tay nữ
KH00790,trang sức cưới
KH01861,dây chuyền kim cương
KH00839,vòng tay nữ
KH01227,trang sức cưới
KH01315,trang sức cưới
KH01017,vòng tay nữ
KH01107,trang sức cưới
KH01666,vòng tay nữ
KH01014,trang sức cưới
KH01785,bông tai bạc
KH01420,bông tai bạc
KH00243,vòng tay nữ
KH01655,vòng tay nữ
KH00928,nhẫn vàng
KH00875,vòng tay nữ
KH01903,nhẫn vàng
KH01799,vòng tay nữ
KH00409,bông tai bạc
KH01709,dây chuyền kim cương
KH01466,vòng tay nữ
KH01844,bông tai bạc
KH01917,trang sức cưới
KH00567,dây chuyền kim cương
KH01123,trang sức cưới
KH00063,vòng tay nữ
KH00898,dây chuyền kim cương
KH00699,vòng tay nữ
KH01784,nhẫn vàng
KH01385,nhẫn vàng
KH01148,trang sức cưới
KH01555,vòng tay nữ
KH00363,vòng tay nữ
KH01391,nhẫn vàng
KH00979,trang sức cưới
KH00433,nhẫn vàng
KH01310,bông tai bạc
KH01012,vòng tay nữ
KH00038,dây chuyền kim cương
KH01397,nhẫn vàng
KH00587,nhẫn vàng
KH01571,trang sức cưới
KH00384,bông tai bạc
KH01748,trang sức cưới
KH00420,trang sức cưới
KH01411,dây chuyền kim cương
KH00943,bông tai bạc
KH01225,trang sức cưới
KH01219,dây chuyền kim cương
KH00628,dây chuyền kim cương
KH00927,vòng tay nữ
KH00147,bông tai bạc
KH01259,bông tai bạc
KH01822,dây chuyền kim cương
KH00833,nhẫn vàng
KH01755,bông tai bạc
KH01952,bông tai bạc
KH01135,vòng tay nữ
KH01280,nhẫn vàng
KH01016,nhẫn vàng
KH00039,nhẫn vàng
KH01031,nhẫn vàng
KH00890,trang sức cưới
KH01239,nhẫn vàng
KH01061,trang sức cưới
KH01190,nhẫn vàng
KH01345,nhẫn vàng
KH01778,dây chuyền kim cương
KH00186,dây chuyền kim cương
KH01091,trang sức cưới
KH01865,dây chuyền kim cương
KH00287,nhẫn vàng
KH00946,trang sức cưới
KH01330,nhẫn vàng
KH00255,nhẫn vàng
KH00974,bông tai bạc
KH00935,vòng tay nữ
KH01317,bông tai bạc
KH01004,trang sức cưới
KH01915,vòng tay nữ
KH01736,dây chuyền kim cương
KH00904,vòng tay nữ
KH00032,bông tai bạc
KH00781,bông tai bạc
KH01731,nhẫn vàng
KH00808,trang sức cưới
KH00385,nhẫn vàng
KH01044,vòng tay nữ
KH00400,nhẫn vàng
KH00941,vòng tay nữ
KH01017,dây chuyền kim cương
KH01731,bông tai bạc
KH00290,dây chuyền kim cương
KH00157,trang sức cưới
KH00706,bông tai bạc
KH00684,dây chuyền kim cương
KH00908,vòng tay nữ
KH00365,dây chuyền kim cương
KH00466,dây chuyền kim cương
KH01761,dây chuyền kim cương
KH00133,nhẫn vàng
KH01783,nhẫn vàng
KH01368,nhẫn vàng
KH01339,trang sức cưới
KH01812,dây chuyền kim cương
KH00540,trang sức cưới
KH00833,nhẫn vàng
KH01932,vòng tay nữ
KH01616,trang sức cưới
KH00324,dây chuyền kim cương
KH00080,bông tai bạc
KH00029,bông tai bạc
KH01998,trang sức cưới
KH01837,bông tai bạc
KH00653,dây chuyền kim cương
KH01431,nhẫn vàng
KH00703,nhẫn vàng
KH01689,vòng tay nữ
KH01326,dây chuyền kim cương
KH00558,vòng tay nữ
KH00581,trang sức cưới
KH01669,nhẫn vàng
KH00180,dây chuyền kim cương
KH00304,vòng tay nữ
KH01838,dây chuyền kim cương
KH01053,vòng tay nữ
KH00485,trang sức cưới
KH01616,bông tai bạc
KH00713,bông tai bạc
KH01346,vòng tay nữ
KH00063,dây chuyền kim cương
KH00058,bông tai bạc
KH01121,dây chuyền kim cương
KH01169,dây chuyền kim cương
KH01300,vòng tay nữ
KH01698,nhẫn vàng
KH00178,bông tai bạc
KH00650,trang sức cưới
KH00510,trang sức cưới
KH00106,bông tai bạc
KH00196,nhẫn vàng
KH00568,bông tai bạc
KH00869,dây chuyền kim cương
KH00850,bông tai bạc
KH00680,dây chuyền kim cương
KH00658,nhẫn vàng
KH00092,bông tai bạc
KH01990,bông tai bạc
KH00945,bông tai bạc
KH01754,trang sức cưới
KH01320,bông tai bạc
KH00449,nhẫn vàng
KH00935,vòng tay nữ
KH00642,bông tai bạc
KH00375,trang sức cưới
KH01335,trang sức cưới
KH00576,nhẫn vàng
KH01506,nhẫn vàng
KH00946,bông tai bạc
KH00186,trang sức cưới
KH01852,nhẫn vàng
KH00351,dây chuyền kim cương
KH01228,vòng tay nữ
KH01993,trang sức cưới
KH00506,vòng tay nữ
KH00493,vòng tay nữ
KH00925,trang sức cưới
KH01751,bông tai bạc
KH00022,vòng tay nữ
KH01847,bông tai bạc
KH01709,dây chuyền kim cương
KH01978,nhẫn vàng
KH01657,trang sức cưới
KH00560,trang sức cưới
KH01183,bông tai bạc
KH01098,vòng tay nữ
KH00024,bông tai bạc
KH01475,vòng tay nữ
KH01055,bông tai bạc
KH00138,bông tai bạc
KH01517,vòng tay nữ
KH00251,nhẫn vàng
KH01135,bông tai bạc
KH01639,bông tai bạc
KH01118,vòng tay nữ
KH01261,dây chuyền kim cương
KH00246,nhẫn vàng
KH00466,dây chuyền kim cương
KH01013,vòng tay nữ
KH00320,dây chuyền kim cương
KH00128,trang sức cưới
KH00133,bông tai bạc
KH00853,nhẫn vàng
KH00816,nhẫn vàng
KH01332,dây chuyền kim cương
KH00969,nhẫn vàng
KH00100,bông tai bạc
KH00507,vòng tay nữ
KH01753,vòng tay nữ
KH01357,dây chuyền kim cương
KH01867,dây chuyền kim cương
KH00465,dây chuyền kim cương
KH00224,vòng tay nữ
KH00637,dây chuyền kim cương
KH00951,bông tai bạc
KH01332,nhẫn vàng
KH00538,bông tai bạc
KH00666,dây chuyền kim cương
KH01579,bông tai bạc
KH01549,dây chuyền kim cương
KH00611,bông tai bạc
KH00197,vòng tay nữ
KH01295,trang sức cưới
KH01593,trang sức cưới
KH01770,trang sức cưới
KH00265,vòng tay nữ
KH00018,dây chuyền kim cương
KH01808,bông tai bạc
KH00058,bông tai bạc
KH00411,bông tai bạc
KH00903,trang sức cưới
KH00564,bông tai bạc
KH00283,vòng tay nữ
KH01583,nhẫn vàng
KH01707,bông tai bạc
KH01371,dây chuyền kim cương
KH00924,bông tai bạc
KH00764,trang sức cưới
KH00550,bông tai bạc
KH00419,vòng tay nữ
KH00239,bông tai bạc
KH00196,nhẫn vàng
KH00239,dây chuyền kim cương
KH00142,vòng tay nữ
KH01925,bông tai bạc
KH01306,bông tai bạc
KH00019,bông tai bạc
KH00224,vòng tay nữ
KH01182,vòng tay nữ
KH01255,trang sức cưới
KH01405,trang sức cưới
KH00757,vòng tay nữ
KH01085,bông tai bạc
KH01000,dây chuyền kim cương
KH00779,nhẫn vàng
KH00542,bông tai bạc
KH00002,trang sức cưới
KH01099,trang sức cưới
KH00668,vòng tay nữ
KH00770,dây chuyền kim cương
KH01205,trang sức cưới
KH00840,trang sức cưới
KH00839,dây chuyền kim cương
KH01334,vòng tay nữ
KH00260,nhẫn vàng
KH01979,nhẫn vàng
KH00743,trang sức cưới
KH00501,nhẫn vàng
KH01351,bông tai bạc
KH00258,dây chuyền kim cương
KH01362,vòng tay nữ
KH00825,bông tai bạc
KH01824,bông tai bạc
KH00656,trang sức cưới
KH01508,bông tai bạc
KH01923,vòng tay nữ
KH00545,nhẫn vàng
KH01586,dây chuyền kim cương
KH01207,nhẫn vàng
KH01208,vòng tay nữ
KH00353,nhẫn vàng
KH01699,trang sức cưới
KH00053,trang sức cưới
KH00705,dây chuyền kim cương
KH00118,vòng tay nữ
KH00362,trang sức cưới
KH00695,bông tai bạc
KH00897,bông tai bạc
KH00758,nhẫn vàng
KH01723,nhẫn vàng
KH00114,dây chuyền kim cương
KH01422,nhẫn vàng
KH00908,bông tai bạc
KH01946,bông tai bạc
KH00592,nhẫn vàng
KH01544,vòng tay nữ
KH01953,dây chuyền kim cương
KH01830,trang sức cưới
KH00713,bông tai bạc
KH01029,nhẫn vàng
KH00068,nhẫn vàng
KH01895,dây chuyền kim cương
KH00275,trang sức cưới
KH01992,nhẫn vàng
KH00754,trang sức cưới
KH00372,bông tai bạc
KH01548,nhẫn vàng
KH00406,dây chuyền kim cương
KH01748,trang sức cưới
KH00533,vòng tay nữ
KH00722,dây chuyền kim cương
KH00782,bông tai bạc
KH00565,nhẫn vàng
KH01867,trang sức cưới
KH01653,dây chuyền kim cương
KH01685,trang sức cưới
KH00970,nhẫn vàng
KH01332,bông tai bạc
KH01323,dây chuyền kim cương
KH01303,bông tai bạc
KH01998,dây chuyền kim cương
KH01829,vòng tay nữ
KH01991,trang sức cưới
KH00442,trang sức cưới
KH01846,nhẫn vàng
KH00903,vòng tay nữ
KH01209,bông tai bạc
KH01898,bông tai bạc
KH01096,trang sức cưới
KH01372,bông tai bạc
KH02000,trang sức cưới
KH00936,trang sức cưới
KH00115,trang sức cưới
KH00367,dây chuyền kim cương
KH01303,bông tai bạc
KH01043,dây chuyền kim cương
KH00016,bông tai bạc
KH01126,vòng tay nữ
KH00979,dây chuyền kim cương
KH00819,bông tai bạc
KH00171,bông tai bạc
KH01949,nhẫn vàng
KH01357,bông tai bạc
KH00250,vòng tay nữ
KH01281,vòng tay nữ
KH00110,trang sức cưới
KH00792,dây chuyền kim cương
KH01260,trang sức cưới
KH00787,dây chuyền kim cương
KH01641,dây chuyền kim cương
KH00112,bông tai bạc
KH00097,bông tai bạc
KH00875,bông tai bạc
KH01205,nhẫn vàng
KH00773,bông tai bạc
KH01616,dây chuyền kim cương
KH01632,dây chuyền kim cương
KH01635,nhẫn vàng
KH01111,vòng tay nữ
KH01049,bông tai bạc
KH00765,trang sức cưới
KH01043,trang sức cưới
KH00858,nhẫn vàng
KH01953,bông tai bạc
KH00272,dây chuyền kim cương
KH01150,dây chuyền kim cương
KH01440,bông tai bạc
KH00246,dây chuyền kim cương
KH01775,vòng tay nữ
KH00123,trang sức cưới
KH01482,trang sức cưới
KH00915,dây chuyền kim cương
KH01999,vòng tay nữ
KH01013,dây chuyền kim cương
KH01779,vòng tay nữ
KH00542,trang sức cưới
KH01691,trang sức cưới
KH00188,bông tai bạc
KH00645,bông tai bạc
KH00913,dây chuyền kim cương
KH01171,trang sức cưới
KH00335,bông tai bạc
KH01305,nhẫn vàng
KH00818,vòng tay nữ
KH01098,vòng tay nữ
KH00368,vòng tay nữ
KH01418,bông tai bạc
KH01748,nhẫn vàng
KH01742,vòng tay nữ
KH00946,vòng tay nữ
KH00457,vòng tay nữ
KH00135,vòng tay nữ
KH01071,nhẫn vàng
KH01005,bông tai bạc
KH00004,dây chuyền kim cương
KH00680,dây chuyền kim cương
KH01975,dây chuyền kim cương
KH00070,bông tai bạc
KH01803,nhẫn vàng
KH00451,bông tai bạc
KH00595,nhẫn vàng
KH01541,vòng tay nữ
KH01135,dây chuyền kim cương
KH01083,bông tai bạc
KH00028,trang sức cưới
KH00960,vòng tay nữ
KH01743,nhẫn vàng
KH01148,vòng tay nữ
KH00438,nhẫn vàng
KH01888,bông tai bạc
KH00006,dây chuyền kim cương
KH00975,trang sức cưới
KH00370,dây chuyền kim cương
KH00552,bông tai bạc
KH00806,vòng tay nữ
KH01647,nhẫn vàng
KH00343,trang sức cưới
KH00798,bông tai bạc
KH00219,vòng tay nữ
KH00153,bông tai bạc
KH01696,nhẫn vàng
KH00335,dây chuyền kim cương
KH00878,bông tai bạc
KH00379,nhẫn vàng
KH00888,nhẫn vàng
KH01551,nhẫn vàng
KH01771,dây chuyền kim cương
KH00496,dây chuyền kim cương
KH00930,bông tai bạc
KH01910,nhẫn vàng
KH00017,bông tai bạc
KH00282,nhẫn vàng
KH01338,bông tai bạc
KH00820,dây chuyền kim cương
KH01066,vòng tay nữ
KH00098,bông tai bạc
KH01563,dây chuyền kim cương
KH00305,trang sức cưới
KH01635,dây chuyền kim cương
KH01631,dây chuyền kim cương
KH00858,vòng tay nữ
KH01354,trang sức cưới
KH01820,trang sức cưới
KH00802,nhẫn vàng
KH00080,nhẫn vàng
KH01106,trang sức cưới
KH01201,dây chuyền kim cương
KH01295,bông tai bạc
KH00147,vòng tay nữ
KH00368,nhẫn vàng
KH01435,trang sức cưới
KH01543,trang sức cưới
KH01648,vòng tay nữ
KH00028,nhẫn vàng
KH00307,dây chuyền kim cương
KH01234,vòng tay nữ
KH00791,nhẫn vàng
KH00989,trang sức cưới
KH01408,bông tai bạc
KH01369,dây chuyền kim cương
KH01979,dây chuyền kim cương
KH00659,trang sức cưới
KH00411,trang sức cưới
KH01615,trang sức cưới
KH01163,vòng tay nữ
KH00846,vòng tay nữ
KH01135,dây chuyền kim cương
KH01651,vòng tay nữ
KH00327,nhẫn vàng
KH00414,nhẫn vàng
KH00552,dây chuyền kim cương
KH00945,vòng tay nữ
KH01297,dây chuyền kim cương
KH01682,vòng tay nữ
KH01556,bông tai bạc
KH01900,dây chuyền kim cương
KH00863,bông tai bạc
KH00988,dây chuyền kim cương
KH01319,vòng tay nữ
KH00202,trang sức cưới
KH01519,nhẫn vàng
KH01178,trang sức cưới
KH01358,nhẫn vàng
KH00484,trang sức cưới
KH00073,dây chuyền kim cương
KH00578,nhẫn vàng
KH01997,dây chuyền kim cương
KH01165,dây chuyền kim cương
KH01572,vòng tay nữ
KH00156,dây chuyền kim cương
KH00022,dây chuyền kim cương
KH00756,trang sức cưới
KH00397,dây chuyền kim cương
KH01491,nhẫn vàng
KH00638,dây chuyền kim cương
KH00800,vòng tay nữ
KH01310,dây chuyền kim cương
KH01972,nhẫn vàng
KH01546,trang sức cưới
KH00631,dây chuyền kim cương
KH01632,trang sức cưới
KH01474,vòng tay nữ
KH01932,dây chuyền kim cương
KH00667,dây chuyền kim cương
KH01061,nhẫn vàng
KH01448,vòng tay nữ
KH00836,bông tai bạc
KH01323,trang sức cưới
KH00609,dây chuyền kim cương
KH00960,bông tai bạc
KH01450,trang sức cưới
KH01111,vòng tay nữ
KH01547,nhẫn vàng
KH01144,bông tai bạc
KH00857,bông tai bạc
KH00518,trang sức cưới
KH01235,trang sức cưới
KH00203,nhẫn vàng
KH01715,vòng tay nữ
KH01328,nhẫn vàng
KH01271,bông tai bạc
KH01421,dây chuyền kim cương
KH01250,trang sức cưới
KH01368,vòng tay nữ
KH00017,nhẫn vàng
KH01953,trang sức cưới
KH01307,bông tai bạc
KH01414,trang sức cưới
KH00320,dây chuyền kim cương
KH01358,dây chuyền kim cương
KH00100,vòng tay nữ
KH00629,nhẫn vàng
KH00383,bông tai bạc
KH01014,dây chuyền kim cương
KH00814,vòng tay nữ
KH01647,dây chuyền kim cương
KH01157,bông tai bạc
KH01536,bông tai bạc
KH00733,dây chuyền kim cương
KH00671,trang sức cưới
KH01580,vòng tay nữ
KH00234,vòng tay nữ
KH00737,trang sức cưới
KH00972,bông tai bạc
KH01338,nhẫn vàng
KH00184,vòng tay nữ
KH00455,trang sức cưới
KH01187,vòng tay nữ
KH00324,bông tai bạc
KH00053,trang sức cưới
KH00778,vòng tay nữ
KH01746,trang sức cưới
KH00457,vòng tay nữ
KH00847,vòng tay nữ
KH01017,vòng tay nữ
KH01835,dây chuyền kim cương
KH01289,nhẫn vàng
KH01245,bông tai bạc
KH01003,dây chuyền kim cương
KH01993,vòng tay nữ
KH00795,trang sức cưới
KH00171,bông tai bạc
KH01661,nhẫn vàng
KH00531,nhẫn vàng
KH00915,bông tai bạc
KH01157,dây chuyền kim cương
KH01402,trang sức cưới
KH01292,bông tai bạc
KH00735,vòng tay nữ
KH00280,bông tai bạc
KH01000,nhẫn vàng
KH00845,vòng tay nữ
KH01452,bông tai bạc
KH01735,nhẫn vàng
KH01769,trang sức cưới
KH01462,bông tai bạc
KH00895,vòng tay nữ
KH01348,vòng tay nữ
KH01371,trang sức cưới
KH00498,nhẫn vàng
KH00596,dây chuyền kim cương
KH01205,dây chuyền kim cương
KH01465,nhẫn vàng
KH00955,vòng tay nữ
KH01702,dây chuyền kim cương
KH00054,bông tai bạc
KH00939,vòng tay nữ
KH01592,nhẫn vàng
KH00964,vòng tay nữ
KH01416,dây chuyền kim cương
KH01789,vòng tay nữ
KH01617,trang sức cưới
KH01163,dây chuyền kim cương
KH01991,nhẫn vàng
KH01511,bông tai bạc
KH00395,bông tai bạc
KH01724,vòng tay nữ
KH01658,vòng tay nữ
KH00169,nhẫn vàng
KH00962,nhẫn vàng
KH00366,trang sức cưới
KH01395,bông tai bạc
KH01858,trang sức cưới
KH01253,trang sức cưới
KH00990,bông tai bạc
KH00325,nhẫn vàng
KH00200,bông tai bạc
KH01011,trang sức cưới
KH00950,dây chuyền kim cương
KH00966,trang sức cưới
KH00432,dây chuyền kim cương
KH00848,bông tai bạc
KH00037,nhẫn vàng
KH01061,trang sức cưới
KH00079,nhẫn vàng
KH00535,dây chuyền kim cương
KH02000,trang sức cưới
KH00796,vòng tay nữ
KH01046,trang sức cưới
KH01619,nhẫn vàng
KH00443,bông tai bạc
KH00112,vòng tay nữ
KH02000,trang sức cưới
KH01327,vòng tay nữ
KH00625,nhẫn vàng
KH01885,vòng tay nữ
KH01010,dây chuyền kim cương
KH00467,bông tai bạc
KH01894,dây chuyền kim cương
KH00134,vòng tay nữ
KH01232,trang sức cưới
KH01690,trang sức cưới
KH00371,trang sức cưới
KH01486,nhẫn vàng
KH01491,trang sức cưới
KH01629,bông tai bạc
KH01952,bông tai bạc
KH01065,bông tai bạc
KH00680,bông tai bạc
KH01574,vòng tay nữ
KH01775,trang sức cưới
KH00256,bông tai bạc
KH01297,bông tai bạc
KH00246,bông tai bạc
KH00793,trang sức cưới
KH00412,vòng tay nữ
KH01066,dây chuyền kim cương
KH00977,vòng tay nữ
KH00931,vòng tay nữ
KH01703,nhẫn vàng
KH00824,vòng tay nữ
KH00285,dây chuyền kim cương
KH01259,vòng tay nữ
KH01215,dây chuyền kim cương
KH01579,trang sức cưới
KH01831,nhẫn vàng
KH00008,dây chuyền kim cương
KH00051,vòng tay nữ
KH01804,vòng tay nữ
KH00612,bông tai bạc
KH00458,trang sức cưới
KH01016,nhẫn vàng
KH00730,vòng tay nữ
KH00572,dây chuyền kim cương
KH00611,vòng tay nữ
KH01175,nhẫn vàng
KH00059,nhẫn vàng
KH00128,dây chuyền kim cương
KH01179,trang sức cưới
KH00284,dây chuyền kim cương
KH00204,dây chuyền kim cương
KH01148,trang sức cưới
KH00923,nhẫn vàng
KH00919,dây chuyền kim cương
KH01225,bông tai bạc
KH00823,dây chuyền kim cương
KH01789,nhẫn vàng
KH01066,vòng tay nữ
KH01654,dây chuyền kim cương
KH00043,nhẫn vàng
KH01551,vòng tay nữ
KH01867,nhẫn vàng
KH01867,bông tai bạc
KH00886,vòng tay nữ
KH00102,dây chuyền kim cương
KH00588,nhẫn vàng
KH00214,nhẫn vàng
KH01865,nhẫn vàng
KH00667,bông tai bạc
KH01664,trang sức cưới
KH01911,trang sức cưới
KH01337,bông tai bạc
KH01553,vòng tay nữ
KH01908,bông tai bạc
KH01369,vòng tay nữ
KH01003,trang sức cưới
KH00054,nhẫn vàng
KH01598,vòng tay nữ
KH00180,bông tai bạc
KH01638,bông tai bạc
KH00472,nhẫn vàng
KH00836,trang sức cưới
KH00515,dây chuyền kim cương
KH01902,dây chuyền kim cương
KH01710,nhẫn vàng
KH01866,dây chuyền kim cương
KH00015,dây chuyền kim cương
KH01403,dây chuyền kim cương
KH01626,bông tai bạc
KH01212,dây chuyền kim cương
KH01766,nhẫn vàng
KH00126,nhẫn vàng
KH01091,bông tai bạc
KH00731,bông tai bạc
KH01128,bông tai bạc
KH00494,dây chuyền kim cương
KH01709,trang sức cưới
KH00657,bông tai bạc
KH01518,bông tai bạc
KH00986,vòng tay nữ
KH00951,bông tai bạc
KH00199,vòng tay nữ
KH00273,nhẫn vàng
KH01408,vòng tay nữ
KH00070,dây chuyền kim cương
KH00347,bông tai bạc
KH01233,nhẫn vàng
KH00892,dây chuyền kim cương
KH00051,trang sức cưới
KH01368,trang sức cưới
KH01039,trang sức cưới
KH00727,vòng tay nữ
KH00127,vòng tay nữ
KH01507,dây chuyền kim cương
KH01551,nhẫn vàng
KH00034,trang sức cưới
KH01249,nhẫn vàng
KH00905,vòng tay nữ
KH00674,trang sức cưới
KH00222,dây chuyền kim cương
KH00532,trang sức cưới
KH00333,trang sức cưới
KH01591,nhẫn vàng
KH01069,bông tai bạc
KH01412,trang sức cưới
KH00530,vòng tay nữ
KH00085,trang sức cưới
KH00965,nhẫn vàng
KH00588,nhẫn vàng
KH01259,nhẫn vàng
KH00720,trang sức cưới
KH00007,trang sức cưới
KH00375,trang sức cưới
KH00345,trang sức cưới
KH01973,dây chuyền kim cương
KH00708,trang sức cưới
KH00050,trang sức cưới
KH01051,dây chuyền kim cương
KH00542,trang sức cưới
KH00406,dây chuyền kim cương
KH01240,vòng tay nữ
KH01747,trang sức cưới
KH00115,nhẫn vàng
KH00511,dây chuyền kim cương
KH00249,vòng tay nữ
KH00135,nhẫn vàng
KH00695,trang sức cưới
KH01362,nhẫn vàng
KH01786,nhẫn vàng
KH01854,trang sức cưới
KH01379,vòng tay nữ
KH00018,bông tai bạc
KH01473,trang sức cưới
KH01891,dây chuyền kim cương
KH01140,bông tai bạc
KH00168,vòng tay nữ
KH01415,dây chuyền kim cương
KH01785,nhẫn vàng
KH01248,trang sức cưới
KH00362,dây chuyền kim cương
KH00290,vòng tay nữ
KH01207,nhẫn vàng
KH01076,trang sức cưới
KH00659,vòng tay nữ
KH01885,bông tai bạc
KH00610,dây chuyền kim cương
KH01499,nhẫn vàng
KH01250,vòng tay nữ
KH01259,vòng tay nữ
KH00268,dây chuyền kim cương
KH00616,dây chuyền kim cương
KH00545,trang sức cưới
KH01724,bông tai bạc
KH00230,vòng tay nữ
KH01139,nhẫn vàng
KH00130,vòng tay nữ
KH00240,trang sức cưới
KH01329,vòng tay nữ
KH01241,nhẫn vàng
KH01332,nhẫn vàng
KH01351,nhẫn vàng
KH00633,vòng tay nữ
KH00681,vòng tay nữ
KH00096,vòng tay nữ
KH01157,trang sức cưới
KH01827,vòng tay nữ
KH01410,dây chuyền kim cương
KH01351,bông tai bạc
KH01603,nhẫn vàng
KH00840,nhẫn vàng
KH01922,nhẫn vàng
KH01443,trang sức cưới
KH01607,dây chuyền kim cương
KH00292,nhẫn vàng
KH01877,nhẫn vàng
KH01609,dây chuyền kim cương
KH01712,trang sức cưới
KH01709,vòng tay nữ
KH01776,vòng tay nữ
KH00494,vòng tay nữ
KH01659,bông tai bạc
KH00127,nhẫn vàng
KH00240,nhẫn vàng
KH00065,bông tai bạc
KH00001,bông tai bạc
KH01135,dây chuyền kim cương
KH01270,nhẫn vàng
KH00715,trang sức cưới
KH01613,bông tai bạc
KH00593,bông tai bạc
KH01566,dây chuyền kim cương
KH01839,vòng tay nữ
KH00769,trang sức cưới
KH00257,bông tai bạc
KH00842,dây chuyền kim cương
KH00125,vòng tay nữ
KH01266,trang sức cưới
KH01428,bông tai bạc
KH01838,nhẫn vàng
KH01066,trang sức cưới
KH00231,trang sức cưới
KH00460,trang sức cưới
KH00152,nhẫn vàng
KH00451,dây chuyền kim cương
KH01353,nhẫn vàng
KH00581,dây chuyền kim cương
KH00543,vòng tay nữ
KH00814,trang sức cưới
KH00775,dây chuyền kim cương
KH01357,vòng tay nữ
KH00774,bông tai bạc
KH01705,trang sức cưới
KH01298,vòng tay nữ
KH00291,bông tai bạc
KH00452,bông tai bạc
KH00245,dây chuyền kim cương
KH01640,trang sức cưới
KH01182,nhẫn vàng
KH00239,trang sức cưới
KH00338,trang sức cưới
KH01655,nhẫn vàng
KH00925,trang sức cưới
KH01294,bông tai bạc
KH01877,nhẫn vàng
KH01411,vòng tay nữ
KH01700,trang sức cưới
KH01092,nhẫn vàng
KH01915,nhẫn vàng
KH01270,dây chuyền kim cương
KH00415,dây chuyền kim cương
KH00370,vòng tay nữ
KH00875,dây chuyền kim cương
KH01688,vòng tay nữ
KH00522,nhẫn vàng
KH01761,nhẫn vàng
KH00606,nhẫn vàng
KH00044,vòng tay nữ
KH00159,nhẫn vàng
KH00954,dây chuyền kim cương
KH00831,dây chuyền kim cương
KH00250,vòng tay nữ
KH00639,trang sức cưới
KH01373,nhẫn vàng
KH01193,nhẫn vàng
KH00418,vòng tay nữ
KH00595,nhẫn vàng
KH00869,nhẫn vàng
KH00998,nhẫn vàng
KH00711,nhẫn vàng
KH01462,trang sức cưới
KH00203,nhẫn vàng
KH00631,vòng tay nữ
KH00370,trang sức cưới
KH00369,vòng tay nữ
KH01937,bông tai bạc
KH01775,trang sức cưới
KH00307,trang sức cưới
KH00623,vòng tay nữ
KH00473,bông tai bạc
KH01940,bông tai bạc
KH01072,trang sức cưới
KH00246,vòng tay nữ
KH00949,dây chuyền kim cương
KH01453,trang sức cưới
KH00824,dây chuyền kim cương
KH01687,vòng tay nữ
KH01191,vòng tay nữ
KH01468,dây chuyền kim cương
KH01238,bông tai bạc
KH00452,trang sức cưới
KH00692,dây chuyền kim cương
KH01882,vòng tay nữ
KH00742,bông tai bạc
KH00828,nhẫn vàng
KH00638,trang sức cưới
KH00844,trang sức cưới
KH01637,bông tai bạc
KH00083,vòng tay nữ
KH00450,nhẫn vàng
KH01144,bông tai bạc
KH01303,bông tai bạc
KH00534,bông tai bạc
KH01734,bông tai bạc
KH01074,nhẫn vàng
KH00168,nhẫn vàng
KH00319,vòng tay nữ
KH00356,trang sức cưới
KH00659,vòng tay nữ
KH00202,dây chuyền kim cương
KH00877,vòng tay nữ
KH01259,vòng tay nữ
KH00660,dây chuyền kim cương
KH01456,vòng tay nữ
KH01872,nhẫn vàng
KH00534,bông tai bạc
KH00117,nhẫn vàng
KH01692,trang sức cưới
KH01402,trang sức cưới
KH01047,dây chuyền kim cương
KH00682,dây chuyền kim cương
KH00367,vòng tay nữ
KH00841,nhẫn vàng
KH00378,nhẫn vàng
KH01198,dây chuyền kim cương
KH00170,bông tai bạc
KH01308,nhẫn vàng
KH01921,bông tai bạc
KH01228,bông tai bạc
KH00517,dây chuyền kim cương
KH01021,nhẫn vàng
KH00864,trang sức cưới
KH01993,trang sức cưới
KH00058,nhẫn vàng
KH00193,trang sức cưới
KH01019,nhẫn vàng
KH01828,bông tai bạc
KH01813,bông tai bạc
KH01083,nhẫn vàng
KH00986,trang sức cưới
KH00754,nhẫn vàng
KH00515,dây chuyền kim cương
KH00221,vòng tay nữ
KH00439,vòng tay nữ
KH01591,nhẫn vàng
KH00511,trang sức cưới
KH01545,trang sức cưới
KH01718,dây chuyền kim cương
KH00260,bông tai bạc
KH01007,vòng tay nữ
KH00742,bông tai bạc
KH00108,bông tai bạc
KH01740,bông tai bạc
KH00623,vòng tay nữ
KH01449,nhẫn vàng
KH00041,dây chuyền kim cương
KH00084,vòng tay nữ
KH01271,bông tai bạc
KH00495,trang sức cưới
KH00445,vòng tay nữ
KH01352,dây chuyền kim cương
KH01024,dây chuyền kim cương
KH00608,trang sức cưới
KH00544,dây chuyền kim cương
KH00326,trang sức cưới
KH01260,nhẫn vàng
KH01366,nhẫn vàng
KH01078,nhẫn vàng
KH01964,trang sức cưới
KH00958,dây chuyền kim cương
KH01619,trang sức cưới
KH00772,vòng tay nữ
KH01872,nhẫn vàng
KH01637,trang sức cưới
KH00879,bông tai bạc
KH01167,trang sức cưới
KH00140,nhẫn vàng
KH01325,vòng tay nữ
KH01620,bông tai bạc
KH01754,vòng tay nữ
KH01890,dây chuyền kim cương
KH00288,bông tai bạc
KH00414,vòng tay nữ
KH00705,bông tai bạc
KH00298,bông tai bạc
KH00672,bông tai bạc
KH01137,nhẫn vàng
KH01496,nhẫn vàng
KH01636,nhẫn vàng
KH01310,dây chuyền kim cương
KH00962,trang sức cưới
KH01733,dây chuyền kim cương
KH00003,dây chuyền kim cương
KH01772,vòng tay nữ
KH01154,trang sức cưới
KH01942,bông tai bạc
KH00469,nhẫn vàng
KH01153,nhẫn vàng
KH00519,vòng tay nữ
KH01681,trang sức cưới
KH01642,dây chuyền kim cương
KH01824,bông tai bạc
KH00268,bông tai bạc
KH01510,dây chuyền kim cương
KH00343,bông tai bạc
KH01393,nhẫn vàng
KH01492,vòng tay nữ
KH00094,dây chuyền kim cương
KH01917,trang sức cưới
KH01856,dây chuyền kim cương
KH01126,dây chuyền kim cương
KH01247,dây chuyền kim cương
KH00416,vòng tay nữ
KH01220,dây chuyền kim cương
KH01163,bông tai bạc
KH00885,dây chuyền kim cương
KH01734,dây chuyền kim cương
KH00561,dây chuyền kim cương
KH00859,vòng tay nữ
KH00248,bông tai bạc
KH00314,nhẫn vàng
KH01808,trang sức cưới
KH00012,trang sức cưới
KH00947,vòng tay nữ
KH00645,dây chuyền kim cương
KH01070,vòng tay nữ
KH01599,trang sức cưới
KH01012,bông tai bạc
KH00342,nhẫn vàng
KH00920,trang sức cưới
KH01580,bông tai bạc
KH00627,dây chuyền kim cương
KH01569,trang sức cưới
KH00986,vòng tay nữ
KH00962,bông tai bạc
KH01724,vòng tay nữ
KH01808,dây chuyền kim cương
KH01798,dây chuyền kim cương
KH01339,dây chuyền kim cương
KH01650,bông tai bạc
KH01315,nhẫn vàng
KH01912,nhẫn vàng
KH01427,nhẫn vàng
KH01310,dây chuyền kim cương
KH00038,vòng tay nữ
KH00574,bông tai bạc
KH01963,nhẫn vàng
KH00989,trang sức cưới
KH01677,vòng tay nữ
KH01595,nhẫn vàng
KH00101,bông tai bạc
KH00567,dây chuyền kim cương
KH01653,vòng tay nữ
KH01967,dây chuyền kim cương
KH01602,bông tai bạc
KH00397,dây chuyền kim cương
KH00531,dây chuyền kim cương
KH00185,bông tai bạc
KH01000,nhẫn vàng
KH00803,nhẫn vàng
KH00056,trang sức cưới
KH01366,vòng tay nữ
KH00637,dây chuyền kim cương
KH00927,nhẫn vàng
KH01019,trang sức cưới
KH00751,trang sức cưới
KH00287,dây chuyền kim cương
KH00440,trang sức cưới
KH00842,nhẫn vàng
KH01769,nhẫn vàng
KH00862,dây chuyền kim cương
KH01372,nhẫn vàng
KH01298,trang sức cưới
KH00340,bông tai bạc
KH00391,bông tai bạc
KH00016,dây chuyền kim cương
KH01831,vòng tay nữ
KH00552,vòng tay nữ
KH01023,bông tai bạc
KH01400,nhẫn vàng
KH00345,trang sức cưới
KH00178,trang sức cưới
KH01275,nhẫn vàng
KH01319,vòng tay nữ
KH00024,bông tai bạc
KH00834,nhẫn vàng
KH01968,dây chuyền kim cương
KH01664,trang sức cưới
KH00801,dây chuyền kim cương
KH01292,bông tai bạc
KH01718,nhẫn vàng
KH01010,bông tai bạc
KH00248,trang sức cưới
KH01704,bông tai bạc
KH00406,dây chuyền kim cương
KH00560,trang sức cưới
KH01804,nhẫn vàng
KH01125,vòng tay nữ
KH00044,bông tai bạc
KH01722,vòng tay nữ
KH01935,bông tai bạc
KH00394,nhẫn vàng
KH01300,nhẫn vàng
KH00369,vòng tay nữ
KH01252,dây chuyền kim cương
KH01853,trang sức cưới
KH01763,nhẫn vàng
KH01320,vòng tay nữ
KH01392,dây chuyền kim cương
KH01848,bông tai bạc
KH00521,vòng tay nữ
KH00049,vòng tay nữ
KH00376,vòng tay nữ
KH01199,bông tai bạc
KH00923,bông tai bạc
KH00320,bông tai bạc
KH01158,trang sức cưới
KH01454,vòng tay nữ
KH00525,bông tai bạc
KH01710,bông tai bạc
KH01101,nhẫn vàng
KH00399,nhẫn vàng
KH00445,nhẫn vàng
KH00570,vòng tay nữ
KH01972,vòng tay nữ
KH00537,vòng tay nữ
KH01588,vòng tay nữ
KH01008,vòng tay nữ
KH00650,dây chuyền kim cương
KH00205,vòng tay nữ
KH00237,trang sức cưới
KH00850,vòng tay nữ
KH01180,bông tai bạc
KH00628,dây chuyền kim cương
KH01953,bông tai bạc
KH00817,nhẫn vàng
KH00857,trang sức cưới
KH00937,nhẫn vàng
KH00953,vòng tay nữ
KH00253,bông tai bạc
KH00176,dây chuyền kim cương
KH00256,dây chuyền kim cương
KH01672,bông tai bạc
KH00422,vòng tay nữ
KH01065,trang sức cưới
KH00798,dây chuyền kim cương
KH02000,bông tai bạc
KH01384,trang sức cưới
KH00366,trang sức cưới
KH01201,nhẫn vàng
KH00296,dây chuyền kim cương
KH00793,bông tai bạc
KH01549,trang sức cưới
KH01678,bông tai bạc
KH00381,dây chuyền kim cương
KH01482,nhẫn vàng
KH01642,dây chuyền kim cương
KH01674,trang sức cưới
KH01342,vòng tay nữ
KH01197,nhẫn vàng
KH01650,vòng tay nữ
KH00278,nhẫn vàng
KH00599,bông tai bạc
KH00958,vòng tay nữ
KH01363,dây chuyền kim cương
KH01735,vòng tay nữ
KH00241,dây chuyền kim cương
KH00659,trang sức cưới
KH00346,vòng tay nữ
KH01633,dây chuyền kim cương
KH01384,vòng tay nữ
KH00012,bông tai bạc
KH00016,bông tai bạc
KH00661,vòng tay nữ
KH00845,bông tai bạc
KH01229,dây chuyền kim cương
KH00908,nhẫn vàng
KH01419,nhẫn vàng
KH00150,vòng tay nữ
KH00958,bông tai bạc
KH00792,trang sức cưới
KH00812,trang sức cưới
KH01296,trang sức cưới
KH00727,bông tai bạc
KH00885,dây chuyền kim cương
KH01354,nhẫn vàng
KH01681,nhẫn vàng
KH01993,vòng tay nữ
KH01801,vòng tay nữ
KH01205,vòng tay nữ
KH01882,nhẫn vàng
KH00188,bông tai bạc
KH00738,trang sức cưới
KH01292,bông tai bạc
KH00902,trang sức cưới
KH01646,vòng tay nữ
KH00905,dây chuyền kim cương
KH00939,vòng tay nữ
KH00790,dây chuyền kim cương
KH01448,nhẫn vàng
KH01931,vòng tay nữ
KH01175,trang sức cưới
KH00568,dây chuyền kim cương
KH00714,vòng tay nữ
KH00779,trang sức cưới
KH01236,bông tai bạc
KH01147,trang sức cưới
KH00718,trang sức cưới
KH00144,nhẫn vàng
KH00634,nhẫn vàng
KH01483,nhẫn vàng
KH00939,vòng tay nữ
KH00497,dây chuyền kim cương
KH01739,trang sức cưới
KH01283,trang sức cưới
KH01181,nhẫn vàng
KH01566,dây chuyền kim cương
KH01031,dây chuyền kim cương
KH01333,vòng tay nữ
KH00240,bông tai bạc
KH00873,nhẫn vàng
KH00668,trang sức cưới
KH00488,nhẫn vàng
KH01369,bông tai bạc
KH01539,trang sức cưới
KH00814,trang sức cưới
KH00706,trang sức cưới
KH00020,bông tai bạc
KH01422,nhẫn vàng
KH01499,dây chuyền kim cương
KH01910,bông tai bạc
KH01348,nhẫn vàng
KH00035,vòng tay nữ
KH01312,nhẫn vàng
KH01996,bông tai bạc
KH00060,vòng tay nữ
KH00282,bông tai bạc
KH00864,vòng tay nữ
KH00076,dây chuyền kim cương
KH01304,trang sức cưới
KH00433,trang sức cưới
KH01730,dây chuyền kim cương
KH00772,nhẫn vàng
KH00789,nhẫn vàng
KH00542,trang sức cưới
KH01110,nhẫn vàng
KH00807,vòng tay nữ
KH00540,nhẫn vàng
KH01323,vòng tay nữ
KH00922,vòng tay nữ
KH00820,nhẫn vàng
KH01734,vòng tay nữ
KH01179,dây chuyền kim cương
KH00195,bông tai bạc
KH01438,nhẫn vàng
KH01259,bông tai bạc
KH01815,trang sức cưới
KH00341,trang sức cưới
KH00493,dây chuyền kim cương
KH01123,vòng tay nữ
KH01963,vòng tay nữ
KH00814,trang sức cưới
KH01776,trang sức cưới
KH00130,trang sức cưới
KH00842,dây chuyền kim cương
KH01038,nhẫn vàng
KH00376,trang sức cưới
KH01165,trang sức cưới
KH01893,bông tai bạc
KH01349,dây chuyền kim cương
KH01970,dây chuyền kim cương
KH00962,nhẫn vàng
KH00560,vòng tay nữ
KH00674,nhẫn vàng
KH00174,dây chuyền kim cương
KH00688,nhẫn vàng
KH01273,dây chuyền kim cương
KH00455,dây chuyền kim cương
KH00223,nhẫn vàng
KH01233,bông tai bạc
KH00551,trang sức cưới
KH01428,bông tai bạc
KH00909,nhẫn vàng
KH01764,trang sức cưới
KH00998,nhẫn vàng
KH01675,bông tai bạc
KH00337,trang sức cưới
KH00626,nhẫn vàng
KH01446,vòng tay nữ
KH00977,bông tai bạc
KH00657,bông tai bạc
KH00593,nhẫn vàng
KH01472,vòng tay nữ
KH00618,bông tai bạc
KH00182,bông tai bạc
KH01934,bông tai bạc
KH01057,vòng tay nữ
KH00677,nhẫn vàng
KH00654,dây chuyền kim cương
KH00772,nhẫn vàng
KH00237,bông tai bạc
KH01314,vòng tay nữ
KH00064,vòng tay nữ
KH01054,bông tai bạc
KH01602,dây chuyền kim cương
KH01323,vòng tay nữ
KH00476,trang sức cưới
KH01935,dây chuyền kim cương
KH01743,nhẫn vàng
KH01821,bông tai bạc
KH01243,trang sức cưới
KH00424,trang sức cưới
KH00001,vòng tay nữ
KH00530,trang sức cưới
KH01532,bông tai bạc
KH01712,trang sức cưới
KH00909,vòng tay nữ
KH01741,dây chuyền kim cương
KH01772,trang sức cưới
KH00773,nhẫn vàng
KH00223,nhẫn vàng
KH01419,bông tai bạc
KH00345,dây chuyền kim cương
KH00517,nhẫn vàng
KH01134,trang sức cưới
KH01356,trang sức cưới
KH01881,bông tai bạc
KH00048,vòng tay nữ
KH00977,nhẫn vàng
KH00112,dây chuyền kim cương
KH01381,vòng tay nữ
KH00886,dây chuyền kim cương
KH01917,nhẫn vàng
KH00476,vòng tay nữ
KH00065,vòng tay nữ
KH00293,trang sức cưới
KH00764,bông tai bạc
KH01858,trang sức cưới
KH00757,vòng tay nữ
KH01055,bông tai bạc
KH01835,vòng tay nữ
KH00728,vòng tay nữ
KH01930,trang sức cưới
KH00080,vòng tay nữ
KH01377,bông tai bạc
KH01477,dây chuyền kim cương
KH01879,bông tai bạc
KH00238,trang sức cưới
KH00912,nhẫn vàng
KH01519,dây chuyền kim cương
KH01241,bông tai bạc
KH01154,bông tai bạc
KH01825,bông tai bạc
KH01935,bông tai bạc
KH01442,dây chuyền kim cương
KH00597,bông tai bạc
KH00599,bông tai bạc
KH00006,nhẫn vàng
KH00409,vòng tay nữ
KH01002,trang sức cưới
KH01300,vòng tay nữ
KH00961,dây chuyền kim cương
KH01788,dây chuyền kim cương
KH01664,trang sức cưới
KH00746,nhẫn vàng
KH01984,bông tai bạc
KH00181,nhẫn vàng
KH00193,vòng tay nữ
KH00583,bông tai bạc
KH00805,dây chuyền kim cương
KH00992,vòng tay nữ
KH00956,trang sức cưới
KH00293,vòng tay nữ
KH01542,bông tai bạc
KH00571,trang sức cưới
KH00735,nhẫn vàng
KH00162,dây chuyền kim cương
KH00830,nhẫn vàng
KH00862,bông tai bạc
KH01423,bông tai bạc
KH01057,trang sức cưới
KH01366,trang sức cưới
KH01102,bông tai bạc
KH00682,bông tai bạc
KH01377,vòng tay nữ
KH00604,nhẫn vàng
KH00087,nhẫn vàng
KH00215,bông tai bạc
KH01354,dây chuyền kim cương
KH01389,nhẫn vàng
KH01274,bông tai bạc
KH00006,trang sức cưới
KH00251,nhẫn vàng
KH01489,bông tai bạc
KH00455,vòng tay nữ
KH01224,nhẫn vàng
KH01579,nhẫn vàng
KH00831,vòng tay nữ
KH00538,vòng tay nữ
KH00081,bông tai bạc
KH00122,nhẫn vàng
KH00343,bông tai bạc
KH01494,dây chuyền kim cương
KH00670,dây chuyền kim cương
KH01327,bông tai bạc
KH01806,trang sức cưới
KH00196,vòng tay nữ
KH00346,bông tai bạc
KH01799,trang sức cưới
KH00208,dây chuyền kim cương
KH01496,vòng tay nữ
KH01891,dây chuyền kim cương
KH01067,nhẫn vàng
KH00691,bông tai bạc
KH01051,vòng tay nữ
KH01275,vòng tay nữ
KH00483,vòng tay nữ
KH01812,nhẫn vàng
KH00917,nhẫn vàng
KH01035,vòng tay nữ
KH00667,bông tai bạc
KH01407,dây chuyền kim cương
KH00847,nhẫn vàng
KH01715,trang sức cưới
KH00768,bông tai bạc
KH00332,vòng tay nữ
KH01676,nhẫn vàng
KH01170,vòng tay nữ
KH00093,dây chuyền kim cương
KH00391,nhẫn vàng
KH00296,vòng tay nữ
KH01554,vòng tay nữ
KH01882,nhẫn vàng
KH00468,trang sức cưới
KH01593,trang sức cưới
KH01817,trang sức cưới
KH00551,trang sức cưới
KH00437,trang sức cưới
KH01377,dây chuyền kim cương
KH01683,trang sức cưới
KH01004,dây chuyền kim cương
KH01059,trang sức cưới
KH00523,trang sức cưới
KH01067,vòng tay nữ
KH00547,trang sức cưới
KH01315,nhẫn vàng
KH00878,bông tai bạc
KH00607,dây chuyền kim cương
KH01992,dây chuyền kim cương
KH01555,bông tai bạc
KH01599,trang sức cưới
KH00250,bông tai bạc
KH01857,nhẫn vàng
KH00511,nhẫn vàng
KH01588,vòng tay nữ
KH00197,bông tai bạc
KH01755,nhẫn vàng
KH01026,nhẫn vàng
KH01947,vòng tay nữ
KH01423,dây chuyền kim cương
KH00269,trang sức cưới
KH00999,dây chuyền kim cương
KH00143,nhẫn vàng
KH01977,vòng tay nữ
KH01898,dây chuyền kim cương
KH01893,vòng tay nữ
KH00213,bông tai bạc
KH01516,vòng tay nữ
KH01077,bông tai bạc
KH01360,vòng tay nữ
KH01505,dây chuyền kim cương
KH00518,dây chuyền kim cương
KH00566,bông tai bạc
KH00535,bông tai bạc
KH00512,nhẫn vàng
KH00679,vòng tay nữ
KH00531,bông tai bạc
KH00578,nhẫn vàng
KH01373,bông tai bạc
KH01966,trang sức cưới
KH00828,trang sức cưới
KH00870,vòng tay nữ
KH01814,trang sức cưới
KH00831,bông tai bạc
KH00331,trang sức cưới
KH01384,bông tai bạc
KH01360,trang sức cưới
KH00913,bông tai bạc
KH01487,dây chuyền kim cương
KH01953,nhẫn vàng
KH01066,trang sức cưới
KH00942,bông tai bạc
KH00533,trang sức cưới
KH01604,trang sức cưới
KH01065,nhẫn vàng
KH01070,trang sức cưới
KH00534,bông tai bạc
KH01084,nhẫn vàng
KH01758,bông tai bạc
KH00993,trang sức cưới
KH00028,vòng tay nữ
KH00524,vòng tay nữ
KH00571,trang sức cưới
KH00948,bông tai bạc
KH00406,nhẫn vàng
KH00123,trang sức cưới
KH01124,dây chuyền kim cương
KH00958,nhẫn vàng
KH01254,nhẫn vàng
KH00301,trang sức cưới
KH01595,nhẫn vàng
KH01861,dây chuyền kim cương
KH01930,dây chuyền kim cương
KH01837,vòng tay nữ
KH00790,nhẫn vàng
KH01091,trang sức cưới
KH00793,vòng tay nữ
KH01926,vòng tay nữ
KH00105,trang sức cưới
KH01502,bông tai bạc
KH01418,vòng tay nữ
KH01900,trang sức cưới
KH00972,trang sức cưới
KH00900,dây chuyền kim cương
KH01246,dây chuyền kim cương
KH01310,dây chuyền kim cương
KH00014,trang sức cưới
KH00308,vòng tay nữ
KH00667,nhẫn vàng
KH01553,dây chuyền kim cương
KH00712,dây chuyền kim cương
KH01904,vòng tay nữ
KH01912,vòng tay nữ
KH01290,nhẫn vàng
KH01865,nhẫn vàng
KH00159,vòng tay nữ
KH00468,trang sức cưới
KH01659,vòng tay nữ
KH00887,bông tai bạc
KH01161,nhẫn vàng
KH01387,nhẫn vàng
KH01082,trang sức cưới
KH01097,trang sức cưới
KH00770,vòng tay nữ
KH01143,nhẫn vàng
KH00662,trang sức cưới
KH00710,trang sức cưới
KH01360,dây chuyền kim cương
KH00937,bông tai bạc
KH01451,trang sức cưới
KH00755,dây chuyền kim cương
KH00394,vòng tay nữ
KH01646,vòng tay nữ
KH00061,dây chuyền kim cương
KH00880,nhẫn vàng
KH01584,trang sức cưới
KH00778,nhẫn vàng
KH01903,trang sức cưới
KH01693,bông tai bạc
KH01414,bông tai bạc
KH00530,bông tai bạc
KH01535,vòng tay nữ
KH01724,dây chuyền kim cương
KH01846,bông tai bạc
KH00165,bông tai bạc
KH01498,dây chuyền kim cương
KH00880,dây chuyền kim cương
KH01764,nhẫn vàng
KH00103,bông tai bạc
KH01820,nhẫn vàng
KH01089,vòng tay nữ
KH01280,nhẫn vàng
KH00333,bông tai bạc
KH00527,nhẫn vàng
KH01385,nhẫn vàng
KH00716,dây chuyền kim cương
KH01548,nhẫn vàng
KH01041,nhẫn vàng
KH00890,trang sức cưới
KH01989,nhẫn vàng
KH00255,bông tai bạc
KH00796,vòng tay nữ
KH01509,dây chuyền kim cương
KH01028,dây chuyền kim cương
KH00168,bông tai bạc
KH01864,dây chuyền kim cương
KH01791,bông tai bạc
KH01192,dây chuyền kim cương
KH00604,dây chuyền kim cương
KH01039,nhẫn vàng
KH00374,bông tai bạc
KH00415,nhẫn vàng
KH01964,dây chuyền kim cương
KH01418,bông tai bạc
KH00607,nhẫn vàng
KH00444,trang sức cưới
KH01657,dây chuyền kim cương
KH00726,bông tai bạc
KH01314,vòng tay nữ
KH00075,vòng tay nữ
KH01040,bông tai bạc
KH01089,dây chuyền kim cương
KH00473,bông tai bạc
KH01894,nhẫn vàng
KH01413,dây chuyền kim cương
KH01669,vòng tay nữ
KH01687,bông tai bạc
KH00631,nhẫn vàng
KH01935,vòng tay nữ
KH01847,dây chuyền kim cương
KH01111,dây chuyền kim cương
KH01593,dây chuyền kim cương
KH00102,bông tai bạc
KH01956,nhẫn vàng
KH01356,vòng tay nữ
KH00019,vòng tay nữ
KH00861,nhẫn vàng
KH00027,trang sức cưới
KH01277,dây chuyền kim cương
KH00220,vòng tay nữ
KH00419,vòng tay nữ
KH01573,dây chuyền kim cương
KH00553,trang sức cưới
KH00261,vòng tay nữ
KH01795,dây chuyền kim cương
KH01516,trang sức cưới
KH00059,trang sức cưới
KH00554,dây chuyền kim cương
KH01160,vòng tay nữ
KH00547,trang sức cưới
KH01114,dây chuyền kim cương
KH00847,nhẫn vàng
KH01002,trang sức cưới
KH01709,dây chuyền kim cương
KH01807,dây chuyền kim cương
KH01545,vòng tay nữ
KH00945,nhẫn vàng
KH00703,bông tai bạc
KH00382,nhẫn vàng
KH00878,dây chuyền kim cương
KH01975,nhẫn vàng
KH00960,bông tai bạc
KH01112,bông tai bạc
KH01609,nhẫn vàng
KH00637,vòng tay nữ
KH00488,vòng tay nữ
KH01407,dây chuyền kim cương
KH01657,vòng tay nữ
KH01705,dây chuyền kim cương
KH01547,trang sức cưới
KH00218,vòng tay nữ
KH01373,nhẫn vàng
KH00318,trang sức cưới
KH00011,bông tai bạc
KH01484,trang sức cưới
KH01874,trang sức cưới
KH00758,nhẫn vàng
KH01060,nhẫn vàng
KH00912,dây chuyền kim cương
KH01519,trang sức cưới
KH01575,dây chuyền kim cương
KH01689,vòng tay nữ
KH00135,nhẫn vàng
KH01000,vòng tay nữ
KH01752,nhẫn vàng
KH00392,vòng tay nữ
KH00820,vòng tay nữ
KH01770,bông tai bạc
KH01486,trang sức cưới
KH01199,trang sức cưới
KH00153,nhẫn vàng
KH01677,vòng tay nữ
KH00297,bông tai bạc
KH01203,trang sức cưới
KH00082,vòng tay nữ
KH01105,trang sức cưới
KH00978,dây chuyền kim cương
KH00338,dây chuyền kim cương
KH01558,bông tai bạc
KH00432,vòng tay nữ
KH00241,bông tai bạc
KH01389,trang sức cưới
KH01224,trang sức cưới
KH00089,nhẫn vàng
KH00015,vòng tay nữ
KH00516,trang sức cưới
KH00822,dây chuyền kim cương
KH00413,trang sức cưới
KH00472,bông tai bạc
KH00081,vòng tay nữ
KH01114,nhẫn vàng
KH01003,nhẫn vàng
KH00367,nhẫn vàng
KH01664,vòng tay nữ
KH01044,bông tai bạc
KH00806,nhẫn vàng
KH00718,dây chuyền kim cương
KH00554,vòng tay nữ
KH00616,nhẫn vàng
KH00728,trang sức cưới
KH01523,nhẫn vàng
KH01355,dây chuyền kim cương
KH01366,trang sức cưới
KH01359,trang sức cưới
KH01196,trang sức cưới
KH00592,nhẫn vàng
KH00283,dây chuyền kim cương
KH01313,bông tai bạc
KH00559,vòng tay nữ
KH01091,dây chuyền kim cương
KH01053,dây chuyền kim cương
KH00071,vòng tay nữ
KH00056,dây chuyền kim cương
KH00196,nhẫn vàng
KH01137,nhẫn vàng
KH00731,bông tai bạc
KH00286,bông tai bạc
KH01998,dây chuyền kim cương
KH01731,nhẫn vàng
KH00912,bông tai bạc
KH01157,dây chuyền kim cương
KH01087,trang sức cưới
KH01363,nhẫn vàng
KH01046,trang sức cưới
KH01406,trang sức cưới
KH00770,dây chuyền kim cương
KH00760,nhẫn vàng
KH00370,trang sức cưới
KH00561,dây chuyền kim cương
KH00657,trang sức cưới
KH00143,bông tai bạc
KH01094,dây chuyền kim cương
KH00465,nhẫn vàng
KH01543,vòng tay nữ
KH00600,dây chuyền kim cương
KH01244,trang sức cưới
KH01980,dây chuyền kim cương
KH00728,dây chuyền kim cương
KH01809,bông tai bạc
KH01192,dây chuyền kim cương
KH01924,nhẫn vàng
KH01392,dây chuyền kim cương
KH01406,nhẫn vàng
KH01666,bông tai bạc
KH00098,dây chuyền kim cương
KH00975,vòng tay nữ
KH01277,trang sức cưới
KH01286,nhẫn vàng
KH01852,trang sức cưới
KH00806,trang sức cưới
KH01503,nhẫn vàng
KH01604,trang sức cưới
KH00233,nhẫn vàng
KH00078,bông tai bạc
KH01355,dây chuyền kim cương
KH00854,vòng tay nữ
KH01862,bông tai bạc
KH00226,trang sức cưới
KH01591,bông tai bạc
KH00346,bông tai bạc
KH01598,vòng tay nữ
KH00954,vòng tay nữ
KH01602,nhẫn vàng
KH01618,vòng tay nữ
KH00255,bông tai bạc
KH01013,vòng tay nữ
KH01711,dây chuyền kim cương
KH00751,trang sức cưới
KH00131,trang sức cưới
KH00105,nhẫn vàng
KH01067,dây chuyền kim cương
KH01176,vòng tay nữ
KH00198,trang sức cưới
KH01193,vòng tay nữ
KH01939,nhẫn vàng
KH01606,trang sức cưới
KH00548,dây chuyền kim cương
KH01012,dây chuyền kim cương
KH00603,dây chuyền kim cương
KH00282,trang sức cưới
KH00575,dây chuyền kim cương
KH01555,trang sức cưới
KH01271,vòng tay nữ
KH00001,nhẫn vàng
KH01996,vòng tay nữ
KH00590,nhẫn vàng
KH00028,vòng tay nữ
KH01652,nhẫn vàng
KH00058,trang sức cưới
KH01484,vòng tay nữ
KH00415,vòng tay nữ
KH00299,bông tai bạc
KH01304,dây chuyền kim cương
KH01914,trang sức cưới
KH01971,bông tai bạc
KH00899,bông tai bạc
KH00519,trang sức cưới
KH00854,vòng tay nữ
KH01014,bông tai bạc
KH00924,dây chuyền kim cương
KH01734,bông tai bạc
KH00953,dây chuyền kim cương
KH01582,bông tai bạc
KH01627,nhẫn vàng
KH00972,vòng tay nữ
KH00949,bông tai bạc
KH01850,vòng tay nữ
KH01219,bông tai bạc
KH00987,dây chuyền kim cương
KH01389,vòng tay nữ
KH01512,nhẫn vàng
KH01453,trang sức cưới
KH00624,vòng tay nữ
KH01044,trang sức cưới
KH00636,nhẫn vàng
KH01152,dây chuyền kim cương
KH01361,dây chuyền kim cương
KH00072,bông tai bạc
KH00559,bông tai bạc
KH00085,trang sức cưới
KH01687,dây chuyền kim cương
KH00144,bông tai bạc
KH01961,nhẫn vàng
KH00510,trang sức cưới
KH01236,bông tai bạc
KH01321,vòng tay nữ
KH01119,vòng tay nữ
KH00699,dây chuyền kim cương
KH01623,dây chuyền kim cương
KH01344,bông tai bạc
KH01415,nhẫn vàng
KH01667,dây chuyền kim cương
KH01414,trang sức cưới
KH00913,nhẫn vàng
KH01871,dây chuyền kim cương
KH01277,vòng tay nữ
KH01958,dây chuyền kim cương
KH00401,nhẫn vàng
KH00714,nhẫn vàng
KH00705,vòng tay nữ
KH00909,dây chuyền kim cương
KH00879,bông tai bạc
KH00361,trang sức cưới
KH01057,dây chuyền kim cương
KH01125,trang sức cưới
KH01626,dây chuyền kim cương
KH00242,nhẫn vàng
KH00845,bông tai bạc
KH01518,nhẫn vàng
KH01594,nhẫn vàng
KH01873,dây chuyền kim cương
KH00860,dây chuyền kim cương
KH00270,nhẫn vàng
KH00427,nhẫn vàng
KH00511,nhẫn vàng
KH00868,vòng tay nữ
KH01775,trang sức cưới
KH01924,vòng tay nữ
KH00193,bông tai bạc
KH01152,bông tai bạc
KH01254,vòng tay nữ
KH01018,nhẫn vàng
KH01332,nhẫn vàng
KH00818,dây chuyền kim cương
KH00212,bông tai bạc
KH00697,vòng tay nữ
KH01911,dây chuyền kim cương
KH01421,dây chuyền kim cương
KH01902,bông tai bạc
KH01860,bông tai bạc
KH00235,trang sức cưới
KH00398,dây chuyền kim cương
KH00807,nhẫn vàng
KH00993,nhẫn vàng
KH00346,vòng tay nữ
KH00187,vòng tay nữ
KH01695,bông tai bạc
KH01726,vòng tay nữ
KH00591,dây chuyền kim cương
KH00543,vòng tay nữ
KH01706,dây chuyền kim cương
KH00883,trang sức cưới
KH00857,trang sức cưới
KH01650,vòng tay nữ
KH01120,nhẫn vàng
KH00902,vòng tay nữ
KH01169,vòng tay nữ
KH01416,nhẫn vàng
KH01628,vòng tay nữ
KH00852,bông tai bạc
KH01912,vòng tay nữ
KH00545,vòng tay nữ
KH01531,nhẫn vàng
KH01394,bông tai bạc
KH01724,nhẫn vàng
KH00747,nhẫn vàng
KH00182,trang sức cưới
KH01760,dây chuyền kim cương
KH00869,nhẫn vàng
KH01204,nhẫn vàng
KH01785,vòng tay nữ
KH01430,bông tai bạc
KH00385,dây chuyền kim cương
KH01570,trang sức cưới
KH00613,vòng tay nữ
KH00669,vòng tay nữ
KH01069,trang sức cưới
KH00464,nhẫn vàng
KH00778,dây chuyền kim cương
KH00666,vòng tay nữ
KH01503,trang sức cưới
KH01106,nhẫn vàng
KH00621,dây chuyền kim cương
KH00917,trang sức cưới
KH00609,vòng tay nữ
KH01917,bông tai bạc
KH01803,trang sức cưới
KH00221,vòng tay nữ
KH01188,vòng tay nữ
KH01243,vòng tay nữ
KH00435,nhẫn vàng
KH00821,trang sức cưới
KH00745,trang sức cưới
KH01430,trang sức cưới
KH01849,dây chuyền kim cương
KH01858,nhẫn vàng
KH00622,bông tai bạc
KH00228,trang sức cưới
KH01418,bông tai bạc
KH00187,dây chuyền kim cương
KH00038,nhẫn vàng
KH01348,trang sức cưới
KH01778,nhẫn vàng
KH00321,trang sức cưới
KH01662,trang sức cưới
KH00443,bông tai bạc
KH00562,bông tai bạc
KH00183,bông tai bạc
KH01257,nhẫn vàng
KH00335,dây chuyền kim cương
KH01468,trang sức cưới
KH01617,dây chuyền kim cương
KH00373,trang sức cưới
KH01002,trang sức cưới
KH01121,dây chuyền kim cương
KH00808,nhẫn vàng
KH01036,dây chuyền kim cương
KH01655,dây chuyền kim cương
KH00308,trang sức cưới
KH00584,trang sức cưới
KH00828,trang sức cưới
KH00116,bông tai bạc
KH00516,dây chuyền kim cương
KH01321,nhẫn vàng
KH00034,trang sức cưới
KH01107,bông tai bạc
KH00295,trang sức cưới
KH01810,nhẫn vàng
KH01465,vòng tay nữ
KH00397,vòng tay nữ
KH01383,vòng tay nữ
KH01293,dây chuyền kim cương
KH01312,nhẫn vàng
KH01473,dây chuyền kim cương
KH00566,bông tai bạc
KH01779,bông tai bạc
KH00352,nhẫn vàng
KH00782,trang sức cưới
KH01091,trang sức cưới
KH00754,vòng tay nữ
KH01853,dây chuyền kim cương
KH00422,dây chuyền kim cương
KH01427,vòng tay nữ
KH01760,dây chuyền kim cương
KH00233,vòng tay nữ
KH00027,dây chuyền kim cương
KH01124,bông tai bạc
KH00560,vòng tay nữ
KH01201,bông tai bạc
KH00079,trang sức cưới
KH00945,vòng tay nữ
KH01239,bông tai bạc
KH00448,bông tai bạc
KH00454,dây chuyền kim cương
KH01493,dây chuyền kim cương
KH01886,dây chuyền kim cương
KH01830,dây chuyền kim cương
KH01090,vòng tay nữ
KH01044,dây chuyền kim cương
KH01212,trang sức cưới
KH00243,dây chuyền kim cương
KH00787,vòng tay nữ
KH01954,vòng tay nữ
KH00619,trang sức cưới
KH00816,nhẫn vàng
KH00416,nhẫn vàng
KH01742,dây chuyền kim cương
KH01275,trang sức cưới
KH00228,bông tai bạc
KH00289,nhẫn vàng
KH01364,dây chuyền kim cương
KH00533,nhẫn vàng
KH01576,dây chuyền kim cương
KH00834,dây chuyền kim cương
KH01591,trang sức cưới
KH00716,bông tai bạc
KH00527,vòng tay nữ
KH01408,nhẫn vàng
KH01144,vòng tay nữ
KH01006,trang sức cưới
KH01051,trang sức cưới
KH01061,bông tai bạc
KH01608,nhẫn vàng
KH00049,bông tai bạc
KH01296,nhẫn vàng
KH00041,dây chuyền kim cương
KH00748,bông tai bạc
KH00857,bông tai bạc
KH00266,nhẫn vàng
KH01385,nhẫn vàng
KH00342,dây chuyền kim cương
KH01470,dây chuyền kim cương
KH01052,bông tai bạc
KH00685,vòng tay nữ
KH00948,trang sức cưới
KH01559,vòng tay nữ
KH01888,bông tai bạc
KH02000,nhẫn vàng
KH00170,vòng tay nữ
KH00947,dây chuyền kim cương
KH00033,bông tai bạc
KH01161,vòng tay nữ
KH00325,trang sức cưới
KH01136,dây chuyền kim cương
KH01136,bông tai bạc
KH01037,trang sức cưới
KH00671,trang sức cưới
KH01386,trang sức cưới
KH00949,trang sức cưới
KH01204,dây chuyền kim cương
KH00368,trang sức cưới
KH01566,nhẫn vàng
KH01039,bông tai bạc
KH01524,bông tai bạc
KH00134,nhẫn vàng
KH00914,trang sức cưới
KH00364,vòng tay nữ
KH01918,dây chuyền kim cương
KH00661,bông tai bạc
KH00053,vòng tay nữ
KH01355,bông tai bạc
KH01985,bông tai bạc
KH01710,vòng tay nữ
KH01306,dây chuyền kim cương
KH00673,nhẫn vàng
KH01654,trang sức cưới
KH00204,nhẫn vàng
KH00714,dây chuyền kim cương
KH01713,dây chuyền kim cương
KH00894,dây chuyền kim cương
KH00370,dây chuyền kim cương
KH01575,vòng tay nữ
KH01045,bông tai bạc
KH00691,bông tai bạc
KH00362,dây chuyền kim cương
KH01147,trang sức cưới
KH01126,nhẫn vàng
KH01986,bông tai bạc
KH01210,vòng tay nữ
KH01953,nhẫn vàng
KH01858,trang sức cưới
KH01901,trang sức cưới
KH01956,bông tai bạc
KH00700,vòng tay nữ
KH01727,vòng tay nữ
KH00752,bông tai bạc
KH01803,bông tai bạc
KH00464,trang sức cưới
KH00980,dây chuyền kim cương
KH00454,nhẫn vàng
KH01037,nhẫn vàng
KH00479,trang sức cưới
KH00875,nhẫn vàng
KH01162,dây chuyền kim cương
KH01171,vòng tay nữ
KH01086,trang sức cưới
KH00943,bông tai bạc
KH01235,trang sức cưới
KH00992,vòng tay nữ
KH00763,vòng tay nữ
KH01266,trang sức cưới
KH00711,bông tai bạc
KH01584,vòng tay nữ
KH01901,nhẫn vàng
KH01928,vòng tay nữ
KH01629,dây chuyền kim cương
KH00929,bông tai bạc
KH01269,nhẫn vàng
KH00447,vòng tay nữ
KH01744,vòng tay nữ
KH00651,nhẫn vàng
KH01600,vòng tay nữ
KH01389,nhẫn vàng
KH01068,bông tai bạc
KH00126,trang sức cưới
KH01064,nhẫn vàng
KH00709,dây chuyền kim cương
KH00227,trang sức cưới
KH01218,trang sức cưới
KH00608,vòng tay nữ
KH01301,vòng tay nữ
KH01168,vòng tay nữ
KH01957,dây chuyền kim cương
KH00978,nhẫn vàng
KH00513,nhẫn vàng
KH01181,trang sức cưới
KH00161,bông tai bạc
KH01349,nhẫn vàng
KH00275,bông tai bạc
KH00034,trang sức cưới
KH01579,trang sức cưới
KH00190,dây chuyền kim cương
KH01149,vòng tay nữ
KH00811,dây chuyền kim cương
KH01976,nhẫn vàng
KH01980,nhẫn vàng
KH00485,nhẫn vàng
KH01354,vòng tay nữ
KH00673,nhẫn vàng
KH01034,dây chuyền kim cương
KH01616,nhẫn vàng
KH00221,vòng tay nữ
KH01369,nhẫn vàng
KH01052,vòng tay nữ
KH00546,bông tai bạc
KH00383,nhẫn vàng
KH01014,trang sức cưới
KH01174,vòng tay nữ
KH00666,vòng tay nữ
KH01130,trang sức cưới
KH00820,trang sức cưới
KH01015,trang sức cưới
KH00481,dây chuyền kim cương
KH01430,nhẫn vàng
KH00476,dây chuyền kim cương
KH00097,bông tai bạc
KH01240,bông tai bạc
KH00424,nhẫn vàng
KH01989,dây chuyền kim cương
KH01142,vòng tay nữ
KH00916,dây chuyền kim cương
KH01211,dây chuyền kim cương
KH00176,trang sức cưới
KH01148,trang sức cưới
KH00837,dây chuyền kim cương
KH01572,dây chuyền kim cương
KH00150,trang sức cưới
KH01315,nhẫn vàng
KH01704,nhẫn vàng
KH01825,bông tai bạc
KH01257,nhẫn vàng
KH01131,bông tai bạc
KH01314,trang sức cưới
KH00018,bông tai bạc
KH00362,dây chuyền kim cương
KH01094,vòng tay nữ
KH01643,dây chuyền kim cương
KH01682,dây chuyền kim cương
KH00689,nhẫn vàng
KH00786,trang sức cưới
KH00028,bông tai bạc
KH01429,bông tai bạc
KH01556,bông tai bạc
KH01663,bông tai bạc
KH00742,vòng tay nữ
KH01057,dây chuyền kim cương
KH00301,vòng tay nữ
KH00694,vòng tay nữ
KH00098,nhẫn vàng
KH01064,dây chuyền kim cương
KH00755,dây chuyền kim cương
KH01163,bông tai bạc
KH00164,nhẫn vàng
KH01896,trang sức cưới
KH01128,dây chuyền kim cương
KH00785,vòng tay nữ
KH00358,dây chuyền kim cương
KH01534,dây chuyền kim cương
KH00524,trang sức cưới
KH01480,vòng tay nữ
KH00978,bông tai bạc
KH00622,vòng tay nữ
KH01032,bông tai bạc
KH00422,vòng tay nữ
KH01800,dây chuyền kim cương
KH00983,vòng tay nữ
KH00500,trang sức cưới
KH01884,nhẫn vàng
KH00178,bông tai bạc
KH00737,nhẫn vàng
KH00122,dây chuyền kim cương
KH01204,nhẫn vàng
KH01473,vòng tay nữ
KH01722,nhẫn vàng
KH01265,bông tai bạc
KH00394,bông tai bạc
KH01254,nhẫn vàng
KH01721,trang sức cưới
KH01432,bông tai bạc
KH01676,bông tai bạc
KH00913,vòng tay nữ
KH01072,bông tai bạc
KH00872,vòng tay nữ
KH00807,trang sức cưới
KH01951,vòng tay nữ
KH01400,trang sức cưới
KH00962,nhẫn vàng
KH01891,dây chuyền kim cương
KH00227,vòng tay nữ
KH00956,bông tai bạc
KH01608,bông tai bạc
KH00896,bông tai bạc
KH00185,dây chuyền kim cương
KH01999,dây chuyền kim cương
KH01227,vòng tay nữ
KH00200,dây chuyền kim cương
KH01820,nhẫn vàng
KH00246,vòng tay nữ
KH01918,trang sức cưới
KH00864,bông tai bạc
KH00899,vòng tay nữ
KH01807,dây chuyền kim cương
KH01489,nhẫn vàng
KH00531,dây chuyền kim cương
KH00199,nhẫn vàng
KH00734,dây chuyền kim cương
KH01302,trang sức cưới
KH01252,bông tai bạc
KH01048,vòng tay nữ
KH00261,vòng tay nữ
KH00620,dây chuyền kim cương
KH00611,dây chuyền kim cương
KH01574,dây chuyền kim cương
KH01048,nhẫn vàng
KH01227,trang sức cưới
KH00749,trang sức cưới
KH01983,nhẫn vàng
KH01660,vòng tay nữ
KH01315,dây chuyền kim cương
KH01962,bông tai bạc
KH00789,vòng tay nữ
KH00610,bông tai bạc
KH01611,dây chuyền kim cương
KH00965,vòng tay nữ
KH01042,dây chuyền kim cương
KH00767,vòng tay nữ
KH00070,bông tai bạc
KH00607,bông tai bạc
KH00856,nhẫn vàng
KH01360,vòng tay nữ
KH00955,vòng tay nữ
KH01167,vòng tay nữ
KH00772,trang sức cưới
KH01149,nhẫn vàng
KH00004,nhẫn vàng
KH01649,bông tai bạc
KH00137,bông tai bạc
KH00404,vòng tay nữ
KH01769,trang sức cưới
KH01891,dây chuyền kim cương
KH00241,vòng tay nữ
KH01307,bông tai bạc
KH00910,vòng tay nữ
KH01338,nhẫn vàng
KH01649,bông tai bạc
KH00385,nhẫn vàng
KH00781,bông tai bạc
KH01219,nhẫn vàng
KH00718,vòng tay nữ
KH00809,dây chuyền kim cương
KH00151,trang sức cưới
KH01363,dây chuyền kim cương
KH00228,dây chuyền kim cương
KH01386,trang sức cưới
KH01089,trang sức cưới
KH00081,trang sức cưới
KH00988,trang sức cưới
KH00818,trang sức cưới
KH00416,nhẫn vàng
KH00352,trang sức cưới
KH01641,nhẫn vàng
KH01798,vòng tay nữ
KH01453,trang sức cưới
KH01263,trang sức cưới
KH00406,bông tai bạc
KH01342,nhẫn vàng
KH00623,trang sức cưới
KH00748,vòng tay nữ
KH01784,dây chuyền kim cương
KH00969,trang sức cưới
KH01651,nhẫn vàng
KH01502,vòng tay nữ
KH00210,vòng tay nữ
KH00096,nhẫn vàng
KH01195,bông tai bạc
KH00780,vòng tay nữ
KH01938,dây chuyền kim cương
KH01182,nhẫn vàng
KH00769,vòng tay nữ
KH01235,trang sức cưới
KH01198,trang sức cưới
KH00648,nhẫn vàng
KH01139,dây chuyền kim cương
KH00534,bông tai bạc
KH01541,nhẫn vàng
KH00575,trang sức cưới
KH00392,nhẫn vàng
KH00246,dây chuyền kim cương
KH01480,bông tai bạc
KH01725,nhẫn vàng
KH01070,trang sức cưới
KH01231,vòng tay nữ
KH00918,nhẫn vàng
KH01186,nhẫn vàng
KH00560,nhẫn vàng
KH01672,trang sức cưới
KH00453,bông tai bạc
KH00705,dây chuyền kim cương
KH01889,vòng tay nữ
KH01187,vòng tay nữ
KH01307,dây chuyền kim cương
KH01846,trang sức cưới
KH00344,nhẫn vàng
KH00038,bông tai bạc
KH01698,bông tai bạc
KH00866,nhẫn vàng
KH01800,trang sức cưới
KH01056,trang sức cưới
KH01267,dây chuyền kim cương
KH00230,vòng tay nữ
KH01351,vòng tay nữ
KH01034,vòng tay nữ
KH00843,trang sức cưới
KH01721,bông tai bạc
KH00326,nhẫn vàng
KH01163,nhẫn vàng
KH01917,dây chuyền kim cương
KH01781,bông tai bạc
KH00984,trang sức cưới
KH00744,trang sức cưới
KH01120,dây chuyền kim cương
KH01762,bông tai bạc
KH01275,dây chuyền kim cương
KH01130,dây chuyền kim cương
KH01586,bông tai bạc
KH01572,trang sức cưới
KH00268,nhẫn vàng
KH00659,nhẫn vàng
KH00221,trang sức cưới
KH01069,dây chuyền kim cương
KH01930,bông tai bạc
KH00743,trang sức cưới
KH01619,dây chuyền kim cương
KH00083,trang sức cưới
KH01210,bông tai bạc
KH00326,vòng tay nữ
KH01634,bông tai bạc
KH00605,nhẫn vàng
KH01716,bông tai bạc
KH01729,vòng tay nữ
KH00106,dây chuyền kim cương
KH00431,trang sức cưới
KH01824,trang sức cưới
KH00836,bông tai bạc
KH00790,dây chuyền kim cương
KH01821,nhẫn vàng
KH00745,trang sức cưới
KH01660,bông tai bạc
KH01523,bông tai bạc
KH01116,bông tai bạc
KH01953,nhẫn vàng
KH00887,trang sức cưới
KH00292,nhẫn vàng
KH01577,bông tai bạc
KH01578,bông tai bạc
KH00964,dây chuyền kim cương
KH01018,nhẫn vàng
KH00596,vòng tay nữ
KH01630,dây chuyền kim cương
KH00232,dây chuyền kim cương
KH00562,nhẫn vàng
KH01917,bông tai bạc
KH01420,nhẫn vàng
KH01802,vòng tay nữ
KH00810,bông tai bạc
KH00351,trang sức cưới
KH01215,vòng tay nữ
KH01518,vòng tay nữ
KH00943,trang sức cưới
KH01320,trang sức cưới
KH01652,bông tai bạc
KH01973,vòng tay nữ
KH00864,nhẫn vàng
KH00470,trang sức cưới
KH00568,trang sức cưới
KH01714,bông tai bạc
KH00841,bông tai bạc
KH00030,dây chuyền kim cương
KH00016,vòng tay nữ
KH01764,vòng tay nữ
KH01480,trang sức cưới
KH00281,dây chuyền kim cương
KH01136,vòng tay nữ
KH01156,trang sức cưới
KH01460,bông tai bạc
KH00479,trang sức cưới
KH01599,nhẫn vàng
KH00609,vòng tay nữ
KH00567,dây chuyền kim cương
KH01942,trang sức cưới
KH01182,dây chuyền kim cương
KH00171,nhẫn vàng
KH00195,trang sức cưới
KH01462,nhẫn vàng
KH00067,nhẫn vàng
KH00287,dây chuyền kim cương
KH00309,dây chuyền kim cương
KH00851,trang sức cưới
KH01476,trang sức cưới
KH01458,dây chuyền kim cương
KH00605,dây chuyền kim cương
KH00292,vòng tay nữ
KH00810,bông tai bạc
KH00562,dây chuyền kim cương
KH01218,dây chuyền kim cương
KH01596,dây chuyền kim cương
KH00501,vòng tay nữ
KH00129,nhẫn vàng
KH00159,vòng tay nữ
KH00592,trang sức cưới
KH00426,trang sức cưới
KH01758,dây chuyền kim cương
KH00726,bông tai bạc
KH01966,nhẫn vàng
KH01999,vòng tay nữ
KH00505,dây chuyền kim cương
KH01343,dây chuyền kim cương
KH00364,dây chuyền kim cương
KH01219,nhẫn vàng
KH01742,nhẫn vàng
KH00974,vòng tay nữ
KH01787,trang sức cưới
KH01705,nhẫn vàng
KH00970,nhẫn vàng
KH01503,bông tai bạc
KH01956,vòng tay nữ
KH01682,dây chuyền kim cương
KH01470,bông tai bạc
KH00902,nhẫn vàng
KH01098,nhẫn vàng
KH00643,nhẫn vàng
KH00528,nhẫn vàng
KH01405,dây chuyền kim cương
KH00871,trang sức cưới
KH01071,vòng tay nữ
KH01593,vòng tay nữ
KH01442,trang sức cưới
KH01329,nhẫn vàng
KH01749,vòng tay nữ
KH01418,dây chuyền kim cương
KH00790,nhẫn vàng
KH00192,dây chuyền kim cương
KH01353,bông tai bạc
KH01477,vòng tay nữ
KH00246,nhẫn vàng
KH01830,vòng tay nữ
KH00929,trang sức cưới
KH01701,nhẫn vàng
KH01705,trang sức cưới
KH01280,dây chuyền kim cương
KH01186,trang sức cưới
KH01450,vòng tay nữ
KH01955,bông tai bạc
KH01362,trang sức cưới
KH01171,vòng tay nữ
KH01220,vòng tay nữ
KH01286,nhẫn vàng
KH00663,nhẫn vàng
KH00911,trang sức cưới
KH01130,vòng tay nữ
KH01433,nhẫn vàng
KH00814,trang sức cưới
KH00917,dây chuyền kim cương
KH00183,trang sức cưới
KH01247,bông tai bạc
KH00651,nhẫn vàng
KH00472,nhẫn vàng
KH01372,bông tai bạc
KH00901,vòng tay nữ
KH01284,dây chuyền kim cương
KH01432,trang sức cưới
KH01122,dây chuyền kim cương
KH00299,bông tai bạc
KH01190,trang sức cưới
KH01104,trang sức cưới
KH01682,vòng tay nữ
KH01008,bông tai bạc
KH01059,dây chuyền kim cương
KH01969,nhẫn vàng
KH01218,vòng tay nữ
KH00360,dây chuyền kim cương
KH01945,vòng tay nữ
KH01456,dây chuyền kim cương
KH01370,trang sức cưới
KH01452,dây chuyền kim cương
KH01027,nhẫn vàng
KH01622,trang sức cưới
KH01878,bông tai bạc
KH00813,vòng tay nữ
KH00701,trang sức cưới
KH01676,nhẫn vàng
KH00966,bông tai bạc
KH01880,dây chuyền kim cương
KH01728,trang sức cưới
KH01604,bông tai bạc
KH01008,nhẫn vàng
KH01715,nhẫn vàng
KH01014,bông tai bạc
KH01869,trang sức cưới
KH01471,dây chuyền kim cương
KH00746,nhẫn vàng
KH00662,trang sức cưới
KH00815,trang sức cưới
KH00715,nhẫn vàng
KH00741,dây chuyền kim cương
KH01654,bông tai bạc
KH01336,vòng tay nữ
KH01361,vòng tay nữ
KH01068,bông tai bạc
KH01471,vòng tay nữ
KH01541,vòng tay nữ
KH01825,bông tai bạc
KH00392,trang sức cưới
KH01122,bông tai bạc
KH00123,bông tai bạc
KH00833,vòng tay nữ
KH00571,nhẫn vàng
KH00118,vòng tay nữ
KH01213,nhẫn vàng
KH01882,vòng tay nữ
KH00792,dây chuyền kim cương
KH00979,bông tai bạc
KH00466,trang sức cưới
KH00654,vòng tay nữ
KH01301,vòng tay nữ
KH00669,nhẫn vàng
KH00928,vòng tay nữ
KH00869,dây chuyền kim cương
KH00886,bông tai bạc
KH01061,vòng tay nữ
KH00457,nhẫn vàng
KH00963,trang sức cưới
KH01944,vòng tay nữ
KH00524,vòng tay nữ
KH01139,trang sức cưới
KH00507,trang sức cưới
KH00170,vòng tay nữ
KH01636,nhẫn vàng
KH01486,dây chuyền kim cương
KH01966,dây chuyền kim cương
KH00684,nhẫn vàng
KH00616,vòng tay nữ
KH00318,dây chuyền kim cương
KH00336,trang sức cưới
KH00204,nhẫn vàng
KH01705,vòng tay nữ
KH00703,trang sức cưới
KH01453,dây chuyền kim cương
KH01862,dây chuyền kim cương
KH00366,vòng tay nữ
KH00251,dây chuyền kim cương
KH01511,dây chuyền kim cương
KH01884,bông tai bạc
KH00859,trang sức cưới
KH01811,vòng tay nữ
KH00149,bông tai bạc
KH01758,nhẫn vàng
KH01659,dây chuyền kim cương
KH00275,trang sức cưới
KH01885,nhẫn vàng
KH01118,bông tai bạc
KH00275,bông tai bạc
KH01693,vòng tay nữ
KH01473,trang sức cưới
KH00100,bông tai bạc
KH01277,trang sức cưới
KH00500,nhẫn vàng
KH00842,dây chuyền kim cương
KH01572,bông tai bạc
KH00807,bông tai bạc
KH01766,dây chuyền kim cương
KH00942,bông tai bạc
KH01115,trang sức cưới
KH01184,nhẫn vàng
KH01878,bông tai bạc
KH01415,bông tai bạc
KH01577,trang sức cưới
KH00519,dây chuyền kim cương
KH01631,vòng tay nữ
KH01328,dây chuyền kim cương
KH01042,trang sức cưới
KH01273,trang sức cưới
KH00256,trang sức cưới
KH00392,dây chuyền kim cương
KH01427,vòng tay nữ
KH00218,dây chuyền kim cương
KH01522,trang sức cưới
KH01020,dây chuyền kim cương
KH01457,vòng tay nữ
KH00689,vòng tay nữ
KH01503,dây chuyền kim cương
KH00418,vòng tay nữ
KH00839,vòng tay nữ
KH00686,trang sức cưới
KH00784,dây chuyền kim cương
KH01869,nhẫn vàng
KH01846,trang sức cưới
KH00728,nhẫn vàng
KH01920,nhẫn vàng
KH00472,bông tai bạc
KH01782,vòng tay nữ
KH01856,bông tai bạc
KH00087,trang sức cưới
KH00985,dây chuyền kim cương
KH00709,vòng tay nữ
KH00606,bông tai bạc
KH00107,dây chuyền kim cương
KH01021,trang sức cưới
KH01054,trang sức cưới
KH01172,dây chuyền kim cương
KH00573,nhẫn vàng
KH01991,nhẫn vàng
KH01996,nhẫn vàng
KH00995,vòng tay nữ
KH01099,trang sức cưới
KH00236,vòng tay nữ
KH00056,nhẫn vàng
KH00697,bông tai bạc
KH01279,dây chuyền kim cương
KH00448,trang sức cưới
KH00035,nhẫn vàng
KH00240,bông tai bạc
KH01759,nhẫn vàng
KH00923,dây chuyền kim cương
KH01046,trang sức cưới
KH01517,bông tai bạc
KH01977,bông tai bạc
KH00366,bông tai bạc
KH01058,nhẫn vàng
KH00844,bông tai bạc
KH00847,trang sức cưới
KH00727,dây chuyền kim cương
KH00210,trang sức cưới
KH01757,bông tai bạc
KH00834,dây chuyền kim cương
KH01875,dây chuyền kim cương
KH01372,trang sức cưới
KH00745,nhẫn vàng
KH01198,bông tai bạc
KH00402,dây chuyền kim cương
KH00825,vòng tay nữ
KH00927,trang sức cưới
KH01928,bông tai bạc
KH01706,vòng tay nữ
KH00305,nhẫn vàng
KH01581,nhẫn vàng
KH01361,vòng tay nữ
KH00913,nhẫn vàng
KH01430,bông tai bạc
KH01617,bông tai bạc
KH00498,trang sức cưới
KH00898,bông tai bạc
KH00420,vòng tay nữ
KH00304,dây chuyền kim cương
KH00062,nhẫn vàng
KH01692,nhẫn vàng
KH01398,dây chuyền kim cương
KH00028,vòng tay nữ
KH01416,bông tai bạc
KH01269,nhẫn vàng
KH01749,trang sức cưới
KH00716,trang sức cưới
KH00133,nhẫn vàng
KH00999,bông tai bạc
KH00503,dây chuyền kim cương
KH01046,trang sức cưới
KH01587,trang sức cưới
KH00961,vòng tay nữ
KH01808,dây chuyền kim cương
KH01664,dây chuyền kim cương
KH01475,bông tai bạc
KH00596,dây chuyền kim cương
KH01588,nhẫn vàng
KH01855,bông tai bạc
KH01666,dây chuyền kim cương
KH00761,dây chuyền kim cương
KH01888,vòng tay nữ
KH00975,bông tai bạc
KH00761,nhẫn vàng
KH01057,vòng tay nữ
KH00893,trang sức cưới
KH00289,bông tai bạc
KH00791,dây chuyền kim cương
KH00112,vòng tay nữ
KH00559,nhẫn vàng
KH01133,nhẫn vàng
KH00727,bông tai bạc
KH00105,dây chuyền kim cương
KH00809,dây chuyền kim cương
KH01298,vòng tay nữ
KH01964,trang sức cưới
KH00238,trang sức cưới
KH01186,dây chuyền kim cương
KH01574,dây chuyền kim cương
KH01955,bông tai bạc
KH00035,bông tai bạc
KH01804,vòng tay nữ
KH00879,trang sức cưới
KH00309,trang sức cưới
KH01400,trang sức cưới
KH01638,bông tai bạc
KH01476,dây chuyền kim cương
KH00074,nhẫn vàng
KH01923,vòng tay nữ
KH00202,vòng tay nữ
KH00317,bông tai bạc
KH00235,bông tai bạc
KH00573,nhẫn vàng
KH01834,vòng tay nữ
KH00254,dây chuyền kim cương
KH00791,nhẫn vàng
KH01343,dây chuyền kim cương
KH00327,nhẫn vàng
KH01714,bông tai bạc
KH00629,nhẫn vàng
KH01259,bông tai bạc
KH00792,vòng tay nữ
KH01120,nhẫn vàng
KH00246,bông tai bạc
KH01029,vòng tay nữ
KH00594,trang sức cưới
KH01211,bông tai bạc
KH01326,dây chuyền kim cương
KH00280,bông tai bạc
KH01160,dây chuyền kim cương
KH00902,bông tai bạc
KH01714,bông tai bạc
KH01316,trang sức cưới
KH01986,nhẫn vàng
KH00747,vòng tay nữ
KH01891,bông tai bạc
KH01090,vòng tay nữ
KH01261,trang sức cưới
KH01974,bông tai bạc
KH01779,vòng tay nữ
KH00447,dây chuyền kim cương
KH00417,bông tai bạc
KH01613,dây chuyền kim cương
KH01558,dây chuyền kim cương
KH00714,trang sức cưới
KH01387,nhẫn vàng
KH00098,bông tai bạc
KH01667,trang sức cưới
KH01128,dây chuyền kim cương
KH00358,nhẫn vàng
KH00606,trang sức cưới
KH01381,nhẫn vàng
KH00713,dây chuyền kim cương
KH00246,dây chuyền kim cương
KH00258,bông tai bạc
KH00398,nhẫn vàng
KH00028,bông tai bạc
KH00898,nhẫn vàng
KH00756,bông tai bạc
KH01700,trang sức cưới
KH01696,dây chuyền kim cương
KH01305,dây chuyền kim cương
KH00824,bông tai bạc
KH00721,dây chuyền kim cương
KH00636,dây chuyền kim cương
KH01330,nhẫn vàng
KH00174,trang sức cưới
KH00236,dây chuyền kim cương
KH01646,bông tai bạc
KH00749,vòng tay nữ
KH00917,trang sức cưới
KH00871,bông tai bạc
KH01747,dây chuyền kim cương
KH00049,trang sức cưới
KH01744,nhẫn vàng
KH00155,bông tai bạc
KH01232,trang sức cưới
KH01049,vòng tay nữ
KH01570,vòng tay nữ
KH00726,vòng tay nữ
KH00216,dây chuyền kim cương
KH00768,trang sức cưới
KH00178,trang sức cưới
KH01248,trang sức cưới
KH01202,trang sức cưới
KH01011,vòng tay nữ
KH00938,nhẫn vàng
KH00633,dây chuyền kim cương
KH01266,dây chuyền kim cương
KH00044,trang sức cưới
KH00122,bông tai bạc
KH01445,nhẫn vàng
KH01200,bông tai bạc
KH00040,nhẫn vàng
KH00515,vòng tay nữ
KH01960,dây chuyền kim cương
KH00963,bông tai bạc
KH00810,bông tai bạc
KH01789,vòng tay nữ
KH01503,bông tai bạc
KH00062,nhẫn vàng
KH00479,bông tai bạc
KH01514,vòng tay nữ
KH00070,dây chuyền kim cương
KH00577,dây chuyền kim cương
KH01750,trang sức cưới
KH01206,bông tai bạc
KH00548,trang sức cưới
KH01067,trang sức cưới
KH00943,vòng tay nữ
KH01846,nhẫn vàng
KH00925,trang sức cưới
KH00041,vòng tay nữ
KH01157,bông tai bạc
KH00633,vòng tay nữ
KH01540,trang sức cưới
KH00459,bông tai bạc
KH00173,bông tai bạc
KH01016,bông tai bạc
KH00746,vòng tay nữ
KH00340,trang sức cưới
KH01051,vòng tay nữ
KH01177,vòng tay nữ
KH00140,dây chuyền kim cương
KH00002,bông tai bạc
KH01353,trang sức cưới
KH01918,nhẫn vàng
KH00005,trang sức cưới
KH01271,vòng tay nữ
KH00189,bông tai bạc
KH00944,bông tai bạc
KH00050,bông tai bạc
KH00844,nhẫn vàng
KH01521,vòng tay nữ
KH01915,dây chuyền kim cương
KH00041,bông tai bạc
KH01133,vòng tay nữ
KH01798,dây chuyền kim cương
KH01789,trang sức cưới
KH00300,vòng tay nữ
KH00134,trang sức cưới
KH00656,trang sức cưới
KH01068,vòng tay nữ
KH00340,trang sức cưới
KH01439,dây chuyền kim cương
KH00565,trang sức cưới
KH00760,nhẫn vàng
KH00286,nhẫn vàng
KH00512,dây chuyền kim cương
KH01122,trang sức cưới
KH01424,nhẫn vàng
KH01165,trang sức cưới
KH01814,bông tai bạc
KH01346,trang sức cưới
KH01166,vòng tay nữ
KH01248,vòng tay nữ
KH01200,nhẫn vàng
KH00861,nhẫn vàng
KH00115,vòng tay nữ
KH00839,vòng tay nữ
KH00994,dây chuyền kim cương
KH00831,dây chuyền kim cương
KH01195,nhẫn vàng
KH01248,nhẫn vàng
KH00415,trang sức cưới
KH01940,dây chuyền kim cương
KH01018,dây chuyền kim cương
KH00537,nhẫn vàng
KH01932,dây chuyền kim cương
KH00668,vòng tay nữ
KH00474,trang sức cưới
KH01304,dây chuyền kim cương
KH00955,vòng tay nữ
KH00669,trang sức cưới
KH01648,trang sức cưới
KH01221,trang sức cưới
KH00593,dây chuyền kim cương
KH00365,vòng tay nữ
KH00565,trang sức cưới
KH00630,nhẫn vàng
KH01818,bông tai bạc
KH01730,dây chuyền kim cương
KH00141,nhẫn vàng
KH00668,bông tai bạc
KH01038,bông tai bạc
KH00979,trang sức cưới
KH00039,nhẫn vàng
KH00253,dây chuyền kim cương
KH00568,trang sức cưới
KH01775,bông tai bạc
KH00363,vòng tay nữ
KH00820,dây chuyền kim cương
KH01408,trang sức cưới
KH00538,trang sức cưới
KH01375,nhẫn vàng
KH01339,vòng tay nữ
KH01767,dây chuyền kim cương
KH01204,bông tai bạc
KH00397,vòng tay nữ
KH00589,vòng tay nữ
KH01067,nhẫn vàng
KH01018,bông tai bạc
KH01641,trang sức cưới
KH00693,dây chuyền kim cương
KH00793,nhẫn vàng
KH00538,nhẫn vàng
KH00205,vòng tay nữ
KH01204,vòng tay nữ
KH01571,trang sức cưới
KH01856,bông tai bạc
KH00189,vòng tay nữ
KH01183,bông tai bạc
KH00238,bông tai bạc
KH00737,trang sức cưới
KH00855,trang sức cưới
KH00002,trang sức cưới
KH01357,bông tai bạc
KH01589,dây chuyền kim cương
KH01336,dây chuyền kim cương
KH01235,dây chuyền kim cương
KH00563,bông tai bạc
KH01114,trang sức cưới
KH01425,vòng tay nữ
KH01688,nhẫn vàng
KH00272,bông tai bạc
KH01123,vòng tay nữ
KH01237,dây chuyền kim cương
KH00867,trang sức cưới
KH00790,trang sức cưới
KH01698,dây chuyền kim cương
KH01246,nhẫn vàng
KH01855,trang sức cưới
KH01740,bông tai bạc
KH01339,nhẫn vàng
KH00653,nhẫn vàng
KH01439,dây chuyền kim cương
KH01124,nhẫn vàng
KH01165,nhẫn vàng
KH01891,trang sức cưới
KH00804,nhẫn vàng
KH01999,trang sức cưới
KH01718,nhẫn vàng
KH00370,dây chuyền kim cương
KH01439,nhẫn vàng
KH00240,bông tai bạc
KH00136,bông tai bạc
KH00922,trang sức cưới
KH00715,bông tai bạc
KH00236,dây chuyền kim cương
KH00019,vòng tay nữ
KH00310,vòng tay nữ
KH01233,bông tai bạc
KH00535,trang sức cưới
KH01500,vòng tay nữ
KH00002,dây chuyền kim cương
KH01613,dây chuyền kim cương
KH00979,bông tai bạc
KH00994,dây chuyền kim cương
KH00297,dây chuyền kim cương
KH01732,trang sức cưới
KH00893,bông tai bạc
KH01801,nhẫn vàng
KH00370,nhẫn vàng
KH00133,trang sức cưới
KH00790,nhẫn vàng
KH01619,bông tai bạc
KH00114,dây chuyền kim cương
KH01157,trang sức cưới
KH01811,dây chuyền kim cương
KH01249,vòng tay nữ
KH01421,dây chuyền kim cương
KH01552,vòng tay nữ
KH01553,vòng tay nữ
KH00216,dây chuyền kim cương
KH00533,vòng tay nữ
KH00231,trang sức cưới
KH00235,vòng tay nữ
KH00492,vòng tay nữ
KH00429,vòng tay nữ
KH00706,bông tai bạc
KH01171,bông tai bạc
KH01433,trang sức cưới
KH01030,dây chuyền kim cương
KH01705,dây chuyền kim cương
KH01267,dây chuyền kim cương
KH01341,bông tai bạc
KH01866,vòng tay nữ
KH01274,nhẫn vàng
KH00981,trang sức cưới
KH01841,trang sức cưới
KH00213,trang sức cưới
KH01678,trang sức cưới
KH01599,vòng tay nữ
KH00774,nhẫn vàng
KH00218,nhẫn vàng
KH01043,trang sức cưới
KH00524,nhẫn vàng
KH01523,dây chuyền kim cương
KH01295,dây chuyền kim cương
KH01326,dây chuyền kim cương
KH01498,dây chuyền kim cương
KH00594,nhẫn vàng
KH01419,bông tai bạc
KH01086,bông tai bạc
KH01199,trang sức cưới
KH00380,bông tai bạc
KH00822,trang sức cưới
KH01321,dây chuyền kim cương
KH00814,dây chuyền kim cương
KH00237,trang sức cưới
KH01518,bông tai bạc
KH00266,trang sức cưới
KH00245,bông tai bạc
KH01243,bông tai bạc
KH01355,bông tai bạc
KH00145,vòng tay nữ
KH00930,dây chuyền kim cương
KH00901,bông tai bạc
KH00961,trang sức cưới
KH01017,nhẫn vàng
KH01305,dây chuyền kim cương
KH00378,vòng tay nữ
KH00806,trang sức cưới
KH00020,dây chuyền kim cương
KH00264,vòng tay nữ
KH00845,vòng tay nữ
KH01598,trang sức cưới
KH01988,bông tai bạc
KH01848,bông tai bạc
KH01710,trang sức cưới
KH00230,bông tai bạc
KH01846,dây chuyền kim cương
KH00218,nhẫn vàng
KH00301,trang sức cưới
KH00014,trang sức cưới
KH00688,vòng tay nữ
KH00618,dây chuyền kim cương
KH01793,nhẫn vàng
KH00548,trang sức cưới
KH00201,vòng tay nữ
KH00385,vòng tay nữ
KH01267,trang sức cưới
KH00971,nhẫn vàng
KH01549,trang sức cưới
KH01978,nhẫn vàng
KH00791,dây chuyền kim cương
KH00445,bông tai bạc
KH00922,vòng tay nữ
KH01236,bông tai bạc
KH01791,vòng tay nữ
KH00067,bông tai bạc
KH01342,trang sức cưới
KH00897,dây chuyền kim cương
KH00368,vòng tay nữ
KH00314,dây chuyền kim cương
KH00367,vòng tay nữ
KH00468,nhẫn vàng
KH01190,trang sức cưới
KH01492,dây chuyền kim cương
KH01200,dây chuyền kim cương
KH01442,dây chuyền kim cương
KH00236,nhẫn vàng
KH00554,bông tai bạc
KH01829,bông tai bạc
KH00490,dây chuyền kim cương
KH00398,vòng tay nữ
KH01360,vòng tay nữ
KH01350,nhẫn vàng
KH00504,trang sức cưới
KH00902,vòng tay nữ
KH00504,vòng tay nữ
KH01220,dây chuyền kim cương
KH01898,vòng tay nữ
KH00125,bông tai bạc
KH00987,trang sức cưới
KH01265,trang sức cưới
KH01231,trang sức cưới
KH00175,bông tai bạc
KH00632,nhẫn vàng
KH01150,dây chuyền kim cương
KH00983,vòng tay nữ
KH00252,dây chuyền kim cương
KH00520,bông tai bạc
KH01255,trang sức cưới
KH01623,trang sức cưới
KH01702,trang sức cưới
KH01955,trang sức cưới
KH01357,trang sức cưới
KH00681,trang sức cưới
KH00415,bông tai bạc
KH00461,nhẫn vàng
KH00266,bông tai bạc
KH00619,dây chuyền kim cương
KH01644,vòng tay nữ
KH00401,dây chuyền kim cương
KH01469,bông tai bạc
KH01113,trang sức cưới
KH01933,nhẫn vàng
KH00377,nhẫn vàng
KH00297,trang sức cưới
KH01326,trang sức cưới
KH00933,nhẫn vàng
KH01268,nhẫn vàng
KH01710,bông tai bạc
KH00584,dây chuyền kim cương
KH01321,dây chuyền kim cương
KH01851,bông tai bạc
KH00094,nhẫn vàng
KH00071,nhẫn vàng
KH00513,nhẫn vàng
KH01742,trang sức cưới
KH00298,vòng tay nữ
KH01586,nhẫn vàng
KH00962,dây chuyền kim cương
KH00663,vòng tay nữ
KH01321,dây chuyền kim cương
KH01629,dây chuyền kim cương
KH01834,trang sức cưới
KH01853,dây chuyền kim cương
KH01065,vòng tay nữ
KH01466,trang sức cưới
KH01160,dây chuyền kim cương
KH00975,vòng tay nữ
KH01424,bông tai bạc
KH01334,dây chuyền kim cương
KH01000,bông tai bạc
KH01365,trang sức cưới
KH00455,vòng tay nữ
KH00550,bông tai bạc
KH01695,dây chuyền kim cương
KH01099,vòng tay nữ
KH00263,dây chuyền kim cương
KH00967,vòng tay nữ
KH01951,vòng tay nữ
KH01284,bông tai bạc
KH01248,dây chuyền kim cương
KH00585,trang sức cưới
KH00129,vòng tay nữ
KH00469,dây chuyền kim cương
KH01450,trang sức cưới
KH01660,vòng tay nữ
KH00133,vòng tay nữ
KH01498,trang sức cưới
KH00837,dây chuyền kim cương
KH01347,trang sức cưới
KH00305,trang sức cưới
KH00486,bông tai bạc
KH01178,trang sức cưới
KH01065,bông tai bạc
KH00259,nhẫn vàng
KH01092,dây chuyền kim cương
KH01250,nhẫn vàng
KH00214,nhẫn vàng
KH01814,trang sức cưới
KH00796,trang sức cưới
KH00876,nhẫn vàng
KH00031,bông tai bạc
KH01565,dây chuyền kim cương
KH01730,vòng tay nữ
KH00891,bông tai bạc
KH00039,trang sức cưới
KH00492,trang sức cưới
KH01883,bông tai bạc
KH01028,bông tai bạc
KH01871,trang sức cưới
KH00043,nhẫn vàng
KH01524,vòng tay nữ
KH01222,vòng tay nữ
KH00652,dây chuyền kim cương
KH01488,bông tai bạc
KH01251,vòng tay nữ
KH01018,nhẫn vàng
KH00170,trang sức cưới
KH00105,vòng tay nữ
KH01541,bông tai bạc
KH00289,nhẫn vàng
KH01258,dây chuyền kim cương
KH00248,dây chuyền kim cương
KH00528,vòng tay nữ
KH00943,vòng tay nữ
KH00028,vòng tay nữ
KH01296,nhẫn vàng
KH01724,bông tai bạc
KH00660,vòng tay nữ
KH00493,trang sức cưới
KH00091,bông tai bạc
KH00787,vòng tay nữ
KH00143,trang sức cưới
KH01655,dây chuyền kim cương
KH00811,bông tai bạc
KH01767,vòng tay nữ
KH00558,nhẫn vàng
KH00861,trang sức cưới
KH01489,trang sức cưới
KH00359,nhẫn vàng
KH01780,vòng tay nữ
KH01911,nhẫn vàng
KH00423,nhẫn vàng
KH00849,vòng tay nữ
KH01981,bông tai bạc
KH00399,nhẫn vàng
KH01560,dây chuyền kim cương
KH00022,dây chuyền kim cương
KH00819,vòng tay nữ
KH01157,trang sức cưới
KH01165,dây chuyền kim cương
KH00113,trang sức cưới
KH00646,nhẫn vàng
KH00264,nhẫn vàng
KH00683,nhẫn vàng
KH00619,nhẫn vàng
KH01669,bông tai bạc
KH00062,dây chuyền kim cương
KH00174,dây chuyền kim cương
KH01629,nhẫn vàng
KH01355,nhẫn vàng
KH01545,dây chuyền kim cương
KH00224,dây chuyền kim cương
KH00165,nhẫn vàng
KH01226,nhẫn vàng
KH01006,bông tai bạc
KH00068,vòng tay nữ
KH00168,nhẫn vàng
KH01074,dây chuyền kim cương
KH01892,vòng tay nữ
KH00504,dây chuyền kim cương
KH01440,nhẫn vàng
KH00961,nhẫn vàng
KH01096,bông tai bạc
KH00944,dây chuyền kim cương
KH01386,trang sức cưới
KH00049,bông tai bạc
KH00992,vòng tay nữ
KH01961,dây chuyền kim cương
KH00868,dây chuyền kim cương
KH00982,trang sức cưới
KH01984,dây chuyền kim cương
KH01687,vòng tay nữ
KH00661,dây chuyền kim cương
KH00839,vòng tay nữ
KH01064,vòng tay nữ
KH01363,bông tai bạc
KH01618,dây chuyền kim cương
KH00258,nhẫn vàng
KH01209,bông tai bạc
KH01266,trang sức cưới
KH01019,trang sức cưới
KH00625,bông tai bạc
KH01365,trang sức cưới
KH01882,dây chuyền kim cương
KH00303,bông tai bạc
KH01189,bông tai bạc
KH01211,trang sức cưới
KH01728,vòng tay nữ
KH00082,bông tai bạc
KH01205,vòng tay nữ
KH00726,trang sức cưới
KH01537,nhẫn vàng
KH00158,dây chuyền kim cương
KH00113,bông tai bạc
KH01487,bông tai bạc
KH01556,bông tai bạc
KH00278,dây chuyền kim cương
KH00566,dây chuyền kim cương
KH01031,nhẫn vàng
KH01887,dây chuyền kim cương
KH01401,nhẫn vàng
KH00226,trang sức cưới
KH01270,nhẫn vàng
KH00166,dây chuyền kim cương
KH00958,trang sức cưới
KH00970,dây chuyền kim cương
KH00193,nhẫn vàng
KH00816,trang sức cưới
KH00924,nhẫn vàng
KH01000,dây chuyền kim cương
KH00299,trang sức cưới
KH00016,bông tai bạc
KH01746,nhẫn vàng
KH01785,vòng tay nữ
KH01530,trang sức cưới
KH00569,bông tai bạc
KH01048,bông tai bạc
KH00852,nhẫn vàng
KH01655,vòng tay nữ
KH01768,trang sức cưới
KH00685,nhẫn vàng
KH00381,nhẫn vàng
KH00230,vòng tay nữ
KH01913,nhẫn vàng
KH00381,trang sức cưới
KH01528,dây chuyền kim cương
KH01423,vòng tay nữ
KH00921,bông tai bạc
KH00686,vòng tay nữ
KH00444,nhẫn vàng
KH01485,nhẫn vàng
KH01931,dây chuyền kim cương
KH01117,nhẫn vàng
KH01536,dây chuyền kim cương
KH01676,bông tai bạc
KH01095,nhẫn vàng
KH01629,bông tai bạc
KH01690,vòng tay nữ
KH00560,nhẫn vàng
KH00268,nhẫn vàng
KH00861,bông tai bạc
KH01922,nhẫn vàng
KH00572,nhẫn vàng
KH00777,dây chuyền kim cương
KH00645,vòng tay nữ
KH00190,trang sức cưới
KH01588,nhẫn vàng
KH01779,dây chuyền kim cương
KH01435,bông tai bạc
KH01978,dây chuyền kim cương
KH01923,vòng tay nữ
KH00769,dây chuyền kim cương
KH00419,vòng tay nữ
KH00182,bông tai bạc
KH01723,bông tai bạc
KH01393,trang sức cưới
KH01425,bông tai bạc
KH00212,dây chuyền kim cương
KH01644,nhẫn vàng
KH00479,trang sức cưới
KH01962,bông tai bạc
KH01011,vòng tay nữ
KH00138,trang sức cưới
KH00701,bông tai bạc
KH00481,trang sức cưới
KH00699,bông tai bạc
KH01051,trang sức cưới
KH01465,vòng tay nữ
KH01115,bông tai bạc
KH01402,nhẫn vàng
KH01637,dây chuyền kim cương
KH00784,bông tai bạc
KH00778,trang sức cưới
KH01258,trang sức cưới
KH00625,vòng tay nữ
KH00958,dây chuyền kim cương
KH00851,dây chuyền kim cương
KH01139,vòng tay nữ
KH00394,trang sức cưới
KH00712,bông tai bạc
KH01627,dây chuyền kim cương
KH00112,nhẫn vàng
KH01968,bông tai bạc
KH00347,dây chuyền kim cương
KH01096,nhẫn vàng
KH00307,bông tai bạc
KH01256,dây chuyền kim cương
KH01184,dây chuyền kim cương
KH01281,dây chuyền kim cương
KH00786,dây chuyền kim cương
KH01160,trang sức cưới
KH00371,trang sức cưới
KH00938,vòng tay nữ
KH01646,dây chuyền kim cương
KH00182,trang sức cưới
KH00304,nhẫn vàng
KH01962,trang sức cưới
KH00905,dây chuyền kim cương
KH00662,bông tai bạc
KH00015,trang sức cưới
KH00654,dây chuyền kim cương
KH01820,trang sức cưới
KH00326,trang sức cưới
KH01875,dây chuyền kim cương
KH00263,nhẫn vàng
KH00110,dây chuyền kim cương
KH00849,trang sức cưới
KH01491,nhẫn vàng
KH00150,trang sức cưới
KH01631,vòng tay nữ
KH00426,dây chuyền kim cương
KH00058,dây chuyền kim cương
KH00994,dây chuyền kim cương
KH00931,trang sức cưới
KH01568,dây chuyền kim cương
KH01999,nhẫn vàng
KH01945,trang sức cưới
KH00888,trang sức cưới
KH00852,dây chuyền kim cương
KH00704,dây chuyền kim cương
KH00579,dây chuyền kim cương
KH01902,bông tai bạc
KH00834,dây chuyền kim cương
KH01713,bông tai bạc
KH01838,bông tai bạc
KH00118,nhẫn vàng
KH00866,vòng tay nữ
KH01388,bông tai bạc
KH01578,nhẫn vàng
KH01960,vòng tay nữ
KH01631,bông tai bạc
KH00666,dây chuyền kim cương
KH01422,bông tai bạc
KH01672,vòng tay nữ
KH00805,nhẫn vàng
KH00885,vòng tay nữ
KH01144,bông tai bạc
KH01023,trang sức cưới
KH00748,dây chuyền kim cương
KH01430,trang sức cưới
KH00919,nhẫn vàng
KH00872,vòng tay nữ
KH00069,vòng tay nữ
KH01383,bông tai bạc
KH01472,trang sức cưới
KH01179,nhẫn vàng
KH01432,bông tai bạc
KH00582,nhẫn vàng
KH01028,vòng tay nữ
KH01219,trang sức cưới
KH00600,vòng tay nữ
KH00373,bông tai bạc
KH00322,trang sức cưới
KH01721,dây chuyền kim cương
KH01019,nhẫn vàng
KH01411,vòng tay nữ
KH00001,trang sức cưới
KH00115,nhẫn vàng
KH01537,nhẫn vàng
KH01066,bông tai bạc
KH01395,dây chuyền kim cương
KH01164,vòng tay nữ
KH00928,nhẫn vàng
KH00692,trang sức cưới
KH00249,dây chuyền kim cương
KH01574,trang sức cưới
KH00281,vòng tay nữ
KH01619,trang sức cưới
KH01133,dây chuyền kim cương
KH01347,bông tai bạc
KH01427,bông tai bạc
KH01880,vòng tay nữ
KH00008,trang sức cưới
KH01022,bông tai bạc
KH00410,vòng tay nữ
KH01212,dây chuyền kim cương
KH01998,dây chuyền kim cương
KH00665,vòng tay nữ
KH01628,nhẫn vàng
KH00662,vòng tay nữ
KH00270,dây chuyền kim cương
KH01835,nhẫn vàng
KH00471,vòng tay nữ
KH00147,vòng tay nữ
KH00632,dây chuyền kim cương
KH01225,bông tai bạc
KH00703,vòng tay nữ
KH00911,nhẫn vàng
KH01889,nhẫn vàng
KH01218,dây chuyền kim cương
KH01690,bông tai bạc
KH00771,trang sức cưới
KH00866,dây chuyền kim cương
KH00592,trang sức cưới
KH01408,vòng tay nữ
KH00268,trang sức cưới
KH00985,nhẫn vàng
KH01884,trang sức cưới
KH00572,nhẫn vàng
KH01435,dây chuyền kim cương
KH00179,bông tai bạc
KH01438,nhẫn vàng
KH00639,bông tai bạc
KH01563,nhẫn vàng
KH01850,bông tai bạc
KH00095,nhẫn vàng
KH01612,nhẫn vàng
KH01629,bông tai bạc
KH01564,bông tai bạc
KH00564,vòng tay nữ
KH01675,bông tai bạc
KH00025,vòng tay nữ
KH00346,dây chuyền kim cương
KH00803,dây chuyền kim cương
KH00189,dây chuyền kim cương
KH00818,nhẫn vàng
KH00249,nhẫn vàng
KH00629,trang sức cưới
KH00724,trang sức cưới
KH01205,vòng tay nữ
KH00288,nhẫn vàng
KH01681,nhẫn vàng
KH01963,dây chuyền kim cương
KH00334,trang sức cưới
KH00558,dây chuyền kim cương
KH01430,nhẫn vàng
KH00264,bông tai bạc
KH01234,nhẫn vàng
KH01781,dây chuyền kim cương
KH00040,trang sức cưới
KH00282,vòng tay nữ
KH00224,trang sức cưới
KH00961,vòng tay nữ
KH01090,nhẫn vàng
KH00585,nhẫn vàng
KH00401,trang sức cưới
KH00644,dây chuyền kim cương
KH00952,trang sức cưới
KH00320,dây chuyền kim cương
KH01203,dây chuyền kim cương
KH00724,vòng tay nữ
KH01830,dây chuyền kim cương
KH00565,bông tai bạc
KH01076,dây chuyền kim cương
KH01502,vòng tay nữ
KH00763,dây chuyền kim cương
KH01663,nhẫn vàng
KH01661,trang sức cưới
KH01326,trang sức cưới
KH01249,trang sức cưới
KH01402,dây chuyền kim cương
KH01681,bông tai bạc
KH00129,dây chuyền kim cương
KH00414,dây chuyền kim cương
KH00643,trang sức cưới
KH01548,vòng tay nữ
KH00069,vòng tay nữ
KH01710,trang sức cưới
KH01898,vòng tay nữ
KH01389,bông tai bạc
KH00888,dây chuyền kim cương
KH01164,dây chuyền kim cương
KH00647,dây chuyền kim cương
KH00531,bông tai bạc
KH01934,dây chuyền kim cương
KH01344,bông tai bạc
KH01069,bông tai bạc
KH01721,trang sức cưới
KH00506,dây chuyền kim cương
KH01024,nhẫn vàng
KH01266,trang sức cưới
KH01299,nhẫn vàng
KH01992,nhẫn vàng
KH00169,nhẫn vàng
KH00173,bông tai bạc
KH01414,vòng tay nữ
KH00969,trang sức cưới
KH00076,dây chuyền kim cương
KH01207,bông tai bạc
KH01671,dây chuyền kim cương
KH01698,bông tai bạc
KH00403,dây chuyền kim cương
KH01873,nhẫn vàng
KH00352,nhẫn vàng
KH01891,nhẫn vàng
KH00020,nhẫn vàng
KH01545,trang sức cưới
KH00387,trang sức cưới
KH01750,bông tai bạc
KH01861,nhẫn vàng
KH01296,vòng tay nữ
KH01190,trang sức cưới
KH01086,vòng tay nữ
KH01988,trang sức cưới
KH01881,dây chuyền kim cương
KH00046,bông tai bạc
KH01198,nhẫn vàng
KH00480,trang sức cưới
KH01786,nhẫn vàng
KH00842,trang sức cưới
KH01379,bông tai bạc
KH01913,bông tai bạc
KH00690,dây chuyền kim cương
KH00912,bông tai bạc
KH00518,vòng tay nữ
KH01438,trang sức cưới
KH00088,trang sức cưới
KH01272,bông tai bạc
KH01471,bông tai bạc
KH01935,nhẫn vàng
KH00478,vòng tay nữ
KH00706,trang sức cưới
KH01941,vòng tay nữ
KH00763,bông tai bạc
KH00238,bông tai bạc
KH00695,trang sức cưới
KH00407,bông tai bạc
KH01310,vòng tay nữ
KH00793,dây chuyền kim cương
KH01799,nhẫn vàng
KH01893,nhẫn vàng
KH01734,trang sức cưới
KH01294,vòng tay nữ
KH01213,nhẫn vàng
KH01791,vòng tay nữ
KH00962,vòng tay nữ
KH00452,bông tai bạc
KH01240,bông tai bạc
KH00768,trang sức cưới
KH01403,bông tai bạc
KH00961,nhẫn vàng
KH00377,dây chuyền kim cương
KH01077,nhẫn vàng
KH01292,vòng tay nữ
KH00808,dây chuyền kim cương
KH01338,nhẫn vàng
KH01797,dây chuyền kim cương
KH01885,nhẫn vàng
KH01624,dây chuyền kim cương
KH01800,trang sức cưới
KH00157,trang sức cưới
KH01676,bông tai bạc
KH00893,vòng tay nữ
KH00986,dây chuyền kim cương
KH01881,bông tai bạc
KH01961,dây chuyền kim cương
KH01275,trang sức cưới
KH01369,vòng tay nữ
KH00331,dây chuyền kim cương
KH01185,trang sức cưới
KH01684,trang sức cưới
KH01802,nhẫn vàng
KH00303,bông tai bạc
KH00188,trang sức cưới
KH01829,vòng tay nữ
KH00992,trang sức cưới
KH01042,trang sức cưới
KH00580,bông tai bạc
KH01077,dây chuyền kim cương
KH01295,trang sức cưới
KH01483,nhẫn vàng
KH00810,dây chuyền kim cương
KH01229,nhẫn vàng
KH00045,nhẫn vàng
KH01094,bông tai bạc
KH00610,vòng tay nữ
KH00623,nhẫn vàng
KH00458,dây chuyền kim cương
KH01347,bông tai bạc
KH00355,vòng tay nữ
KH00469,vòng tay nữ
KH01182,trang sức cưới
KH00572,nhẫn vàng
KH00957,trang sức cưới
KH00840,vòng tay nữ
KH00856,vòng tay nữ
KH00205,bông tai bạc
KH01130,dây chuyền kim cương
KH00922,bông tai bạc
KH00244,nhẫn vàng
KH01519,nhẫn vàng
KH01071,nhẫn vàng
KH01435,bông tai bạc
KH01863,vòng tay nữ
KH00652,nhẫn vàng
KH00665,dây chuyền kim cương
KH01026,trang sức cưới
KH01415,dây chuyền kim cương
KH00914,dây chuyền kim cương
KH01806,nhẫn vàng
KH01755,trang sức cưới
KH00324,dây chuyền kim cương
KH00470,trang sức cưới
KH01773,trang sức cưới
KH01244,dây chuyền kim cương
KH01753,bông tai bạc
KH00698,bông tai bạc
KH01081,dây chuyền kim cương
KH01614,bông tai bạc
KH01640,nhẫn vàng
KH00469,trang sức cưới
KH00601,trang sức cưới
KH01886,nhẫn vàng
KH00455,dây chuyền kim cương
KH00842,nhẫn vàng
KH00645,vòng tay nữ
KH01730,trang sức cưới
KH01037,trang sức cưới
KH00608,dây chuyền kim cương
KH00260,bông tai bạc
KH00127,nhẫn vàng
KH01918,trang sức cưới
KH01926,bông tai bạc
KH01211,bông tai bạc
KH01592,trang sức cưới
KH00836,vòng tay nữ
KH01715,dây chuyền kim cương
KH00959,bông tai bạc
KH00993,nhẫn vàng
KH00074,vòng tay nữ
KH01545,vòng tay nữ
KH00402,trang sức cưới
KH00629,trang sức cưới
KH01037,dây chuyền kim cương
KH01821,bông tai bạc
KH01991,trang sức cưới
KH00105,dây chuyền kim cương
KH00831,nhẫn vàng
KH01217,nhẫn vàng
KH00021,vòng tay nữ
KH01737,dây chuyền kim cương
KH01531,trang sức cưới
KH01828,trang sức cưới
KH01902,dây chuyền kim cương
KH00279,dây chuyền kim cương
KH00023,bông tai bạc
KH00797,bông tai bạc
KH00680,dây chuyền kim cương
KH01175,dây chuyền kim cương
KH01435,trang sức cưới
KH01584,nhẫn vàng
KH01805,dây chuyền kim cương
KH00639,bông tai bạc
KH00775,nhẫn vàng
KH00331,dây chuyền kim cương
KH01250,vòng tay nữ
KH01224,bông tai bạc
KH01259,vòng tay nữ
KH01389,nhẫn vàng
KH01263,vòng tay nữ
KH01588,bông tai bạc
KH00070,nhẫn vàng
KH01472,dây chuyền kim cương
KH00369,vòng tay nữ
KH00066,vòng tay nữ
KH01174,vòng tay nữ
KH01722,dây chuyền kim cương
KH00211,dây chuyền kim cương
KH00194,vòng tay nữ
KH01050,trang sức cưới
KH00534,trang sức cưới
KH01437,dây chuyền kim cương
KH01515,dây chuyền kim cương
KH00326,dây chuyền kim cương
KH01524,nhẫn vàng
KH01195,bông tai bạc
KH01603,trang sức cưới
KH00210,bông tai bạc
KH00599,trang sức cưới
KH01174,dây chuyền kim cương
KH00081,bông tai bạc
KH00200,vòng tay nữ
KH01179,trang sức cưới
KH01389,dây chuyền kim cương
KH00955,bông tai bạc
KH00566,dây chuyền kim cương
KH00558,nhẫn vàng
KH00500,nhẫn vàng
KH00542,bông tai bạc
KH01306,dây chuyền kim cương
KH01474,trang sức cưới
KH01003,trang sức cưới
KH00859,trang sức cưới
KH01178,vòng tay nữ
KH00151,trang sức cưới
KH00139,vòng tay nữ
KH00738,dây chuyền kim cương
KH01124,nhẫn vàng
KH01320,bông tai bạc
KH00198,nhẫn vàng
KH01765,vòng tay nữ
KH01992,bông tai bạc
KH00758,trang sức cưới
KH00479,bông tai bạc
KH00195,trang sức cưới
KH01794,trang sức cưới
KH00596,vòng tay nữ
KH01739,vòng tay nữ
KH00818,bông tai bạc
KH01608,nhẫn vàng
KH01637,nhẫn vàng
KH00178,nhẫn vàng
KH00712,trang sức cưới
KH01062,trang sức cưới
KH00345,vòng tay nữ
KH01001,bông tai bạc
KH01993,trang sức cưới
KH00836,nhẫn vàng
KH01682,trang sức cưới
KH01640,dây chuyền kim cương
KH00388,vòng tay nữ
KH00603,dây chuyền kim cương
KH00989,bông tai bạc
KH01017,dây chuyền kim cương
KH01129,trang sức cưới
KH00580,trang sức cưới
KH00726,trang sức cưới
KH00957,dây chuyền kim cương
KH00963,vòng tay nữ
KH00499,bông tai bạc
KH00512,dây chuyền kim cương
KH00438,trang sức cưới
KH00147,trang sức cưới
KH00672,bông tai bạc
KH00344,vòng tay nữ
KH00537,vòng tay nữ
KH01566,vòng tay nữ
KH00415,bông tai bạc
KH01309,trang sức cưới
KH00103,trang sức cưới
KH01604,nhẫn vàng
KH01527,bông tai bạc
KH00770,bông tai bạc
KH00514,vòng tay nữ
KH00569,nhẫn vàng
KH00255,vòng tay nữ
KH01199,dây chuyền kim cương
KH01584,vòng tay nữ
KH01056,trang sức cưới
KH00402,nhẫn vàng
KH01500,nhẫn vàng
KH01377,dây chuyền kim cương
KH01591,vòng tay nữ
KH00174,bông tai bạc
KH01340,bông tai bạc
KH01820,trang sức cưới
KH00277,vòng tay nữ
KH01303,dây chuyền kim cương
KH01152,dây chuyền kim cương
KH01683,nhẫn vàng
KH00149,bông tai bạc
KH01289,nhẫn vàng
KH01083,bông tai bạc
KH00080,trang sức cưới
KH00150,trang sức cưới
KH00381,vòng tay nữ
KH00804,trang sức cưới
KH00862,vòng tay nữ
KH00567,trang sức cưới
KH00286,bông tai bạc
KH01245,trang sức cưới
KH01999,nhẫn vàng
KH01665,dây chuyền kim cương
KH01367,nhẫn vàng
KH00124,bông tai bạc
KH00792,vòng tay nữ
KH00746,bông tai bạc
KH00529,vòng tay nữ
KH00475,nhẫn vàng
KH00119,bông tai bạc
KH00943,dây chuyền kim cương
KH01799,bông tai bạc
KH00979,dây chuyền kim cương
KH00930,trang sức cưới
KH01747,trang sức cưới
KH00822,nhẫn vàng
KH00730,nhẫn vàng
KH00425,vòng tay nữ
KH01781,dây chuyền kim cương
KH00784,nhẫn vàng
KH00660,trang sức cưới
KH01321,trang sức cưới
KH00649,dây chuyền kim cương
KH00325,trang sức cưới
KH00786,nhẫn vàng
KH00172,dây chuyền kim cương
KH01229,dây chuyền kim cương
KH01595,bông tai bạc
KH01946,nhẫn vàng
KH01295,vòng tay nữ
KH01088,bông tai bạc
KH00884,dây chuyền kim cương
KH01905,dây chuyền kim cương
KH00190,bông tai bạc
KH01864,vòng tay nữ
KH00745,dây chuyền kim cương
KH00009,trang sức cưới
KH00736,dây chuyền kim cương
KH00245,vòng tay nữ
KH00687,nhẫn vàng
KH00484,vòng tay nữ
KH01169,trang sức cưới
KH01188,bông tai bạc
KH01345,nhẫn vàng
KH01559,bông tai bạc
KH01040,vòng tay nữ
KH00721,vòng tay nữ
KH01806,vòng tay nữ
KH00842,vòng tay nữ
KH01536,bông tai bạc
KH00387,trang sức cưới
KH00528,nhẫn vàng
KH00968,dây chuyền kim cương
KH01159,bông tai bạc
KH00512,dây chuyền kim cương
KH00751,nhẫn vàng
KH01114,nhẫn vàng
KH00172,dây chuyền kim cương
KH00932,dây chuyền kim cương
KH00255,nhẫn vàng
KH00750,dây chuyền kim cương
KH01233,dây chuyền kim cương
KH00001,dây chuyền kim cương
KH00447,trang sức cưới
KH00827,bông tai bạc
KH01031,dây chuyền kim cương
KH01938,dây chuyền kim cương
KH01326,vòng tay nữ
KH01166,bông tai bạc
KH00541,trang sức cưới
KH00499,bông tai bạc
KH00941,dây chuyền kim cương
KH01017,vòng tay nữ
KH00183,trang sức cưới
KH01113,trang sức cưới
KH01604,dây chuyền kim cương
KH00346,dây chuyền kim cương
KH00154,bông tai bạc
KH01331,trang sức cưới
KH00335,trang sức cưới
KH00073,dây chuyền kim cương
KH01550,bông tai bạc
KH00989,trang sức cưới
KH01335,nhẫn vàng
KH00411,bông tai bạc
KH00397,nhẫn vàng
KH00587,vòng tay nữ
KH01492,trang sức cưới
KH01354,bông tai bạc
KH01734,dây chuyền kim cương
KH00242,dây chuyền kim cương
KH01998,vòng tay nữ
KH01291,dây chuyền kim cương
KH00739,vòng tay nữ
KH00068,bông tai bạc
KH01573,trang sức cưới
KH01197,nhẫn vàng
KH00037,bông tai bạc
KH01240,vòng tay nữ
KH01865,nhẫn vàng
KH01184,trang sức cưới
KH00389,dây chuyền kim cương
KH01708,nhẫn vàng
KH01198,nhẫn vàng
KH01056,trang sức cưới
KH00687,vòng tay nữ
KH01730,dây chuyền kim cương
KH01301,vòng tay nữ
KH01187,bông tai bạc
KH00844,vòng tay nữ
KH01417,dây chuyền kim cương
KH01333,nhẫn vàng
KH00741,vòng tay nữ
KH00534,trang sức cưới
KH01351,trang sức cưới
KH01497,vòng tay nữ
KH00704,dây chuyền kim cương
KH00429,vòng tay nữ
KH01748,bông tai bạc
KH00329,trang sức cưới
KH00460,vòng tay nữ
KH01207,dây chuyền kim cương
KH01081,nhẫn vàng
KH00287,dây chuyền kim cương
KH00267,trang sức cưới
KH00572,vòng tay nữ
KH01763,bông tai bạc
KH01951,nhẫn vàng
KH01204,nhẫn vàng
KH01180,vòng tay nữ
KH00379,bông tai bạc
KH00479,trang sức cưới
KH01199,bông tai bạc
KH01496,vòng tay nữ
KH00250,bông tai bạc
KH01977,trang sức cưới
KH00793,bông tai bạc
KH01948,trang sức cưới
KH01086,bông tai bạc
KH00058,vòng tay nữ
KH01910,nhẫn vàng
KH01723,trang sức cưới
KH01042,bông tai bạc
KH00432,vòng tay nữ
KH00897,trang sức cưới
KH01188,nhẫn vàng
KH00298,bông tai bạc
KH00008,trang sức cưới
KH00050,dây chuyền kim cương
KH01882,bông tai bạc
KH00459,trang sức cưới
KH01105,trang sức cưới
KH00766,bông tai bạc
KH01275,nhẫn vàng
KH00541,dây chuyền kim cương
KH00577,bông tai bạc
KH00474,nhẫn vàng
KH01676,nhẫn vàng
KH00163,bông tai bạc
KH00024,bông tai bạc
KH00793,bông tai bạc
KH01589,vòng tay nữ
KH01230,nhẫn vàng
KH01367,bông tai bạc
KH00447,bông tai bạc
KH01125,nhẫn vàng
KH01408,bông tai bạc
KH00410,trang sức cưới
KH00457,trang sức cưới
KH01983,dây chuyền kim cương
KH01916,trang sức cưới
KH00650,dây chuyền kim cương
KH00826,vòng tay nữ
KH00966,bông tai bạc
KH00154,trang sức cưới
KH00277,vòng tay nữ
KH01545,trang sức cưới
KH00791,bông tai bạc
KH00325,bông tai bạc
KH00239,dây chuyền kim cương
KH00716,vòng tay nữ
KH01324,trang sức cưới
KH01632,bông tai bạc
KH00236,bông tai bạc
KH01792,bông tai bạc
KH01969,dây chuyền kim cương
KH00671,bông tai bạc
KH01964,nhẫn vàng
KH00203,nhẫn vàng
KH00361,trang sức cưới
KH01669,bông tai bạc
KH01307,nhẫn vàng
KH01966,bông tai bạc
KH00596,vòng tay nữ
KH01697,bông tai bạc
KH01971,bông tai bạc
KH00276,trang sức cưới
KH01991,dây chuyền kim cương
KH01539,dây chuyền kim cương
KH00080,nhẫn vàng
KH01362,bông tai bạc
KH01140,trang sức cưới
KH00312,nhẫn vàng
KH00710,bông tai bạc
KH00166,trang sức cưới
KH00664,trang sức cưới
KH01982,trang sức cưới
KH00649,dây chuyền kim cương
KH01481,bông tai bạc
KH01146,bông tai bạc
KH00883,trang sức cưới
KH01994,nhẫn vàng
KH00965,vòng tay nữ
KH01487,nhẫn vàng
KH00374,bông tai bạc
KH01213,vòng tay nữ
KH01128,bông tai bạc
KH01041,trang sức cưới
KH00015,trang sức cưới
KH00755,bông tai bạc
KH01372,bông tai bạc
KH00370,bông tai bạc
KH01496,nhẫn vàng
KH01680,bông tai bạc
KH00603,nhẫn vàng
KH01472,nhẫn vàng
KH01493,trang sức cưới
KH00114,trang sức cưới
KH01794,trang sức cưới
KH01641,trang sức cưới
KH00350,trang sức cưới
KH01159,trang sức cưới
KH00821,bông tai bạc
KH01511,nhẫn vàng
KH00616,nhẫn vàng
KH01135,dây chuyền kim cương
KH00463,trang sức cưới
KH01613,trang sức cưới
KH01711,nhẫn vàng
KH00257,nhẫn vàng
KH00271,dây chuyền kim cương
KH00592,trang sức cưới
KH01528,dây chuyền kim cương
KH01892,dây chuyền kim cương
KH00241,dây chuyền kim cương
KH00330,nhẫn vàng
KH00173,nhẫn vàng
KH00463,bông tai bạc
KH00391,nhẫn vàng
KH01087,dây chuyền kim cương
KH01327,vòng tay nữ
KH00227,dây chuyền kim cương
KH01465,vòng tay nữ
KH01727,vòng tay nữ
KH00176,dây chuyền kim cương
KH00395,bông tai bạc
KH00807,dây chuyền kim cương
KH01394,bông tai bạc
KH00494,trang sức cưới
KH01507,dây chuyền kim cương
KH01643,dây chuyền kim cương
KH01273,trang sức cưới
KH01059,trang sức cưới
KH00694,dây chuyền kim cương
KH01948,trang sức cưới
KH00779,bông tai bạc
KH01162,bông tai bạc
KH00817,nhẫn vàng
KH00844,vòng tay nữ
KH01661,trang sức cưới
KH00025,vòng tay nữ
KH00219,nhẫn vàng
KH00578,dây chuyền kim cương
KH01480,nhẫn vàng
KH01592,dây chuyền kim cương
KH01739,vòng tay nữ
KH00494,trang sức cưới
KH01550,vòng tay nữ
KH00436,trang sức cưới
KH00388,vòng tay nữ
KH01465,trang sức cưới
KH01274,trang sức cưới
KH01304,nhẫn vàng
KH01473,trang sức cưới
KH00460,nhẫn vàng
KH01254,bông tai bạc
KH00177,trang sức cưới
KH01544,vòng tay nữ
KH00741,dây chuyền kim cương
KH01828,trang sức cưới
KH00181,vòng tay nữ
KH00681,bông tai bạc
KH00696,trang sức cưới
KH00842,vòng tay nữ
KH00642,nhẫn vàng
KH01872,trang sức cưới
KH00519,trang sức cưới
KH01859,dây chuyền kim cương
KH01367,dây chuyền kim cương
KH01946,vòng tay nữ
KH01153,nhẫn vàng
KH01558,trang sức cưới
KH00857,nhẫn vàng
KH00091,vòng tay nữ
KH00328,nhẫn vàng
KH00969,nhẫn vàng
KH00025,trang sức cưới
KH00021,vòng tay nữ
KH01830,nhẫn vàng
KH00760,dây chuyền kim cương
KH00530,nhẫn vàng
KH01084,bông tai bạc
KH01579,vòng tay nữ
KH01438,dây chuyền kim cương
KH00706,trang sức cưới
KH01061,vòng tay nữ
KH00774,trang sức cưới
KH01105,trang sức cưới
KH01664,nhẫn vàng
KH00156,nhẫn vàng
KH01051,vòng tay nữ
KH00268,nhẫn vàng
KH00880,vòng tay nữ
KH01472,trang sức cưới
KH01805,dây chuyền kim cương
KH00934,vòng tay nữ
KH00557,trang sức cưới
KH01417,bông tai bạc
KH00763,bông tai bạc
KH00808,trang sức cưới
KH01074,vòng tay nữ
KH00515,vòng tay nữ
KH01683,trang sức cưới
KH01825,bông tai bạc
KH00066,trang sức cưới
KH01926,nhẫn vàng
KH00774,dây chuyền kim cương
KH00364,vòng tay nữ
KH00624,dây chuyền kim cương
KH01895,dây chuyền kim cương
KH00196,trang sức cưới
KH00778,dây chuyền kim cương
KH01060,bông tai bạc
KH01754,bông tai bạc
KH01727,vòng tay nữ
KH01957,nhẫn vàng
KH01564,dây chuyền kim cương
KH00079,nhẫn vàng
KH00624,dây chuyền kim cương
KH01625,dây chuyền kim cương
KH00683,dây chuyền kim cương
KH01349,nhẫn vàng
KH00561,dây chuyền kim cương
KH01257,trang sức cưới
KH01728,nhẫn vàng
KH01379,dây chuyền kim cương
KH00531,dây chuyền kim cương
KH01684,bông tai bạc
KH01900,nhẫn vàng
KH00070,nhẫn vàng
KH01159,dây chuyền kim cương
KH00225,trang sức cưới
KH01374,bông tai bạc
KH01085,trang sức cưới
KH00187,dây chuyền kim cương
KH01905,vòng tay nữ
KH00588,bông tai bạc
KH01041,nhẫn vàng
KH01964,vòng tay nữ
KH01063,dây chuyền kim cương
KH00916,trang sức cưới
KH00034,trang sức cưới
KH01065,nhẫn vàng
KH00048,bông tai bạc
KH00833,nhẫn vàng
KH00869,vòng tay nữ
KH00997,trang sức cưới
KH00813,vòng tay nữ
KH00231,trang sức cưới
KH00062,dây chuyền kim cương
KH01230,trang sức cưới
KH00642,dây chuyền kim cương
KH00331,nhẫn vàng
KH01467,nhẫn vàng
KH00280,dây chuyền kim cương
KH01101,bông tai bạc
KH00983,nhẫn vàng
KH01188,nhẫn vàng
KH00781,vòng tay nữ
KH00893,bông tai bạc
KH01712,vòng tay nữ
KH00396,nhẫn vàng
KH00354,trang sức cưới
KH00534,nhẫn vàng
KH00691,bông tai bạc
KH01582,vòng tay nữ
KH00570,bông tai bạc
KH00395,bông tai bạc
KH00237,bông tai bạc
KH00112,bông tai bạc
KH01872,nhẫn vàng
KH01086,trang sức cưới
KH01154,bông tai bạc
KH01056,trang sức cưới
KH00044,nhẫn vàng
KH00389,trang sức cưới
KH01344,dây chuyền kim cương
KH00378,nhẫn vàng
KH00368,nhẫn vàng
KH01440,nhẫn vàng
KH01878,vòng tay nữ
KH00852,dây chuyền kim cương
KH01719,nhẫn vàng
KH01188,nhẫn vàng
KH01795,nhẫn vàng
KH00383,dây chuyền kim cương
KH00637,vòng tay nữ
KH01868,dây chuyền kim cương
KH01942,nhẫn vàng
KH01743,bông tai bạc
KH01672,bông tai bạc
KH01471,vòng tay nữ
KH00210,dây chuyền kim cương
KH00712,nhẫn vàng
KH01291,bông tai bạc
KH00962,bông tai bạc
KH00493,trang sức cưới
KH00941,bông tai bạc
KH00208,dây chuyền kim cương
KH00203,dây chuyền kim cương
KH00356,dây chuyền kim cương
KH01640,dây chuyền kim cương
KH00326,vòng tay nữ
KH00950,dây chuyền kim cương
KH01993,trang sức cưới
KH01857,trang sức cưới
KH01859,nhẫn vàng
KH00988,bông tai bạc
KH00106,nhẫn vàng
KH01658,bông tai bạc
KH01049,vòng tay nữ
KH01769,nhẫn vàng
KH00858,bông tai bạc
KH01927,nhẫn vàng
KH01996,bông tai bạc
KH00221,trang sức cưới
KH01284,bông tai bạc
KH00426,dây chuyền kim cương
KH00827,vòng tay nữ
KH01419,dây chuyền kim cương
KH01368,trang sức cưới
KH00511,nhẫn vàng
KH01124,dây chuyền kim cương
KH00695,vòng tay nữ
KH00976,trang sức cưới
KH01825,bông tai bạc
KH00592,dây chuyền kim cương
KH01429,vòng tay nữ
KH00655,nhẫn vàng
KH01646,vòng tay nữ
KH00971,nhẫn vàng
KH00344,vòng tay nữ
KH01599,nhẫn vàng
KH00777,nhẫn vàng
KH00382,dây chuyền kim cương
KH01408,vòng tay nữ
KH00823,trang sức cưới
KH00923,bông tai bạc
KH00043,bông tai bạc
KH00710,vòng tay nữ
KH01138,dây chuyền kim cương
KH01043,dây chuyền kim cương
KH01775,vòng tay nữ
KH00174,bông tai bạc
KH00801,bông tai bạc
KH00533,trang sức cưới
KH00432,bông tai bạc
KH01701,vòng tay nữ
KH00472,nhẫn vàng
KH01706,nhẫn vàng
KH01288,vòng tay nữ
KH00938,nhẫn vàng
KH01391,nhẫn vàng
KH01390,dây chuyền kim cương
KH00917,bông tai bạc
KH00119,nhẫn vàng
KH00533,trang sức cưới
KH00328,bông tai bạc
KH01354,vòng tay nữ
KH01244,vòng tay nữ
KH01784,nhẫn vàng
KH01822,trang sức cưới
KH00496,vòng tay nữ
KH01060,bông tai bạc
KH01960,bông tai bạc
KH00509,vòng tay nữ
KH01334,nhẫn vàng
KH00909,vòng tay nữ
KH01736,vòng tay nữ
KH01016,dây chuyền kim cương
KH01639,dây chuyền kim cương
KH01346,vòng tay nữ
KH01190,vòng tay nữ
KH01774,bông tai bạc
KH00803,bông tai bạc
KH00512,vòng tay nữ
KH00984,dây chuyền kim cương
KH00045,trang sức cưới
KH00386,bông tai bạc
KH00904,trang sức cưới
KH01959,vòng tay nữ
KH00761,trang sức cưới
KH00837,nhẫn vàng
KH00675,bông tai bạc
KH01450,trang sức cưới
KH01855,dây chuyền kim cương
KH00461,vòng tay nữ
KH00292,dây chuyền kim cương
KH00948,bông tai bạc
KH00651,vòng tay nữ
KH01614,nhẫn vàng
KH00623,bông tai bạc
KH00314,dây chuyền kim cương
KH01857,trang sức cưới
KH01130,trang sức cưới
KH00554,nhẫn vàng
KH00169,nhẫn vàng
KH00745,trang sức cưới
KH01532,dây chuyền kim cương
KH00300,nhẫn vàng
KH01053,nhẫn vàng
KH01188,bông tai bạc
KH00594,trang sức cưới
KH01801,bông tai bạc
KH00894,bông tai bạc
KH01675,bông tai bạc
KH01652,trang sức cưới
KH00993,nhẫn vàng
KH01420,nhẫn vàng
KH00790,trang sức cưới
KH01572,trang sức cưới
KH00682,vòng tay nữ
KH00540,nhẫn vàng
KH00838,vòng tay nữ
KH01260,vòng tay nữ
KH00799,bông tai bạc
KH01766,vòng tay nữ
KH00514,bông tai bạc
KH01119,dây chuyền kim cương
KH00276,trang sức cưới
KH00169,nhẫn vàng
KH00126,nhẫn vàng
KH01331,vòng tay nữ
KH00158,nhẫn vàng
KH00083,vòng tay nữ
KH01918,bông tai bạc
KH00388,nhẫn vàng
KH01724,vòng tay nữ
KH01618,trang sức cưới
KH00196,trang sức cưới
KH00036,trang sức cưới
KH01276,nhẫn vàng
KH00168,vòng tay nữ
KH00514,trang sức cưới
KH00493,trang sức cưới
KH00231,trang sức cưới
KH00212,nhẫn vàng
KH01145,bông tai bạc
KH01422,dây chuyền kim cương
KH00999,nhẫn vàng
KH00841,bông tai bạc
KH00931,trang sức cưới
KH00279,trang sức cưới
KH01339,bông tai bạc
KH00120,bông tai bạc
KH01346,dây chuyền kim cương
KH01580,vòng tay nữ
KH01117,dây chuyền kim cương
KH00075,trang sức cưới
KH01930,bông tai bạc
KH01984,dây chuyền kim cương
KH01451,vòng tay nữ
KH01627,nhẫn vàng
KH01626,nhẫn vàng
KH00387,dây chuyền kim cương
KH00886,vòng tay nữ
KH01159,bông tai bạc
KH01064,bông tai bạc
KH01679,trang sức cưới
KH00518,nhẫn vàng
KH00592,vòng tay nữ
KH01857,dây chuyền kim cương
KH00600,vòng tay nữ
KH00965,nhẫn vàng
KH01289,dây chuyền kim cương
KH01606,vòng tay nữ
KH01718,dây chuyền kim cương
KH01791,vòng tay nữ
KH00590,trang sức cưới
KH00694,nhẫn vàng
KH00570,vòng tay nữ
KH00024,vòng tay nữ
KH01037,dây chuyền kim cương
KH00883,nhẫn vàng
KH00546,bông tai bạc
KH01352,bông tai bạc
KH00725,dây chuyền kim cương
KH00351,bông tai bạc
KH01957,trang sức cưới
KH01362,trang sức cưới
KH01511,dây chuyền kim cương
KH00537,dây chuyền kim cương
KH01501,trang sức cưới
KH01166,dây chuyền kim cương
KH01640,dây chuyền kim cương
KH00933,vòng tay nữ
KH01712,bông tai bạc
KH01440,dây chuyền kim cương
KH01603,vòng tay nữ
KH01537,bông tai bạc
KH00367,dây chuyền kim cương
KH00808,bông tai bạc
KH00645,bông tai bạc
KH00728,dây chuyền kim cương
KH01682,dây chuyền kim cương
KH01266,dây chuyền kim cương
KH00820,bông tai bạc
KH00012,nhẫn vàng
KH00764,bông tai bạc
KH00082,nhẫn vàng
KH00316,vòng tay nữ
KH00824,nhẫn vàng
KH00666,nhẫn vàng
KH01112,bông tai bạc
KH01018,bông tai bạc
KH01997,nhẫn vàng
KH00485,dây chuyền kim cương
KH01936,trang sức cưới
KH00101,trang sức cưới
KH01884,nhẫn vàng
KH00961,bông tai bạc
KH00097,nhẫn vàng
KH01905,dây chuyền kim cương
KH01240,vòng tay nữ
KH01751,bông tai bạc
KH01427,nhẫn vàng
KH01136,trang sức cưới
KH01205,nhẫn vàng
KH00957,vòng tay nữ
KH01852,bông tai bạc
KH01338,dây chuyền kim cương
KH01961,bông tai bạc
KH01938,trang sức cưới
KH01078,trang sức cưới
KH01094,dây chuyền kim cương
KH00277,nhẫn vàng
KH01679,dây chuyền kim cương
KH00662,dây chuyền kim cương
KH01435,vòng tay nữ
KH01752,trang sức cưới
KH01362,trang sức cưới
KH01359,bông tai bạc
KH00185,dây chuyền kim cương
KH01094,trang sức cưới
KH01315,nhẫn vàng
KH01199,dây chuyền kim cương
KH00096,vòng tay nữ
KH00340,trang sức cưới
KH00387,dây chuyền kim cương
KH01760,vòng tay nữ
KH00216,dây chuyền kim cương
KH01790,trang sức cưới
KH01156,vòng tay nữ
KH00850,dây chuyền kim cương
KH00632,vòng tay nữ
KH00732,nhẫn vàng
KH01982,vòng tay nữ
KH00702,trang sức cưới
KH01290,vòng tay nữ
KH01838,vòng tay nữ
KH01306,vòng tay nữ
KH01140,trang sức cưới
KH00987,nhẫn vàng
KH00725,trang sức cưới
KH00847,nhẫn vàng
KH00804,bông tai bạc
KH00321,nhẫn vàng
KH01742,nhẫn vàng
KH00972,bông tai bạc
KH00478,bông tai bạc
KH01510,dây chuyền kim cương
KH00026,trang sức cưới
KH00688,vòng tay nữ
KH00421,bông tai bạc
KH00761,trang sức cưới
KH00924,nhẫn vàng
KH01582,nhẫn vàng
KH01751,dây chuyền kim cương
KH01707,bông tai bạc
KH01159,nhẫn vàng
KH01151,bông tai bạc
KH00329,nhẫn vàng
KH00360,vòng tay nữ
KH00574,vòng tay nữ
KH01045,trang sức cưới
KH00483,nhẫn vàng
KH01046,vòng tay nữ
KH01263,bông tai bạc
KH00484,dây chuyền kim cương
KH00906,vòng tay nữ
KH01955,trang sức cưới
KH01752,dây chuyền kim cương
KH01959,bông tai bạc
KH01509,trang sức cưới
KH01118,nhẫn vàng
KH01416,vòng tay nữ
KH01369,vòng tay nữ
KH00032,nhẫn vàng
KH00318,nhẫn vàng
KH01501,dây chuyền kim cương
KH01791,dây chuyền kim cương
KH00787,nhẫn vàng
KH00694,vòng tay nữ
KH01322,vòng tay nữ
KH01145,dây chuyền kim cương
KH01933,trang sức cưới
KH00561,nhẫn vàng
KH01591,vòng tay nữ
KH01780,vòng tay nữ
KH00708,bông tai bạc
KH01022,bông tai bạc
KH00857,dây chuyền kim cương
KH01983,trang sức cưới
